JD,Date,Filter,Lambda,Mag,Magerr,ZP,Flux,Fluxerr,Flag,Interpolated,Mdot,Av,Mag_model,Mag_model_err,Is_interpolated_fit,JD_day,Group,Flux_synth,Fluxerr_synth,Difference_flux,Difference_err_flux,Mag_synth,Difference_mag,Difference_err,Plotted_in_excess
2443916.5,1979-2-12,J,1.2,12.2,0.019,1600.0,0.0209,0.0003657,1,no,1.7508341649341477e-05,14.438767913468764,12.209934241362175,0.0575149862489286,False,2443916.5,J,0.0209,0.0011071411336701187,0.0,0.001165975119744995,12.209934241362175,1.7763568394002505e-15,0.060572053318460696,True
2443916.5,1979-2-12,H,1.6,10.01,0.019,1020.0,0.1010004,0.0017675,1,no,1.7508341649341477e-05,14.438767913468764,10.010692695011334,0.05751581942254297,False,2443916.5,H,0.10100040000000025,0.005350397953523828,-2.498001805406602e-16,0.005634786110498957,10.010692695011334,1.7763568394002505e-15,0.06057284444242792,True
2443916.5,1979-2-12,K,2.2,8.18,0.015,620.0,0.3409986,0.0047111,1,no,1.7508341649341477e-05,14.438767913468764,8.332675143454523,0.10360392250307501,False,2443916.5,K,0.28795301630253806,0.027477265522503957,0.05304558369746193,0.02787820983858513,8.332675143454523,-0.18357740961298674,0.10468415714912727,True
2443916.5,1979-2-12,L,3.6,6.18,0.0,269.0,0.9073031,0.0,1,yes,1.7508341649341477e-05,14.438767913468764,6.5552390657152575,0.14469052579298683,False,2443916.5,L+W1,0.6421798194629148,0.08558002885464595,0.2651232805370852,0.08558002885464595,6.5552390657152575,-0.37523935256460295,0.14469052579298683,True
2444098.5,1979-8-13,J,1.25,11.96,0.08,1650.0,0.0271321,0.0019992,1,no,2.19015868458475e-05,15.207699199765448,11.960001337878252,0.09668127535895225,False,2444098.5,J,0.027132099999999992,0.0024160251999250527,6.938893903907228e-18,0.0031359174744678615,11.960001337878252,0.0,0.12548812296402218,True
2444098.5,1979-8-13,H,1.65,9.87,0.03,980.0,0.1206101,0.0033326,1,no,2.19015868458475e-05,15.207699199765448,9.774605995371763,0.06202474064067482,False,2444098.5,H,0.12061010000000007,0.006890080793439476,-6.938893903907228e-17,0.007653720409064049,9.774605995371763,1.7763568394002505e-15,0.06889897279018736,True
2444098.5,1979-8-13,K,2.2,8.19,0.01,620.0,0.3564637,0.0032832,1,no,2.19015868458475e-05,15.207699199765448,8.236184207084193,0.1201491151991848,False,2444098.5,K,0.31471540859175395,0.03482685547017634,0.04174829140824604,0.0349812701910687,8.236184207084193,-0.13524325995578756,0.12056454654311514,True
2444098.5,1979-8-13,L,3.6,6.18,0.03,269.0,0.9073031,0.0250697,1,no,2.19015868458475e-05,15.207699199765448,6.420050860403857,0.1838837802473038,False,2444098.5,L+W1,0.7273307279480017,0.12318307445121646,0.17997237205199834,0.12570823238493148,6.420050860403857,-0.24005114725320276,0.18631490718146715,True
2445450.5,1983-4-26,L,3.6,5.86,0.05,269.0,1.2182941,0.0561045,1,no,1.1168154830609876e-05,6.263604673598423,6.488489467750588,0.2053735625092749,False,2445450.5,L+W1,0.6828990253797345,0.1291744763246532,0.5353950746202656,0.14083238354156472,6.488489467750588,-0.6284891202378562,0.21137242057030775,True
2445450.5,1983-4-26,L,3.5,6.22,0.1,280.0,0.9102446,0.0838366,1,no,1.1168154830609876e-05,6.263604673598423,6.544247308121539,0.20289235478211282,False,2445450.5,L+W1,0.6752414722269522,0.12618289023270332,0.23500312777304777,0.1514948754481103,6.544247308121539,-0.324247507701136,0.2261974969557151,True
2445450.5,1983-4-26,K,2.2,7.615,0.055,620.0,0.5811304,0.0290051,1,no,1.1168154830609876e-05,6.263604673598423,7.778182792308751,0.14056421965368288,False,2445450.5,K,0.4798644449963138,0.06212537719093633,0.10126595500368624,0.06856280563925395,7.778182792308751,-0.20788755550336013,0.15094137884241288,True
2445450.5,1983-4-26,J,1.25,10.075,0.065,1650.0,0.1555954,0.0097828,1,no,1.1168154830609876e-05,6.263604673598423,10.063717976974935,0.08721817579747157,False,2445450.5,J,0.15559539999999977,0.012499119851585918,2.220446049250313e-16,0.01587233986859874,10.063717976974935,-1.7763568394002505e-15,0.10877504396431498,True
2445450.5,1983-4-26,H,1.65,8.8,0.06,980.0,0.3107692,0.0160418,1,no,1.1168154830609876e-05,6.263604673598423,8.746970264720456,0.07802651491346299,False,2445450.5,H,0.3107691999999997,0.022333452188643507,3.3306690738754696e-16,0.02749768051858966,8.746970264720456,0.0,0.0984283344852531,True
2445465.5,1983-5-11,L,3.6,5.86,0.0,269.0,1.2182941,0.0,1,yes,1.2392380041461287e-05,6.235137111497077,6.405006954451688,0.29108466557594515,False,2445465.5,L+W1,0.7374787284707696,0.1977172245942643,0.4808153715292305,0.1977172245942643,6.405006954451688,-0.5450066069389559,0.29108466557594515,True
2445465.5,1983-5-11,L,3.5,6.232,0.0,280.0,0.8998392,0.0,1,yes,1.2392380041461287e-05,6.235137111497077,6.460489207331177,0.28766824847934724,False,2445465.5,L+W1,0.7293942719545258,0.19325465222997673,0.17044492804547418,0.19325465222997673,6.460489207331177,-0.22800640037397812,0.28766824847934724,False
2445465.5,1983-5-11,K,2.2,7.56,0.1,620.0,0.5866671,0.054034,1,no,1.2392380041461287e-05,6.235137111497077,7.687959639318127,0.2016394030950351,False,2445465.5,K,0.5214441911004912,0.09684092229778729,0.06522290889950877,0.11089561482532155,7.687959639318127,-0.12795975027265705,0.22507431857171548,True
2445465.5,1983-5-11,J,1.25,9.97,0.1,1650.0,0.1716787,0.0158122,1,no,1.2392380041461287e-05,6.235137111497077,9.95691882045264,0.11378517963678898,False,2445465.5,J,0.1716787000000001,0.01799193177283992,-1.1102230246251565e-16,0.023952771817861217,9.95691882045264,1.7763568394002505e-15,0.1514828937701427,True
2445465.5,1983-5-11,H,1.65,8.65,0.1,980.0,0.3398023,0.0312969,1,no,1.2392380041461287e-05,6.235137111497077,8.649999403914503,0.1137850026425205,False,2445465.5,H,0.33980230000000017,0.035611233588777554,-1.6653345369377348e-16,0.04740944955728213,8.649999403914503,1.7763568394002505e-15,0.15148276082234044,True
2445597.5,1983-9-20,L,3.5,6.339,0.0,280.0,0.8159078,0.0,1,yes,1.487995817313968e-05,7.23437156170764,6.370051517423021,0.28780469420103816,False,2445597.5,L+W1,0.7927521423970784,0.2101410885258597,0.023155657602921598,0.2101410885258597,6.370051517423021,-0.031259151474258395,0.28780469420103816,False
2445597.5,1983-9-20,L,3.6,5.86,0.0,269.0,1.2182941,0.0,1,yes,1.487995817313968e-05,7.23437156170764,6.312537530672653,0.2912241198944251,False,2445597.5,L+W1,0.8030401652981193,0.21539731691172326,0.41525393470188077,0.21539731691172326,6.312537530672653,-0.4525371831599214,0.2912241198944251,True
2445597.5,1983-9-20,K,2.2,7.66,0.1,620.0,0.5350468,0.0492796,1,no,1.487995817313968e-05,7.23437156170764,7.649245789970656,0.20168441917908514,False,2445597.5,K,0.540372666979161,0.10037866196441697,-0.0053258669791609314,0.11182287223071445,7.649245789970656,0.010754006325531584,0.2251146484340922,True
2445597.5,1983-9-20,J,1.25,10.08,0.1,1650.0,0.1551374,0.0142887,1,no,1.487995817313968e-05,7.23437156170764,10.066918588831042,0.11378524570581036,False,2445597.5,J,0.1551374000000006,0.016258412586594256,-5.828670879282072e-16,0.021644928448159087,10.066918588831042,5.329070518200751e-15,0.15148294339737275,True
2445597.5,1983-9-20,H,1.65,8.67,0.1,980.0,0.3335999,0.0307257,1,no,1.487995817313968e-05,7.23437156170764,8.670000409777522,0.11378517787874869,False,2445597.5,H,0.333599900000001,0.03496127677743692,-9.992007221626409e-16,0.04654416735100705,8.670000409777522,3.552713678800501e-15,0.1514828924496046,True
2445599.5,1983-9-22,L,3.5,6.34,0.1,280.0,0.8150007,0.0750643,1,no,1.3130456540305456e-05,6.960485196688013,6.453830358992873,0.28771309816331847,False,2445599.5,L+W1,0.7338814117729977,0.1944738452492857,0.08111928822700232,0.208457970873107,6.453830358992873,-0.11383023502103029,0.3045961701248644,False
2445599.5,1983-9-22,L,3.6,5.86,0.0,269.0,1.2182941,0.0,1,yes,1.3130456540305456e-05,6.960485196688013,6.396731877907288,0.29113066338246735,False,2445599.5,L+W1,0.7431209906725535,0.19926139152385758,0.4751731093274465,0.19926139152385758,6.396731877907288,-0.5367315303945563,0.29113066338246735,True
2445599.5,1983-9-22,K,2.2,7.7,0.1,620.0,0.5156936,0.0474971,1,no,1.3130456540305456e-05,6.960485196688013,7.72207135594757,0.20165416917975804,False,2445599.5,K,0.505316113377982,0.09385254039592567,0.010377486622017984,0.10518685206421409,7.72207135594757,-0.022071486305636157,0.22508754729566555,True
2445599.5,1983-9-22,J,1.25,10.12,0.1,1650.0,0.149526,0.0137719,1,no,1.3130456540305456e-05,6.960485196688013,10.106918071613409,0.11378543503352126,False,2445599.5,J,0.1495259999999999,0.01567036346790378,8.326672684688674e-17,0.02086205936206235,10.106918071613409,0.0,0.15148308560947552,True
2445599.5,1983-9-22,H,1.65,8.73,0.1,980.0,0.3156649,0.0290738,1,no,1.3130456540305456e-05,6.960485196688013,8.729999454993159,0.11378510317743937,False,2445599.5,H,0.3156648999999996,0.033081666668744375,4.440892098500626e-16,0.04404182689242026,8.729999454993159,0.0,0.15148283633831433,True
2445631.5,1983-10-24,J,1.25,9.99,0.1,1650.0,0.1685452,0.0155236,1,no,1.1642079790171658e-05,6.096124203711648,9.976918888641425,0.1137852144351939,False,2445631.5,J,0.1685451999999999,0.01766354630155759,1.1102230246251565e-16,0.02351559110265504,9.976918888641425,0.0,0.15148291990869156,True
2445631.5,1983-10-24,H,1.65,8.68,0.1,980.0,0.3305415,0.030444,1,no,1.1642079790171658e-05,6.096124203711648,8.680000205247968,0.11378514663781569,False,2445631.5,H,0.33054149999999977,0.03464074687991279,2.220446049250313e-16,0.0461174422577639,8.680000205247968,0.0,0.15148286898322602,True
2445631.5,1983-10-24,K,2.2,7.61,0.1,620.0,0.5602624,0.0516021,1,no,1.1642079790171658e-05,6.096124203711648,7.724369407262611,0.2016234674901704,False,2445631.5,K,0.5042477007311833,0.09363984497322315,0.05601469926881675,0.10691677740663186,7.724369407262611,-0.11436887684253527,0.22506004230595844,True
2445631.5,1983-10-24,L,3.5,6.25,0.1,280.0,0.8854377,0.0815518,1,no,1.1642079790171658e-05,6.096124203711648,6.5023663156300495,0.2876189891934978,False,2445631.5,L+W1,0.7017969962881982,0.1859108518320165,0.18364070371180174,0.2030111842045802,6.5023663156300495,-0.2523662606378476,0.3045072789683186,False
2445631.5,1983-10-24,L,3.6,5.86,0.0,269.0,1.2182941,0.0,1,yes,1.1642079790171658e-05,6.096124203711648,6.447091477291355,0.291034002635417,False,2445631.5,L+W1,0.7094400288344908,0.19016697639504734,0.5088540711655093,0.19016697639504734,6.447091477291355,-0.5870911297786234,0.291034002635417,True
2446081.5,1985-1-16,L,3.8,6.07,0.0,253.0,0.9443224,0.0,1,yes,1.0172851989865795e-05,5.710140750590499,6.44821879205994,0.29702640901260385,False,2446081.5,L+W1,0.6665504168374741,0.18234915246580918,0.27777198316252594,0.18234915246580918,6.44821879205994,-0.3782182180774418,0.29702640901260385,True
2446081.5,1985-1-16,H,1.65,8.73,0.1,980.0,0.3156649,0.0290738,1,no,1.0172851989865795e-05,5.710140750590499,8.729999454993159,0.1137851031527383,False,2446081.5,H,0.3156648999999996,0.033081666661562835,4.440892098500626e-16,0.0440418268870259,8.729999454993159,0.0,0.15148283631976034,True
2446081.5,1985-1-16,K,2.2,7.79,0.1,620.0,0.47467,0.0437187,1,no,1.0172851989865795e-05,5.710140750590499,7.793727996261536,0.20158663757947495,False,2446081.5,K,0.47304285920044936,0.08782899474043314,0.0016271407995506193,0.09810839437481908,7.793727996261536,-0.003728233494067368,0.22502704826442219,True
2446081.5,1985-1-16,J,1.25,10.01,0.1,1650.0,0.1654689,0.0152402,1,no,1.0172851989865795e-05,5.710140750590499,9.996918910989432,0.11378485659557917,False,2446081.5,J,0.1654688999999997,0.01734109535540679,3.0531133177191805e-16,0.0230863007899774,9.996918910989432,-1.7763568394002505e-15,0.1514826511204386,True
2446081.5,1985-1-16,L,3.5,6.74,0.1,280.0,0.563843,0.0519319,1,no,1.0172851989865795e-05,5.710140750590499,6.588455055690901,0.2875062295318285,False,2446081.5,L+W1,0.6482999812851264,0.1716717950529835,-0.08445698128512646,0.17935475308539656,6.588455055690901,0.15154453985878114,0.3044007753268846,False
2446098.5,1985-2-2,J,1.25,10.24,0.04,1650.0,0.1272262,0.0046872,1,no,2.2803100723863872e-05,9.389593296070696,10.28226847093803,0.0674319437030577,False,2446098.5,J,0.12722620000000573,0.007901652278294913,-5.717648576819556e-15,0.009187271225292263,10.28226847093803,4.796163466380676e-14,0.07840323355303877,True
2446098.5,1985-2-2,H,1.65,8.79,0.03,980.0,0.3273439,0.0090448,1,no,2.2803100723863872e-05,9.389593296070696,8.69055455841411,0.062024580371129706,False,2446098.5,H,0.3273439000000145,0.01870009302957061,-1.4488410471358293e-14,0.020772623482713862,8.69055455841411,4.796163466380676e-14,0.06889882851119261,True
2446098.5,1985-2-2,K,2.2,7.73,0.03,620.0,0.5283396,0.0145986,1,no,2.2803100723863872e-05,9.389593296070696,7.542733280290294,0.11133420764888455,False,2446098.5,K,0.5960715274537218,0.0611227210811343,-0.06773192745372181,0.06284191399314744,7.542733280290294,0.13096303581354363,0.11530527218130548,True
2446098.5,1985-2-2,L,3.5,6.692,0.0,280.0,0.5893973,0.0,1,yes,2.2803100723863872e-05,9.389593296070696,6.151662867231416,0.16033938683532878,False,2446098.5,L+W1,0.9693773867357864,0.14315574549333052,-0.3799800867357864,0.14315574549333052,6.151662867231416,0.540211856032049,0.16033938683532878,True
2446098.5,1985-2-2,L,3.8,6.07,0.04,253.0,0.9443224,0.0347901,1,no,2.2803100723863872e-05,9.389593296070696,5.991155978405228,0.16575466361176167,False,2446098.5,L+W1,1.0154490317275828,0.15502422405301514,-0.07112663172758282,0.1588800210890263,5.991155978405228,0.0788445955772703,0.17051278107241188,False
2446201.5,1985-5-16,L,3.8,6.07,0.0,253.0,0.9443224,0.0,1,yes,9.311852024524784e-06,5.549778133390126,6.5103602945614805,0.29694192945240755,False,2446201.5,L+W1,0.6294719806432971,0.1721565732535269,0.3148504193567029,0.1721565732535269,6.5103602945614805,-0.4403597205789822,0.29694192945240755,True
2446201.5,1985-5-16,L,3.5,6.41,0.1,280.0,0.764114,0.0703775,1,no,9.311852024524784e-06,5.549778133390126,6.650056297031445,0.2874287793037214,False,2446201.5,L+W1,0.6125414926981505,0.1621591439500079,0.15157250730184946,0.1767726802219432,6.650056297031445,-0.24005661078765872,0.3043276247270815,False
2446201.5,1985-5-16,J,1.25,10.05,0.1,1650.0,0.1594838,0.014689,1,no,9.311852024524784e-06,5.549778133390126,10.036918423053702,0.11378513369585055,False,2446201.5,J,0.1594837999999995,0.01671389921952988,4.996003610813204e-16,0.022251317896264066,10.036918423053702,-3.552713678800501e-15,0.15148285926197255,True
2446201.5,1985-5-16,H,1.65,8.78,0.1,980.0,0.3014576,0.0277653,1,no,9.311852024524784e-06,5.549778133390126,8.779999596058577,0.11378523029326305,False,2446201.5,H,0.3014575999999993,0.03159277759121578,6.661338147750939e-16,0.04205966571453018,8.779999596058577,-1.7763568394002505e-15,0.15148293182035694,True
2446201.5,1985-5-16,K,2.2,7.77,0.1,620.0,0.4834946,0.0445315,1,no,9.311852024524784e-06,5.549778133390126,7.850055591194821,0.2015614154686489,False,2446201.5,K,0.4491272987191141,0.08337820334139273,0.03436730128088589,0.0945250193583087,7.850055591194821,-0.0800554373162905,0.22500445374642097,True
2446481.5,1986-2-20,J,1.25,10.17,0.02,1650.0,0.135699,0.0024997,1,no,1.867465499934104e-05,8.495225027667866,10.212268242418624,0.057853850533579415,False,2446481.5,J,0.13569899999999976,0.007230770816291504,2.220446049250313e-16,0.007650656618077491,10.212268242418624,0.0,0.061213299384706814,True
2446481.5,1986-2-20,H,1.65,8.8,0.01,980.0,0.3243427,0.0029873,1,no,1.867465499934104e-05,8.495225027667866,8.700554870018491,0.05520015687742793,False,2446481.5,H,0.3243427000000002,0.0164899796502936,-2.220446049250313e-16,0.016758382683215493,8.700554870018491,1.7763568394002505e-15,0.05609863919287752,True
2446481.5,1986-2-20,K,2.2,7.75,0.01,620.0,0.5186962,0.0047774,1,no,1.867465499934104e-05,8.495225027667866,7.604868304114443,0.09851643935985098,False,2446481.5,K,0.5629170043718729,0.05107739677722611,-0.04422080437187281,0.05130033150280988,7.604868304114443,0.0888282537877556,0.09902266823380995,True
2446481.5,1986-2-20,L,3.8,6.0,0.03,253.0,1.007211,0.0278303,1,no,1.867465499934104e-05,8.495225027667866,6.104096021685871,0.14603319751752947,False,2446481.5,L+W1,0.9151285666586775,0.12308620652340797,0.0920824333413226,0.12619326382344281,6.104096021685871,-0.10409586915374014,0.14908284534846314,False
2447286.5,1988-5-5,L,3.5,6.08,0.0,280.0,1.0355191,0.0,1,yes,2.4147693799254604e-05,8.828933394872015,6.076878712608559,0.1413643965816192,False,2447286.5,L+W1,1.0385001086282415,0.1352141897477589,-0.002981008628241577,0.1352141897477589,6.076878712608559,0.003121081241385326,0.1413643965816192,False
2447286.5,1988-5-5,K,2.2,7.51,0.01,620.0,0.647013,0.0059592,1,no,2.4147693799254604e-05,8.828933394872015,7.432336317684064,0.09854227145622535,False,2447286.5,K,0.6598681435321511,0.059890151438531394,-0.012855143532151114,0.06018589788289466,7.432336317684064,0.021360389198377128,0.09904836830434112,True
2447286.5,1988-5-5,L,3.8,5.7,0.02,253.0,1.327763,0.0244583,1,no,2.4147693799254604e-05,8.828933394872015,5.920380892701478,0.14608720201073105,False,2447286.5,L+W1,1.083847459801337,0.14583306894890583,0.24391554019866302,0.14786984965822586,5.920380892701478,-0.2203809953808058,0.14744989179827886,True
2447286.5,1988-5-5,J,1.25,10.03,0.02,1650.0,0.1543749,0.0028437,1,no,2.4147693799254604e-05,8.828933394872015,10.07226813733654,0.057853784395543735,False,2447286.5,J,0.15437490000000048,0.008225913570482121,-4.718447854656915e-16,0.008703578790304705,10.07226813733654,1.7763568394002505e-15,0.061213236876398396,True
2447286.5,1988-5-5,H,1.65,8.64,0.01,980.0,0.375841,0.0034616,1,no,2.4147693799254604e-05,8.828933394872015,8.540554801825675,0.05520014860273411,False,2447286.5,H,0.3758410000000007,0.019108213357978555,-7.216449660063518e-16,0.019419229961407585,8.540554801825675,3.552713678800501e-15,0.056098631050712174,True
2447328.5,1988-6-16,J,1.25,9.88,0.1,1650.0,0.1865161,0.0171788,1,no,1.344455153391252e-05,6.1884897811572825,9.866919045784659,0.11378530404821134,False,2447328.5,J,0.18651609999999946,0.019546913012000323,5.273559366969494e-16,0.026022931766784226,9.866919045784659,-3.552713678800501e-15,0.1514829872208226,True
2447328.5,1988-6-16,H,1.65,8.57,0.1,980.0,0.3657852,0.0336901,1,no,1.344455153391252e-05,6.1884897811572825,8.569999865360309,0.11378523786982953,False,2447328.5,H,0.3657851999999986,0.03833431712865737,1.3877787807814457e-15,0.051034720609899234,8.569999865360309,-3.552713678800501e-15,0.1514829375114362,True
2447328.5,1988-6-16,K,2.2,7.48,0.1,620.0,0.6315265,0.0581657,1,no,1.344455153391252e-05,6.1884897811572825,7.6147554146146685,0.20166017859427382,False,2447328.5,K,0.55781414600573,0.10360610598868912,0.07371235399427001,0.1188169762897099,7.6147554146146685,-0.13475513851823884,0.22509293109885617,True
2447328.5,1988-6-16,L,3.5,6.08,0.1,280.0,1.0355191,0.0953748,1,no,1.344455153391252e-05,6.1884897811572825,6.393693640071369,0.28773107697420985,False,2447328.5,L+W1,0.7756763948268249,0.20556209094704933,0.259842705173175,0.22661007415726905,6.393693640071369,-0.31369384622142515,0.3046131524684032,False
2447328.5,1988-6-16,L,3.8,5.7,0.0,253.0,1.327763,0.0,1,yes,1.344455153391252e-05,6.1884897811572825,6.251846912837968,0.29726666959172376,False,2447328.5,L+W1,0.7986964535512009,0.21867727512575486,0.5290665464487991,0.21867727512575486,6.251846912837968,-0.5518470155172963,0.29726666959172376,True
2447576.5,1989-2-19,L,3.5,5.57,0.0,280.0,1.656372,0.0,1,yes,5.085710499018411e-05,12.9009792466617,5.719618703337189,0.13978088284099424,False,2447576.5,L+W1,1.4431469305824591,0.18579499434766064,0.21322506941754082,0.18579499434766064,5.719618703337189,-0.14961832597702518,0.13978088284099424,False
2447576.5,1989-2-19,L,3.8,5.25,0.01,253.0,2.0096498,0.0185096,1,no,5.085710499018411e-05,12.9009792466617,5.539364125602214,0.14423850924835702,False,2447576.5,L+W1,1.53948290584721,0.2045181125761549,0.4701668941527901,0.20535399597736775,5.539364125602214,-0.28936378315626854,0.1445847417613227,True
2447576.5,1989-2-19,K,2.2,7.31,0.01,620.0,0.777881,0.0071645,1,no,5.085710499018411e-05,12.9009792466617,7.29404084777761,0.09795594114779219,False,2447576.5,K,0.749506408226666,0.06762103473421516,0.028374591773334013,0.06799951763634748,7.29404084777761,-0.040344533613459355,0.09846505169931982,True
2447576.5,1989-2-19,H,1.65,8.75,0.01,980.0,0.3396286,0.0031281,1,no,5.085710499018411e-05,12.9009792466617,8.650554552003516,0.055200163822744834,False,2447576.5,H,0.3396285999999998,0.01726713567874977,2.220446049250313e-16,0.01754819033856065,8.650554552003516,0.0,0.05609864602695744,True
2447576.5,1989-2-19,J,1.25,10.52,0.01,1650.0,0.0983053,0.0009054,1,no,5.085710499018411e-05,12.9009792466617,10.562267528347489,0.05520011035469194,False,2447576.5,J,0.09830530000000004,0.004997957500790865,-4.163336342344337e-17,0.005079303922754738,10.562267528347489,0.0,0.056098593415255686,True
2447616.5,1989-3-31,J,1.25,10.77,0.03,1650.0,0.0780867,0.0021576,1,no,5.273813396817222e-05,13.898763113877228,10.812267186484462,0.06202455189811829,False,2447616.5,J,0.07808669999999972,0.004460837315249814,2.7755575615628914e-16,0.004955230298697041,10.812267186484462,-3.552713678800501e-15,0.06889880287902228,True
2447616.5,1989-3-31,H,1.65,8.9,0.02,980.0,0.2958042,0.0054489,1,no,5.273813396817222e-05,13.898763113877228,8.800554349055773,0.057853743214518645,False,2447616.5,H,0.29580419999999963,0.01576200568202334,3.885780586188048e-16,0.016677269990323238,8.800554349055773,0.0,0.06121319795543655,True
2447616.5,1989-3-31,K,2.2,7.34,0.01,620.0,0.7566814,0.0069693,1,no,5.273813396817222e-05,13.898763113877228,7.37833970801783,0.10370049910390924,False,2447616.5,K,0.6935149160799301,0.06623878122358064,0.06316648392006985,0.0666044088666462,7.37833970801783,-0.09464313101665844,0.1041815411404529,True
2447616.5,1989-3-31,L,3.5,5.57,0.0,280.0,1.656372,0.0,1,yes,5.273813396817222e-05,13.898763113877228,5.745357336539152,0.149034252845006,False,2447616.5,L+W1,1.4093377882624287,0.19345362470132885,0.24703421173757123,0.19345362470132885,5.745357336539152,-0.17535695917898853,0.149034252845006,False
2447616.5,1989-3-31,L,3.8,5.26,0.09,253.0,1.9912254,0.1650588,1,no,5.273813396817222e-05,13.898763113877228,5.558617771114608,0.1538629889680409,False,2447616.5,L+W1,1.5124234858256878,0.2143301449235949,0.4788019141743123,0.2705213826676353,5.558617771114608,-0.2986175268769413,0.17825212305658375,True
2447630.5,1989-4-14,L,3.5,5.57,0.05,280.0,1.7155281,0.079003,1,no,3.6710815104584895e-05,11.232646985364688,5.881121717817264,0.1545247120826068,False,2447630.5,L+W1,1.2436819869764544,0.177003953739088,0.4718461130235456,0.19383465543671288,5.881121717817264,-0.3492212297251953,0.16241270468843416,True
2447630.5,1989-4-14,L,3.8,5.26,0.0,253.0,1.9912254,0.0,1,yes,3.6710815104584895e-05,11.232646985364688,5.7105172133283855,0.1591455749655072,False,2447630.5,L+W1,1.3149633115113992,0.19274533846428052,0.6762620884886008,0.19274533846428052,5.7105172133283855,-0.45051696909071914,0.1591455749655072,True
2447630.5,1989-4-14,H,1.6,8.77,0.03,1020.0,0.316665,0.0087498,1,no,3.6710815104584895e-05,11.232646985364688,8.770000267397947,0.06202469214568035,False,2447630.5,H,0.31666499999999975,0.01809007478265617,2.220446049250313e-16,0.0200950194247752,8.770000267397947,0.0,0.06889892913366957,True
2447630.5,1989-4-14,J,1.2,10.57,0.03,1600.0,0.0946498,0.0026153,1,no,3.6710815104584895e-05,11.232646985364688,10.57000070510549,0.06202481749274055,False,2447630.5,J,0.09464979999999998,0.00540705610165427,2.7755575615628914e-17,0.006006334137927782,10.57000070510549,0.0,0.06889904197452802,True
2447630.5,1989-4-14,K,2.2,7.29,0.03,620.0,0.7971963,0.0220273,1,no,3.6710815104584895e-05,11.232646985364688,7.365899939934179,0.11181770881093447,False,2447630.5,K,0.7015065227228771,0.07224669467872466,0.09568977727712291,0.07553003930417924,7.365899939934179,-0.13883390208094326,0.1157721901137183,True
2448284.5,1991-1-28,J,1.25,10.09,0.01,1650.0,0.1460753,0.0013454,1,no,6.951232996845917e-05,12.329309377204511,10.13226789326194,0.05520015655857484,False,2448284.5,J,0.14607530000000057,0.007426646909262003,-5.828670879282072e-16,0.007547528434848779,10.13226789326194,3.552713678800501e-15,0.05609863887913122,True
2448284.5,1991-1-28,H,1.65,8.39,0.01,980.0,0.4731557,0.0043579,1,no,6.951232996845917e-05,12.329309377204511,8.290554998465412,0.05520015051835992,False,2448284.5,H,0.47315570000000096,0.0240558118483655,-9.43689570931383e-16,0.02444735928671974,8.290554998465412,3.552713678800501e-15,0.056098632935657096,True
2448284.5,1991-1-28,K,2.2,7.01,0.01,620.0,1.0254465,0.0094447,1,no,6.951232996845917e-05,12.329309377204511,6.980721655476828,0.09797792931275885,False,2448284.5,K,1.00023725728353,0.0902624181275647,0.02520924271646985,0.09075520086653614,6.980721655476828,-0.027024949511469387,0.09848692620046566,True
2448284.5,1991-1-28,L,3.8,4.97,0.02,253.0,2.6008818,0.04791,1,no,6.951232996845917e-05,12.329309377204511,5.274478634762227,0.14395370868330457,False,2448284.5,L+W1,1.9648484892475622,0.2605119234197268,0.6360333107524376,0.26488078515408703,5.274478634762227,-0.30447887093001036,0.14533640371110645,True
2448309.5,1991-2-22,L,3.8,5.01,0.02,253.0,2.5068038,0.046177,1,no,5.589166162623552e-05,12.445809613171855,5.445892232692304,0.1511025854914999,False,2448309.5,L+W1,1.6778905500841816,0.2335130754398623,0.8289132499158185,0.23803502206688584,5.445892232692304,-0.43589179066368633,0.1524204426650705,True
2448309.5,1991-2-22,H,1.65,8.59,0.02,980.0,0.3935539,0.0072495,1,no,5.589166162623552e-05,12.445809613171855,8.49055463803023,0.057853732585247945,False,2448309.5,H,0.3935538999999998,0.02097062066153866,2.220446049250313e-16,0.022188334348935523,8.49055463803023,-1.7763568394002505e-15,0.06121318790951326,True
2448309.5,1991-2-22,J,1.25,10.31,0.02,1650.0,0.1192825,0.0021973,1,no,5.589166162623552e-05,12.445809613171855,10.352268028620381,0.0578538724929195,False,2448309.5,J,0.11928249999999994,0.006356014025684996,5.551115123125783e-17,0.006725105321458125,10.352268028620381,0.0,0.06121332013889614,True
2448309.5,1991-2-22,K,2.2,7.14,0.02,620.0,0.9097315,0.0167579,1,no,5.589166162623552e-05,12.445809613171855,7.1671245476585455,0.10267223458077965,False,2448309.5,K,0.8424456079057676,0.07966555107713041,0.06728589209423241,0.08140901203695372,7.1671245476585455,-0.08342840560941056,0.10460204469230343,True
2448310.5,1991-2-23,J,1.25,10.47,0.01,1650.0,0.1029382,0.0009481,1,no,5.433810507360341e-05,12.92678597355242,10.512268436005417,0.05520016882955344,False,2448310.5,J,0.10293819999999967,0.005233505149877682,3.191891195797325e-16,0.005318690606135707,10.512268436005417,0.0,0.05609865095357644,True
2448310.5,1991-2-23,H,1.65,8.7,0.01,980.0,0.3556348,0.0032755,1,no,5.433810507360341e-05,12.92678597355242,8.600554560535176,0.05520015121702531,False,2448310.5,H,0.35563479999999936,0.018080906441182695,6.106226635438361e-16,0.018375202801188394,8.600554560535176,-1.7763568394002505e-15,0.056098633623132575,True
2448310.5,1991-2-23,K,2.2,7.21,0.01,620.0,0.8529295,0.0078558,1,no,5.433810507360341e-05,12.92678597355242,7.244177740516783,0.09796087075958317,False,2448310.5,K,0.7847306096743935,0.07080255176028437,0.06819889032560655,0.07123703341245863,7.244177740516783,-0.0904813554569115,0.09846995582397584,True
2448310.5,1991-2-23,L,3.8,5.07,0.01,253.0,2.3720312,0.0218472,1,no,5.433810507360341e-05,12.92678597355242,5.490040738777935,0.14419338168150508,False,2448310.5,L+W1,1.6110322179324705,0.21395637585216948,0.7609989820675294,0.21506889806672375,5.490040738777935,-0.42004042865951075,0.14453972229372866,True
2448314.5,1991-2-27,L,3.8,5.02,0.02,253.0,2.4838216,0.0457537,1,no,5.546405316853923e-05,13.13136344387552,5.484031262087355,0.14945635353134734,False,2448314.5,L+W1,1.6199738956031595,0.22299651627326555,0.8638477043968407,0.22764192789049822,5.484031262087355,-0.4640309579193014,0.15078859907462197,True
2448314.5,1991-2-27,K,2.2,7.24,0.01,620.0,0.8296851,0.0076417,1,no,5.546405316853923e-05,13.13136344387552,7.251065424949161,0.10204699274108411,False,2448314.5,K,0.779768198960102,0.0732894412015452,0.04991690103989799,0.0736867543763786,7.251065424949161,-0.06736942828227832,0.10253579242147043,True
2448314.5,1991-2-27,J,1.25,10.51,0.01,1650.0,0.0992149,0.0009138,1,no,5.546405316853923e-05,13.13136344387552,10.55226761306634,0.05520015497631213,False,2448314.5,J,0.09921490000000002,0.005044206716105001,-2.7755575615628914e-17,0.005126309767737295,10.55226761306634,0.0,0.05609863732221021,True
2448314.5,1991-2-27,H,1.65,8.72,0.02,980.0,0.3491437,0.0064315,1,no,5.546405316853923e-05,13.13136344387552,8.620554664294811,0.05785379992183938,False,2448314.5,H,0.3491437000000001,0.018604233399650272,-1.1102230246251565e-16,0.019684554672094127,8.620554664294811,0.0,0.06121325155059338,True
2448518.5,1991-9-19,J,1.25,11.27,0.04,1650.0,0.0492693,0.0018151,1,no,8.821104759181786e-05,17.229900442481046,11.312268880476523,0.06743124635416471,False,2448518.5,J,0.04926929999999997,0.003059942453275154,3.469446951953614e-17,0.00355778524188231,11.312268880476523,0.0,0.07840263378787764,True
2448518.5,1991-9-19,H,1.65,9.08,0.03,980.0,0.2506134,0.0069247,1,no,8.821104759181786e-05,17.229900442481046,8.980554468012162,0.062024645813115585,False,2448518.5,H,0.25061339999999926,0.014316744069968095,7.216449660063518e-16,0.015903478577184507,8.980554468012162,-1.7763568394002505e-15,0.06889888742383607,True
2448518.5,1991-9-19,K,2.2,7.26,0.03,620.0,0.8145414,0.0225066,1,no,8.821104759181786e-05,17.229900442481046,7.348881141091912,0.11145455996523997,False,2448518.5,K,0.7125891953444243,0.07314973458105324,0.10195220465557564,0.07653385337769512,7.348881141091912,-0.14518482414673528,0.11542148386260363,True
2448518.5,1991-9-19,L,3.8,4.82,0.04,253.0,2.9862106,0.1100161,1,no,8.821104759181786e-05,17.229900442481046,5.324863615947107,0.1648648626485714,False,2448518.5,L+W1,1.8757505168842676,0.28482549441924754,1.1104600831157325,0.30533441425816843,5.324863615947107,-0.504863394816196,0.16964793820183113,True
2448642.5,1992-1-21,J,1.25,10.57,0.02,1650.0,0.0938808,0.0017293,1,no,0.000115185579521,15.542966514241456,10.612267906138513,0.05785356900567155,False,2448642.5,J,0.0938807999999952,0.005002448400730375,4.801714581503802e-15,0.005292916822695203,10.612267906138513,-5.5067062021407764e-14,0.06121303330740929,True
2448642.5,1992-1-21,H,1.65,8.56,0.01,980.0,0.4045796,0.0037263,1,no,0.000115185579521,15.542966514241456,8.46055523752637,0.055200153240033446,False,2448642.5,H,0.4045795999999794,0.02056932044811512,2.0594637106796654e-14,0.020904120536086822,8.46055523752637,-5.5067062021407764e-14,0.056098635613739976,True
2448642.5,1992-1-21,K,2.2,6.95,0.01,620.0,1.0837103,0.0099813,1,no,0.000115185579521,15.542966514241456,6.947788736756499,0.09865293424744036,False,2448642.5,K,1.0310416152921862,0.09368323560920026,0.05266868470781372,0.0942134543677225,6.947788736756499,-0.05409251573425333,0.09915846628316612,True
2448642.5,1992-1-21,L,3.8,4.66,0.01,253.0,3.4603543,0.031871,1,no,0.000115185579521,15.542966514241456,5.044595811549452,0.144690894910259,False,2448642.5,L+W1,2.428187374019776,0.32359297094175904,1.0321669259802242,0.3251586866191861,5.044595811549452,-0.38459592803216136,0.14503604748451887,True
2448756.5,1992-5-14,K,2.18,6.86,0.01,653.0,1.1773701,0.010844,1,no,9.597384377685302e-05,14.034587492150791,6.998652293225033,0.09720404605125048,False,2448756.5,K,1.0362207006917241,0.09277101036870734,0.14114939930827597,0.09340263754750615,6.998652293225033,-0.1386518461740165,0.09771707409011807,True
2448756.5,1992-5-14,L,3.8,4.694,0.0,253.0,3.3551073,0.0,1,yes,9.597384377685302e-05,14.034587492150791,5.110766136748058,0.14290441028899648,False,2448756.5,L+W1,2.2846204845187983,0.3007013505154791,1.0704868154812015,0.3007013505154791,5.110766136748058,-0.4172308686572874,0.14290441028899648,True
2448756.5,1992-5-14,J,1.24,10.35,0.01,1587.0,0.1149679,0.0010589,1,no,9.597384377685302e-05,14.034587492150791,10.350000820326773,0.05520017204958096,False,2448756.5,J,0.11496789999999991,0.005845110287717424,8.326672684688674e-17,0.0059402511298412355,10.350000820326773,1.7763568394002505e-15,0.05609865412203165,True
2448756.5,1992-5-14,H,1.64,8.46,0.01,1074.0,0.443613,0.0040858,1,no,9.597384377685302e-05,14.034587492150791,8.460000041943609,0.055200149080666804,False,2448756.5,H,0.443613000000001,0.022553824425130046,-9.992007221626409e-16,0.02292092401801447,8.460000041943609,3.552713678800501e-15,0.05609863152099024,True
2448881.5,1992-9-16,L,3.8,4.73,0.02,253.0,3.2442958,0.0597621,1,no,5.7100150611284056e-05,13.92927617220554,5.499441926655935,0.1486763265359259,False,2448881.5,L+W1,1.597142809251117,0.21870627947386512,1.647152990748883,0.2267243817451277,5.499441926655935,-0.7694417345210116,0.15001549943994877,True
2448881.5,1992-9-16,J,1.25,10.71,0.03,1650.0,0.0825234,0.0022802,1,no,5.7100150611284056e-05,13.92927617220554,10.752267078556228,0.06202461753665195,False,2448881.5,J,0.08252339999999977,0.004714296438115351,2.220446049250313e-16,0.005236783645180225,10.752267078556228,-1.7763568394002505e-15,0.06889886196859824,True
2448881.5,1992-9-16,H,1.65,8.84,0.01,980.0,0.312611,0.0028793,1,no,5.7100150611284056e-05,13.92927617220554,8.740554550006923,0.055200190054785804,False,2448881.5,H,0.31261099999999864,0.015893535223006353,1.3877787807814457e-15,0.016152239175264326,8.740554550006923,-3.552713678800501e-15,0.056098671838863294,True
2448881.5,1992-9-16,K,2.2,7.15,0.01,620.0,0.9013907,0.0083021,1,no,5.7100150611284056e-05,13.92927617220554,7.318504009246325,0.0996901277826893,False,2448881.5,K,0.7328078041990614,0.06728494759648422,0.16858289580093855,0.06779519922141705,7.318504009246325,-0.22480746793128326,0.10019042657524181,True
2449182.5,1993-7-14,J,1.25,10.15,0.05,1650.0,0.1382219,0.0063654,1,no,4.611963407554851e-05,11.28809789632517,10.192267714306094,0.07380443151220563,False,2449182.5,J,0.1382219000000002,0.009395826267310966,-1.942890293094024e-16,0.011349002969666134,10.192267714306094,3.552713678800501e-15,0.08914647559404607,True
2449182.5,1993-7-14,H,1.65,8.54,0.02,980.0,0.4121015,0.0075912,1,no,4.611963407554851e-05,11.28809789632517,8.440554700963094,0.057853770854810894,False,2449182.5,H,0.4121015000000013,0.02195894881780713,-1.27675647831893e-15,0.02323406444475596,8.440554700963094,3.552713678800501e-15,0.061213224078796626,True
2449182.5,1993-7-14,K,2.2,7.1,0.02,620.0,0.9438724,0.0173868,1,no,4.611963407554851e-05,11.28809789632517,7.189077835051091,0.10692692063304811,False,2449182.5,K,0.8255826461933664,0.08130613099081971,0.11828975380663354,0.08314437894973016,7.189077835051091,-0.1453818287203763,0.10878127759897918,True
2449182.5,1993-7-14,L,3.8,4.83,0.02,253.0,2.9588332,0.0545037,1,no,4.611963407554851e-05,11.28809789632517,5.538169634047879,0.1623368567733655,False,2449182.5,L+W1,1.5411775267326526,0.23043342786497883,1.4176556732673473,0.2367915074306813,5.538169634047879,-0.7081695389056559,0.16356422306560867,True
2451319.5,1999-5-21,J,1.235,10.178,0.025,1594.0,0.1352969,0.0031153,1,no,2.6376001034886623e-05,9.419111073861735,10.178001177880446,0.05976660633410214,False,2451319.5,J,0.13529690000000003,0.007447699105074759,-2.7755575615628914e-17,0.008072999197927085,10.178001177880446,0.0,0.06478462188432944,True
2451319.5,1999-5-21,H,1.662,8.599,0.031,1024.0,0.3721345,0.0106252,1,no,2.6376001034886623e-05,9.419111073861735,8.599000054995898,0.06251445355012877,False,2451319.5,H,0.37213450000000015,0.02142673774043751,-1.6653345369377348e-16,0.023916520759455988,8.599000054995898,0.0,0.06977862783597287,True
2451319.5,1999-5-21,K,2.159,7.176,0.021,666.8,0.8986599,0.0173816,1,no,2.6376001034886623e-05,9.419111073861735,7.539340851761839,0.10264328941918897,False,2451319.5,K,0.6430714818553135,0.06079466811554479,0.25558841814468647,0.06323062303851859,7.539340851761839,-0.36334028146096387,0.10476948440644056,True
2454567.5,2008-4-11,J,1.235,12.63,0.16,1594.0,0.0141413,0.0020839,1,no,2.722633191250576e-05,18.043990388756185,12.629997453426103,0.16895591158811163,False,2454567.5,J,0.014141299999999996,0.002200586313756774,5.204170427930421e-18,0.003030712677621161,12.629997453426103,1.7763568394002505e-15,0.23269314571033198,True
2454567.5,2008-4-11,H,1.662,10.11,0.09,1024.0,0.0925337,0.0076704,1,no,2.722633191250576e-05,18.043990388756185,10.110000071681341,0.10510496584594002,False,2454567.5,H,0.09253370000000015,0.008957748056550339,-1.5265566588595902e-16,0.011793060942971141,10.110000071681341,3.552713678800501e-15,0.13837287973254087,True
2454567.5,2008-4-11,K,2.159,8.16,0.14,666.8,0.3630744,0.0468166,1,no,2.722633191250576e-05,18.043990388756185,8.522721232166043,0.188391122867783,False,2454567.5,K,0.2599603411875534,0.04510692409702336,0.10311405881244662,0.06501098858696602,8.522721232166043,-0.36272132512152844,0.2347151788346551,True
2455271.5,2010-3-16,W1,3.4,8.18,0.0,309.54,0.1653937,0.0,1,yes,6.157173454322087e-08,8.243744116096767,11.40731095581601,0.20797411017013223,False,2455271.5,L+W1,0.008468225141626684,0.001622098978400089,0.15692547485837333,0.001622098978400089,11.40731095581601,-3.2268164172998244,0.20797411017013223,True
2455271.5,2010-3-16,K,2.159,12.273,0.07,666.8,0.0082186,0.0005299,1,no,6.157173454322087e-08,8.243744116096767,13.426878279865486,0.15933415907256207,False,2455271.5,K,0.002839515732173802,0.00041670513461417806,0.005379084267826198,0.0006741195585456784,13.426878279865486,-1.1538839115015609,0.17403268154964607,True
2455271.5,2010-3-16,J,1.235,17.646,0.04,1594.0,0.0001393,5.1e-06,1,no,6.157173454322087e-08,8.243744116096767,17.646343001590324,0.06728421595810148,False,2455271.5,J,0.00013929999999999994,8.632567691754827e-06,5.421010862427522e-20,1.002652606602752e-05,17.646343001590324,0.0,0.07827621424862369,True
2455271.5,2010-3-16,H,1.662,15.087,0.09,1024.0,0.0009451,7.83e-05,1,no,6.157173454322087e-08,8.243744116096767,15.087055483684843,0.10506344147085253,False,2455271.5,H,0.0009450999999999998,9.145449704905332e-05,2.168404344971009e-19,0.00012039441444890748,15.087055483684843,0.0,0.13834134137595766,True
2457209.5,2015-7-6,J,1.235,15.715,0.0,1594.0,0.0008252,0.0,1,no,1.7430308208600022e-06,19.149180120037823,15.714822744397445,0.05536190093884276,False,2457209.5,J,0.0008252000000000028,4.207710902015137e-05,-2.8189256484623115e-18,4.207710902015137e-05,15.714822744397445,5.329070518200751e-15,0.05536190093884276,True
2457209.5,2015-7-6,H,1.662,12.827,0.0,1024.0,0.0075803,0.0,1,no,1.7430308208600022e-06,19.149180120037823,12.826533907279824,0.05536190095797182,False,2457209.5,H,0.007580300000000016,0.00038652097626716125,-1.6479873021779667e-17,0.00038652097626716125,12.826533907279824,3.552713678800501e-15,0.05536190095797182,True
2457209.5,2015-7-6,K,2.159,10.392,0.0,666.8,0.0464597,0.0,1,no,1.7430308208600022e-06,19.149180120037823,11.024598156585254,0.09086177722540212,False,2457209.5,K,0.025951133302915378,0.0021717670301337126,0.02050856669708462,0.0021717670301337126,11.024598156585254,-0.632300181552754,0.09086177722540212,True
2457209.5,2015-7-6,L,3.353,7.16,0.0,309.54,0.4233667,0.0,1,yes,1.7430308208600022e-06,19.149180120037823,8.933064483383529,0.12843520083707824,False,2457209.5,L+W1,0.08269723420757875,0.009782519766380431,0.34066946579242124,0.009782519766380431,8.933064483383529,-1.7730642764903228,0.12843520083707824,True
2457209.5,2015-7-6,W1,3.4,7.144,0.0,309.54,0.4298473,0.0,1,yes,1.7430308208600022e-06,19.149180120037823,8.90702043381694,0.1292380942837373,False,2457209.5,L+W1,0.08470491377998841,0.010082653213017502,0.3451423862200116,0.010082653213017502,8.90702043381694,-1.763513996046452,0.1292380942837373,True
2457219.5,2015-7-16,W1,3.4,7.136,0.0,309.54,0.4326478,0.0,1,yes,1.4252657120343648e-06,17.121415199600005,8.963006559748232,0.23134257052112983,False,2457219.5,L+W1,0.08044779673594098,0.01714136454885921,0.35220000326405904,0.01714136454885921,8.963006559748232,-1.8265508633142078,0.23134257052112983,True
2457219.5,2015-7-16,L,3.353,7.16,0.0,309.54,0.4233667,0.0,1,yes,1.4252657120343648e-06,17.121415199600005,8.98687140072764,0.23003639246676222,False,2457219.5,L+W1,0.07869881951321357,0.01667402491772432,0.3446678804867864,0.01667402491772432,8.98687140072764,-1.8268711938344344,0.23003639246676222,True
2457219.5,2015-7-16,K,2.159,10.181,0.045,666.8,0.0564411,0.0023393,1,no,1.4252657120343648e-06,17.121415199600005,10.975953637508542,0.16812007717691124,False,2457219.5,K,0.027140268269469654,0.004202516206118206,0.029300831730530347,0.004809726286670184,10.975953637508542,-0.7949533328167266,0.1740383875757604,True
2457219.5,2015-7-16,J,1.235,15.367,0.044,1594.0,0.0011368,4.61e-05,1,no,1.4252657120343648e-06,17.121415199600005,15.3670106303517,0.06989729365942968,False,2457219.5,J,0.0011367999999999999,7.318466777087982e-05,2.168404344971009e-19,8.649396277621957e-05,15.3670106303517,0.0,0.0825931695778322,True
2457219.5,2015-7-16,H,1.662,12.671,0.091,1024.0,0.0087478,0.0007332,1,no,1.4252657120343648e-06,17.121415199600005,12.67100277847054,0.10596370665868447,False,2457219.5,H,0.008747799999999991,0.0008537518681301934,8.673617379884035e-18,0.0011253774888168838,12.67100277847054,-1.7763568394002505e-15,0.1396757213292551,True
2457226.5,2015-7-23,J,1.235,15.954,0.0,1594.0,0.000662,0.0,1,no,1.972822033047743e-06,20.47441033436164,15.954075819050983,0.05536190094164354,False,2457226.5,J,0.0006620000000000004,3.375550917686539e-05,-3.2526065174565133e-19,3.375550917686539e-05,15.954075819050983,0.0,0.05536190094164354,True
2457226.5,2015-7-23,H,1.662,12.938,0.0,1024.0,0.0068407,0.0,1,no,1.972822033047743e-06,20.47441033436164,12.937998529630189,0.055361900932633816,False,2457226.5,H,0.006840699999999987,0.00034880862777734664,1.3010426069826053e-17,0.00034880862777734664,12.937998529630189,0.0,0.055361900932633816,True
2457226.5,2015-7-23,K,2.159,10.509,0.0,666.8,0.0417249,0.0,1,no,1.972822033047743e-06,20.47441033436164,11.064940409229205,0.09090880149760498,False,2457226.5,K,0.025004572131215066,0.0020936353365093546,0.016720327868784936,0.0020936353365093546,11.064940409229205,-0.55593969259046,0.09090880149760498,True
2457226.5,2015-7-23,L,3.353,7.16,0.0,309.54,0.4233667,0.0,1,no,1.972822033047743e-06,20.47441033436164,8.905147643754562,0.1285649867311105,False,2457226.5,L+W1,0.08485114765648198,0.010047455933373143,0.338515552343518,0.010047455933373143,8.905147643754562,-1.7451474368613562,0.1285649867311105,True
2457226.5,2015-7-23,W1,3.4,7.132,0.0,309.54,0.4346189,0.0,1,yes,1.972822033047743e-06,20.47441033436164,8.877650131648444,0.12937014844883407,False,2457226.5,L+W1,0.08702754362033015,0.010369706921404192,0.3475913563796698,0.010369706921404192,8.877650131648444,-1.74612970672454,0.12937014844883407,True
2457546.5,2016-6-7,W1,3.4,6.817,0.0,309.54,0.5804712,0.0,1,yes,8.344218658211932e-07,14.0792498461324,9.252073405328096,0.12766177285220862,False,2457546.5,L+W1,0.06164351802196953,0.007248096509119176,0.5188276819780304,0.007248096509119176,9.252073405328096,-2.434733152553692,0.12766177285220862,True
2457546.5,2016-6-7,H,1.662,12.698,0.008,1024.0,0.0085356,5.93e-05,1,no,8.344218658211932e-07,14.0792498461324,12.697664754735845,0.05480834642822598,False,2457546.5,H,0.008535599999999957,0.0004308800975067241,4.336808689942018e-17,0.00043494154598911806,12.697664754735845,-1.7763568394002505e-15,0.055389122020451195,True
2457546.5,2016-6-7,K,2.159,10.269,0.01,666.8,0.0520407,0.0004676,1,no,8.344218658211932e-07,14.0792498461324,11.136261641481491,0.08985718982976859,False,2457546.5,K,0.023414825986936807,0.001937846830858779,0.028625874013063195,0.00199346434627495,11.136261641481491,-0.8671304876627115,0.09041191605149769,True
2457546.5,2016-6-7,J,1.235,15.15,0.015,1594.0,0.0013883,1.94e-05,1,no,8.344218658211932e-07,14.0792498461324,15.150012483501476,0.05636707580676771,False,2457546.5,J,0.0013882999999999973,7.207497640733853e-05,2.8189256484623115e-18,7.464021854280979e-05,15.150012483501476,-1.7763568394002505e-15,0.05832878564659046,True
2457610.5,2016-8-10,J,1.235,14.607,0.004,1594.0,0.0022902,8.9e-06,1,no,1.0235838976860145e-06,13.082825859214022,14.606537266818373,0.05445053075735207,False,2457610.5,J,0.002290200000000009,0.00011485534423001794,-9.107298248878237e-18,0.00011519965320345333,14.606537266818373,5.329070518200751e-15,0.054597255423302585,True
2457610.5,2016-8-10,H,1.662,12.299,0.006,1024.0,0.012323,6.66e-05,1,no,1.0235838976860145e-06,13.082825859214022,12.29895877039678,0.05460302117583975,False,2457610.5,H,0.012323000000000013,0.0006197389632961263,-1.214306433183765e-17,0.000623307261811827,12.29895877039678,1.7763568394002505e-15,0.05493168413155748,True
2457610.5,2016-8-10,K,2.159,9.853,0.014,666.8,0.0763362,0.0009953,1,no,1.0235838976860145e-06,13.082825859214022,10.819977124774384,0.08933183121506603,False,2457610.5,K,0.03133319930967494,0.002578022230347797,0.04500300069032507,0.0027634798190266253,10.819977124774384,-0.9668144895421715,0.09042221003844712,True
2457610.5,2016-8-10,W1,3.4,6.736,0.0,309.54,0.6259153,0.0,1,yes,1.0235838976860145e-06,13.082825859214022,9.018831987200272,0.12667738615677035,False,2457610.5,L+W1,0.07641594415204264,0.008915767958607372,0.5494993558479573,0.008915767958607372,9.018831987200272,-2.2833289607205707,0.12667738615677035,True
2457626.5,2016-8-26,K,2.159,9.92,0.02,666.8,0.0717787,0.0013222,1,no,9.74939147243252e-07,12.571450691321097,10.807414582083224,0.09465003392207258,False,2457626.5,K,0.031697846526390495,0.002763288389786973,0.040080853473609505,0.003063327531481327,10.807414582083224,-0.8874145753545424,0.09674000682990201,True
2457626.5,2016-8-26,H,1.662,12.26,0.02,1024.0,0.0127732,0.0002353,1,no,9.74939147243252e-07,12.571450691321097,12.260000610804875,0.0578540252160951,False,2457626.5,H,0.01277320000000002,0.0006806266859774199,-1.9081958235744878e-17,0.0007201519115190942,12.260000610804875,1.7763568394002505e-15,0.06121346448049291,True
2457626.5,2016-8-26,W1,3.4,6.721,0.0,309.54,0.6343513,0.0,1,yes,9.74939147243252e-07,12.571450691321097,9.03207180959643,0.1342167777698596,False,2457626.5,L+W1,0.07548976169836191,0.00933191002139034,0.558861538301638,0.00933191002139034,9.03207180959643,-2.311104449502861,0.1342167777698596,True
2457626.5,2016-8-26,J,1.235,14.52,0.02,1594.0,0.0024802,4.57e-05,1,no,9.74939147243252e-07,12.571450691321097,14.52000403474377,0.05785573366068525,False,2457626.5,J,0.0024801999999999992,0.00013216266529234673,8.673617379884035e-19,0.0001398408384456303,14.52000403474377,1.7763568394002505e-15,0.06121507916695157,True
2457786.5,2017-2-2,J,1.235,15.252,0.01,1594.0,0.0012634,1.17e-05,1,no,4.814696620100087e-07,11.891795500659834,15.252368611254361,0.055210097315305,False,2457786.5,J,0.0012633999999999974,6.424436860673262e-05,2.6020852139652106e-18,6.530106352639084e-05,15.252368611254361,0.0,0.05610842045152802,True
2457786.5,2017-2-2,H,1.662,12.929,0.012,1024.0,0.006896,7.44e-05,1,no,4.814696620100087e-07,11.891795500659834,12.929256759557887,0.05553622481360394,False,2457786.5,H,0.006896000000000007,0.0003527355951070357,-6.938893903907228e-18,0.0003604965465237006,12.929256759557887,3.552713678800501e-15,0.05681788685394027,True
2457786.5,2017-2-2,K,2.159,10.278,0.01,666.8,0.0515938,0.000475,1,no,4.814696620100087e-07,11.891795500659834,11.436215284142,0.09024376099130345,False,2457786.5,K,0.01776272031002932,0.0014763942467689503,0.03383107968997068,0.0015509239091239958,11.436215284142,-1.1577200958062033,0.09079612545618618,True
2457786.5,2017-2-2,W1,3.4,6.803,0.0,309.54,0.5882857,0.0,1,yes,4.814696620100087e-07,11.891795500659834,9.615272632956337,0.12713696087216547,False,2457786.5,L+W1,0.04411717805124574,0.005166009860508513,0.5441685219487543,0.005166009860508513,9.615272632956337,-2.8124514166177264,0.12713696087216547,True
2457815.5,2017-3-3,W1,3.4,6.818,0.0,309.54,0.5803017,0.0,1,yes,5.35253780979747e-07,12.388998667761427,9.548416865866159,0.12632803914347107,False,2457815.5,L+W1,0.04691913878506061,0.005459155525109801,0.5333825612149394,0.005459155525109801,9.548416865866159,-2.73075952731552,0.12632803914347107,True
2457815.5,2017-3-3,K,2.159,10.257,0.008,666.8,0.0526016,0.0003771,1,no,5.35253780979747e-07,12.388998667761427,11.385075251442915,0.08947187960629288,False,2457815.5,K,0.01861939179461032,0.001534361637466892,0.03398220820538968,0.0015800221658350498,11.385075251442915,-1.1275836596313962,0.08982882187963374,True
2457815.5,2017-3-3,J,1.235,15.25,0.01,1594.0,0.0012666,1.17e-05,1,no,5.35253780979747e-07,12.388998667761427,15.249622083421986,0.05520547671504278,False,2457815.5,J,0.0012665999999999956,6.440169951120845e-05,4.553649124439119e-18,6.545585458866141e-05,15.249622083421986,-3.552713678800501e-15,0.05610387383537014,True
2457815.5,2017-3-3,H,1.662,12.895,0.008,1024.0,0.0071175,5.51e-05,1,no,5.35253780979747e-07,12.388998667761427,12.89493120205205,0.054933644353944176,False,2457815.5,H,0.00711749999999998,0.0003601152950189202,1.9949319973733282e-17,0.0003643062389069997,12.89493120205205,0.0,0.05551310910051447,True
2457846.5,2017-4-3,W1,3.4,6.879,0.0,309.54,0.5482227,0.0,1,yes,5.312875340020394e-07,12.15258933625698,9.541744069174236,0.12552414424527492,False,2457846.5,L+W1,0.047208385774678785,0.005457856337108569,0.5010143142253212,0.005457856337108569,9.541744069174236,-2.6623446590407083,0.12552414424527492,True
2457846.5,2017-4-3,H,1.662,12.861,0.006,1024.0,0.007341,3.97e-05,1,no,5.312875340020394e-07,12.15258933625698,12.861361831420904,0.05460342435734331,False,2457846.5,H,0.007340999999999968,0.0003691907264864137,3.209238430557093e-17,0.0003713191114440057,12.861361831420904,-3.552713678800501e-15,0.05493208490079466,True
2457846.5,2017-4-3,K,2.159,10.299,0.004,666.8,0.0506261,0.0001841,1,no,5.312875340020394e-07,12.15258933625698,11.365053047771942,0.08891783314722149,False,2457846.5,K,0.018965939988688577,0.0015532412753704846,0.031660160011311424,0.0015641135730868553,11.365053047771942,-1.0660002514877291,0.08900775837867798,True
2457846.5,2017-4-3,J,1.235,15.192,0.008,1594.0,0.0013359,9.4e-06,1,no,5.312875340020394e-07,12.15258933625698,15.191785918023022,0.054821741103567384,False,2457846.5,J,0.0013358999999999956,6.745318394956753e-05,4.553649124439119e-18,6.810500734112136e-05,15.191785918023022,-3.552713678800501e-15,0.055402376281406644,True
2457876.5,2017-5-3,J,1.235,15.049,0.007,1594.0,0.0015233,9.8e-06,1,no,5.494078173674243e-07,11.815930412219656,15.049257187438528,0.054734337153652085,False,2457876.5,J,0.0015232999999999944,7.679288525220714e-05,5.637851296924623e-18,7.741567816249273e-05,15.049257187438528,-3.552713678800501e-15,0.05518013830763438,True
2457876.5,2017-5-3,H,1.662,12.763,0.006,1024.0,0.0080394,4.29e-05,1,no,5.494078173674243e-07,11.815930412219656,12.762690797841785,0.05459510079659801,False,2457876.5,H,0.008039399999999992,0.0004042527562594695,8.673617379884035e-18,0.0004065226942538117,12.762690797841785,0.0,0.054923811147722594,True
2457876.5,2017-5-3,K,2.159,10.266,0.027,666.8,0.0522076,0.0013051,1,no,5.494078173674243e-07,11.815930412219656,11.29124946392984,0.08891993875572243,False,2457876.5,K,0.020299989140361366,0.0016625344012589883,0.031907610859638634,0.0021136003986964003,11.29124946392984,-1.0255948085747644,0.09292876577422854,True
2457876.5,2017-5-3,W1,3.4,6.941,0.0,309.54,0.5180148,0.0,1,yes,5.494078173674243e-07,11.815930412219656,9.492850531092031,0.12554966677368615,False,2457876.5,L+W1,0.049382897228574966,0.005710416825188175,0.468631902771425,0.005710416825188175,9.492850531092031,-2.551914005404006,0.12554966677368615,True
2457908.5,2017-6-4,K,2.159,10.048,0.012,666.8,0.0637741,0.0006832,1,no,7.261884147874537e-07,12.300999590451411,11.065983239572637,0.09131746187153819,False,2457908.5,K,0.024980567213725054,0.0021010278408988958,0.03879353278627495,0.002209316688080791,11.065983239572637,-1.0176051077472739,0.0921025452561428,True
2457908.5,2017-6-4,W1,3.4,7.007,0.0,309.54,0.4876254,0.0,1,yes,7.261884147874537e-07,12.300999590451411,9.273409244383526,0.12934783071733913,False,2457908.5,L+W1,0.06044398379949686,0.007200918740773316,0.42718141620050315,0.007200918740773316,9.273409244383526,-2.2668330976725084,0.12934783071733913,True
2457908.5,2017-6-4,H,1.662,12.534,0.013,1024.0,0.009926,0.0001211,1,no,7.261884147874537e-07,12.300999590451411,12.533814214446267,0.055879530353741234,False,2457908.5,H,0.009926,0.000510860940125689,0.0,0.000525018199823685,12.533814214446267,1.7763568394002505e-15,0.057371786729669555,True
2457908.5,2017-6-4,J,1.235,14.818,0.015,1594.0,0.0018855,2.67e-05,1,no,7.261884147874537e-07,12.300999590451411,14.817654450796134,0.05642199722664876,False,2457908.5,J,0.0018855000000000046,9.798298638714519e-05,-4.553649124439119e-18,0.00010155567744515065,14.817654450796134,1.7763568394002505e-15,0.05838186166134102,True
2457942.5,2017-7-8,W1,3.4,7.076,0.0,309.54,0.4572877,0.0,1,yes,4.586838838850377e-07,10.79129506305176,9.596918924494375,0.12512690667446397,False,2457942.5,L+W1,0.04486929114007728,0.0051710126091673615,0.41241840885992276,0.0051710126091673615,9.596918924494375,-2.5206007788597447,0.12512690667446397,True
2457942.5,2017-7-8,K,2.159,10.379,0.007,666.8,0.0470471,0.0003038,1,no,4.586838838850377e-07,10.79129506305176,11.357876916046923,0.0888281257873432,False,2457942.5,K,0.019091709817833976,0.001561963940929652,0.027955390182166025,0.001591234047135898,11.357876916046923,-0.979220084461403,0.08910351244980226,True
2457942.5,2017-7-8,J,1.235,15.003,0.005,1594.0,0.001589,8e-06,1,no,4.586838838850377e-07,10.79129506305176,15.003411049631785,0.054561321284234014,False,2457942.5,J,0.0015889999999999995,7.985175325341722e-05,4.336808689942018e-19,8.025149529849664e-05,15.003411049631785,0.0,0.054789942327779534,True
2457942.5,2017-7-8,H,1.662,12.79,0.006,1024.0,0.0078405,4.67e-05,1,no,4.586838838850377e-07,10.79129506305176,12.78989049371595,0.05467063939585834,False,2457942.5,H,0.007840500000000005,0.00039479677135636956,-5.204170427930421e-18,0.0003975492179257979,12.78989049371595,0.0,0.05499889827943809,True
2457971.5,2017-8-6,J,1.235,15.121,0.008,1594.0,0.0014255,1.04e-05,1,no,3.378550768311661e-07,9.67620816851195,15.121302738536535,0.05486167166727584,False,2457971.5,J,0.0014255000000000025,7.20297551274195e-05,-2.6020852139652106e-18,7.277668324206603e-05,15.121302738536535,1.7763568394002505e-15,0.055441888659460155,True
2457971.5,2017-8-6,H,1.662,12.958,0.009,1024.0,0.006715,5.62e-05,1,no,3.378550768311661e-07,9.67620816851195,12.958134849087696,0.05504206653467251,False,2457971.5,H,0.006714999999999985,0.0003404210665174077,1.474514954580286e-17,0.0003450289010051902,12.958134849087696,0.0,0.055773013979946565,True
2457971.5,2017-8-6,K,2.159,10.557,0.007,666.8,0.0399036,0.0002417,1,no,3.378550768311661e-07,9.67620816851195,11.551357495287126,0.08908500592614031,False,2457971.5,K,0.015975431340374765,0.0013107892961412067,0.023928168659625233,0.0013328868927551054,11.551357495287126,-0.9938987133563746,0.08935960094394142,True
2457971.5,2017-8-6,W1,3.4,7.136,0.0,309.54,0.4329075,0.0,1,yes,3.378550768311661e-07,9.67620816851195,9.812369058547628,0.1250026694481287,False,2457971.5,L+W1,0.036793335013184186,0.004236079698173007,0.39611416498681584,0.004236079698173007,9.812369058547628,-2.676564887673754,0.1250026694481287,True
2458002.5,2017-9-6,K,2.159,10.555,0.017,666.8,0.0400083,0.0006449,1,no,3.0970034478809185e-07,9.226946905834597,11.59294552431815,0.08913898604239168,False,2458002.5,K,0.015375079902412728,0.0012622946778560605,0.02463322009758727,0.0014174921035913165,11.59294552431815,-1.0383317916399921,0.09074557197277285,True
2458002.5,2017-9-6,H,1.662,12.985,0.009,1024.0,0.006549,5.64e-05,1,no,3.0970034478809185e-07,9.226946905834597,12.985312415527527,0.055086178295686045,False,2458002.5,H,0.006548999999999987,0.00033227166974579607,1.3010426069826053e-17,0.00033702436486945475,12.985312415527527,-1.7763568394002505e-15,0.055816548076928874,True
2458002.5,2017-9-6,W1,3.4,7.116,0.0,309.54,0.4410247,0.0,1,yes,3.0970034478809185e-07,9.226946905834597,9.867283962984827,0.12504236592235898,False,2458002.5,L+W1,0.034978662015161414,0.004028432169809324,0.40604603798483857,0.004028432169809324,9.867283962984827,-2.7516493003845346,0.12504236592235898,True
2458002.5,2017-9-6,J,1.235,15.121,0.011,1594.0,0.0014258,1.45e-05,1,no,3.0970034478809185e-07,9.226946905834597,15.121074266707808,0.055398336181448384,False,2458002.5,J,0.0014257999999999981,7.274966735138486e-05,1.951563910473908e-18,7.418061808678298e-05,15.121074266707808,-1.7763568394002505e-15,0.056479869437462166,True
2458032.5,2017-10-6,J,1.235,15.001,0.011,1594.0,0.0015926,1.59e-05,1,no,4.1469352832403865e-07,10.288354279795644,15.000954014174642,0.055358427477720525,False,2458032.5,J,0.0015926000000000007,8.120188975429633e-05,-6.505213034913027e-19,8.274392364197443e-05,15.000954014174642,1.7763568394002505e-15,0.05644072548086216,True
2458032.5,2017-10-6,H,1.662,12.82,0.014,1024.0,0.0076288,9.96e-05,1,no,4.1469352832403865e-07,10.288354279795644,12.819609318129267,0.05610697307267346,False,2458032.5,H,0.007628799999999999,0.0003942291638622879,8.673617379884035e-19,0.0004066162732104541,12.819609318129267,1.7763568394002505e-15,0.05782726370301214,True
2458032.5,2017-10-6,K,2.159,10.397,0.008,666.8,0.0462535,0.0003231,1,no,4.1469352832403865e-07,10.288354279795644,11.404708975042661,0.09094180615701897,False,2458032.5,K,0.018285717296402874,0.001531620803031039,0.02796778270359713,0.0015653293245440224,11.404708975042661,-1.0075815005525257,0.09129300141358489,True
2458032.5,2017-10-6,W1,3.4,7.044,0.0,309.54,0.4711079,0.0,1,yes,4.1469352832403865e-07,10.288354279795644,9.659746648402296,0.12780722129818228,False,2458032.5,L+W1,0.04234655829117938,0.004984816682927893,0.42876134170882063,0.004984816682927893,9.659746648402296,-2.6157556701992712,0.12780722129818228,True
2458151.5,2018-2-2,K,2.159,10.158,0.006,666.8,0.0576584,0.0003349,1,no,4.455924902852404e-07,9.205328603014916,11.202538937957517,0.08911861082398234,False,2458151.5,K,0.022028250978945875,0.001808106902507698,0.035630149021054124,0.001838860674683099,11.202538937957517,-1.0447064268243214,0.0893203604739503,True
2458151.5,2018-2-2,H,1.662,12.541,0.007,1024.0,0.0098584,6.75e-05,1,no,4.455924902852404e-07,9.205328603014916,12.541233802916922,0.0547934475461739,False,2458151.5,H,0.009858400000000014,0.0004975202272171969,-1.3877787807814457e-17,0.0005020783071297257,12.541233802916922,1.7763568394002505e-15,0.05523877165538089,True
2458151.5,2018-2-2,J,1.235,14.588,0.011,1594.0,0.0023299,2.31e-05,1,no,4.455924902852404e-07,9.205328603014916,14.587877589205547,0.05534378896378871,False,2458151.5,J,0.0023299000000000032,0.00011876318883135782,-3.0357660829594124e-18,0.00012098886321225088,14.587877589205547,3.552713678800501e-15,0.0564263677447732,True
2458151.5,2018-2-2,W1,3.4,6.76,0.0,309.54,0.612061,0.0,1,yes,4.455924902852404e-07,9.205328603014916,9.533711293723643,0.1256523652087686,False,2458151.5,L+W1,0.04755895032953639,0.00550400232539344,0.5645020496704636,0.00550400232539344,9.533711293723643,-2.77390611685699,0.1256523652087686,True
2458179.5,2018-3-2,W1,3.4,6.693,0.0,309.54,0.6509408,0.0,1,yes,6.922072899864547e-07,10.401640472372833,9.208547611063793,0.12666051751683433,False,2458179.5,L+W1,0.06416493133230648,0.007485394125539521,0.5867758686676935,0.007485394125539521,9.208547611063793,-2.515609398737417,0.12666051751683433,True
2458179.5,2018-3-2,K,2.159,9.894,0.008,666.8,0.0735075,0.0005192,1,no,6.922072899864547e-07,10.401640472372833,10.891665574273642,0.08954564419913544,False,2458179.5,K,0.029331168272064948,0.0024190759657134226,0.04417633172793506,0.002474165953991835,10.891665574273642,-0.9975057278507222,0.0899022936027672,True
2458179.5,2018-3-2,H,1.662,12.249,0.008,1024.0,0.0129083,9.55e-05,1,no,6.922072899864547e-07,10.401640472372833,12.248577266032925,0.05487787507243507,False,2458179.5,H,0.012908299999999994,0.0006524421601611045,5.204170427930421e-18,0.0006593944360970058,12.248577266032925,0.0,0.05545792254011856,True
2458179.5,2018-3-2,J,1.235,14.334,0.008,1594.0,0.0029436,2.17e-05,1,no,6.922072899864547e-07,10.401640472372833,14.334023807015209,0.05487368444076428,False,2458179.5,J,0.0029435999999999924,0.00014877110739419127,7.806255641895632e-18,0.00015034537703332947,14.334023807015209,0.0,0.05545377574254593,True
2458210.5,2018-4-2,W1,3.4,6.656,0.0,309.54,0.6732888,0.0,1,yes,7.090169593840036e-07,10.136709928734572,9.172523880925429,0.12619362619834615,False,2458210.5,L+W1,0.06632957672235708,0.007709395499674184,0.606959223277643,0.007709395499674184,9.172523880925429,-2.5162354106380684,0.12619362619834615,True
2458210.5,2018-4-2,K,2.159,9.777,0.007,666.8,0.0818647,0.0005178,1,no,7.090169593840036e-07,10.136709928734572,10.836641101367785,0.08917529053318403,False,2458210.5,K,0.03085596623424933,0.002534307819489426,0.05100873376575067,0.00258666444749319,10.836641101367785,-1.0593938101131286,0.08944960839309349,True
2458210.5,2018-4-2,H,1.662,12.175,0.006,1024.0,0.0138191,7.72e-05,1,no,7.090169593840036e-07,10.136709928734572,12.174550492716351,0.054624602990701245,False,2458210.5,H,0.013819099999999968,0.0006952543793609235,3.2959746043559335e-17,0.0006995273347200543,12.174550492716351,-1.7763568394002505e-15,0.05495313687035279,True
2458210.5,2018-4-2,J,1.235,14.226,0.007,1594.0,0.0032503,2.14e-05,1,no,7.090169593840036e-07,10.136709928734572,14.226412173024872,0.05475544495822416,False,2458210.5,J,0.003250299999999985,0.0001639179222059396,1.474514954580286e-17,0.00016530893871872889,14.226412173024872,-3.552713678800501e-15,0.05520107564688496,True
2458240.5,2018-5-2,W1,3.4,6.622,0.0,309.54,0.6945805,0.0,1,yes,5.633525736851894e-07,9.798222223117731,9.356872238966602,0.12665439138181492,False,2458240.5,L+W1,0.05597162073364479,0.006529257776987173,0.6386088792663552,0.006529257776987173,9.356872238966602,-2.734386759688255,0.12665439138181492,True
2458240.5,2018-5-2,K,2.159,9.944,0.006,666.8,0.0702153,0.0004195,1,no,5.633525736851894e-07,9.798222223117731,11.02950730690143,0.08974030648203662,False,2458240.5,K,0.02583406026750876,0.0021352852340390583,0.04438123973249124,0.002176102773470324,11.02950730690143,-1.0855977183665004,0.08994066159135068,True
2458240.5,2018-5-2,H,1.662,12.374,0.01,1024.0,0.0114985,0.0001014,1,no,5.633525736851894e-07,9.798222223117731,12.37414691771808,0.055124685218375276,False,2458240.5,H,0.011498500000000026,0.0005837985232561102,-2.6020852139652106e-17,0.0005925391765579851,12.37414691771808,1.7763568394002505e-15,0.05602437791198544,True
2458240.5,2018-5-2,J,1.235,14.435,0.008,1594.0,0.0026823,2.04e-05,1,no,5.633525736851894e-07,9.798222223117731,14.434952418650344,0.05491123397874425,False,2458240.5,J,0.0026823000000000038,0.00013565763235646867,-3.903127820947816e-18,0.0001371829188221435,14.434952418650344,3.552713678800501e-15,0.05549093274642621,True
2458271.5,2018-6-2,J,1.235,14.277,0.007,1594.0,0.0031026,2.14e-05,1,no,7.161688743342207e-07,10.357852113345006,14.276906322260952,0.05480091156939863,False,2458271.5,J,0.00310259999999999,0.00015659909606965014,9.974659986866641e-18,0.00015805453770718358,14.276906322260952,-3.552713678800501e-15,0.05524617551321584,True
2458271.5,2018-6-2,H,1.662,12.203,0.009,1024.0,0.0134642,0.0001139,1,no,7.161688743342207e-07,10.357852113345006,12.202798506311117,0.05505830962307872,False,2458271.5,H,0.01346419999999995,0.0006827773534476521,5.0306980803327406e-17,0.0006922124849935748,12.202798506311117,-1.7763568394002505e-15,0.05578904425199273,True
2458271.5,2018-6-2,K,2.159,9.703,0.007,666.8,0.0876667,0.000525,1,no,7.161688743342207e-07,10.357852113345006,10.852483978365601,0.0898197125880883,False,2458271.5,K,0.03040899028169307,0.002515644919296121,0.05725770971830693,0.002569843255916669,10.852483978365601,-1.1495816477282954,0.09009206829353397,True
2458271.5,2018-6-2,W1,3.4,6.588,0.0,309.54,0.7172897,0.0,1,yes,7.161688743342207e-07,10.357852113345006,9.176161180031894,0.12702297744878047,False,2458271.5,L+W1,0.06610773937417509,0.0077341087558062535,0.6511819606258249,0.0077341087558062535,9.176161180031894,-2.588605720842109,0.12702297744878047,True
2458309.5,2018-7-10,J,1.235,14.227,0.005,1594.0,0.0032482,1.53e-05,1,no,1.0435453399594737e-06,11.846678387608254,14.227113887608036,0.05452716972758219,False,2458309.5,J,0.003248200000000002,0.00016312908414856504,-1.734723475976807e-18,0.00016384501242073138,14.227113887608036,0.0,0.05475593336343154,True
2458309.5,2018-7-10,H,1.662,12.058,0.006,1024.0,0.0153864,8.21e-05,1,no,1.0435453399594737e-06,11.846678387608254,12.057907345111186,0.05459506185069666,False,2458309.5,H,0.01538639999999997,0.0007736883563228786,2.949029909160572e-17,0.0007780321861655837,12.057907345111186,0.0,0.05492377243490649,True
2458309.5,2018-7-10,K,2.159,9.47,0.005,666.8,0.1086442,0.0004866,1,no,1.0435453399594737e-06,11.846678387608254,10.656631600087213,0.08934551040822616,False,2458309.5,K,0.03642025239159372,0.0029970318985984767,0.07222394760840628,0.0030362772866154354,10.656631600087213,-1.186658988064833,0.08948530734207963,True
2458309.5,2018-7-10,W1,3.4,6.545,0.0,309.54,0.7461423,0.0,1,yes,1.0435453399594737e-06,11.846678387608254,8.932556745152146,0.12673212547125243,False,2458309.5,L+W1,0.08273591613292443,0.00965731681267147,0.6634063838670756,0.00965731681267147,8.932556745152146,-2.3878189533500134,0.12673212547125243,True
2458338.5,2018-8-8,J,1.235,14.653,0.01,1594.0,0.0021949,1.98e-05,1,no,7.821033654701105e-07,12.061432387259956,14.652683946395664,0.05516327294933686,False,2458338.5,J,0.002194899999999992,0.000111516837391889,8.239936510889834e-18,0.00011326095983121905,14.652683946395664,-5.329070518200751e-15,0.05606234638759815,True
2458338.5,2018-8-8,H,1.662,12.409,0.012,1024.0,0.0111354,0.0001257,1,no,7.821033654701105e-07,12.061432387259956,12.408985336227236,0.055653129086084316,False,2458338.5,H,0.01113539999999997,0.0005707830787159181,2.949029909160572e-17,0.0005844602749104698,12.408985336227236,-1.7763568394002505e-15,0.056932159427448066,True
2458338.5,2018-8-8,K,2.159,9.675,0.009,666.8,0.0899388,0.0007139,1,no,7.821033654701105e-07,12.061432387259956,10.964166002497757,0.09081316870090281,False,2458338.5,K,0.027436530409849915,0.0022948468087901756,0.06250226959015008,0.002403325838461038,10.964166002497757,-1.28904474645085,0.09125804956001762,True
2458338.5,2018-8-8,W1,3.4,6.512,0.0,309.54,0.7689392,0.0,1,yes,7.821033654701105e-07,12.061432387259956,9.194935894422313,0.12846128702584306,False,2458338.5,L+W1,0.06497442135641626,0.007687592763901668,0.7039647786435838,0.007687592763901668,9.194935894422313,-2.6828739525474985,0.12846128702584306,True
2458406.5,2018-10-15,W1,3.4,6.356,0.0,309.54,0.887696,0.0,1,yes,6.120961377451695e-07,12.585501145182798,9.440161927379085,0.12875366400256436,False,2458406.5,L+W1,0.051838449989004304,0.0061473407104305385,0.8358575500109957,0.0061473407104305385,9.440161927379085,-3.084030639069974,0.12875366400256436,True
2458406.5,2018-10-15,K,2.159,9.9,0.009,666.8,0.0731314,0.00061,1,no,6.120961377451695e-07,12.585501145182798,11.271192096524922,0.0908643752213566,False,2458406.5,K,0.020678486683177406,0.0017305656427001347,0.05245291331682259,0.0018349270949261527,11.271192096524922,-1.3714628373198803,0.09130900658953356,True
2458406.5,2018-10-15,H,1.662,12.776,0.012,1024.0,0.0079378,8.7e-05,1,no,6.120961377451695e-07,12.585501145182798,12.776499510925829,0.055575763220466146,False,2458406.5,H,0.007937800000000007,0.0004063135146070696,-6.938893903907228e-18,0.00041552337136718234,12.776499510925829,0.0,0.056856533991594294,True
2458406.5,2018-10-15,J,1.235,15.125,0.018,1594.0,0.0014207,2.31e-05,1,no,6.120961377451695e-07,12.585501145182798,15.12496484149742,0.057085096766928814,False,2458406.5,J,0.0014206999999999978,7.469659445946408e-05,2.168404344971009e-18,7.818689931082854e-05,15.12496484149742,0.0,0.05985572882264175,True
2458521.5,2019-2-7,H,1.662,11.953,0.006,1024.0,0.0169494,8.79e-05,1,no,2.0995227412358968e-06,15.298337969859116,11.952864069072017,0.05457803618998291,False,2458521.5,H,0.016949399999999996,0.0008520163208562927,3.469446951953614e-18,0.0008565385111047216,11.952864069072017,0.0,0.054906848701733776,True
2458521.5,2019-2-7,W1,3.4,6.078,0.0,309.54,1.1463543,0.0,1,yes,2.0995227412358968e-06,15.298337969859116,8.534023880886942,0.1276243321665542,False,2458521.5,L+W1,0.1194282932658004,0.014038360425896108,1.0269260067341996,0.014038360425896108,8.534023880886942,-2.455529096151862,0.1276243321665542,True
2458521.5,2019-2-7,K,2.159,9.027,0.012,666.8,0.1634154,0.0018133,1,no,2.0995227412358968e-06,15.298337969859116,10.401974544144823,0.08965240891236724,False,2458521.5,K,0.04604746998749688,0.003802274061238186,0.11736793001250312,0.004212522394808689,10.401974544144823,-1.3752180195713528,0.09045194538422215,True
2458521.5,2019-2-7,J,1.235,14.395,0.006,1594.0,0.0027831,1.56e-05,1,no,2.0995227412358968e-06,15.298337969859116,14.394898764357396,0.05462687196965984,False,2458521.5,J,0.0027830999999999945,0.00014002669038067888,5.637851296924623e-18,0.00014089298782752287,14.394898764357396,0.0,0.05495539228492148,True
2458549.5,2019-3-7,K,2.159,8.703,0.005,666.8,0.2201774,0.0010546,1,no,4.251993999450575e-06,17.458771069693864,10.02069363936408,0.08986540249147197,False,2458549.5,K,0.0654211441773181,0.005414848862166296,0.15475625582268188,0.005516590374507031,10.02069363936408,-1.3176365089285635,0.09000439192036273,True
2458549.5,2019-3-7,H,1.662,11.655,0.006,1024.0,0.0222944,0.000118,1,no,4.251993999450575e-06,17.458771069693864,11.655260419463344,0.054590119171463065,False,2458549.5,H,0.02229439999999994,0.0011209481156865236,5.898059818321144e-17,0.0011271418180784387,11.655260419463344,-1.7763568394002505e-15,0.05491885933952507,True
2458549.5,2019-3-7,J,1.235,14.251,0.007,1594.0,0.0031773,1.9e-05,1,no,4.251993999450575e-06,17.458771069693864,14.25107523575747,0.054673684943248695,False,2458549.5,J,0.0031772999999999936,0.00015999715069728407,6.5052130349130266e-18,0.00016112134629293982,14.25107523575747,-1.7763568394002505e-15,0.05511997664434936,True
2458549.5,2019-3-7,W1,3.4,6.017,0.0,309.54,1.213502,0.0,1,yes,4.251993999450575e-06,17.458771069693864,8.0735089883658,0.1282087786220132,False,2458549.5,L+W1,0.1825211443130441,0.021552945257343255,1.030980855686956,0.021552945257343255,8.0735089883658,-2.0568182838210918,0.1282087786220132,True
2458580.5,2019-4-7,W1,3.4,6.069,0.0,309.54,1.1565485,0.0,1,yes,3.8657913232338195e-06,17.46712073915357,8.151715015149977,0.1286113929009191,False,2458580.5,L+W1,0.1698363986801215,0.020118050502324555,0.9867121013198785,0.020118050502324555,8.151715015149977,-2.0828326937067914,0.1286113929009191,True
2458580.5,2019-4-7,K,2.159,8.799,0.015,666.8,0.2015658,0.0027507,1,no,3.8657913232338195e-06,17.46712073915357,10.105694431663213,0.09020174828555073,False,2458580.5,K,0.06049476841258131,0.005025837628910926,0.14107103158741868,0.005729345020347177,10.105694431663213,-1.3067475701903302,0.09144044725267836,True
2458580.5,2019-4-7,H,1.662,11.747,0.008,1024.0,0.0204944,0.0001451,1,no,3.8657913232338195e-06,17.46712073915357,11.746661870831058,0.05482834702808984,False,2458580.5,H,0.020494399999999958,0.0010349420700977768,4.163336342344337e-17,0.0010450641599721385,11.746661870831058,-1.7763568394002505e-15,0.05540891298187186,True
2458580.5,2019-4-7,J,1.235,14.353,0.007,1594.0,0.0028917,1.83e-05,1,no,3.8657913232338195e-06,17.46712073915357,14.353337705173129,0.05471991311046163,False,2458580.5,J,0.0028916999999999897,0.0001457385063223264,1.0408340855860843e-17,0.00014688295416780933,14.353337705173129,-3.552713678800501e-15,0.05516583082684852,True
2458611.5,2019-5-8,J,1.235,14.408,0.008,1594.0,0.0027503,1.91e-05,1,no,6.49122028371811e-06,19.507352586078177,14.407770620585074,0.05480794658090436,False,2458611.5,J,0.002750300000000006,0.00013883510084757809,-6.071532165918825e-18,0.00014014276730305128,14.407770620585074,1.7763568394002505e-15,0.0553887263657079,True
2458611.5,2019-5-8,H,1.662,11.628,0.007,1024.0,0.0228529,0.0001409,1,no,6.49122028371811e-06,19.507352586078177,11.628396593486093,0.054697980877751004,False,2458611.5,H,0.022852900000000047,0.0011512994424641334,-4.85722573273506e-17,0.0011598893120544841,11.628396593486093,1.7763568394002505e-15,0.05514407594749244,True
2458611.5,2019-5-8,K,2.159,8.679,0.014,666.8,0.2251798,0.0029931,1,no,6.49122028371811e-06,19.507352586078177,9.892171731876836,0.09012207061379936,False,2458611.5,K,0.07364222444991948,0.0061127092593466475,0.15153757555008052,0.006806163537507914,9.892171731876836,-1.2135063266509167,0.09120300220781462,True
2458611.5,2019-5-8,W1,3.4,6.121,0.0,309.54,1.1022692,0.0,1,yes,6.49122028371811e-06,19.507352586078177,7.846264665492862,0.12870070057929547,False,2458611.5,L+W1,0.2250147108644335,0.026672732107474992,0.8772544891355666,0.026672732107474992,7.846264665492862,-1.7251919007792589,0.12870070057929547,True
2458643.5,2019-6-9,W1,3.4,6.175,0.0,309.54,1.0489088,0.0,1,yes,7.370101606211308e-06,20.804802704421498,7.817318465270288,0.13042479700423829,False,2458643.5,L+W1,0.2310943843518726,0.02776036944869755,0.8178144156481274,0.02776036944869755,7.817318465270288,-1.642370842164727,0.13042479700423829,True
2458643.5,2019-6-9,K,2.159,8.747,0.011,666.8,0.2114009,0.0021411,1,no,7.370101606211308e-06,20.804802704421498,9.934967841464537,0.09128070536430036,False,2458643.5,K,0.07079595663588296,0.005952002733576921,0.14060494336411705,0.0063253968848213105,9.934967841464537,-1.1877459433328639,0.0919411070838513,True
2458643.5,2019-6-9,H,1.662,11.744,0.011,1024.0,0.0205408,0.0002064,1,no,7.370101606211308e-06,20.804802704421498,11.744206506589073,0.055372208115410465,False,2458643.5,H,0.020540799999999918,0.0010475743992624765,8.326672684688674e-17,0.0010677139513887313,11.744206506589073,-3.552713678800501e-15,0.0564542419272133,True
2458643.5,2019-6-9,J,1.235,14.654,0.012,1594.0,0.0021914,2.46e-05,1,no,7.370101606211308e-06,20.804802704421498,14.654416649367718,0.05563819507333741,False,2458643.5,J,0.002191399999999995,0.00011229757297342108,5.204170427930421e-18,0.000114960449267219,14.654416649367718,-1.7763568394002505e-15,0.05691756100729147,True
2458674.5,2019-7-10,K,2.159,8.579,0.005,666.8,0.2468942,0.0011203,1,no,1.2315504665007297e-05,22.323151128621863,9.678076355032958,0.08984732244278727,False,2458674.5,K,0.08969434219048561,0.007422425860688256,0.1571998578095144,0.007506495703549946,9.678076355032958,-1.0993645963270442,0.08998633979742807,True
2458674.5,2019-7-10,W1,3.4,6.227,0.0,309.54,0.9996802,0.0,1,yes,1.2315504665007297e-05,22.323151128621863,7.4937388336433965,0.12849091353713213,False,2458674.5,L+W1,0.3113301958099133,0.036844217864339814,0.6883500041900867,0.036844217864339814,7.4937388336433965,-1.2665996140306675,0.12849091353713213,True
2458674.5,2019-7-10,J,1.235,14.593,0.007,1594.0,0.0023183,1.5e-05,1,no,1.2315504665007297e-05,22.323151128621863,14.59329670461428,0.054739458366208894,False,2458674.5,J,0.002318299999999994,0.0001168815093152871,6.071532165918825e-18,0.00011784009173375394,14.59329670461428,-1.7763568394002505e-15,0.0551852181496632,True
2458674.5,2019-7-10,H,1.662,11.557,0.004,1024.0,0.0244107,9.85e-05,1,no,1.2315504665007297e-05,22.323151128621863,11.556799308093588,0.05446330463441156,False,2458674.5,H,0.02441069999999996,0.0012245031386195683,4.163336342344337e-17,0.0012284584594072253,11.556799308093588,-1.7763568394002505e-15,0.05460999497986349,True
2459310.5,2021-4-6,W1,3.4,5.123,0.0,309.54,2.7643316,0.0,1,yes,0.000179417480335,28.157648847196803,5.756656568468705,0.1424857972290111,False,2459310.5,L+W1,1.5418926949153102,0.20234916079411638,1.22243890508469,0.20234916079411638,5.756656568468705,-0.6338399686883225,0.1424857972290111,True
2459310.5,2021-4-6,H,1.662,10.371,0.023,1024.0,0.0727748,0.001538,1,no,0.000179417480335,28.157648847196803,10.370797340143227,0.05893690567642174,False,2459310.5,H,0.0727747999999809,0.0039504269125619,1.9095836023552692e-14,0.004239258990848913,10.370797340143227,-2.8421709430404007e-13,0.06326577946023769,True
2459310.5,2021-4-6,J,1.235,13.922,0.041,1594.0,0.0043021,0.0001618,1,no,0.000179417480335,28.157648847196803,13.92201953987464,0.06792993803942646,False,2459310.5,J,0.0043020999999988235,0.00026916426398845155,1.1761425167122752e-15,0.0003140519718270287,13.92201953987464,-2.948752353404416e-13,0.07934403873033133,True
2459310.5,2021-4-6,K,2.159,7.881,0.016,666.8,0.4695312,0.006997,1,no,0.000179417480335,28.157648847196803,8.20870056687028,0.09913733753160253,False,2459310.5,K,0.34714855704228753,0.031697739766149535,0.12238264295771245,0.03246081815485459,8.20870056687028,-0.3278727292483694,0.10042017572607054,True
2459340.5,2021-5-6,J,1.235,12.442,0.015,1594.0,0.0168206,0.0002343,1,no,0.000127204507598,22.019389976574644,12.441617084501253,0.056354068022478124,False,2459340.5,J,0.016820599999990023,0.0008730566710626546,9.978129433818594e-15,0.00090394935747917,12.441617084501253,-6.430411758628907e-13,0.05831621543517799,True
2459340.5,2021-5-6,H,1.662,9.551,0.043,1024.0,0.1548422,0.0060973,1,no,0.000127204507598,22.019389976574644,9.551026558719089,0.0691008459283241,False,2459340.5,H,0.15484219999991167,0.009854812760692853,8.834599718454683e-14,0.011588546148603572,9.551026558719089,-6.199485369506874e-13,0.08138751076184839,True
2459340.5,2021-5-6,K,2.159,7.518,0.013,666.8,0.6557551,0.0075541,1,no,0.000127204507598,22.019389976574644,7.7588112363448944,0.11193297905228039,False,2459340.5,K,0.5253770487923397,0.054163265385556845,0.13037805120766033,0.05468750994547348,7.7588112363448944,-0.2406764507331216,0.1126853663947464,True
2459340.5,2021-5-6,W1,3.4,5.126,0.0,309.54,2.7566242,0.0,1,yes,0.000127204507598,22.019389976574644,5.670041282249222,0.15630701722948573,False,2459340.5,L+W1,1.6699376847599379,0.24041104765598884,1.0866865152400622,0.24041104765598884,5.670041282249222,-0.5441932477086491,0.15630701722948573,True
2459370.5,2021-6-5,W1,3.4,5.129,0.0,309.54,2.7489398,0.0,1,yes,0.0001250318595558,19.24218990433842,5.526651491418654,0.1316262376058905,False,2459370.5,L+W1,1.9057072302525861,0.23103316588062986,0.8432325697474139,0.23103316588062986,5.526651491418654,-0.39777261872608616,0.1316262376058905,True
2459370.5,2021-6-5,K,2.159,7.137,0.015,666.8,0.9312042,0.0131682,1,no,0.0001250318595558,19.24218990433842,7.447333240355206,0.09269142624622398,False,2459370.5,K,0.6999423882374227,0.05975545254140993,0.23126181176257732,0.06118917877916564,7.447333240355206,-0.3099565777248552,0.09389728696591387,True
2459370.5,2021-6-5,J,1.235,11.657,0.011,1594.0,0.0346408,0.0003382,1,no,0.0001250318595558,19.24218990433842,11.65725100983746,0.055312023196430214,False,2459370.5,J,0.034640799999996946,0.0017647497842899803,3.0531133177191805e-15,0.0017968642244620297,11.65725100983746,-9.592326932761353e-14,0.056395211765560685,True
2459370.5,2021-6-5,H,1.662,9.07,0.015,1024.0,0.2412321,0.0032515,1,no,0.0001250318595558,19.24218990433842,9.069662147799827,0.05622474113669268,False,2459370.5,H,0.24123209999997958,0.012492180252367197,2.042810365310288e-14,0.012908401129017992,9.069662147799827,-9.059419880941277e-14,0.0581912494786639,True
2459401.5,2021-7-6,W1,3.4,5.132,0.0,309.54,2.7410207,0.0,1,yes,0.0001513256771731,19.442174406451898,5.393780345865393,0.14672169291584805,False,2459401.5,L+W1,2.1537963662461053,0.29105472182538855,0.5872243337538947,0.29105472182538855,5.393780345865393,-0.26176918850794095,0.14672169291584805,True
2459401.5,2021-7-6,J,1.235,11.556,0.021,1594.0,0.0380247,0.0007438,1,no,0.0001513256771731,19.442174406451898,11.556056301837842,0.058293332855584995,False,2459401.5,J,0.038024699999989656,0.002041551607212869,1.0345890810725678e-14,0.002172825672923037,11.556056301837842,-2.948752353404416e-13,0.06196057339479699,True
2459401.5,2021-7-6,H,1.662,8.952,0.033,1024.0,0.2687223,0.0082771,1,no,0.0001513256771731,19.442174406451898,8.952490621636276,0.0637609518158855,False,2459401.5,H,0.2687222999999296,0.015780987634990393,7.044365091246618e-14,0.017819931401263017,8.952490621636276,-2.8421709430404007e-13,0.07179456091144838,True
2459401.5,2021-7-6,K,2.159,7.105,0.011,666.8,0.9593308,0.009687,1,no,0.0001513256771731,19.442174406451898,7.321525543746555,0.1043208816122302,False,2459401.5,K,0.7859327271168437,0.07551483925968766,0.17339807288315634,0.07613362540570667,7.321525543746555,-0.21645753592689054,0.10489921992251872,True
2459431.5,2021-8-5,J,1.235,11.421,0.012,1594.0,0.0430441,0.0004812,1,no,0.0001500978443528,18.95063031014245,11.421436713457695,0.05562716480707036,False,2459431.5,J,0.04304409999998488,0.00220534346573124,1.511984981661385e-14,0.002257231322182881,11.421436713457695,-3.801403636316536e-13,0.05690677872163357,True
2459431.5,2021-8-5,H,1.662,8.871,0.059,1024.0,0.2895734,0.0158525,1,no,0.0001500978443528,18.95063031014245,8.87135322813754,0.08049795688798425,False,2459431.5,H,0.2895733999999019,0.02146936517999962,9.808820422563258e-14,0.02668773871054234,8.87135322813754,-3.659295089164516e-13,0.09980441404637257,True
2459431.5,2021-8-5,K,2.159,7.075,0.012,666.8,0.9864115,0.0106141,1,no,0.0001500978443528,18.95063031014245,7.2703658072781145,0.12894023495859697,False,2459431.5,K,0.8238521288101026,0.09783931547495864,0.16255937118989738,0.09841336683306023,7.2703658072781145,-0.19552214640033938,0.12949742928405253,True
2459431.5,2021-8-5,W1,3.4,5.135,0.0,309.54,2.7333798,0.0,1,yes,0.0001500978443528,18.95063031014245,5.372233138713714,0.17765499037723703,False,2459431.5,L+W1,2.1969669454297573,0.35948155715814906,0.5364128545702425,0.35948155715814906,5.372233138713714,-0.23719114459006363,0.17765499037723703,True
2460147.5,2023-7-22,W1,3.4,5.014,0.0,309.54,3.056711,0.0,1,yes,0.0001432793046161,24.57289790110142,5.72396267246202,0.13031661521515936,False,2460147.5,L+W1,1.589028583099888,0.19072480545663364,1.467682416900112,0.19072480545663364,5.72396267246202,-0.7103066764003394,0.13031661521515936,True
2460147.5,2023-7-22,L,3.353,5.136,0.0,309.54,2.730968,0.0,1,no,0.0001432793046161,24.57289790110142,5.752026558851281,0.12958162131205286,False,2460147.5,L+W1,1.5484819763186637,0.18480990519107204,1.1824860236813362,0.18480990519107204,5.752026558851281,-0.6160261415655182,0.12958162131205286,True
2460147.5,2023-7-22,K,2.159,7.573,0.006,666.8,0.6234412,0.0034453,1,no,0.0001432793046161,24.57289790110142,7.9645434173424325,0.09161874723297399,False,2460147.5,K,0.4346885735187889,0.03668075391402458,0.1887526264812111,0.03684220134290607,7.9645434173424325,-0.39154318735804594,0.09181500337384724,True
2460147.5,2023-7-22,H,1.662,9.911,0.0,1024.0,0.1111476,0.0,1,no,0.0001432793046161,24.57289790110142,9.910999667962155,0.0553619009559831,False,2460147.5,H,0.11114759999996789,0.005667437813832722,3.211320098728265e-14,0.005667437813832722,9.910999667962155,-3.126388037344441e-13,0.0553619009559831,True
2460147.5,2023-7-22,J,1.235,13.077,0.015,1594.0,0.0093689,0.0001294,1,no,0.0001432793046161,24.57289790110142,13.076999283940642,0.056319908988401994,False,2460147.5,J,0.009368899999997193,0.00048598876320867255,2.806782584130474e-15,0.0005029209062716475,13.076999283940642,-3.2507330161024584e-13,0.05828320640168901,True
2460188.5,2023-9-1,K,2.159,7.173,0.008,666.8,0.9011469,0.0066399,1,no,0.0001566822371545,23.801428972648683,7.804482386015216,0.09049025695793428,False,2460188.5,K,0.5037355911267499,0.04198364471973294,0.39741130887325005,0.04250546665974578,7.804482386015216,-0.6314823907314491,0.0908431978978777,True
2460188.5,2023-9-1,L,3.353,5.136,0.0,309.54,2.730968,0.0,1,yes,0.0001566822371545,23.801428972648683,5.640105473583427,0.1277066933431831,False,2460188.5,L+W1,1.7166216629896038,0.20191283604705354,1.014346337010396,0.20191283604705354,5.640105473583427,-0.5041050562976643,0.1277066933431831,True
2460188.5,2023-9-1,H,1.662,9.702,0.007,1024.0,0.1347411,0.0008687,1,no,0.0001566822371545,23.801428972648683,9.70199967028378,0.05473624820346193,False,2460188.5,H,0.13474109999997444,0.006792830763573065,2.556288514199423e-14,0.006848152267038506,9.70199967028378,-2.0605739337042905e-13,0.05518203391857706,True
2460188.5,2023-9-1,W1,3.4,4.998,0.0,309.54,3.1011558,0.0,1,yes,0.0001566822371545,23.801428972648683,5.613116887719244,0.12841708059943419,False,2460188.5,L+W1,1.7598271889389578,0.20814620436590697,1.341328611061042,0.20814620436590697,5.613116887719244,-0.6151339057035381,0.12841708059943419,True
2460188.5,2023-9-1,J,1.235,12.781,0.01,1594.0,0.0123052,0.0001133,1,no,0.0001566822371545,23.801428972648683,12.780999100623182,0.0551996002627755,False,2460188.5,J,0.01230519999999757,0.000625605113080563,2.4303475898435067e-15,0.0006357819182019445,12.780999100623182,-2.149391775674303e-13,0.0560980914931177,True
2460364.5,2024-2-24,W1,3.4,5.244,0.0,309.54,2.4714553,0.0,1,yes,8.043170866036292e-05,24.060301126651424,6.133454903621369,0.13053610721791944,False,2460364.5,L+W1,1.0897699213529615,0.13102107369467703,1.3816853786470387,0.13102107369467703,6.133454903621369,-0.8890448579702737,0.13053610721791944,True
2460364.5,2024-2-24,K,2.159,7.974,0.0,666.8,0.4309798,0.0,1,no,8.043170866036292e-05,24.060301126651424,8.358263007131185,0.09142099382502818,False,2460364.5,K,0.3024756288503205,0.025469006629936286,0.12850417114967955,0.025469006629936286,8.358263007131185,-0.38441631743822047,0.09142099382502818,True
2460364.5,2024-2-24,H,1.662,10.285,0.0,1024.0,0.0787486,0.0,1,no,8.043170866036292e-05,24.060301126651424,10.285142787593982,0.0553619009627147,False,2460364.5,H,0.07874860000000011,0.004015406481838422,-1.1102230246251565e-16,0.004015406481838422,10.285142787593982,1.7763568394002505e-15,0.0553619009627147,True
2460364.5,2024-2-24,J,1.235,13.414,0.0,1594.0,0.006866,0.0,1,no,8.043170866036292e-05,24.060301126651424,13.414461294925905,0.05536190095212823,False,2460364.5,J,0.006866,0.00035009867983723633,0.0,0.00035009867983723633,13.414461294925905,0.0,0.05536190095212823,True
2460545.5,2024-8-23,J,1.235,11.71,0.014,1594.0,0.0329901,0.0004117,1,no,0.0001050301694553,18.91892290076209,11.710261712685508,0.055952169451597165,False,2460545.5,J,0.03299009999997988,0.001700106948018018,2.0122792321330962e-14,0.0017492457016380347,11.710261712685508,-6.608047442568932e-13,0.0576770774774541,True
2460545.5,2024-8-23,W1,3.4,5.256,0.0,309.54,2.4449797,0.0,1,yes,0.0001050301694553,18.91892290076209,5.640623222310607,0.13025039034659067,False,2460545.5,L+W1,1.715803262721213,0.20583641196452282,0.7291764372787872,0.20583641196452282,5.640623222310607,-0.3845194207829872,0.13025039034659067,True
2460545.5,2024-8-23,K,2.159,7.099,0.016,666.8,0.9644514,0.0144157,1,no,0.0001050301694553,18.91892290076209,7.546287178034415,0.09126817873574664,False,2460545.5,K,0.6389703702848182,0.05371255163678776,0.3254810297151818,0.05561340314910239,7.546287178034415,-0.44699906976867254,0.09266002616954191,True
2460545.5,2024-8-23,H,1.662,9.152,0.01,1024.0,0.2235528,0.0020283,1,no,0.0001050301694553,18.91892290076209,9.152299607153179,0.05517334696848643,False,2460545.5,H,0.22355279999986927,0.011360177680468096,1.3072876114961218e-13,0.011539828327224175,9.152299607153179,-6.341593916658894e-13,0.056072258878209914,True
2460566.5,2024-9-13,W1,3.4,5.256,0.0,309.54,2.4449797,0.0,1,yes,0.000110756218803,20.609788007917423,5.695557950911526,0.130230590913761,False,2460566.5,L+W1,1.6311488636365674,0.1956510977977585,0.8138308363634328,0.1956510977977585,5.695557950911526,-0.4394541493839066,0.130230590913761,True
2460566.5,2024-9-13,L,3.353,4.412,0.0,309.54,5.3200622,0.0,1,yes,0.000110756218803,20.609788007917423,5.718802383725382,0.1294697387283155,False,2460566.5,L+W1,1.596598896489696,0.1903880897372185,3.7234633035103037,0.1903880897372185,5.718802383725382,-1.3068022128802381,0.1294697387283155,True
2460566.5,2024-9-13,H,1.662,9.411,0.0,1024.0,0.1761569,0.0,1,no,0.000110756218803,20.609788007917423,9.41100074409238,0.05536190094588952,False,2460566.5,H,0.17615689999989012,0.008982274705393499,1.0988432386227487e-13,0.008982274705393499,9.41100074409238,-6.767919558114954e-13,0.05536190094588952,True
2460566.5,2024-9-13,J,1.235,12.152,0.0,1594.0,0.0219628,0.0,1,no,0.000110756218803,20.609788007917423,12.152001525720422,0.05536190094594361,False,2460566.5,J,0.021962799999985707,0.0011198874577141385,1.429412144204889e-14,0.0011198874577141385,12.152001525720422,-7.034373084024992e-13,0.05536190094594361,True
2460566.5,2024-9-13,K,2.159,7.415,0.0,666.8,0.7211,0.0,1,no,0.000110756218803,20.609788007917423,7.702435860738519,0.09143396786396304,False,2460566.5,K,0.5533771812617722,0.04660199336302963,0.1677228187382278,0.04660199336302963,7.702435860738519,-0.28743562175090975,0.09143396786396304,True
2460575.5,2024-9-22,L,3.353,4.412,0.0,309.54,5.3200622,0.0,1,yes,8.712186183124859e-05,18.12625126680809,5.75852845186721,0.12831871702931838,False,2460575.5,L+W1,1.5392366568149607,0.18191607882413124,3.7808255431850393,0.18191607882413124,5.75852845186721,-1.3465282810220662,0.12831871702931838,True
2460575.5,2024-9-22,K,2.159,7.195,0.009,666.8,0.8830549,0.0075973,1,no,8.712186183124859e-05,18.12625126680809,7.600780821659915,0.09044115836282708,False,2460575.5,K,0.6076916409554851,0.05062034009233841,0.27536325904451486,0.05118728160738762,7.600780821659915,-0.4057611056184536,0.09088786016850636,True
2460575.5,2024-9-22,H,1.662,9.162,0.007,1024.0,0.2215282,0.0014595,1,no,8.712186183124859e-05,18.12625126680809,9.162177344831115,0.05475605728400122,False,2460575.5,H,0.22152820000000037,0.011172152826868212,-3.608224830031759e-16,0.011267082099501155,9.162177344831115,3.552713678800501e-15,0.05520168302949488,True
2460575.5,2024-9-22,J,1.235,11.64,0.008,1594.0,0.0351956,0.0002531,1,no,8.712186183124859e-05,18.12625126680809,11.639999859463519,0.05484541312272315,False,2460575.5,J,0.0351956000000001,0.0017778878641448075,-9.71445146547012e-17,0.0017958131493764561,11.639999859463519,3.552713678800501e-15,0.05542580031539619,True
2460594.5,2024-10-11,J,1.235,11.31,0.0,1594.0,0.0476812,0.0,1,no,6.004432343564629e-05,15.874626596389898,11.31035285058802,0.055361900942116564,False,2460594.5,J,0.04768119999999991,0.0024312736921113325,9.020562075079397e-17,0.0024312736921113325,11.31035285058802,-1.7763568394002505e-15,0.055361900942116564,True
2460594.5,2024-10-11,L,3.353,4.412,0.0,309.54,5.3200622,0.0,1,yes,6.004432343564629e-05,15.874626596389898,5.913923250667076,0.1298680209753877,False,2460594.5,L+W1,1.3339743470963883,0.1595604970435114,3.9860878529036112,0.1595604970435114,5.913923250667076,-1.5019230798219319,0.1298680209753877,True
2460594.5,2024-10-11,K,2.159,7.284,0.0,666.8,0.8136619,0.0,1,no,6.004432343564629e-05,15.874626596389898,7.632374226307325,0.09140458561680559,False,2460594.5,K,0.5902634618874383,0.049692353356293885,0.22339843811256177,0.049692353356293885,7.632374226307325,-0.34849519962324305,0.09140458561680559,True
2460594.5,2024-10-11,H,1.662,9.064,0.0,1024.0,0.2424021,0.0,1,no,6.004432343564629e-05,15.874626596389898,9.064408946774167,0.05536190095132695,False,2460594.5,H,0.24240209999999965,0.01236013038137858,3.608224830031759e-16,0.01236013038137858,9.064408946774167,0.0,0.05536190095132695,True
2460737.5,2025-3-3,K,2.159,6.674,0.006,666.8,1.4269066,0.0078854,1,no,4.262380498071795e-05,10.140617297352906,7.235476315070595,0.08986611892185968,False,2460737.5,K,0.8507560871044598,0.0704168723140785,0.5761505128955401,0.0708570069905386,7.235476315070595,-0.5614762040385335,0.09006619415784052,True
2460737.5,2025-3-3,H,1.662,8.325,0.004,1024.0,0.4789609,0.0017646,1,no,4.262380498071795e-05,10.140617297352906,8.324999738581608,0.0544339833517241,False,2460737.5,H,0.4789609000000009,0.024012968843140744,-8.881784197001252e-16,0.024077717620689217,8.324999738581608,1.7763568394002505e-15,0.054580752500636855,True
2460737.5,2025-3-3,J,1.235,9.959,0.005,1594.0,0.1655345,0.0007623,1,no,4.262380498071795e-05,10.140617297352906,9.958999489241677,0.05451657373577529,False,2460737.5,J,0.16553450000000008,0.008311755411228151,-8.326672684688674e-17,0.00834663880290027,9.958999489241677,0.0,0.05474538164894116,True
2460737.5,2025-3-3,L,3.353,4.412,0.0,309.54,5.3200622,0.0,1,yes,4.262380498071795e-05,10.140617297352906,5.847774549561386,0.12777140093320263,False,2460737.5,L+W1,1.417773839055062,0.16684619047300298,3.9022883609449375,0.16684619047300298,5.847774549561386,-1.4357743787162418,0.12777140093320263,True
2460766.5,2025-4-1,L,3.353,4.412,0.148,309.54,5.3200622,0.7251939,1,no,4.9688226049595664e-05,10.651419040786646,5.758789270817704,0.12772318324409107,False,2460766.5,L+W1,1.5388669409749123,0.18102830450809,3.7811952590250875,0.7474472821746586,5.758789270817704,-1.3467890999725602,0.19549222884299944,True
2460766.5,2025-4-1,J,1.235,9.972,0.004,1594.0,0.1635642,0.0006026,1,no,4.9688226049595664e-05,10.651419040786646,9.972000158062412,0.05443397972511062,False,2460766.5,J,0.16356419999999974,0.008200380817675094,2.498001805406602e-16,0.008222491855568703,9.972000158062412,-1.7763568394002505e-15,0.05458074888377544,True
2460766.5,2025-4-1,H,1.662,8.289,0.004,1024.0,0.4951081,0.001824,1,no,4.9688226049595664e-05,10.651419040786646,8.288999812912168,0.05443396885793534,False,2460766.5,H,0.49510809999999894,0.024822511010135575,1.0547118733938987e-15,0.02488943608939949,8.288999812912168,-1.7763568394002505e-15,0.05458073804582231,True
2460766.5,2025-4-1,K,2.159,6.681,0.005,666.8,1.4177359,0.0065289,1,no,4.9688226049595664e-05,10.651419040786646,7.172294116892447,0.08986073629316586,False,2460766.5,K,0.9017329603547936,0.07463174517179255,0.5160029396452065,0.0749167799801712,7.172294116892447,-0.49129348083264635,0.08999973292821428,True
2460781.5,2025-4-16,J,1.235,9.992,0.009,1594.0,0.1605789,0.0013311,1,no,7.101063107331975e-05,11.791251836589284,9.9919995962025,0.05502780445960045,False,2460781.5,J,0.16057890000000022,0.008138537032120264,-2.220446049250313e-16,0.008246672797752612,9.9919995962025,1.7763568394002505e-15,0.05575893886762931,True
2460781.5,2025-4-16,H,1.662,8.199,0.005,1024.0,0.5378979,0.0024771,1,no,7.101063107331975e-05,11.791251836589284,8.19900026969484,0.05451658038300631,False,2460781.5,H,0.5378979000000016,0.02700872824788319,-1.5543122344752192e-15,0.027122083732228304,8.19900026969484,3.552713678800501e-15,0.054745388268390135,True
2460781.5,2025-4-16,K,2.159,6.688,0.005,666.8,1.4086249,0.006487,1,no,7.101063107331975e-05,11.791251836589284,7.021271679760802,0.09011498610144902,False,2460781.5,K,1.0363033909835166,0.08601211350059741,0.3723215090164833,0.08625639012757055,7.021271679760802,-0.3332711045379684,0.09025359117544493,True
2460781.5,2025-4-16,L,3.353,4.176,0.1,309.54,6.6117554,0.6089652,1,no,7.101063107331975e-05,11.791251836589284,5.549996989852348,0.12808718513380982,False,2460781.5,L+W1,1.8651681138098344,0.22003883858000295,4.746587286190166,0.647499579377992,5.549996989852348,-1.3739969907010838,0.1625002369090669,True
2460812.5,2025-5-17,J,1.235,10.729,0.006,1594.0,0.0814494,0.0004501,1,no,3.818510992801833e-05,12.481679293288042,10.729001069125129,0.05461736722742976,False,2460812.5,J,0.08144939999999992,0.0040972676150601624,8.326672684688674e-17,0.004121916049535797,10.729001069125129,0.0,0.05494594437131751,True
2460812.5,2025-5-17,H,1.662,8.834,0.005,1024.0,0.2997092,0.0013802,1,no,3.818510992801833e-05,12.481679293288042,8.833999705507447,0.05451657854619863,False,2460812.5,H,0.29970920000000045,0.01504888578939694,-4.440892098500626e-16,0.015112045379177272,8.833999705507447,1.7763568394002505e-15,0.05474538643925938,True
2460812.5,2025-5-17,K,2.159,7.038,0.005,666.8,1.0204588,0.0046994,1,no,3.818510992801833e-05,12.481679293288042,7.597896245573939,0.08999828496503684,False,2460812.5,K,0.6093082983171627,0.05050646890395049,0.4111505016828374,0.05072462677542061,7.597896245573939,-0.5598959556894174,0.09013706949223486,True
2460812.5,2025-5-17,L,3.353,4.144,0.0,309.54,6.8063955,0.0,1,yes,3.818510992801833e-05,12.481679293288042,6.067730627995135,0.127970601058293,False,2460812.5,L+W1,1.1577759584073941,0.1364615867454116,5.6486195415926055,0.1364615867454116,6.067730627995135,-1.9232316350828063,0.127970601058293,True
2460816.5,2025-5-21,L,3.353,4.14,0.01,309.54,6.8346581,0.0629495,1,no,5.26294523011603e-05,13.83961133435494,5.898113840514961,0.1276841250360373,False,2460816.5,L+W1,1.3535404594696796,0.15917828705616616,5.481117640530321,0.1711734985924668,5.898113840514961,-1.7581138801361167,0.12807511774821215,True
2460816.5,2025-5-21,K,2.159,7.103,0.004,666.8,0.9611595,0.003541,1,no,5.26294523011603e-05,13.83961133435494,7.499376302544178,0.08985233684843885,False,2460816.5,K,0.6671831510227236,0.05521411643323738,0.2939763489772764,0.05532754589264821,7.499376302544178,-0.39637598170811206,0.08994132774829001,True
2460816.5,2025-5-21,H,1.662,8.81,0.004,1024.0,0.3064078,0.0011288,1,no,5.26294523011603e-05,13.83961133435494,8.810000350051233,0.054433963697347015,False,2460816.5,H,0.30640779999999934,0.015361918474017841,6.661338147750939e-16,0.015403334984423686,8.810000350051233,-1.7763568394002505e-15,0.05458073289911095,True
2460816.5,2025-5-21,J,1.235,10.839,0.003,1594.0,0.0736018,0.0002034,1,no,5.26294523011603e-05,13.83961133435494,10.838999703800088,0.05436966509783007,False,2460816.5,J,0.07360180000000004,0.003685706711317539,-4.163336342344337e-17,0.003691314877093412,10.838999703800088,0.0,0.05445236893699117,True
2460840.5,2025-6-14,J,1.235,11.931,0.009,1594.0,0.0269208,0.0002232,1,no,4.7079913680337926e-05,17.299543606831236,11.931000888686516,0.055028089307920545,False,2460840.5,J,0.026920799999999943,0.0013644199946069562,5.898059818321144e-17,0.0013825556631409986,11.931000888686516,-1.7763568394002505e-15,0.055759219980918664,True
2460840.5,2025-6-14,H,1.662,9.519,0.007,1024.0,0.1594777,0.0010282,1,no,4.7079913680337926e-05,17.299543606831236,9.518999982584125,0.05473626448883832,False,2460840.5,H,0.1594776999999997,0.008039902813424381,3.0531133177191805e-16,0.008105382932922373,9.518999982584125,-1.7763568394002505e-15,0.05518205007239277,True
2460840.5,2025-6-14,K,2.159,7.326,0.006,666.8,0.7827002,0.0043254,1,no,4.7079913680337926e-05,17.299543606831236,7.993386048794856,0.09041114061689169,False,2460840.5,K,0.4232930828821159,0.035248350631485216,0.35940711711788403,0.03551274851937152,7.993386048794856,-0.6673856828881606,0.09061001240286508,True
2460840.5,2025-6-14,L,3.353,4.885,0.0,309.54,3.4405236,0.0,1,yes,4.7079913680337926e-05,17.299543606831236,6.183327846975811,0.12858416786025983,False,2460840.5,L+W1,1.0408439914364487,0.1232675652931938,2.3996796085635514,0.1232675652931938,6.183327846975811,-1.2980972543367777,0.12858416786025983,True
2460847.5,2025-6-21,L,3.353,5.107,0.0,309.54,2.8047333,0.0,1,yes,5.498840567511975e-05,17.625975550676145,6.082452785299159,0.1282694749738412,False,2460847.5,L+W1,1.1421829268966495,0.13493812190757332,1.6625503731033506,0.13493812190757332,6.082452785299159,-0.9753897666986653,0.1282694749738412,True
2460847.5,2025-6-21,K,2.159,7.309,0.006,666.8,0.7950522,0.0043936,1,no,5.498840567511975e-05,17.625975550676145,7.907420871146561,0.09021807251184594,False,2460847.5,K,0.45817062622826615,0.03807119132503082,0.33688157377173383,0.03832387415002692,7.907420871146561,-0.5984210024063774,0.09041736894951485,True
2460847.5,2025-6-21,H,1.662,9.449,0.006,1024.0,0.1700982,0.00094,1,no,5.498840567511975e-05,17.625975550676145,9.449000596900902,0.05461737787800762,False,2460847.5,H,0.17009820000000045,0.00855669878655152,-4.440892098500626e-16,0.008608176004460658,9.449000596900902,3.552713678800501e-15,0.05494595495820485,True
2460847.5,2025-6-21,J,1.235,11.89,0.008,1594.0,0.0279569,0.000206,1,no,5.498840567511975e-05,17.625975550676145,11.889998260117594,0.05487313971188384,False,2460847.5,J,0.027956900000000097,0.0014129425480040243,-9.71445146547012e-17,0.0014278804725746845,11.889998260117594,3.552713678800501e-15,0.055453236712025414,True
2460856.5,2025-6-30,K,2.159,6.822,0.004,666.8,1.245075,0.004587,1,no,0.0001086887439775,18.572937221040565,7.478896252107018,0.08990090437190759,False,2460856.5,K,0.6798875528216396,0.056295908344960094,0.5651874471783603,0.056482473966569025,7.478896252107018,-0.6568960566219779,0.08998984724338005,True
2460856.5,2025-6-30,L,3.353,4.566,0.013,309.54,4.6165414,0.0552759,1,no,0.0001086887439775,18.572937221040565,5.61579471817539,0.12732076649626833,False,2460856.5,L+W1,1.7554921467955529,0.20586087553189872,2.861049253204447,0.21315282122357634,5.61579471817539,-1.0497946089316752,0.12798272376065953,True
2460856.5,2025-6-30,H,1.662,9.063,0.004,1024.0,0.2427168,0.0008942,1,no,0.0001086887439775,18.572937221040565,9.06300029734216,0.05443397563788788,False,2460856.5,H,0.24271679999991125,0.012168738889060565,8.876233081878127e-14,0.012201549073381418,9.06300029734216,-3.979039320256561e-13,0.05458074480754335,True
2460856.5,2025-6-30,J,1.235,11.582,0.004,1594.0,0.0371269,0.0001368,1,no,0.0001086887439775,18.572937221040565,11.581999071961977,0.05443401798989935,False,2460856.5,J,0.037126899999985884,0.0018613787894810401,1.4113710200547303e-14,0.001866399002874225,11.581999071961977,-4.1389114358025836e-13,0.054580787045669155,True
2460858.5,2025-7-2,J,1.235,11.924,0.009,1594.0,0.027095,0.0002246,1,no,6.92414197167887e-05,18.43374498371827,11.923997904279208,0.055027798997905226,False,2460858.5,J,0.027095000000000022,0.0013732416836743414,-2.0816681711721685e-17,0.0013914876506030298,11.923997904279208,0.0,0.05575893347755012,True
2460858.5,2025-7-2,H,1.662,9.404,0.005,1024.0,0.1772963,0.0008165,1,no,6.92414197167887e-05,18.43374498371827,9.404000710611196,0.054516593935111816,False,2460858.5,H,0.17729629999999977,0.008902337741837544,2.220446049250313e-16,0.008939702988340563,9.404000710611196,0.0,0.05474540176385475,True
2460858.5,2025-7-2,K,2.159,7.265,0.004,666.8,0.827934,0.0030502,1,no,6.92414197167887e-05,18.43374498371827,7.81854459441907,0.09011360914722562,False,2460858.5,K,0.49725339091708093,0.041270888379573406,0.330680609082919,0.041383450166451896,7.81854459441907,-0.5535449108517083,0.09020234228410559,True
2460858.5,2025-7-2,L,3.353,4.566,0.0,309.54,4.6165414,0.0,1,yes,6.92414197167887e-05,18.43374498371827,5.951949571371362,0.1280977470036929,False,2460858.5,L+W1,1.2880625389229619,0.15196869047269604,3.328478861077038,0.15196869047269604,5.951949571371362,-1.3859494621276465,0.1280977470036929,True
2460861.5,2025-7-5,J,1.235,11.658,0.003,1594.0,0.0346169,9.57e-05,1,no,0.0001061017041514,18.76686463724115,11.658000358901061,0.054369726612177455,False,2460861.5,J,0.03461689999999938,0.0017334886512146218,6.175615574477433e-16,0.00173612827691098,11.658000358901061,-1.9539925233402755e-14,0.054452430357908886,True
2460861.5,2025-7-5,H,1.662,9.117,0.003,1024.0,0.2309405,0.0006381,1,no,0.0001061017041514,18.76686463724115,9.116999637217573,0.05436963696189656,False,2460861.5,H,0.23094049999999597,0.011564642580557399,4.0245584642661925e-15,0.011582233360886892,9.116999637217573,-1.7763568394002505e-14,0.05445234084379136,True
2460861.5,2025-7-5,K,2.159,6.935,0.003,666.8,1.1220071,0.0031002,1,no,0.0001061017041514,18.76686463724115,7.520516152630117,0.08979391875489559,False,2460861.5,K,0.6543183953248557,0.05411426143123079,0.46768870467514434,0.054202993739161605,7.520516152630117,-0.5855161875420372,0.08984401953029925,True
2460861.5,2025-7-5,L,3.353,4.566,0.0,309.54,4.6165414,0.0,1,yes,0.0001061017041514,18.76686463724115,5.6452778310268945,0.1271961775411439,False,2460861.5,L+W1,1.7084632678131397,0.20014990398491256,2.9080781321868603,0.20014990398491256,5.6452778310268945,-1.0792777217831793,0.1271961775411439,True
2460902.5,2025-8-15,L,3.353,4.566,0.0,309.54,4.6165414,0.0,1,yes,3.924268705285133e-05,16.546535267527116,6.2807129689231225,0.14907057289666903,False,2460902.5,L+W1,0.9515499498124099,0.13064692467350505,3.66499145018759,0.13064692467350505,6.2807129689231225,-1.7147128596794072,0.14907057289666903,True
2460902.5,2025-8-15,H,1.662,9.536,0.033,1024.0,0.157,0.0047719,1,no,3.924268705285133e-05,16.546535267527116,9.536000760576442,0.0635300567168087,False,2460902.5,H,0.15700000000000036,0.00918659510554035,-3.608224830031759e-16,0.01035203164809391,9.536000760576442,3.552713678800501e-15,0.07158958099081827,True
2460902.5,2025-8-15,J,1.235,11.874,0.033,1594.0,0.0283719,0.0008623,1,no,3.924268705285133e-05,16.546535267527116,11.873999741503436,0.06352919961326084,False,2460902.5,J,0.02837190000000009,0.0016601123648713669,-9.020562075079397e-17,0.0018707042401188924,11.873999741503436,3.552713678800501e-15,0.07158882038070988,True
2461102.5,2026-3-3,J,1.235,11.232,0.033,1594.0,0.0512493,0.0015577,1,no,3.5355468812646984e-05,13.993984509783177,11.232000947999708,0.06353022250621071,False,2461102.5,J,0.051249299999999776,0.002998775778148474,2.220446049250313e-16,0.0033792137336383426,11.232000947999708,-3.552713678800501e-15,0.07158972811576142,True
2461102.5,2026-3-3,H,1.662,9.168,0.033,1024.0,0.2203433,0.0066971,1,no,3.5355468812646984e-05,13.993984509783177,9.168000268068386,0.0635298693456118,False,2461102.5,H,0.22034329999999938,0.012892985422089097,6.106226635438361e-16,0.014528600121973278,9.168000268068386,-3.552713678800501e-15,0.07158941471384235,True
2461102.5,2026-3-3,K,2.159,7.33,0.033,666.8,0.7798223,0.023702,1,no,3.5355468812646984e-05,13.993984509783177,7.836971966144992,0.10484946156767826,False,2461102.5,K,0.48888510387959455,0.047211596781607766,0.2909371961204054,0.05282726260813744,7.836971966144992,-0.5069721138219956,0.10992001451524668,True
2461102.5,2026-3-3,L,3.353,4.542,0.0,309.54,4.7197261,0.0,1,yes,3.5355468812646984e-05,13.993984509783177,6.2145295826302105,0.14906178093800115,False,2461102.5,L+W1,1.0113580723181526,0.13885033469925726,3.708368027681847,0.13885033469925726,6.2145295826302105,-1.672529626840987,0.14906178093800115,True
2461165.5,2026-5-5,J,1.235,12.463,0.004,1594.0,0.0164926,6.08e-05,1,no,0.0001459879711471,22.492071620161852,12.46299797757743,0.05443416500806288,False,2461165.5,J,0.01649259999999611,0.0008268683552021379,3.8892500331400015e-15,0.0008291006674914023,12.46299797757743,-2.5579538487363607e-13,0.05458093366849836,True
2461165.5,2026-5-5,H,1.662,9.525,0.004,1024.0,0.1585988,0.0005843,1,no,0.0001459879711471,22.492071620161852,9.52500014907882,0.054433976430915874,False,2461165.5,H,0.15859879999996365,0.007951437285903883,3.6359804056473877e-14,0.007972876607703301,9.52500014907882,-2.4868995751603507e-13,0.054580745598438875,True
2461165.5,2026-5-5,K,2.159,7.184,0.003,666.8,0.8920631,0.0024649,1,no,0.0001459879711471,22.492071620161852,7.706433208255251,0.08990467955297196,False,2461165.5,K,0.5513435621777865,0.045654152513252846,0.34071953782221354,0.04572064493982288,7.706433208255251,-0.5224331684709318,0.08995471863956095,True
2461165.5,2026-5-5,L,3.353,4.542,0.009,309.54,4.7197261,0.0391233,1,no,0.0001459879711471,22.492071620161852,5.618022910289989,0.12690206596339978,False,2461165.5,L+W1,1.7518931484934497,0.2047632370705277,2.9678329515065505,0.20846730165301974,5.618022910289989,-1.0760229545007656,0.12722080940545485,True
2461222.5,2026-7-1,J,1.235,11.613,0.003,1594.0,0.0360818,9.97e-05,1,no,7.040358928135642e-06,10.071871171218,11.613000305386219,0.054369643931852854,False,2461222.5,J,0.03608179999999994,0.0018068427761947453,5.551115123125783e-17,0.0018095913648907408,11.613000305386219,-3.552713678800501e-15,0.05445234780316147,True
2461222.5,2026-7-1,H,1.662,9.872,0.003,1024.0,0.1152126,0.0003183,1,no,7.040358928135642e-06,10.071871171218,9.871999947977951,0.05436961714338952,False,2461222.5,H,0.11521259999999976,0.005769417032095671,2.3592239273284576e-16,0.005778190701269353,9.871999947977951,-1.7763568394002505e-15,0.05445232105538528,True
2461222.5,2026-7-1,K,2.159,6.982,0.003,666.8,1.0744733,0.0029689,1,no,7.040358928135642e-06,10.071871171218,8.718297512101701,0.08957255892494048,False,2461222.5,K,0.21710837976875114,0.017911305761667065,0.8573649202312488,0.018155694459257892,8.718297512101701,-1.7362976042393994,0.08962278344462381,True
2461222.5,2026-7-1,L,3.353,4.542,0.0,309.54,4.7197261,0.0,1,yes,7.040358928135642e-06,10.071871171218,7.261789096215438,0.12710298062885864,False,2461222.5,L+W1,0.38547936932390214,0.04512659391598291,4.334246730676098,0.04512659391598291,7.261789096215438,-2.7197891404262142,0.12710298062885864,True
2461225.5,2026-7-4,H,1.662,9.296,0.003,1024.0,0.1958394,0.0005411,1,no,5.544070618571067e-05,16.80571691243814,9.295999716838647,0.05436963269627414,False,2461225.5,H,0.19583939999999928,0.009806909080489465,7.216449660063518e-16,0.009821825437411658,9.295999716838647,-3.552713678800501e-15,0.054452336584647695,True
2461225.5,2026-7-4,J,1.235,11.647,0.003,1594.0,0.0349694,9.66e-05,1,no,5.544070618571067e-05,16.80571691243814,11.64700034062495,0.054369598956476195,False,2461225.5,J,0.03496939999999992,0.0017511364596818828,7.632783294297951e-17,0.0017537988654424425,11.64700034062495,-1.7763568394002505e-15,0.05445230289609483,True
2461225.5,2026-7-4,K,2.159,7.133,0.003,666.8,0.9349656,0.0025834,1,no,5.544070618571067e-05,16.80571691243814,7.80490339742665,0.08976144697602782,False,2461225.5,K,0.5035402975386676,0.04162936219657453,0.43142530246133237,0.041709444403559115,7.80490339742665,-0.6719035001805613,0.08981156586559581,True
2461225.5,2026-7-4,L,3.353,4.542,0.0,309.54,4.7197261,0.0,1,yes,5.544070618571067e-05,16.80571691243814,6.028900102875125,0.12755742328999645,False,2461225.5,L+W1,1.1999322812049718,0.14097371833252167,3.519793818795028,0.14097371833252167,6.028900102875125,-1.4869001470859011,0.12755742328999645,True
