JD,Date,Filter,Lambda,Mag,Magerr,ZP,Flux,Fluxerr,Flag,Interpolated,Mdot,Av,Mag_model,Mag_model_err,Is_interpolated_fit,JD_day,Group,Flux_synth,Fluxerr_synth,Difference_flux,Difference_err_flux,Mag_synth,Difference_mag,Difference_err,Plotted_in_excess
2443916.5,1979-2-12,J,1.2,12.2,0.019,1600.0,0.0209,0.0003657,1,no,1.876641700258697e-05,13.652317596665387,12.209934241362177,0.05751498624991475,False,2443916.5,J,0.0209,0.0011071411336891017,0.0,0.0011659751197630203,12.209934241362177,0.0,0.06057205331939708,True
2443916.5,1979-2-12,H,1.6,10.01,0.019,1020.0,0.1010004,0.0017675,1,no,1.876641700258697e-05,13.652317596665387,10.010692695011336,0.05751581941276109,False,2443916.5,H,0.10100040000000005,0.005350397952613859,-4.163336342344337e-17,0.005634786109634915,10.010692695011336,0.0,0.06057284443313972,True
2443916.5,1979-2-12,K,2.2,8.18,0.015,620.0,0.3409986,0.0047111,1,no,1.876641700258697e-05,13.652317596665387,8.328678494001565,0.10338983226318277,False,2443916.5,K,0.2890149391017523,0.027521607867852967,0.051983660898247686,0.027921915457967177,8.328678494001565,-0.17958076016002877,0.10447228060786778,True
2443916.5,1979-2-12,L,3.6,6.18,0.0,269.0,0.9073031,0.0,1,yes,1.876641700258697e-05,13.652317596665387,6.542356233818953,0.14406322821589307,False,2443916.5,L+W1,0.6498450070507875,0.08622607328137481,0.2574580929492125,0.08622607328137481,6.542356233818953,-0.3623565206682988,0.14406322821589307,True
2444098.5,1979-8-13,J,1.25,11.96,0.08,1650.0,0.0271321,0.0019992,1,no,2.3374966753962525e-05,14.471884750020442,11.960001337878252,0.09668127535397752,False,2444098.5,J,0.027132099999999992,0.0024160251998007363,6.938893903907228e-18,0.003135917474372084,11.960001337878252,0.0,0.12548812296018944,True
2444098.5,1979-8-13,H,1.65,9.87,0.03,980.0,0.1206101,0.0033326,1,no,2.3374966753962525e-05,14.471884750020442,9.774605995371763,0.06202474063135468,False,2444098.5,H,0.12061010000000007,0.006890080792404139,-6.938893903907228e-17,0.007653720408132011,9.774605995371763,1.7763568394002505e-15,0.06889897278179712,True
2444098.5,1979-8-13,K,2.2,8.19,0.01,620.0,0.3564637,0.0032832,1,no,2.3374966753962525e-05,14.471884750020442,8.232985904944323,0.11994439912113096,False,2444098.5,K,0.31564384677435653,0.03487008296464293,0.040819853225643465,0.03502430710522453,8.232985904944323,-0.13204495781591774,0.12036053705650021,True
2444098.5,1979-8-13,L,3.6,6.18,0.03,269.0,0.9073031,0.0250697,1,no,2.3374966753962525e-05,14.471884750020442,6.408665688067959,0.1831924070904916,False,2444098.5,L+W1,0.7349977418189092,0.12401355406571975,0.17230535818109083,0.12652213818182648,6.408665688067959,-0.22866597491730456,0.1856325887758084,True
2445450.5,1983-4-26,L,3.6,5.86,0.05,269.0,1.2182941,0.0561045,1,no,1.2018060640196688e-05,5.339367637868023,6.475434379089254,0.2043775252013616,False,2445450.5,L+W1,0.6911598924266403,0.13010301002540867,0.5271342075733597,0.141684537398834,6.475434379089254,-0.6154340315765223,0.21040478323325543,True
2445450.5,1983-4-26,L,3.5,6.22,0.1,280.0,0.9102446,0.0838366,1,no,1.2018060640196688e-05,5.339367637868023,6.531751836614763,0.20193387625379325,False,2445450.5,L+W1,0.6830575510007719,0.12704048955311045,0.22718704899922804,0.15220992571266162,6.531751836614763,-0.31175203619435976,0.2253381689347863,True
2445450.5,1983-4-26,K,2.2,7.615,0.055,620.0,0.5811304,0.0290051,1,no,1.2018060640196688e-05,5.339367637868023,7.774453824958222,0.14024153673802353,False,2445450.5,K,0.4815153756842239,0.062196006684686056,0.09961502431577612,0.06862681016579097,7.774453824958222,-0.20415858815283094,0.15064092613444197,True
2445450.5,1983-4-26,J,1.25,10.075,0.065,1650.0,0.1555954,0.0097828,1,no,1.2018060640196688e-05,5.339367637868023,10.063717976974935,0.08721817579381319,False,2445450.5,J,0.15559539999999977,0.01249911985106164,2.220446049250313e-16,0.015872339868185887,10.063717976974935,-1.7763568394002505e-15,0.10877504396138162,True
2445450.5,1983-4-26,H,1.65,8.8,0.06,980.0,0.3107692,0.0160418,1,no,1.2018060640196688e-05,5.339367637868023,8.746970264720458,0.0780265148990044,False,2445450.5,H,0.31076919999999936,0.022333452184505012,6.661338147750939e-16,0.0274976805152284,8.746970264720458,-1.7763568394002505e-15,0.09842833447379142,True
2445465.5,1983-5-11,L,3.6,5.86,0.0,269.0,1.2182941,0.0,1,yes,1.3317170136010413e-05,5.342848548198397,6.392242864468555,0.28974932548264914,False,2445465.5,L+W1,0.7461998101576233,0.19913759043949142,0.4720942898423768,0.19913759043949142,6.392242864468555,-0.5322425169558231,0.28974932548264914,True
2445465.5,1983-5-11,L,3.5,6.232,0.0,280.0,0.8998392,0.0,1,yes,1.3317170136010413e-05,5.342848548198397,6.448273726996549,0.2863841905058768,False,2445465.5,L+W1,0.737646932161962,0.1945688267744626,0.16219226783803797,0.1945688267744626,6.448273726996549,-0.21579092003934974,0.2863841905058768,False
2445465.5,1983-5-11,K,2.2,7.56,0.1,620.0,0.5866671,0.054034,1,no,1.3317170136010413e-05,5.342848548198397,7.684326205855108,0.20121094459924616,False,2445465.5,K,0.5231921355030195,0.09695908023525003,0.06347496449698053,0.11099881258853922,7.684326205855108,-0.12432631680963802,0.2246905521523344,True
2445465.5,1983-5-11,J,1.25,9.97,0.1,1650.0,0.1716787,0.0158122,1,no,1.3317170136010413e-05,5.342848548198397,9.956918820452644,0.11378517962777847,False,2445465.5,J,0.17167869999999957,0.0179919317714151,4.163336342344337e-16,0.023952771816790976,9.956918820452644,-1.7763568394002505e-15,0.1514828937633745,True
2445465.5,1983-5-11,H,1.65,8.65,0.1,980.0,0.3398023,0.0312969,1,no,1.3317170136010413e-05,5.342848548198397,8.649999403914507,0.11378500263438568,False,2445465.5,H,0.33980229999999917,0.03561123358623149,8.326672684688674e-16,0.04740944955536968,8.649999403914507,-1.7763568394002505e-15,0.15148276081623002,True
2445597.5,1983-9-20,L,3.5,6.339,0.0,280.0,0.8159078,0.0,1,yes,1.5953378524126168e-05,6.395662475589103,6.358296192557596,0.2866220476583817,False,2445597.5,L+W1,0.801381946280005,0.2115557475127242,0.01452585371999493,0.2115557475127242,6.358296192557596,-0.019503826608833208,0.2866220476583817,False
2445597.5,1983-9-20,L,3.6,5.86,0.0,269.0,1.2182941,0.0,1,yes,1.5953378524126168e-05,6.395662475589103,6.300252201759941,0.2899924672832646,False,2445597.5,L+W1,0.8121783328898176,0.2169270929684021,0.4061157671101825,0.2169270929684021,6.300252201759941,-0.4402518542472089,0.2899924672832646,True
2445597.5,1983-9-20,K,2.2,7.66,0.1,620.0,0.5350468,0.0492796,1,no,1.5953378524126168e-05,6.395662475589103,7.645766928491202,0.20129778247427985,False,2445597.5,K,0.5421068788235619,0.10050775878432276,-0.007060078823561855,0.11193877144228272,7.645766928491202,0.014232867804985005,0.22476831900662178,True
2445597.5,1983-9-20,J,1.25,10.08,0.1,1650.0,0.1551374,0.0142887,1,no,1.5953378524126168e-05,6.395662475589103,10.066918588831049,0.11378524570783033,False,2445597.5,J,0.15513739999999965,0.016258412586882785,3.608224830031759e-16,0.021644928448375813,10.066918588831049,-1.7763568394002505e-15,0.15148294339889004,True
2445597.5,1983-9-20,H,1.65,8.67,0.1,980.0,0.3335999,0.0307257,1,no,1.5953378524126168e-05,6.395662475589103,8.67000040977753,0.1137851778949083,False,2445597.5,H,0.33359989999999895,0.03496127678240186,1.0547118733938987e-15,0.04654416735473642,8.67000040977753,-3.552713678800501e-15,0.1514828924617428,True
2445599.5,1983-9-22,L,3.5,6.34,0.1,280.0,0.8150007,0.0750643,1,no,1.4099811492690783e-05,6.085495936167275,6.4417646259630885,0.2864630377620448,False,2445599.5,L+W1,0.7420824844558153,0.19579268134894215,0.07291821554418476,0.20968887239025918,6.4417646259630885,-0.10176450199124609,0.30341567527710017,False
2445599.5,1983-9-22,L,3.6,5.86,0.0,269.0,1.2182941,0.0,1,yes,1.4099811492690783e-05,6.085495936167275,6.384123515254135,0.28983011054889757,False,2445599.5,L+W1,0.7518009564639733,0.20068830105123084,0.4664931435360268,0.20068830105123084,6.384123515254135,-0.5241231677414033,0.28983011054889757,True
2445599.5,1983-9-22,K,2.2,7.7,0.1,620.0,0.5156936,0.0474971,1,no,1.4099811492690783e-05,6.085495936167275,7.718488568932878,0.2012396944197586,False,2445599.5,K,0.5069863445050439,0.09396921332830922,0.008707255494956101,0.10529096619345502,7.718488568932878,-0.018488699290944766,0.22471629805191665,True
2445599.5,1983-9-22,J,1.25,10.12,0.1,1650.0,0.149526,0.0137719,1,no,1.4099811492690783e-05,6.085495936167275,10.10691807161341,0.11378543505281653,False,2445599.5,J,0.1495259999999996,0.015670363470561062,3.885780586188048e-16,0.020862059364058348,10.10691807161341,-1.7763568394002505e-15,0.15148308562396903,True
2445599.5,1983-9-22,H,1.65,8.73,0.1,980.0,0.3156649,0.0290738,1,no,1.4099811492690783e-05,6.085495936167275,8.729999454993159,0.1137851031752118,False,2445599.5,H,0.3156648999999996,0.03308166666809673,4.440892098500626e-16,0.04404182689193379,8.729999454993159,0.0,0.1514828363366411,True
2445631.5,1983-10-24,J,1.25,9.99,0.1,1650.0,0.1685452,0.0155236,1,no,1.2521124732776036e-05,5.184783904565066,9.976918888641423,0.11378521444031667,False,2445631.5,J,0.16854520000000006,0.017663546302352843,-5.551115123125783e-17,0.023515591103252388,9.976918888641423,1.7763568394002505e-15,0.15148291991253948,True
2445631.5,1983-10-24,H,1.65,8.68,0.1,980.0,0.3305415,0.030444,1,no,1.2521124732776036e-05,5.184783904565066,8.680000205247966,0.1137851466434356,False,2445631.5,H,0.33054150000000043,0.03464074688162379,-4.440892098500626e-16,0.0461174422590491,8.680000205247966,1.7763568394002505e-15,0.15148286898744737,True
2445631.5,1983-10-24,K,2.2,7.61,0.1,620.0,0.5602624,0.0516021,1,no,1.2521124732776036e-05,5.184783904565066,7.720679325960492,0.2011790724458979,False,2445631.5,K,0.50596439820005,0.09375154653077883,0.054298001799950035,0.10701462143708582,7.720679325960492,-0.11067879554041671,0.2246620110080737,True
2445631.5,1983-10-24,L,3.5,6.25,0.1,280.0,0.8854377,0.0815518,1,no,1.2521124732776036e-05,5.184783904565066,6.489984436489373,0.28629610213697254,False,2445631.5,L+W1,0.709846191773066,0.18717824544376838,0.17559150822693403,0.20417245566101122,6.489984436489373,-0.23998438149717138,0.30325807177851644,False
2445631.5,1983-10-24,L,3.6,5.86,0.0,269.0,1.2182941,0.0,1,yes,1.2521124732776036e-05,5.184783904565066,6.434154420644865,0.2896589072169245,False,2445631.5,L+W1,0.7179439030825936,0.1915371758799227,0.5003501969174065,0.1915371758799227,6.434154420644865,-0.5741540731321333,0.2896589072169245,True
2446081.5,1985-1-16,L,3.8,6.07,0.0,253.0,0.9443224,0.0,1,yes,1.0960898357094112e-05,4.756288877861653,6.433798640163645,0.29545326978568626,False,2446081.5,L+W1,0.6754622232074599,0.1838084809079485,0.26886017679254015,0.1838084809079485,6.433798640163645,-0.36379806618114685,0.29545326978568626,True
2446081.5,1985-1-16,H,1.65,8.73,0.1,980.0,0.3156649,0.0290738,1,no,1.0960898357094112e-05,4.756288877861653,8.729999454993157,0.11378510316602955,False,2446081.5,H,0.3156648999999999,0.03308166666542715,1.1102230246251565e-16,0.044041826889928554,8.729999454993157,1.7763568394002505e-15,0.15148283632974394,True
2446081.5,1985-1-16,K,2.2,7.79,0.1,620.0,0.47467,0.0437187,1,no,1.0960898357094112e-05,4.756288877861653,7.789908009119191,0.20110464708045744,False,2446081.5,K,0.4747101152180148,0.08792781319078266,-4.011521801483564e-05,0.09819686890223728,7.789908009119191,9.175364827740395e-05,0.22459536744411124,True
2446081.5,1985-1-16,J,1.25,10.01,0.1,1650.0,0.1654689,0.0152402,1,no,1.0960898357094112e-05,4.756288877861653,9.99691891098943,0.11378485661118266,False,2446081.5,J,0.16546890000000006,0.01734109535778484,-5.551115123125783e-17,0.023086300791763652,9.99691891098943,0.0,0.15148265113215903,True
2446081.5,1985-1-16,L,3.5,6.74,0.1,280.0,0.563843,0.0519319,1,no,1.0960898357094112e-05,4.756288877861653,6.575695580098518,0.286091468950354,False,2446081.5,L+W1,0.6559636885754322,0.17284641925010172,-0.09212068857543221,0.18047938077573275,6.575695580098518,0.16430401545116435,0.303064891741309,False
2446098.5,1985-2-2,J,1.25,10.24,0.04,1650.0,0.1272262,0.0046872,1,no,2.4326159809167693e-05,8.663753305667113,10.282268470938076,0.06743194370991881,False,2446098.5,J,0.12722620000000026,0.007901652279098555,-2.498001805406602e-16,0.009187271225983448,10.282268470938076,1.7763568394002505e-15,0.07840323355893977,True
2446098.5,1985-2-2,H,1.65,8.79,0.03,980.0,0.3273439,0.0090448,1,no,2.4326159809167693e-05,8.663753305667113,8.690554558414158,0.06202458037498553,False,2446098.5,H,0.32734390000000013,0.018700093030732303,-1.1102230246251565e-16,0.020772623483759647,8.690554558414158,0.0,0.06889882851466372,True
2446098.5,1985-2-2,K,2.2,7.73,0.03,620.0,0.5283396,0.0145986,1,no,2.4326159809167693e-05,8.663753305667113,7.539561281248675,0.11115969831548825,False,2446098.5,K,0.5978155080920954,0.061205467070743445,-0.06947590809209536,0.06292239920177758,7.539561281248675,0.13413503485516287,0.11513678182748709,True
2446098.5,1985-2-2,L,3.5,6.692,0.0,280.0,0.5893973,0.0,1,yes,2.4326159809167693e-05,8.663753305667113,6.140853699325689,0.15977618817833247,False,2446098.5,L+W1,0.9790763307996269,0.14408019497299646,-0.38967903079962685,0.14408019497299646,6.140853699325689,0.5510210239377766,0.15977618817833247,True
2446098.5,1985-2-2,L,3.8,6.07,0.04,253.0,0.9443224,0.0347901,1,no,2.4326159809167693e-05,8.663753305667113,5.978923309978661,0.16511454199343342,False,2446098.5,L+W1,1.0269544879593855,0.15617524697473736,-0.08263208795938548,0.1600033087958815,5.978923309978661,0.09107726400383687,0.16989058825520997,False
2446201.5,1985-5-16,L,3.8,6.07,0.0,253.0,0.9443224,0.0,1,yes,1.0045596965199447e-05,4.56702679970438,6.49564895896897,0.29529756874026014,False,2446201.5,L+W1,0.6380591450013674,0.1735387596044721,0.3062632549986326,0.1735387596044721,6.49564895896897,-0.42564838498647184,0.29529756874026014,True
2446201.5,1985-5-16,L,3.5,6.41,0.1,280.0,0.764114,0.0703775,1,no,1.0045596965199447e-05,4.56702679970438,6.637034574298081,0.2859474229129604,False,2446201.5,L+W1,0.6199322098846314,0.1632698780978175,0.14418179011536858,0.1777921415595363,6.637034574298081,-0.22703488805429473,0.30292891686097484,False
2446201.5,1985-5-16,J,1.25,10.05,0.1,1650.0,0.1594838,0.014689,1,no,1.0045596965199447e-05,4.56702679970438,10.036918423053624,0.11378513367523412,False,2446201.5,J,0.15948380000001092,0.01671389921650273,-1.0907941216942163e-14,0.022251317893990246,10.036918423053624,7.460698725481052e-14,0.1514828592464867,True
2446201.5,1985-5-16,H,1.65,8.78,0.1,980.0,0.3014576,0.0277653,1,no,1.0045596965199447e-05,4.56702679970438,8.7799995960585,0.11378523029806602,False,2446201.5,H,0.3014576000000206,0.031592777592551566,-2.0594637106796654e-14,0.04205966571553355,8.7799995960585,7.460698725481052e-14,0.15148293182396463,True
2446201.5,1985-5-16,K,2.2,7.77,0.1,620.0,0.4834946,0.0445315,1,no,1.0045596965199447e-05,4.56702679970438,7.8461443492719996,0.20105225177461844,False,2446201.5,K,0.45074814674183955,0.0834677240093245,0.032746453258160446,0.09460399274632528,7.8461443492719996,-0.07614419539346873,0.22454845344300317,True
2446481.5,1986-2-20,J,1.25,10.17,0.02,1650.0,0.135699,0.0024997,1,no,1.9967325845239138e-05,7.718616736453232,10.212268242418618,0.05785385053012891,False,2446481.5,J,0.1356990000000006,0.007230770815860292,-6.106226635438361e-16,0.007650656617669944,10.212268242418618,5.329070518200751e-15,0.06121329938144568,True
2446481.5,1986-2-20,H,1.65,8.8,0.01,980.0,0.3243427,0.0029873,1,no,1.9967325845239138e-05,7.718616736453232,8.70055487001849,0.055200156886396796,False,2446481.5,H,0.3243427000000008,0.0164899796529729,-8.326672684688674e-16,0.016758382685851884,8.70055487001849,3.552713678800501e-15,0.05609863920170274,True
2446481.5,1986-2-20,K,2.2,7.75,0.01,620.0,0.5186962,0.0047774,1,no,1.9967325845239138e-05,7.718616736453232,7.6015609615251325,0.09834756493203413,False,2446481.5,K,0.564634362491304,0.05114540197205801,-0.045938162491304,0.05136804155935279,7.6015609615251325,0.09213559637706581,0.0988546586057565,True
2446481.5,1986-2-20,L,3.8,6.0,0.03,253.0,1.007211,0.0278303,1,no,1.9967325845239138e-05,7.718616736453232,6.091384100547464,0.14543361044112207,False,2446481.5,L+W1,0.9259059628217203,0.12402446055681085,0.08130503717827975,0.1271085851329403,6.091384100547464,-0.09138394801533334,0.14849557247924955,False
2447286.5,1988-5-5,L,3.5,6.08,0.0,280.0,1.0355191,0.0,1,yes,2.5744254221558534e-05,8.117023954388403,6.066185741946434,0.14087777103650842,False,2447286.5,L+W1,1.0487784006125878,0.13608237686284944,-0.013259300612587843,0.13608237686284944,6.066185741946434,0.013814051903509927,0.14087777103650842,False
2447286.5,1988-5-5,K,2.2,7.51,0.01,620.0,0.647013,0.0059592,1,no,2.5744254221558534e-05,8.117023954388403,7.429200850933171,0.0983925085050624,False,2447286.5,K,0.6617765122392629,0.05997207316436288,-0.014763512239262977,0.06026741760082055,7.429200850933171,0.024495855949270506,0.09889937173672428,True
2447286.5,1988-5-5,L,3.8,5.7,0.02,253.0,1.327763,0.0244583,1,no,2.5744254221558534e-05,8.117023954388403,5.908280350090401,0.14553294405557787,False,2447286.5,L+W1,1.0959945161367035,0.1469079762682094,0.23176848386329651,0.14893005717487243,5.908280350090401,-0.20828045276972862,0.14690077537400528,True
2447286.5,1988-5-5,J,1.25,10.03,0.02,1650.0,0.1543749,0.0028437,1,no,2.5744254221558534e-05,8.117023954388403,10.072268137336541,0.05785378438636064,False,2447286.5,J,0.15437490000000015,0.00822591356917641,-1.3877787807814457e-16,0.008703578789070654,10.072268137336541,0.0,0.06121323686771928,True
2447286.5,1988-5-5,H,1.65,8.64,0.01,980.0,0.375841,0.0034616,1,no,2.5744254221558534e-05,8.117023954388403,8.540554801825676,0.05520014860870506,False,2447286.5,H,0.3758409999999999,0.019108213360045433,5.551115123125783e-17,0.01941922996344136,8.540554801825676,1.7763568394002505e-15,0.0560986310565875,True
2447328.5,1988-6-16,J,1.25,9.88,0.1,1650.0,0.1865161,0.0171788,1,no,1.4432747491076311e-05,5.320474009079658,9.866919045784652,0.11378530404535615,False,2447328.5,J,0.1865161000000006,0.01954691301150996,-6.106226635438361e-16,0.02602293176641589,9.866919045784652,3.552713678800501e-15,0.15148298721867795,True
2447328.5,1988-6-16,H,1.65,8.57,0.1,980.0,0.3657852,0.0336901,1,no,1.4432747491076311e-05,5.320474009079658,8.569999865360302,0.11378523786498729,False,2447328.5,H,0.3657852000000008,0.03833431712702625,-8.326672684688674e-16,0.051034720608674033,8.569999865360302,3.552713678800501e-15,0.151482937507799,True
2447328.5,1988-6-16,K,2.2,7.48,0.1,620.0,0.6315265,0.0581657,1,no,1.4432747491076311e-05,5.320474009079658,7.61119283861802,0.2012512105688379,False,2447328.5,K,0.5596474819411029,0.1037358179075731,0.07187901805889707,0.11893009952675211,7.61119283861802,-0.13119256252159062,0.2247266111421225,True
2447328.5,1988-6-16,L,3.5,6.08,0.1,280.0,1.0355191,0.0953748,1,no,1.4432747491076311e-05,5.320474009079658,6.381687935453524,0.2864943828824282,False,2447328.5,L+W1,0.7843011596720711,0.206954392558254,0.25121794032792877,0.2278738095398326,6.381687935453524,-0.30168814160357993,0.3034452692384301,False
2447328.5,1988-6-16,L,3.8,5.7,0.0,253.0,1.327763,0.0,1,yes,1.4432747491076311e-05,5.320474009079658,6.238266864217508,0.2958830909305675,False,2447328.5,L+W1,0.8087490350228578,0.22039899122916787,0.5190139649771423,0.22039899122916787,6.238266864217508,-0.5382669668968356,0.2958830909305675,True
2447576.5,1989-2-19,L,3.5,5.57,0.0,280.0,1.656372,0.0,1,yes,5.3810195545106e-05,12.346980549950846,5.710294075712036,0.1393672011033551,False,2447576.5,L+W1,1.4555944836862822,0.1868429257897246,0.20077751631371776,0.1868429257897246,5.710294075712036,-0.1402936983518721,0.1393672011033551,False
2447576.5,1989-2-19,L,3.8,5.25,0.01,253.0,2.0096498,0.0185096,1,no,5.3810195545106e-05,12.346980549950846,5.528846330605008,0.14375081535650855,False,2447576.5,L+W1,1.554468725777542,0.205810717002381,0.455181074222458,0.20664137176566108,5.528846330605008,-0.2788459881590626,0.1440982196824826,True
2447576.5,1989-2-19,K,2.2,7.31,0.01,620.0,0.777881,0.0071645,1,no,5.3810195545106e-05,12.346980549950846,7.291311639531298,0.09784280876910684,False,2447576.5,K,0.751392807677135,0.067712932911189,0.026488192322865034,0.0680909049997515,7.291311639531298,-0.03761532536714718,0.0983525049392643,True
2447576.5,1989-2-19,H,1.65,8.75,0.01,980.0,0.3396286,0.0031281,1,no,5.3810195545106e-05,12.346980549950846,8.650554552003518,0.05520016382524377,False,2447576.5,H,0.33962859999999906,0.017267135679531427,9.43689570931383e-16,0.017548190339329788,8.650554552003518,-1.7763568394002505e-15,0.05609864602941635,True
2447576.5,1989-2-19,J,1.25,10.52,0.01,1650.0,0.0983053,0.0009054,1,no,5.3810195545106e-05,12.346980549950846,10.56226752834749,0.055200110349805806,False,2447576.5,J,0.09830529999999983,0.004997957500348452,1.6653345369377348e-16,0.00507930392231941,10.56226752834749,-1.7763568394002505e-15,0.0560985934104478,True
2447616.5,1989-3-31,J,1.25,10.77,0.03,1650.0,0.0780867,0.0021576,1,no,5.5781341838714595e-05,13.351457261128193,10.812267186484464,0.06202455190144865,False,2447616.5,J,0.07808669999999972,0.004460837315489335,2.7755575615628914e-16,0.004955230298912664,10.812267186484464,-5.329070518200751e-15,0.06889880288202035,True
2447616.5,1989-3-31,H,1.65,8.9,0.02,980.0,0.2958042,0.0054489,1,no,5.5781341838714595e-05,13.351457261128193,8.800554349055776,0.0578537432093018,False,2447616.5,H,0.29580419999999874,0.015762005680601984,1.27675647831893e-15,0.016677269988979886,8.800554349055776,-3.552713678800501e-15,0.06121319795050602,True
2447616.5,1989-3-31,K,2.2,7.34,0.01,620.0,0.7566814,0.0069693,1,no,5.5781341838714595e-05,13.351457261128193,7.375627804703424,0.10358078916967613,False,2447616.5,K,0.6952493117544275,0.06632778023391098,0.06143208824557245,0.06669291996342634,7.375627804703424,-0.09193122770225237,0.10406238458258053,True
2447616.5,1989-3-31,L,3.5,5.57,0.0,280.0,1.656372,0.0,1,yes,5.5781341838714595e-05,13.351457261128193,5.73609516787402,0.1485927527708342,False,2447616.5,L+W1,1.4214119562158467,0.19453299472733424,0.23496004378415325,0.19453299472733424,5.73609516787402,-0.16609479051385634,0.1485927527708342,False
2447616.5,1989-3-31,L,3.8,5.26,0.09,253.0,1.9912254,0.1650588,1,no,5.5781341838714595e-05,13.351457261128193,5.548173635163374,0.15334153164392336,False,2447616.5,L+W1,1.5270422988265406,0.21566841370946388,0.4641831011734594,0.2715829010254447,5.548173635163374,-0.2881733909257074,0.17780220844214603,True
2447630.5,1989-4-14,L,3.5,5.57,0.05,280.0,1.7155281,0.079003,1,no,3.9022268032790095e-05,10.62042264377524,5.870400852483824,0.15400969512855006,False,2447630.5,L+W1,1.2560232839334255,0.1781646059007859,0.45950481606657445,0.19489510205436758,5.870400852483824,-0.3385003643917557,0.16192277848897274,True
2447630.5,1989-4-14,L,3.8,5.26,0.0,253.0,1.9912254,0.0,1,yes,3.9022268032790095e-05,10.62042264377524,5.698476569853677,0.1585533895841509,False,2447630.5,L+W1,1.3296272073514668,0.19416954107728923,0.6615981926485333,0.19416954107728923,5.698476569853677,-0.43847632561601024,0.1585533895841509,True
2447630.5,1989-4-14,H,1.6,8.77,0.03,1020.0,0.316665,0.0087498,1,no,3.9022268032790095e-05,10.62042264377524,8.770000267397949,0.06202469215701689,False,2447630.5,H,0.3166649999999991,0.01809007478596254,8.881784197001252e-16,0.020095019427751683,8.770000267397949,-1.7763568394002505e-15,0.06889892914387503,True
2447630.5,1989-4-14,J,1.2,10.57,0.03,1600.0,0.0946498,0.0026153,1,no,3.9022268032790095e-05,10.62042264377524,10.570000705105496,0.062024817489784424,False,2447630.5,J,0.09464979999999959,0.005407056101396544,4.163336342344337e-16,0.006006334137695771,10.570000705105496,-5.329070518200751e-15,0.06889904197186683,True
2447630.5,1989-4-14,K,2.2,7.29,0.03,620.0,0.7971963,0.0220273,1,no,3.9022268032790095e-05,10.62042264377524,7.362465804730167,0.11165234116172577,False,2447630.5,K,0.7037288693137779,0.07236838511752607,0.0934674306862221,0.07564644809776973,7.362465804730167,-0.13539976687693134,0.11561247894104859,True
2448284.5,1991-1-28,J,1.25,10.09,0.01,1650.0,0.1460753,0.0013454,1,no,7.333746913335049e-05,11.830174664371729,10.132267893261947,0.05520015656085763,False,2448284.5,J,0.14607529999999938,0.007426646909569069,6.106226635438361e-16,0.007547528435150927,10.132267893261947,-3.552713678800501e-15,0.05609863888137745,True
2448284.5,1991-1-28,H,1.65,8.39,0.01,980.0,0.4731557,0.0043579,1,no,7.333746913335049e-05,11.830174664371729,8.290554998465417,0.05520015052024636,False,2448284.5,H,0.47315569999999857,0.02405581184918748,1.4432899320127035e-15,0.024447359287528555,8.290554998465417,-1.7763568394002505e-15,0.056098632937513326,True
2448284.5,1991-1-28,K,2.2,7.01,0.01,620.0,1.0254465,0.0094447,1,no,7.333746913335049e-05,11.830174664371729,6.978135970841475,0.0978733991243734,False,2448284.5,K,1.0026221645766398,0.09038110625261242,0.022824335423360154,0.09087324537803201,6.978135970841475,-0.024439264876115807,0.09838293681405783,True
2448284.5,1991-1-28,L,3.8,4.97,0.02,253.0,2.6008818,0.04791,1,no,7.333746913335049e-05,11.830174664371729,5.264593697292662,0.14346481632180139,False,2448284.5,L+W1,1.9828188651243692,0.2620017118687138,0.6180629348756306,0.2663461378021775,5.264593697292662,-0.2945939334604457,0.14485217817571197,True
2448309.5,1991-2-22,L,3.8,5.01,0.02,253.0,2.5068038,0.046177,1,no,5.908474840633864e-05,11.9090289472461,5.435565709221832,0.15059255407242095,False,2448309.5,L+W1,1.693925233368958,0.23494890027875628,0.8128785666310421,0.2394437325786519,5.435565709221832,-0.42556526719321397,0.15191483581946508,True
2448309.5,1991-2-22,H,1.65,8.59,0.02,980.0,0.3935539,0.0072495,1,no,5.908474840633864e-05,11.9090289472461,8.490554638030229,0.057853732585682126,False,2448309.5,H,0.3935539000000001,0.020970620661696058,-1.1102230246251565e-16,0.022188334349084286,8.490554638030229,0.0,0.06121318790992361,True
2448309.5,1991-2-22,J,1.25,10.31,0.02,1650.0,0.1192825,0.0021973,1,no,5.908474840633864e-05,11.9090289472461,10.35226802862038,0.05785387248921077,False,2448309.5,J,0.1192825000000002,0.006356014025277555,-1.942890293094024e-16,0.006725105321073045,10.35226802862038,1.7763568394002505e-15,0.06121332013539095,True
2448309.5,1991-2-22,K,2.2,7.14,0.02,620.0,0.9097315,0.0167579,1,no,5.908474840633864e-05,11.9090289472461,7.164439950692625,0.10255668957635865,False,2448309.5,K,0.8445312206671148,0.07977290050376026,0.06520027933288519,0.08151406545617042,7.164439950692625,-0.08074380864348996,0.1044886337209057,True
2448310.5,1991-2-23,J,1.25,10.47,0.01,1650.0,0.1029382,0.0009481,1,no,5.7457538914368435e-05,12.384923545042248,10.512268436005414,0.0552001688369627,False,2448310.5,J,0.10293820000000009,0.005233505150580172,-9.71445146547012e-17,0.005318690606826946,10.512268436005414,3.552713678800501e-15,0.05609865096086704,True
2448310.5,1991-2-23,H,1.65,8.7,0.01,980.0,0.3556348,0.0032755,1,no,5.7457538914368435e-05,12.384923545042248,8.600554560535175,0.05520015122090844,False,2448310.5,H,0.3556347999999997,0.018080906442454636,2.7755575615628914e-16,0.018375202802439965,8.600554560535175,0.0,0.05609863362695351,True
2448310.5,1991-2-23,K,2.2,7.21,0.01,620.0,0.8529295,0.0078558,1,no,5.7457538914368435e-05,12.384923545042248,7.241479944389005,0.09784979102273117,False,2448310.5,K,0.7866829030076687,0.07089821387839237,0.06624659699233126,0.07133211285799873,7.241479944389005,-0.08778355932913406,0.09835945101103483,True
2448310.5,1991-2-23,L,3.8,5.07,0.01,253.0,2.3720312,0.0218472,1,no,5.7457538914368435e-05,12.384923545042248,5.479657148878664,0.14370656270527232,False,2448310.5,L+W1,1.626513460165789,0.2152831024054826,0.745517739834211,0.21638880361324037,5.479657148878664,-0.40965683876023906,0.14405407375206147,True
2448314.5,1991-2-27,L,3.8,5.02,0.02,253.0,2.4838216,0.0457537,1,no,5.863690223347865e-05,12.593203298783596,5.4736891942907615,0.14895292865711154,False,2448314.5,L+W1,1.6354785158019793,0.22437247060280172,0.8483430841980208,0.2289899705840741,5.4736891942907615,-0.45368889012270763,0.15028963688668145,True
2448314.5,1991-2-27,K,2.2,7.24,0.01,620.0,0.8296851,0.0076417,1,no,5.863690223347865e-05,12.593203298783596,7.248377242044026,0.10193261138306975,False,2448314.5,K,0.7817012252561776,0.07338877239472548,0.047983874743822374,0.07378555070266007,7.248377242044026,-0.0646812453771437,0.10242195693976912,True
2448314.5,1991-2-27,J,1.25,10.51,0.01,1650.0,0.0992149,0.0009138,1,no,5.863690223347865e-05,12.593203298783596,10.55226761306634,0.05520015496937941,False,2448314.5,J,0.09921490000000002,0.005044206715471487,-2.7755575615628914e-17,0.005126309767113927,10.55226761306634,0.0,0.05609863731538853,True
2448314.5,1991-2-27,H,1.65,8.72,0.02,980.0,0.3491437,0.0064315,1,no,5.863690223347865e-05,12.593203298783596,8.620554664294811,0.05785379992189791,False,2448314.5,H,0.3491437000000001,0.018604233399669094,-1.1102230246251565e-16,0.019684554672111918,8.620554664294811,0.0,0.0612132515506487,True
2448518.5,1991-9-19,J,1.25,11.27,0.04,1650.0,0.0492693,0.0018151,1,no,9.287080725062302e-05,16.768691514551094,11.312268880476523,0.06743124634565914,False,2448518.5,J,0.04926929999999997,0.003059942452889182,3.469446951953614e-17,0.0035577852415503474,11.312268880476523,0.0,0.0784026337805623,True
2448518.5,1991-9-19,H,1.65,9.08,0.03,980.0,0.2506134,0.0069247,1,no,9.287080725062302e-05,16.768691514551094,8.980554468012162,0.06202464581311816,False,2448518.5,H,0.25061339999999926,0.01431674406996869,7.216449660063518e-16,0.015903478577185045,8.980554468012162,-1.7763568394002505e-15,0.06889888742383839,True
2448518.5,1991-9-19,K,2.2,7.26,0.03,620.0,0.8145414,0.0225066,1,no,9.287080725062302e-05,16.768691514551094,7.3463980040849535,0.11133986650583612,False,2448518.5,K,0.7142207901632494,0.07324177556571765,0.10032060983675062,0.07662182934111501,7.3463980040849535,-0.14270168713977682,0.11531073615902991,True
2448518.5,1991-9-19,L,3.8,4.82,0.04,253.0,2.9862106,0.1100161,1,no,9.287080725062302e-05,16.768691514551094,5.31546593014808,0.1642906860534555,False,2448518.5,L+W1,1.892056709514525,0.28630093893519254,1.094153890485475,0.3067112157948953,5.31546593014808,-0.4954657090171688,0.16909000421052417,True
2448642.5,1992-1-21,J,1.25,10.57,0.02,1650.0,0.0938808,0.0017293,1,no,0.0001209983494725,15.120591827344498,10.612267906138497,0.05785356900883877,False,2448642.5,J,0.09388079999999654,0.005002448401004308,3.4555691641457997e-15,0.005292916822954103,10.612267906138497,-3.907985046680551e-14,0.0612130333104027,True
2448642.5,1992-1-21,H,1.65,8.56,0.01,980.0,0.4045796,0.0037263,1,no,0.0001209983494725,15.120591827344498,8.460555237526354,0.055200153232602876,False,2448642.5,H,0.4045795999999856,0.02056932044534657,1.4377388168895777e-14,0.020904120533362613,8.460555237526354,-3.907985046680551e-14,0.05609863560642841,True
2448642.5,1992-1-21,K,2.2,6.95,0.01,620.0,1.0837103,0.0099813,1,no,0.0001209983494725,15.120591827344498,6.945415325572474,0.09855586945467724,False,2448642.5,K,1.0332979297594207,0.09379587364487324,0.05041237024057921,0.09432545924878938,6.945415325572474,-0.05171910455022832,0.09906189683206851,True
2448642.5,1992-1-21,L,3.8,4.66,0.01,253.0,3.4603543,0.031871,1,no,0.0001209983494725,15.120591827344498,5.035757486444665,0.14416842670157623,False,2448642.5,L+W1,2.448034458264029,0.3250598762503208,1.012319841735971,0.3266185600802163,5.035757486444665,-0.3757576029273748,0.14451482712029157,True
2448756.5,1992-5-14,K,2.18,6.86,0.01,653.0,1.1773701,0.010844,1,no,0.0001009947566866,13.58697935097953,6.996219955243407,0.09710710946341408,False,2448756.5,K,1.0385447130005827,0.09288635184682269,0.13882538699941738,0.09351719999771027,6.996219955243407,-0.13621950819239093,0.0976206469366982,True
2448756.5,1992-5-14,L,3.8,4.694,0.0,253.0,3.3551073,0.0,1,yes,0.0001009947566866,13.58697935097953,5.101406309710019,0.14239873201095418,False,2448756.5,L+W1,2.3044006937024086,0.30223155071216135,1.0507066062975912,0.30223155071216135,5.101406309710019,-0.4078710416192486,0.14239873201095418,True
2448756.5,1992-5-14,J,1.24,10.35,0.01,1587.0,0.1149679,0.0010589,1,no,0.0001009947566866,13.58697935097953,10.350000820327423,0.05520017205329251,False,2448756.5,J,0.11496789999993126,0.005845110288106947,6.8736683012105e-14,0.005940251130224519,10.350000820327423,-6.483702463810914e-13,0.05609865412568376,True
2448756.5,1992-5-14,H,1.64,8.46,0.01,1074.0,0.443613,0.0040858,1,no,0.0001009947566866,13.58697935097953,8.460000041944227,0.05520014908851421,False,2448756.5,H,0.44361299999974874,0.022553824428323536,2.512434704726729e-13,0.022920924021156815,8.460000041944227,-6.146194664324867e-13,0.05609863152871196,True
2448881.5,1992-9-16,L,3.8,4.73,0.02,253.0,3.2442958,0.0597621,1,no,6.035029181915728e-05,13.396318091734535,5.489158689859886,0.14817162598153064,False,2448881.5,L+W1,1.6123415475714287,0.22003804210844818,1.6319542524285715,0.22800931685202958,5.489158689859886,-0.7591584977249628,0.1495153194358712,True
2448881.5,1992-9-16,J,1.25,10.71,0.03,1650.0,0.0825234,0.0022802,1,no,6.035029181915728e-05,13.396318091734535,10.75226707855622,0.06202461753839281,False,2448881.5,J,0.08252340000000029,0.0047142964382476974,-2.914335439641036e-16,0.005236783645299367,10.75226707855622,5.329070518200751e-15,0.0688988619701654,True
2448881.5,1992-9-16,H,1.65,8.84,0.01,980.0,0.312611,0.0028793,1,no,6.035029181915728e-05,13.396318091734535,8.740554550006916,0.055200190046977814,False,2448881.5,H,0.31261100000000086,0.015893535220758346,-8.326672684688674e-16,0.016152239173052325,8.740554550006916,3.552713678800501e-15,0.056098671831180356,True
2448881.5,1992-9-16,K,2.2,7.15,0.01,620.0,0.9013907,0.0083021,1,no,6.035029181915728e-05,13.396318091734535,7.315829361031454,0.09957668651695188,False,2448881.5,K,0.7346152591198459,0.0673741494917194,0.16677544088015406,0.06788373062923511,7.315829361031454,-0.2221328197164123,0.10007755241658993,True
2449182.5,1993-7-14,J,1.25,10.15,0.05,1650.0,0.1382219,0.0063654,1,no,4.88432066185703e-05,10.715647261449025,10.192267714306096,0.07380443151379508,False,2449182.5,J,0.1382219000000002,0.009395826267513315,-1.942890293094024e-16,0.011349002969833658,10.192267714306096,1.7763568394002505e-15,0.08914647559536198,True
2449182.5,1993-7-14,H,1.65,8.54,0.02,980.0,0.4121015,0.0075912,1,no,4.88432066185703e-05,10.715647261449025,8.440554700963096,0.057853770850756256,False,2449182.5,H,0.41210150000000045,0.021958948816268108,-4.440892098500626e-16,0.023234064443301405,8.440554700963096,1.7763568394002505e-15,0.06121322407496451,True
2449182.5,1993-7-14,K,2.2,7.1,0.02,620.0,0.9438724,0.0173868,1,no,4.88432066185703e-05,10.715647261449025,7.18630110725522,0.10679494167020151,False,2449182.5,K,0.8276967436665277,0.08141372192720987,0.11617565633347227,0.0832495941868851,7.18630110725522,-0.14260510092450573,0.10865155114558532,True
2449182.5,1993-7-14,L,3.8,4.83,0.02,253.0,2.9588332,0.0545037,1,no,4.88432066185703e-05,10.715647261449025,5.5274528557645635,0.16177845074038275,False,2449182.5,L+W1,1.556465070451911,0.23191868027033796,1.402368129548089,0.2382371246720906,5.5274528557645635,-0.6974527606223404,0.16301002154456162,True
2451319.5,1999-5-21,J,1.235,10.178,0.025,1594.0,0.1352969,0.0031153,1,no,2.809456912187912e-05,8.7287005269009,10.178001177880446,0.05976660632646405,False,2451319.5,J,0.13529690000000003,0.007447699104122953,-2.7755575615628914e-17,0.008072999197049001,10.178001177880446,0.0,0.06478462187728298,True
2451319.5,1999-5-21,H,1.662,8.599,0.031,1024.0,0.3721345,0.0106252,1,no,2.809456912187912e-05,8.7287005269009,8.599000054995898,0.0625144535529472,False,2451319.5,H,0.37213450000000015,0.021426737741403523,-1.6653345369377348e-16,0.023916520760321434,8.599000054995898,0.0,0.06977862783849789,True
2451319.5,1999-5-21,K,2.159,7.176,0.021,666.8,0.8986599,0.0173816,1,no,2.809456912187912e-05,8.7287005269009,7.536534037710806,0.10250627539337524,False,2451319.5,K,0.6447360824911362,0.06087067386926195,0.2539238175088637,0.06330370412430894,7.536534037710806,-0.36053346740993053,0.10463525455133411,True
2454567.5,2008-4-11,J,1.235,12.63,0.16,1594.0,0.0141413,0.0020839,1,no,2.899041248839513e-05,17.360942742564617,12.629997453426105,0.16895591157168885,False,2454567.5,J,0.014141299999999996,0.0022005863135428736,5.204170427930421e-18,0.003030712677465849,12.629997453426105,0.0,0.23269314569840757,True
2454567.5,2008-4-11,H,1.662,10.11,0.09,1024.0,0.0925337,0.0076704,1,no,2.899041248839513e-05,17.360942742564617,10.110000071681345,0.10510496586546889,False,2454567.5,H,0.09253369999999995,0.0089577480582147,4.163336342344337e-17,0.011793060944235352,10.110000071681345,0.0,0.13837287974737456,True
2454567.5,2008-4-11,K,2.159,8.16,0.14,666.8,0.3630744,0.0468166,1,no,2.899041248839513e-05,17.360942742564617,8.519931930133444,0.1881187469000583,False,2454567.5,K,0.26062904885281524,0.04515757129685839,0.10244535114718478,0.06504613963173256,8.519931930133444,-0.3599320230889287,0.23449661604221117,True
2455271.5,2010-3-16,W1,3.4,8.18,0.0,309.54,0.1653937,0.0,1,yes,8.467582353357799e-08,4.477019575056175,11.313950712687781,0.19735228113701772,False,2455271.5,L+W1,0.009228614250827768,0.0016774683078199276,0.15616508574917223,0.0016774683078199276,11.313950712687781,-3.133456174171595,0.19735228113701772,True
2455271.5,2010-3-16,K,2.159,12.273,0.07,666.8,0.0082186,0.0005299,1,no,8.467582353357799e-08,4.477019575056175,13.39590347807794,0.1561326338537034,False,2455271.5,K,0.0029216904427898983,0.0004201492242211831,0.005296909557210102,0.0006762539320504259,13.39590347807794,-1.1229091097140156,0.17110639775909786,True
2455271.5,2010-3-16,J,1.235,17.646,0.04,1594.0,0.0001393,5.1e-06,1,no,8.467582353357799e-08,4.477019575056175,17.646343001590324,0.06728421597680478,False,2455271.5,J,0.00013929999999999994,8.632567694154462e-06,5.421010862427522e-20,1.0026526068093538e-05,17.646343001590324,0.0,0.07827621426470056,True
2455271.5,2010-3-16,H,1.662,15.087,0.09,1024.0,0.0009451,7.83e-05,1,no,8.467582353357799e-08,4.477019575056175,15.087055483684841,0.1050634414667707,False,2455271.5,H,0.0009451000000000017,9.145449704550039e-05,-1.6263032587282567e-18,0.0001203944144462086,15.087055483684841,1.7763568394002505e-15,0.1383413413728577,True
2457209.5,2015-7-6,J,1.235,15.715,0.0,1594.0,0.0008252,0.0,1,no,1.94462416431608e-06,17.450073567702553,15.714822744397448,0.05536190093811355,False,2457209.5,J,0.0008251999999999995,4.207710901959697e-05,5.421010862427522e-19,4.207710901959697e-05,15.714822744397448,1.7763568394002505e-15,0.05536190093811355,True
2457209.5,2015-7-6,H,1.662,12.827,0.0,1024.0,0.0075803,0.0,1,no,1.94462416431608e-06,17.450073567702553,12.826533907279824,0.05536190095064587,False,2457209.5,H,0.007580300000000016,0.0003865209762160136,-1.6479873021779667e-17,0.0003865209762160136,12.826533907279824,3.552713678800501e-15,0.05536190095064587,True
2457209.5,2015-7-6,K,2.159,10.392,0.0,666.8,0.0464597,0.0,1,no,1.94462416431608e-06,17.450073567702553,11.017940789852803,0.09019735030740443,False,2457209.5,K,0.026110745708731516,0.0021691457530447424,0.020348954291268484,0.0021691457530447424,11.017940789852803,-0.6256428148203028,0.09019735030740443,True
2457209.5,2015-7-6,L,3.353,7.16,0.0,309.54,0.4233667,0.0,1,yes,1.94462416431608e-06,17.450073567702553,8.912383999469341,0.12660355713064267,False,2457209.5,L+W1,0.08428750112265442,0.00982844397839556,0.33907919887734556,0.00982844397839556,8.912383999469341,-1.7523837925761354,0.12660355713064267,True
2457209.5,2015-7-6,W1,3.4,7.144,0.0,309.54,0.4298473,0.0,1,yes,1.94462416431608e-06,17.450073567702553,8.885900438031406,0.12737525668946112,False,2457209.5,L+W1,0.08636874380916956,0.010132517331951767,0.34347855619083045,0.010132517331951767,8.885900438031406,-1.7423940002609175,0.12737525668946112,True
2457219.5,2015-7-16,W1,3.4,7.136,0.0,309.54,0.4326478,0.0,1,yes,1.5996730349260894e-06,15.3137039486201,8.940048347317228,0.22762046012001874,False,2457219.5,L+W1,0.08216700162639144,0.017225998944235273,0.35048079837360857,0.017225998944235273,8.940048347317228,-1.8035926508832043,0.22762046012001874,True
2457219.5,2015-7-16,L,3.353,7.16,0.0,309.54,0.4233667,0.0,1,yes,1.5996730349260894e-06,15.3137039486201,8.964383098213316,0.226375977641194,False,2457219.5,L+W1,0.08034586652867379,0.01675211161343676,0.34302083347132617,0.01675211161343676,8.964383098213316,-1.8043828913201105,0.226375977641194,True
2457219.5,2015-7-16,K,2.159,10.181,0.045,666.8,0.0564411,0.0023393,1,no,1.5996730349260894e-06,15.3137039486201,10.968627033119645,0.1667798927995607,False,2457219.5,K,0.027324031536287433,0.00419724333636735,0.029117068463712568,0.004805119781512227,10.968627033119645,-0.7876267284278295,0.17274412476907272,True
2457219.5,2015-7-16,J,1.235,15.367,0.044,1594.0,0.0011368,4.61e-05,1,no,1.5996730349260894e-06,15.3137039486201,15.367010630351698,0.06989729367041837,False,2457219.5,J,0.0011368000000000023,7.318466778238548e-05,-2.168404344971009e-18,8.649396278595479e-05,15.367010630351698,1.7763568394002505e-15,0.08259316958713177,True
2457219.5,2015-7-16,H,1.662,12.671,0.091,1024.0,0.0087478,0.0007332,1,no,1.5996730349260894e-06,15.3137039486201,12.671002778470537,0.1059637066751726,False,2457219.5,H,0.008747799999999991,0.0008537518682630386,8.673617379884035e-18,0.001125377488917665,12.671002778470537,0.0,0.13967572134176368,True
2457226.5,2015-7-23,J,1.235,15.954,0.0,1594.0,0.000662,0.0,1,no,2.193499409561605e-06,18.8398045310602,15.954075819050981,0.05536190093326226,False,2457226.5,J,0.0006620000000000017,3.375550917175519e-05,-1.6263032587282567e-18,3.375550917175519e-05,15.954075819050981,1.7763568394002505e-15,0.05536190093326226,True
2457226.5,2015-7-23,H,1.662,12.938,0.0,1024.0,0.0068407,0.0,1,no,2.193499409561605e-06,18.8398045310602,12.937998529630185,0.0553619009542379,False,2457226.5,H,0.006840700000000015,0.000348808627913465,-1.474514954580286e-17,0.000348808627913465,12.937998529630185,3.552713678800501e-15,0.0553619009542379,True
2457226.5,2015-7-23,K,2.159,10.509,0.0,666.8,0.0417249,0.0,1,no,2.193499409561605e-06,18.8398045310602,11.058652699758833,0.09029589757676805,False,2457226.5,K,0.025149798581694947,0.002091597965377759,0.016575101418305056,0.002091597965377759,11.058652699758833,-0.5496519831200875,0.09029589757676805,True
2457226.5,2015-7-23,L,3.353,7.16,0.0,309.54,0.4233667,0.0,1,no,2.193499409561605e-06,18.8398045310602,8.885466303794608,0.12687379577333036,False,2457226.5,L+W1,0.08640328546474886,0.010096663209864496,0.33696341453525114,0.010096663209864496,8.885466303794608,-1.7254660969014024,0.12687379577333036,True
2457226.5,2015-7-23,W1,3.4,7.132,0.0,309.54,0.4346189,0.0,1,yes,2.193499409561605e-06,18.8398045310602,8.85754618583,0.1276499959069219,False,2457226.5,L+W1,0.08865399357273614,0.010423049233412158,0.34596490642726385,0.010423049233412158,8.85754618583,-1.7260257609060954,0.1276499959069219,True
2457546.5,2016-6-7,W1,3.4,6.817,0.0,309.54,0.5804712,0.0,1,yes,9.546322830291464e-07,11.961671435670036,9.222917184097982,0.12476246300440617,False,2457546.5,L+W1,0.06332131198150596,0.007276282036890368,0.517149888018494,0.007276282036890368,9.222917184097982,-2.405576931323578,0.12476246300440617,True
2457546.5,2016-6-7,H,1.662,12.698,0.008,1024.0,0.0085356,5.93e-05,1,no,9.546322830291464e-07,11.961671435670036,12.697664754735843,0.05480834642912056,False,2457546.5,H,0.008535599999999975,0.0004308800975137577,2.6020852139652106e-17,0.00043494154599608596,12.697664754735843,0.0,0.0553891220213364,True
2457546.5,2016-6-7,K,2.159,10.269,0.01,666.8,0.0520407,0.0004676,1,no,9.546322830291464e-07,11.961671435670036,11.12668623645101,0.08883233951795465,False,2457546.5,K,0.02362224103254626,0.0019327152639674347,0.028418458967453743,0.0019884763140587598,11.12668623645101,-0.8575550826322296,0.08939342562086523,True
2457546.5,2016-6-7,J,1.235,15.15,0.015,1594.0,0.0013883,1.94e-05,1,no,9.546322830291464e-07,11.961671435670036,15.150012483501474,0.056367075797990794,False,2457546.5,J,0.0013883,7.207497639611587e-05,0.0,7.464021853197282e-05,15.150012483501474,0.0,0.058328785638108734,True
2457610.5,2016-8-10,J,1.235,14.607,0.004,1594.0,0.0022902,8.9e-06,1,no,1.1618281113170091e-06,11.086869778469769,14.606537266818375,0.05445053074553631,False,2457610.5,J,0.0022902000000000044,0.00011485534420509408,-4.336808689942018e-18,0.00011519965317860397,14.606537266818375,3.552713678800501e-15,0.05459725541151858,True
2457610.5,2016-8-10,H,1.662,12.299,0.006,1024.0,0.012323,6.66e-05,1,no,1.1618281113170091e-06,11.086869778469769,12.298958770396782,0.05460302117624018,False,2457610.5,H,0.012323000000000013,0.0006197389633006711,-1.214306433183765e-17,0.0006233072618163458,12.298958770396782,0.0,0.05493168413195552,True
2457610.5,2016-8-10,K,2.159,9.853,0.014,666.8,0.0763362,0.0009953,1,no,1.1618281113170091e-06,11.086869778469769,10.811345918859914,0.08842633616705592,False,2457610.5,K,0.03158327949569679,0.002572258047309679,0.04475292050430322,0.0027581032525903384,10.811345918859914,-0.9581832836277009,0.0895277439005875,True
2457610.5,2016-8-10,W1,3.4,6.736,0.0,309.54,0.6259153,0.0,1,yes,1.1618281113170091e-06,11.086869778469769,8.992284631051174,0.12412946481333645,False,2457610.5,L+W1,0.07830742186868031,0.008952688806796156,0.5476078781313196,0.008952688806796156,8.992284631051174,-2.256781604571472,0.12412946481333645,True
2457626.5,2016-8-26,K,2.159,9.92,0.02,666.8,0.0717787,0.0013222,1,no,1.1086211545337035e-06,10.546866639965746,10.798568411917792,0.0936632543693245,False,2457626.5,K,0.03195716363040097,0.0027568500828460195,0.03982153636959903,0.0030575210905712663,10.798568411917792,-0.8785684051891103,0.0957747629548243,True
2457626.5,2016-8-26,H,1.662,12.26,0.02,1024.0,0.0127732,0.0002353,1,no,1.1086211545337035e-06,10.546866639965746,12.260000610804873,0.0578540252252965,False,2457626.5,H,0.012773200000000045,0.0006806266860856716,-4.5102810375396984e-17,0.0007201519116214046,12.260000610804873,3.552713678800501e-15,0.06121346448918934,True
2457626.5,2016-8-26,W1,3.4,6.721,0.0,309.54,0.6343513,0.0,1,yes,1.1086211545337035e-06,10.546866639965746,9.004931505471111,0.13143731839120984,False,2457626.5,L+W1,0.07740057304842272,0.009369977457548221,0.5569507269515772,0.009369977457548221,9.004931505471111,-2.283964145377543,0.13143731839120984,True
2457626.5,2016-8-26,J,1.235,14.52,0.02,1594.0,0.0024802,4.57e-05,1,no,1.1086211545337035e-06,10.546866639965746,14.520004034743767,0.05785573366382561,False,2457626.5,J,0.0024802000000000097,0.00013216266529952097,-9.540979117872439e-18,0.00013984083845241063,14.520004034743767,5.329070518200751e-15,0.0612150791699196,True
2457786.5,2017-2-2,J,1.235,15.252,0.01,1594.0,0.0012634,1.17e-05,1,no,5.650528395593575e-07,9.430400034099955,15.252368611254363,0.05521009732493799,False,2457786.5,J,0.0012633999999999974,6.42443686179419e-05,2.6020852139652106e-18,6.530106353741874e-05,15.252368611254363,-1.7763568394002505e-15,0.05610842046100679,True
2457786.5,2017-2-2,H,1.662,12.929,0.012,1024.0,0.006896,7.44e-05,1,no,5.650528395593575e-07,9.430400034099955,12.92925675955789,0.055536224794232696,False,2457786.5,H,0.006895999999999979,0.0003527355949839988,2.0816681711721685e-17,0.00036049654640331254,12.92925675955789,0.0,0.056817886835005986,True
2457786.5,2017-2-2,K,2.159,10.278,0.01,666.8,0.0515938,0.000475,1,no,5.650528395593575e-07,9.430400034099955,11.423519400611834,0.08890745265781244,False,2457786.5,K,0.017971644986416166,0.001471640320006418,0.033622155013583836,0.0015463991177792984,11.423519400611834,-1.145024212276038,0.08946806770072303,True
2457786.5,2017-2-2,W1,3.4,6.803,0.0,309.54,0.5882857,0.0,1,yes,5.650528395593575e-07,9.430400034099955,9.577393041496657,0.12328466350927368,False,2457786.5,L+W1,0.045683520203584356,0.005187335000468799,0.5426021797964157,0.005187335000468799,9.577393041496657,-2.7745718251580467,0.12328466350927368,True
2457815.5,2017-3-3,W1,3.4,6.818,0.0,309.54,0.5803017,0.0,1,yes,6.247768246036606e-07,9.99535096700172,9.512422012589166,0.12269164002402223,False,2457815.5,L+W1,0.04850069625842739,0.005480732741687511,0.5318010037415727,0.005480732741687511,9.512422012589166,-2.6947646740385274,0.12269164002402223,True
2457815.5,2017-3-3,K,2.159,10.257,0.008,666.8,0.0526016,0.0003771,1,no,6.247768246036606e-07,9.99535096700172,11.373048296044303,0.08820502567627249,False,2457815.5,K,0.018826789755678666,0.0015294852161362327,0.03377481024432133,0.0015752870964936196,11.373048296044303,-1.1155567042327839,0.08856707376080508,True
2457815.5,2017-3-3,J,1.235,15.25,0.01,1594.0,0.0012666,1.17e-05,1,no,6.247768246036606e-07,9.99535096700172,15.24962208342198,0.05520547671027251,False,2457815.5,J,0.0012666000000000034,6.440169950564393e-05,-3.2526065174565133e-18,6.545585458318651e-05,15.24962208342198,3.552713678800501e-15,0.056103873830676255,True
2457815.5,2017-3-3,H,1.662,12.895,0.008,1024.0,0.0071175,5.51e-05,1,no,6.247768246036606e-07,9.99535096700172,12.894931202052044,0.05493364434596049,False,2457815.5,H,0.007117500000000023,0.0003601152949665857,-2.3418766925686896e-17,0.0003643062388552673,12.894931202052044,5.329070518200751e-15,0.05551310909261412,True
2457846.5,2017-4-3,W1,3.4,6.879,0.0,309.54,0.5482227,0.0,1,yes,6.203782527841311e-07,9.754203375227949,9.50562013808443,0.12189764748471775,False,2457846.5,L+W1,0.04880549512889189,0.00547948480898645,0.4994172048711081,0.00547948480898645,9.50562013808443,-2.6262207279509022,0.12189764748471775,True
2457846.5,2017-4-3,H,1.662,12.861,0.006,1024.0,0.007341,3.97e-05,1,no,6.203782527841311e-07,9.754203375227949,12.861361831420899,0.054603424350469276,False,2457846.5,H,0.007341000000000013,0.0003691907264399385,-1.3010426069826053e-17,0.0003713191113977969,12.861361831420899,1.7763568394002505e-15,0.05493208489396175,True
2457846.5,2017-4-3,K,2.159,10.299,0.004,666.8,0.0506261,0.0001841,1,no,6.203782527841311e-07,9.754203375227949,11.352980183783217,0.08765478952041122,False,2457846.5,K,0.019178008979772124,0.0015482990556780502,0.03144809102022787,0.0015592058157323369,11.352980183783217,-1.0539273874990034,0.0877460091734524,True
2457846.5,2017-4-3,J,1.235,15.192,0.008,1594.0,0.0013359,9.4e-06,1,no,6.203782527841311e-07,9.754203375227949,15.191785918023017,0.05482174108867923,False,2457846.5,J,0.0013359000000000036,6.745318393124941e-05,-3.469446951953614e-18,6.810500732297857e-05,15.191785918023017,1.7763568394002505e-15,0.055402376266674526,True
2457876.5,2017-5-3,J,1.235,15.049,0.007,1594.0,0.0015233,9.8e-06,1,no,6.404667699717957e-07,9.438884859970765,15.049257187438528,0.05473433714802382,False,2457876.5,J,0.0015232999999999944,7.679288524431063e-05,5.637851296924623e-18,7.741567815465974e-05,15.049257187438528,-3.552713678800501e-15,0.05518013830205159,True
2457876.5,2017-5-3,H,1.662,12.763,0.006,1024.0,0.0080394,4.29e-05,1,no,6.404667699717957e-07,9.438884859970765,12.762690797841785,0.05459510080110183,False,2457876.5,H,0.008039399999999992,0.0004042527562928183,8.673617379884035e-18,0.0004065226942869743,12.762690797841785,0.0,0.05492381115219946,True
2457876.5,2017-5-3,K,2.159,10.266,0.027,666.8,0.0522076,0.0013051,1,no,6.404667699717957e-07,9.438884859970765,11.279382330067875,0.08767604991812049,False,2457876.5,K,0.02052308572175185,0.0016572930702030255,0.03168451427824815,0.0021094801090654944,11.279382330067875,-1.0137276747127988,0.09173924857575821,True
2457876.5,2017-5-3,W1,3.4,6.941,0.0,309.54,0.5180148,0.0,1,yes,6.404667699717957e-07,9.438884859970765,9.457304728380917,0.12198325213619937,False,2457876.5,L+W1,0.051026395031448485,0.005732852587437755,0.46698840496855154,0.005732852587437755,9.457304728380917,-2.5163682026928917,0.12198325213619937,True
2457908.5,2017-6-4,K,2.159,10.048,0.012,666.8,0.0637741,0.0006832,1,no,8.356681461826995e-07,10.098623804688453,11.055700989994584,0.09020004896291751,False,2457908.5,K,0.02521826448129807,0.0020950657084145264,0.038555835518701925,0.002203647558611508,11.055700989994584,-1.0073228581692213,0.09099477365713218,True
2457908.5,2017-6-4,W1,3.4,7.007,0.0,309.54,0.4876254,0.0,1,yes,8.356681461826995e-07,10.098623804688453,9.242291624282425,0.12617554246946233,False,2457908.5,L+W1,0.06220139553802995,0.007228546667205313,0.42542400446197004,0.007228546667205313,9.242291624282425,-2.235715477571407,0.12617554246946233,True
2457908.5,2017-6-4,H,1.662,12.534,0.013,1024.0,0.009926,0.0001211,1,no,8.356681461826995e-07,10.098623804688453,12.533814214446268,0.055879530361511665,False,2457908.5,H,0.009926,0.0005108609401967277,0.0,0.0005250181998928081,12.533814214446268,0.0,0.057371786737237876,True
2457908.5,2017-6-4,J,1.235,14.818,0.015,1594.0,0.0018855,2.67e-05,1,no,8.356681461826995e-07,10.098623804688453,14.817654450796136,0.05642199723280155,False,2457908.5,J,0.0018855000000000005,9.798298639782998e-05,-4.336808689942018e-19,0.00010155567745545954,14.817654450796136,0.0,0.05838186166728726,True
2457942.5,2017-7-8,W1,3.4,7.076,0.0,309.54,0.4572877,0.0,1,yes,5.396960921472284e-07,8.298693923135875,9.558142526682778,0.12124603956044787,False,2457942.5,L+W1,0.046500729656408564,0.005192816894934984,0.41078697034359146,0.005192816894934984,9.558142526682778,-2.4818243810481473,0.12124603956044787,True
2457942.5,2017-7-8,K,2.159,10.379,0.007,666.8,0.0470471,0.0003038,1,no,5.396960921472284e-07,8.298693923135875,11.344863811597667,0.08748503157275972,False,2457942.5,K,0.019321910518295855,0.0015568956292801512,0.027725189481704146,0.0015862592601689164,11.344863811597667,-0.9662069800121476,0.08776463267903971,True
2457942.5,2017-7-8,J,1.235,15.003,0.005,1594.0,0.001589,8e-06,1,no,5.396960921472284e-07,8.298693923135875,15.003411049631783,0.05456132129280746,False,2457942.5,J,0.001589000000000003,7.985175326596483e-05,-3.0357660829594124e-18,8.025149531098174e-05,15.003411049631783,1.7763568394002505e-15,0.05478994233631721,True
2457942.5,2017-7-8,H,1.662,12.79,0.006,1024.0,0.0078405,4.67e-05,1,no,5.396960921472284e-07,8.298693923135875,12.78989049371595,0.05467063940553816,False,2457942.5,H,0.007840500000000005,0.00039479677142627105,-5.204170427930421e-18,0.00039754921799521544,12.78989049371595,0.0,0.054998898289060134,True
2457971.5,2017-8-6,J,1.235,15.121,0.008,1594.0,0.0014255,1.04e-05,1,no,4.045405754445991e-07,6.984742888747352,15.121302738536533,0.054861671673570485,False,2457971.5,J,0.0014255000000000025,7.202975513568395e-05,-2.6020852139652106e-18,7.277668325024566e-05,15.121302738536533,3.552713678800501e-15,0.05544188866568892,True
2457971.5,2017-8-6,H,1.662,12.958,0.009,1024.0,0.006715,5.62e-05,1,no,4.045405754445991e-07,6.984742888747352,12.958134849087692,0.055042066533490516,False,2457971.5,H,0.006715000000000013,0.00034042106651009885,-1.3010426069826053e-17,0.0003450289009979789,12.958134849087692,3.552713678800501e-15,0.05577301397878007,True
2457971.5,2017-8-6,K,2.159,10.557,0.007,666.8,0.0399036,0.0002417,1,no,4.045405754445991e-07,6.984742888747352,11.53618622782931,0.08757284976509884,False,2457971.5,K,0.016200227001486173,0.0013066710303518813,0.023703372998513824,0.0013288371125013206,11.53618622782931,-0.9787274458985582,0.08785217137885991,True
2457971.5,2017-8-6,W1,3.4,7.136,0.0,309.54,0.4329075,0.0,1,yes,4.045405754445991e-07,6.984742888747352,9.767437553642718,0.12056447161238981,False,2457971.5,L+W1,0.03834791506482756,0.004258305191414057,0.39455958493517246,0.004258305191414057,9.767437553642718,-2.631633382768845,0.12056447161238981,True
2458002.5,2017-9-6,K,2.159,10.555,0.017,666.8,0.0400083,0.0006449,1,no,3.728343971024473e-07,6.478444567336303,11.577111221299104,0.0875796254440399,False,2458002.5,K,0.015600952071534814,0.0012584323273071795,0.024407347928465183,0.001414053723311729,11.577111221299104,-1.022497488620946,0.08921429702081568,True
2458002.5,2017-9-6,H,1.662,12.985,0.009,1024.0,0.006549,5.64e-05,1,no,3.728343971024473e-07,6.478444567336303,12.985312415527526,0.05508617829323289,False,2458002.5,H,0.006549000000000001,0.0003322716697309997,-8.673617379884035e-19,0.000337024364854867,12.985312415527526,0.0,0.05581654807450782,True
2458002.5,2017-9-6,W1,3.4,7.116,0.0,309.54,0.4410247,0.0,1,yes,3.728343971024473e-07,6.478444567336303,9.820441970229988,0.12044172469839581,False,2458002.5,L+W1,0.03652077543133449,0.004051283507905691,0.4045039245686655,0.004051283507905691,9.820441970229988,-2.7048073076296957,0.12044172469839581,True
2458002.5,2017-9-6,J,1.235,15.121,0.011,1594.0,0.0014258,1.45e-05,1,no,3.728343971024473e-07,6.478444567336303,15.121074266707806,0.05539833617502357,False,2458002.5,J,0.0014257999999999981,7.274966734294774e-05,1.951563910473908e-18,7.41806180785086e-05,15.121074266707806,0.0,0.05647986943116039,True
2458032.5,2017-10-6,J,1.235,15.001,0.011,1594.0,0.0015926,1.59e-05,1,no,4.906366737654668e-07,7.730528675074361,15.000954014174642,0.05535842746892733,False,2458032.5,J,0.0015926000000000007,8.120188974139814e-05,-6.505213034913027e-19,8.274392362931661e-05,15.000954014174642,1.7763568394002505e-15,0.05644072547223758,True
2458032.5,2017-10-6,H,1.662,12.82,0.014,1024.0,0.0076288,9.96e-05,1,no,4.906366737654668e-07,7.730528675074361,12.819609318129267,0.05610697307318324,False,2458032.5,H,0.007628799999999999,0.00039422916386586983,8.673617379884035e-19,0.0004066162732139269,12.819609318129267,1.7763568394002505e-15,0.05782726370350675,True
2458032.5,2017-10-6,K,2.159,10.397,0.008,666.8,0.0462535,0.0003231,1,no,4.906366737654668e-07,7.730528675074361,11.39101415314691,0.08951197544400348,False,2458032.5,K,0.01851782305366697,0.0015266755545151017,0.027735676946333034,0.0015604909031308044,11.39101415314691,-0.993886678656775,0.08986875846415084,True
2458032.5,2017-10-6,W1,3.4,7.044,0.0,309.54,0.4711079,0.0,1,yes,4.906366737654668e-07,7.730528675074361,9.619036247605052,0.12365690284201626,False,2458032.5,L+W1,0.04396451425774945,0.005007215974047821,0.4271433857422506,0.005007215974047821,9.619036247605052,-2.575045269402028,0.12365690284201626,True
2458151.5,2018-2-2,K,2.159,10.158,0.006,666.8,0.0576584,0.0003349,1,no,5.25111330540413e-07,6.694038146101894,11.189333083721815,0.08775274375587752,False,2458151.5,K,0.022297817555482703,0.0018021823917140866,0.0353605824445173,0.0018330355651225933,11.189333083721815,-1.0315005725886195,0.08795762637022841,True
2458151.5,2018-2-2,H,1.662,12.541,0.007,1024.0,0.0098584,6.75e-05,1,no,5.25111330540413e-07,6.694038146101894,12.541233802916924,0.05479344754900766,False,2458151.5,H,0.009858399999999995,0.0004975202272429263,5.204170427930421e-18,0.0005020783071552215,12.541233802916924,0.0,0.0552387716581918,True
2458151.5,2018-2-2,J,1.235,14.588,0.011,1594.0,0.0023299,2.31e-05,1,no,5.25111330540413e-07,6.694038146101894,14.58787758920555,0.05534378895937565,False,2458151.5,J,0.0023298999999999985,0.00011876318882188752,1.734723475976807e-18,0.0001209888632029548,14.58787758920555,0.0,0.05642636774044481,True
2458151.5,2018-2-2,W1,3.4,6.76,0.0,309.54,0.612061,0.0,1,yes,5.25111330540413e-07,6.694038146101894,9.494389012141976,0.12169905171376187,False,2458151.5,L+W1,0.04931297154232635,0.00552744013471096,0.5627480284576736,0.00552744013471096,9.494389012141976,-2.7345838352753233,0.12169905171376187,True
2458179.5,2018-3-2,W1,3.4,6.693,0.0,309.54,0.6509408,0.0,1,yes,7.982416861124648e-07,8.169653262463926,9.176716607232763,0.12347347887652098,False,2458179.5,L+W1,0.06607392946141512,0.00751414376520697,0.5848668705385849,0.00751414376520697,9.176716607232763,-2.4837783949063867,0.12347347887652098,True
2458179.5,2018-3-2,K,2.159,9.894,0.008,666.8,0.0735075,0.0005192,1,no,7.982416861124648e-07,8.169653262463926,10.88112694525593,0.08842447401067637,False,2458179.5,K,0.029617255578536422,0.0024120870564091268,0.04389024442146358,0.0024673330962187586,10.88112694525593,-0.986967098833011,0.0887856272381109,True
2458179.5,2018-3-2,H,1.662,12.249,0.008,1024.0,0.0129083,9.55e-05,1,no,7.982416861124648e-07,8.169653262463926,12.248577266032928,0.054877875074066815,False,2458179.5,H,0.01290829999999994,0.0006524421601805016,5.898059818321144e-17,0.0006593944361161985,12.248577266032928,-3.552713678800501e-15,0.05545792254173324,True
2458179.5,2018-3-2,J,1.235,14.334,0.008,1594.0,0.0029436,2.17e-05,1,no,7.982416861124648e-07,8.169653262463926,14.33402380701521,0.05487368444782511,False,2458179.5,J,0.0029435999999999924,0.00014877110741333427,7.806255641895632e-18,0.00015034537705227203,14.33402380701521,-1.7763568394002505e-15,0.0554537757495329,True
2458210.5,2018-4-2,W1,3.4,6.656,0.0,309.54,0.6732888,0.0,1,yes,8.167606603768573e-07,7.919570310219283,9.141052443511562,0.12305913726660757,False,2458210.5,L+W1,0.06828035978587751,0.007739008914578372,0.6050084402141225,0.007739008914578372,9.141052443511562,-2.4847639732242017,0.12305913726660757,True
2458210.5,2018-4-2,K,2.159,9.777,0.007,666.8,0.0818647,0.0005178,1,no,8.167606603768573e-07,7.919570310219283,10.826231646467718,0.08807181743082586,False,2458210.5,K,0.031153219320810197,0.002527060102058671,0.050711480679189805,0.0025795638389884403,10.826231646467718,-1.0489843552130615,0.08834956154712213,True
2458210.5,2018-4-2,H,1.662,12.175,0.006,1024.0,0.0138191,7.72e-05,1,no,8.167606603768573e-07,7.919570310219283,12.174550492716351,0.05462460300339878,False,2458210.5,H,0.013819099999999968,0.000695254379522536,3.2959746043559335e-17,0.0006995273348806796,12.174550492716351,-1.7763568394002505e-15,0.054953136882974415,True
2458210.5,2018-4-2,J,1.235,14.226,0.007,1594.0,0.0032503,2.14e-05,1,no,8.167606603768573e-07,7.919570310219283,14.226412173024872,0.054755444954351945,False,2458210.5,J,0.003250299999999985,0.0001639179221943476,1.474514954580286e-17,0.00016530893870723444,14.226412173024872,-3.552713678800501e-15,0.055201075643044,True
2458240.5,2018-5-2,W1,3.4,6.622,0.0,309.54,0.6945805,0.0,1,yes,6.559145219420453e-07,7.43708224109708,9.321751970201916,0.12310336499978182,False,2458240.5,L+W1,0.057811733256638874,0.006554832443804765,0.6367687667433611,0.006554832443804765,9.321751970201916,-2.699266490923569,0.12310336499978182,True
2458240.5,2018-5-2,K,2.159,9.944,0.006,666.8,0.0702153,0.0004195,1,no,6.559145219420453e-07,7.43708224109708,11.017791781044064,0.08850031941901564,False,2458240.5,K,0.026114329450431125,0.002128626168721539,0.044100970549568866,0.0021695689931795527,11.017791781044064,-1.073882192509135,0.08870347533928868,True
2458240.5,2018-5-2,H,1.662,12.374,0.01,1024.0,0.0114985,0.0001014,1,no,6.559145219420453e-07,7.43708224109708,12.374146917718083,0.05512468522750081,False,2458240.5,H,0.011498500000000002,0.0005837985233527529,-1.734723475976807e-18,0.0005925391766532023,12.374146917718083,0.0,0.05602437792096442,True
2458240.5,2018-5-2,J,1.235,14.435,0.008,1594.0,0.0026823,2.04e-05,1,no,6.559145219420453e-07,7.43708224109708,14.434952418650344,0.05491123397919209,False,2458240.5,J,0.0026823000000000038,0.00013565763235757504,-3.903127820947816e-18,0.0001371829188232376,14.434952418650344,3.552713678800501e-15,0.05549093274686937,True
2458271.5,2018-6-2,J,1.235,14.277,0.007,1594.0,0.0031026,2.14e-05,1,no,8.246368460787929e-07,8.146910046957162,14.276906322260952,0.054800911575207965,False,2458271.5,J,0.00310259999999999,0.00015659909608625088,9.974659986866641e-18,0.00015805453772363144,14.276906322260952,-3.552713678800501e-15,0.05524617551897835,True
2458271.5,2018-6-2,H,1.662,12.203,0.009,1024.0,0.0134642,0.0001139,1,no,8.246368460787929e-07,8.146910046957162,12.202798506311117,0.055058309612616624,False,2458271.5,H,0.01346419999999995,0.0006827773533179118,5.0306980803327406e-17,0.000692212484865603,12.202798506311117,-1.7763568394002505e-15,0.05578904424166766,True
2458271.5,2018-6-2,K,2.159,9.703,0.007,666.8,0.0876667,0.000525,1,no,8.246368460787929e-07,8.146910046957162,10.842128072026608,0.08871498074657795,False,2458271.5,K,0.030700423210808184,0.002508516748472415,0.05696627678919182,0.0025628658328844716,10.842128072026608,-1.1392257413893017,0.08899071754326794,True
2458271.5,2018-6-2,W1,3.4,6.588,0.0,309.54,0.7172897,0.0,1,yes,8.246368460787929e-07,8.146910046957162,9.14483871841767,0.12388650420287825,False,2458271.5,L+W1,0.06804266120488169,0.007763918524952807,0.6492470387951184,0.007763918524952807,9.14483871841767,-2.5572832592278854,0.12388650420287825,True
2458309.5,2018-7-10,J,1.235,14.227,0.005,1594.0,0.0032482,1.53e-05,1,no,1.1836481818234051e-06,9.862014193284535,14.22711388760803,0.05452716972400477,False,2458309.5,J,0.003248200000000015,0.00016312908413786316,-1.474514954580286e-17,0.00016384501241007625,14.22711388760803,5.329070518200751e-15,0.05475593335986907,True
2458309.5,2018-7-10,H,1.662,12.058,0.006,1024.0,0.0153864,8.21e-05,1,no,1.1836481818234051e-06,9.862014193284535,12.05790734511118,0.05459506184962968,False,2458309.5,H,0.015386400000000064,0.0007736883563077627,-6.418476861114186e-17,0.0007780321861505523,12.05790734511118,5.329070518200751e-15,0.05492377243384589,True
2458309.5,2018-7-10,K,2.159,9.47,0.005,666.8,0.1086442,0.0004866,1,no,1.1836481818234051e-06,9.862014193284535,10.648083962923014,0.08844970175273392,False,2458309.5,K,0.03670810843969654,0.002990432877866011,0.07193609156030345,0.00302976374607361,10.648083962923014,-1.1781113509006342,0.08859091228871945,True
2458309.5,2018-7-10,W1,3.4,6.545,0.0,309.54,0.7461423,0.0,1,yes,1.1836481818234051e-06,9.862014193284535,8.906239756977843,0.12421223129250307,False,2458309.5,L+W1,0.08476584105077521,0.009697525244309217,0.6613764589492248,0.009697525244309217,8.906239756977843,-2.3615019651757105,0.12421223129250307,True
2458338.5,2018-8-8,J,1.235,14.653,0.01,1594.0,0.0021949,1.98e-05,1,no,8.971700638018495e-07,9.904531025650805,14.652683946395662,0.05516327293817869,False,2458338.5,J,0.002194899999999992,0.0001115168373693319,8.239936510889834e-18,0.0001132609598090093,14.652683946395662,-3.552713678800501e-15,0.05606234637661892,True
2458338.5,2018-8-8,H,1.662,12.409,0.012,1024.0,0.0111354,0.0001257,1,no,8.971700638018495e-07,9.904531025650805,12.408985336227236,0.055653129086146655,False,2458338.5,H,0.01113539999999997,0.0005707830787165574,2.949029909160572e-17,0.0005844602749110942,12.408985336227236,-1.7763568394002505e-15,0.05693215942750901,True
2458338.5,2018-8-8,K,2.159,9.675,0.009,666.8,0.0899388,0.0007139,1,no,8.971700638018495e-07,9.904531025650805,10.954267828175254,0.0897465681617514,False,2458338.5,K,0.02768780068027359,0.0022886637473369703,0.06225099931972641,0.002397422565668077,10.954267828175254,-1.2791465721283473,0.09019671001101918,True
2458338.5,2018-8-8,W1,3.4,6.512,0.0,309.54,0.7689392,0.0,1,yes,8.971700638018495e-07,9.904531025650805,9.16488498957311,0.12544144315577052,False,2458338.5,L+W1,0.06679789586826157,0.007717550930661154,0.7021413041317385,0.007717550930661154,9.16488498957311,-2.6528230476982957,0.12544144315577052,True
2458406.5,2018-10-15,W1,3.4,6.356,0.0,309.54,0.887696,0.0,1,yes,7.098378105625506e-07,10.276740593030832,9.406410998316057,0.125288719658403,False,2458406.5,L+W1,0.05347519524716226,0.006170779528801479,0.8342208047528378,0.006170779528801479,9.406410998316057,-3.0502797100069454,0.125288719658403,True
2458406.5,2018-10-15,K,2.159,9.9,0.009,666.8,0.0731314,0.00061,1,no,7.098378105625506e-07,10.276740593030832,11.259965454916877,0.08965155710632296,False,2458406.5,K,0.02089341396903693,0.0017252138110365755,0.052237986030963066,0.0018298805135285048,11.259965454916877,-1.3602361957118347,0.09010217362299472,True
2458406.5,2018-10-15,H,1.662,12.776,0.012,1024.0,0.0079378,8.7e-05,1,no,7.098378105625506e-07,10.276740593030832,12.776499510925834,0.05557576322216617,False,2458406.5,H,0.007937799999999958,0.000406313514619496,4.163336342344337e-17,0.0004155233713793333,12.776499510925834,-5.329070518200751e-15,0.05685653399325602,True
2458406.5,2018-10-15,J,1.235,15.125,0.018,1594.0,0.0014207,2.31e-05,1,no,7.098378105625506e-07,10.276740593030832,15.124964841497421,0.057085096759348496,False,2458406.5,J,0.0014206999999999978,7.469659444954513e-05,2.168404344971009e-18,7.818689930135238e-05,15.124964841497421,-1.7763568394002505e-15,0.05985572881541232,True
2458521.5,2019-2-7,H,1.662,11.953,0.006,1024.0,0.0169494,8.79e-05,1,no,2.3305495563285816e-06,13.695467893777389,11.952864069072021,0.05457803619609553,False,2458521.5,H,0.016949399999999927,0.0008520163209517134,7.28583859910259e-17,0.0008565385111996384,11.952864069072021,-3.552713678800501e-15,0.05490684870780979,True
2458521.5,2019-2-7,W1,3.4,6.078,0.0,309.54,1.1463543,0.0,1,yes,2.3305495563285816e-06,13.695467893777389,8.51439993670336,0.1259952087476871,False,2458521.5,L+W1,0.12160650406152171,0.014111933264416792,1.0247477959384783,0.014111933264416792,8.51439993670336,-2.4359051519682797,0.1259952087476871,True
2458521.5,2019-2-7,K,2.159,9.027,0.012,666.8,0.1634154,0.0018133,1,no,2.3305495563285816e-06,13.695467893777389,10.395861294676735,0.08907242289085417,False,2458521.5,K,0.04630747205164759,0.0037990063475037495,0.1171079279483524,0.004209573151564631,10.395861294676735,-1.3691047701032648,0.08987711899948263,True
2458521.5,2019-2-7,J,1.235,14.395,0.006,1594.0,0.0027831,1.56e-05,1,no,2.3305495563285816e-06,13.695467893777389,14.394898764357398,0.05462687196898763,False,2458521.5,J,0.0027830999999999893,0.00014002669037895555,1.0842021724855044e-17,0.00014089298782581013,14.394898764357398,-1.7763568394002505e-15,0.05495539228425329,True
2458549.5,2019-3-7,K,2.159,8.703,0.005,666.8,0.2201774,0.0010546,1,no,4.646610518920826e-06,16.18292317234638,10.016110422650355,0.08950767112855967,False,2458549.5,K,0.06569789006375668,0.005416108546345286,0.15447950993624332,0.0055178268318056565,10.016110422650355,-1.313053292214839,0.08964721518741336,True
2458549.5,2019-3-7,H,1.662,11.655,0.006,1024.0,0.0222944,0.000118,1,no,4.646610518920826e-06,16.18292317234638,11.655260419463346,0.05459011918151866,False,2458549.5,H,0.022294399999999895,0.0011209481158930019,1.0408340855860843e-16,0.0011271418182837822,11.655260419463346,-3.552713678800501e-15,0.05491885934952047,True
2458549.5,2019-3-7,J,1.235,14.251,0.007,1594.0,0.0031773,1.9e-05,1,no,4.646610518920826e-06,16.18292317234638,14.25107523575747,0.05467368495135245,False,2458549.5,J,0.0031772999999999936,0.0001599971507209989,6.5052130349130266e-18,0.00016112134631648918,14.25107523575747,-1.7763568394002505e-15,0.0551199766523875,True
2458549.5,2019-3-7,W1,3.4,6.017,0.0,309.54,1.213502,0.0,1,yes,4.646610518920826e-06,16.18292317234638,8.058133741647039,0.12717943165811033,False,2458549.5,L+W1,0.18512423701467295,0.02168482099656273,1.0283777629853272,0.02168482099656273,8.058133741647039,-2.04144303710233,0.12717943165811033,True
2458580.5,2019-4-7,W1,3.4,6.069,0.0,309.54,1.1565485,0.0,1,yes,4.232337804075242e-06,16.150674614522348,8.135876031162798,0.12751338491147265,False,2458580.5,L+W1,0.17233217362096895,0.02023940869914775,0.984216326379031,0.02023940869914775,8.135876031162798,-2.066993709719613,0.12751338491147265,True
2458580.5,2019-4-7,K,2.159,8.799,0.015,666.8,0.2015658,0.0027507,1,no,4.232337804075242e-06,16.150674614522348,10.100946350920093,0.08981823828390081,False,2458580.5,K,0.06075990005150563,0.0050264025064429615,0.14080589994849435,0.005729840542875175,10.100946350920093,-1.3019994894472102,0.09106215420482643,True
2458580.5,2019-4-7,H,1.662,11.747,0.008,1024.0,0.0204944,0.0001451,1,no,4.232337804075242e-06,16.150674614522348,11.746661870831055,0.0548283470355901,False,2458580.5,H,0.02049440000000004,0.001034942070239356,-4.163336342344337e-17,0.0010450641601123464,11.746661870831055,1.7763568394002505e-15,0.055408912989293534,True
2458580.5,2019-4-7,J,1.235,14.353,0.007,1594.0,0.0028917,1.83e-05,1,no,4.232337804075242e-06,16.150674614522348,14.353337705173123,0.05471991311377206,False,2458580.5,J,0.0028917000000000075,0.00014573850633114416,-7.37257477290143e-18,0.00014688295417655838,14.353337705173123,1.7763568394002505e-15,0.05516583083013219,True
2458611.5,2019-5-8,J,1.235,14.408,0.008,1594.0,0.0027503,1.91e-05,1,no,7.0415676780474935e-06,18.398856274254538,14.407770620585076,0.0548079465762375,False,2458611.5,J,0.0027503000000000002,0.00013883510083575608,-4.336808689942018e-19,0.00014014276729133957,14.407770620585076,0.0,0.05538872636108998,True
2458611.5,2019-5-8,H,1.662,11.628,0.007,1024.0,0.0228529,0.0001409,1,no,7.0415676780474935e-06,18.398856274254538,11.628396593486094,0.05469798088202188,False,2458611.5,H,0.0228529,0.0011512994425540255,0.0,0.0011598893121437105,11.628396593486094,0.0,0.055144075951728766,True
2458611.5,2019-5-8,K,2.159,8.679,0.014,666.8,0.2251798,0.0029931,1,no,7.0415676780474935e-06,18.398856274254538,9.888201115950627,0.08985389395674201,False,2458611.5,K,0.07391203245065171,0.006116848546491658,0.1512677675493483,0.006809881331617835,9.888201115950627,-1.2095357107247082,0.09093801327931811,True
2458611.5,2019-5-8,W1,3.4,6.121,0.0,309.54,1.1022692,0.0,1,yes,7.0415676780474935e-06,18.398856274254538,7.8326388713500315,0.12790697737271242,False,2458611.5,L+W1,0.22785639906715713,0.026843005835108104,0.8744128009328429,0.026843005835108104,7.8326388713500315,-1.711566106636428,0.12790697737271242,True
2458643.5,2019-6-9,W1,3.4,6.175,0.0,309.54,1.0489088,0.0,1,yes,7.979042983853023e-06,19.74249779023183,7.804134444137074,0.12967830316310253,False,2458643.5,L+W1,0.23391765449329396,0.02793868748379888,0.814991145506706,0.02793868748379888,7.804134444137074,-1.6291868210315128,0.12967830316310253,True
2458643.5,2019-6-9,K,2.159,8.747,0.011,666.8,0.2114009,0.0021411,1,no,7.979042983853023e-06,19.74249779023183,9.931148755920315,0.09103110390000634,False,2458643.5,K,0.0710454204521858,0.005956643080022644,0.1403554795478142,0.006329763502120885,9.931148755920315,-1.1839268577886415,0.09169330333919565,True
2458643.5,2019-6-9,H,1.662,11.744,0.011,1024.0,0.0205408,0.0002064,1,no,7.979042983853023e-06,19.74249779023183,11.74420650658907,0.05537220810993601,False,2458643.5,H,0.020540800000000005,0.0010475743991589111,-3.469446951953614e-18,0.0010677139512871195,11.74420650658907,0.0,0.05645424192184378,True
2458643.5,2019-6-9,J,1.235,14.654,0.012,1594.0,0.0021914,2.46e-05,1,no,7.979042983853023e-06,19.74249779023183,14.654416649367715,0.05563819507002324,False,2458643.5,J,0.0021913999999999996,0.00011229757296673219,4.336808689942018e-19,0.00011496044926068505,14.654416649367715,1.7763568394002505e-15,0.0569175610040518,True
2458674.5,2019-7-10,K,2.159,8.579,0.005,666.8,0.2468942,0.0011203,1,no,1.323666844316125e-05,21.429726807676037,9.67475611611684,0.08966934920671181,False,2458674.5,K,0.08996905207210433,0.007430411100500752,0.1569251479278957,0.007514391606274243,9.67475611611684,-1.0960443574109249,0.08980864205161566,True
2458674.5,2019-7-10,W1,3.4,6.227,0.0,309.54,0.9996802,0.0,1,yes,1.323666844316125e-05,21.429726807676037,7.482050198550027,0.1279317861982871,False,2458674.5,L+W1,0.3146999680612926,0.03708094917917364,0.6849802319387075,0.03708094917917364,7.482050198550027,-1.254910978937298,0.1279317861982871,True
2458674.5,2019-7-10,J,1.235,14.593,0.007,1594.0,0.0023183,1.5e-05,1,no,1.323666844316125e-05,21.429726807676037,14.593296704614273,0.05473945836582988,False,2458674.5,J,0.002318300000000008,0.0001168815093144785,-7.806255641895632e-18,0.00011784009173295192,14.593296704614273,5.329070518200751e-15,0.05518521814928725,True
2458674.5,2019-7-10,H,1.662,11.557,0.004,1024.0,0.0244107,9.85e-05,1,no,1.323666844316125e-05,21.429726807676037,11.55679930809358,0.05446330462746519,False,2458674.5,H,0.024410700000000108,0.0012245031384634,-1.0755285551056204e-16,0.00122845845925156,11.55679930809358,5.329070518200751e-15,0.054609994972935776,True
2459310.5,2021-4-6,W1,3.4,5.123,0.0,309.54,2.7643316,0.0,1,yes,0.000187816588908,27.79254449641456,5.749811118357934,0.14204060053961468,False,2459310.5,L+W1,1.5516448735973412,0.2029927423476486,1.212686726402659,0.2029927423476486,5.749811118357934,-0.6269945185775514,0.14204060053961468,True
2459310.5,2021-4-6,H,1.662,10.371,0.023,1024.0,0.0727748,0.001538,1,no,0.000187816588908,27.79254449641456,10.370797340143284,0.05893690567718278,False,2459310.5,H,0.07277479999997703,0.0039504269126127,2.2967738821932926e-14,0.004239258990896251,10.370797340143284,-3.410605131648481e-13,0.06326577946094666,True
2459310.5,2021-4-6,J,1.235,13.922,0.041,1594.0,0.0043021,0.0001618,1,no,0.000187816588908,27.79254449641456,13.922019539874702,0.06792993805005912,False,2459310.5,J,0.004302099999998577,0.00026916426403056674,1.4224732503009818e-15,0.00031405197186312435,13.922019539874702,-3.5704772471945034e-13,0.07934403873943442,True
2459310.5,2021-4-6,K,2.159,7.881,0.016,666.8,0.4695312,0.006997,1,no,0.000187816588908,27.79254449641456,8.20669902255997,0.09904956031716827,False,2459310.5,K,0.34778911233469795,0.03172811085131325,0.12174208766530203,0.03249047594593255,8.20669902255997,-0.3258711849380589,0.1003335208144534,True
2459340.5,2021-5-6,J,1.235,12.442,0.015,1594.0,0.0168206,0.0002343,1,no,0.000133520998448,21.610941986962995,12.441617084500859,0.05635406801729779,False,2459340.5,J,0.016820599999996112,0.0008730566709827152,3.8892500331400015e-15,0.0009039493574019625,12.441617084500859,-2.4868995751603507e-13,0.05831621543017196,True
2459340.5,2021-5-6,H,1.662,9.551,0.043,1024.0,0.1548422,0.0060973,1,no,0.000133520998448,21.610941986962995,9.551026558718705,0.06910084593312493,False,2459340.5,H,0.1548421999999663,0.009854812761381,3.372302437298913e-14,0.011588546149188765,9.551026558718705,-2.362554596402333e-13,0.08138751076592445,True
2459340.5,2021-5-6,K,2.159,7.518,0.013,666.8,0.6557551,0.0075541,1,no,0.000133520998448,21.610941986962995,7.756686871730601,0.11183640472440692,False,2459340.5,K,0.5264060142069271,0.05422252274190547,0.12934908579307292,0.05474619986178453,7.756686871730601,-0.23855208611882794,0.11258943743389674,True
2459340.5,2021-5-6,W1,3.4,5.126,0.0,309.54,2.7566242,0.0,1,yes,0.000133520998448,21.610941986962995,5.66260988793373,0.15585794494916722,False,2459340.5,L+W1,1.681406891411592,0.2413667533331983,1.075217308588408,0.2413667533331983,5.66260988793373,-0.5367618533931573,0.15585794494916722,True
2459370.5,2021-6-5,W1,3.4,5.129,0.0,309.54,2.7489398,0.0,1,yes,0.0001312588208372,18.831428502852095,5.519191564924155,0.1312454098461204,False,2459370.5,L+W1,1.9188461375820411,0.23195297960493333,0.8300936624179589,0.23195297960493333,5.519191564924155,-0.3903126922315865,0.1312454098461204,True
2459370.5,2021-6-5,K,2.159,7.137,0.015,666.8,0.9312042,0.0131682,1,no,0.0001312588208372,18.831428502852095,7.445202633727597,0.09260954633385934,False,2459370.5,K,0.7013172766116772,0.059819940182959865,0.22988692338832284,0.061252156980247614,7.445202633727597,-0.3078259710972455,0.0938164594949268,True
2459370.5,2021-6-5,J,1.235,11.657,0.011,1594.0,0.0346408,0.0003382,1,no,0.0001312588208372,18.831428502852095,11.657251009837745,0.055312023192686785,False,2459370.5,J,0.03464079999998781,0.0017647497841700793,1.2191636589165e-14,0.0017968642243442717,11.657251009837745,-3.8191672047105385e-13,0.05639521176188916,True
2459370.5,2021-6-5,H,1.662,9.07,0.015,1024.0,0.2412321,0.0032515,1,no,0.0001312588208372,18.831428502852095,9.069662147800097,0.05622474113336452,False,2459370.5,H,0.24123209999991965,0.012492180251624636,8.03523914072457e-14,0.012908401128299374,9.069662147800097,-3.6060043839825084e-13,0.058191249475448216,True
2459401.5,2021-7-6,W1,3.4,5.132,0.0,309.54,2.7410207,0.0,1,yes,0.0001586196031015,19.05627032261922,5.386640600951903,0.14628486127216636,False,2459401.5,L+W1,2.1680062899839,0.292102720695521,0.5730144100160999,0.292102720695521,5.386640600951903,-0.2546294435944514,0.14628486127216636,True
2459401.5,2021-7-6,J,1.235,11.556,0.021,1594.0,0.0380247,0.0007438,1,no,0.0001586196031015,19.05627032261922,11.556056301837723,0.05829333285452964,False,2459401.5,J,0.038024699999993854,0.002041551607176133,6.147859998861804e-15,0.0021728256728885203,11.556056301837723,-1.758593271006248e-13,0.0619605733938041,True
2459401.5,2021-7-6,H,1.662,8.952,0.033,1024.0,0.2687223,0.0082771,1,no,0.0001586196031015,19.05627032261922,8.95249062163616,0.06376095181869045,False,2459401.5,H,0.26872229999995817,0.015780987635686305,4.18554080283684e-14,0.017819931401879305,8.95249062163616,-1.687538997430238e-13,0.07179456091393946,True
2459401.5,2021-7-6,K,2.159,7.105,0.011,666.8,0.9593308,0.009687,1,no,0.0001586196031015,19.05627032261922,7.319463521020866,0.10423100601534738,False,2459401.5,K,0.7874267834433575,0.07559321080207876,0.17190401655664256,0.07621136062535241,7.319463521020866,-0.2143955132012021,0.10480984025830485,True
2459431.5,2021-8-5,J,1.235,11.421,0.012,1594.0,0.0430441,0.0004812,1,no,0.0001573426994056,18.563699259354465,11.421436713457545,0.055627164804219816,False,2459431.5,J,0.04304409999999079,0.0022053434656185327,9.2148511043888e-15,0.0022572313220727645,11.421436713457545,-2.3092638912203256e-13,0.05690677871884712,True
2459431.5,2021-8-5,H,1.662,8.871,0.059,1024.0,0.2895734,0.0158525,1,no,0.0001573426994056,18.563699259354465,8.871353228137393,0.08049795690024615,False,2459431.5,H,0.2895733999999413,0.021469365183272877,5.867528685143952e-14,0.02668773871317556,8.871353228137393,-2.184918912462308e-13,0.09980441405626249,True
2459431.5,2021-8-5,K,2.159,7.075,0.012,666.8,0.9864115,0.0106141,1,no,0.0001573426994056,18.563699259354465,7.26830087878361,0.12883206293442598,False,2459431.5,K,0.8254204789127442,0.09794333339960815,0.16099102108725583,0.09851677865336846,7.26830087878361,-0.19345721790583514,0.12938972308471758,True
2459431.5,2021-8-5,W1,3.4,5.135,0.0,309.54,2.7333798,0.0,1,yes,0.0001573426994056,18.563699259354465,5.3650795309171375,0.17713338931004274,False,2459431.5,L+W1,2.2114899286561136,0.3607954720227348,0.5218898713438862,0.3607954720227348,5.3650795309171375,-0.23003753679348726,0.17713338931004274,True
2460147.5,2023-7-22,W1,3.4,5.014,0.0,309.54,3.056711,0.0,1,yes,0.0001502503782871,24.18004919880674,5.716730307529617,0.12993018939477163,False,2460147.5,L+W1,1.5996488393810242,0.19143017959155595,1.4570621606189758,0.19143017959155595,5.716730307529617,-0.7030743114679368,0.12993018939477163,True
2460147.5,2023-7-22,L,3.353,5.136,0.0,309.54,2.730968,0.0,1,no,0.0001502503782871,24.18004919880674,5.744946910120237,0.12920887503884293,False,2460147.5,L+W1,1.5586119949433306,0.18548382342425207,1.1723560050566693,0.18548382342425207,5.744946910120237,-0.6089464928344741,0.12920887503884293,True
2460147.5,2023-7-22,K,2.159,7.573,0.006,666.8,0.6234412,0.0034453,1,no,0.0001502503782871,24.18004919880674,7.962461875473287,0.09153843607308047,False,2460147.5,K,0.43552274517674483,0.03671892932465598,0.1879184548232552,0.036880209636593456,7.962461875473287,-0.3894616454889004,0.0917348640305606,True
2460147.5,2023-7-22,H,1.662,9.911,0.0,1024.0,0.1111476,0.0,1,no,0.0001502503782871,24.18004919880674,9.910999667962015,0.0553619009498622,False,2460147.5,H,0.11114759999998232,0.005667437813206856,1.7680301667155618e-14,0.005667437813206856,9.910999667962015,-1.723066134218243e-13,0.0553619009498622,True
2460147.5,2023-7-22,J,1.235,13.077,0.015,1594.0,0.0093689,0.0001294,1,no,0.0001502503782871,24.18004919880674,13.076999283940498,0.056319908990844415,False,2460147.5,J,0.00936889999999842,0.00048598876322981206,1.5785983631388945e-15,0.0005029209062920753,13.076999283940498,-1.8118839761882555e-13,0.058283206404049166,True
2460188.5,2023-9-1,K,2.159,7.173,0.008,666.8,0.9011469,0.0066399,1,no,0.0001641894482986,23.419876557350317,7.80243275411332,0.0904114514937368,False,2460188.5,K,0.5046874316268485,0.04202634400885098,0.3964594683731515,0.04254764227028667,7.80243275411332,-0.6294327588295525,0.09076469887133612,True
2460188.5,2023-9-1,L,3.353,5.136,0.0,309.54,2.730968,0.0,1,yes,0.0001641894482986,23.419876557350317,5.6331724767851945,0.1273334433462327,False,2460188.5,L+W1,1.7276182674906024,0.20261236737190438,1.0033497325093974,0.20261236737190438,5.6331724767851945,-0.497172059499432,0.1273334433462327,True
2460188.5,2023-9-1,H,1.662,9.702,0.007,1024.0,0.1347411,0.0008687,1,no,0.0001641894482986,23.419876557350317,9.701999670283817,0.05473624819604984,False,2460188.5,H,0.13474109999996978,0.0067928307626529795,3.0225821845419887e-14,0.006848152266125854,9.701999670283817,-2.433608869978343e-13,0.055182033911224844,True
2460188.5,2023-9-1,W1,3.4,4.998,0.0,309.54,3.1011558,0.0,1,yes,0.0001641894482986,23.419876557350317,5.606036548107349,0.12803006881198797,False,2460188.5,L+W1,1.7713409345561582,0.20887661362571686,1.3298148654438418,0.20887661362571686,5.606036548107349,-0.6080535660916437,0.12803006881198797,True
2460188.5,2023-9-1,J,1.235,12.781,0.01,1594.0,0.0123052,0.0001133,1,no,0.0001641894482986,23.419876557350317,12.780999100623223,0.0551996002657727,False,2460188.5,J,0.012305199999997091,0.0006256051131145075,2.9091312692131055e-15,0.0006357819182353456,12.780999100623223,-2.5579538487363607e-13,0.0560980914960669,True
2460364.5,2024-2-24,W1,3.4,5.244,0.0,309.54,2.4714553,0.0,1,yes,8.475207286448569e-05,23.58520638745225,6.125281203141971,0.13017395860156147,False,2460364.5,L+W1,1.0980049474857674,0.13164491517547117,1.3734503525142328,0.13164491517547117,6.125281203141971,-0.8808711574908754,0.13017395860156147,True
2460364.5,2024-2-24,K,2.159,7.974,0.0,666.8,0.4309798,0.0,1,no,8.475207286448569e-05,23.58520638745225,8.355967079907908,0.09133425226759599,False,2460364.5,K,0.30311592877729115,0.025498704550834386,0.12786387122270887,0.025498704550834386,8.355967079907908,-0.3821203902149426,0.09133425226759599,True
2460364.5,2024-2-24,H,1.662,10.285,0.0,1024.0,0.0787486,0.0,1,no,8.475207286448569e-05,23.58520638745225,10.285142787593982,0.05536190094942923,False,2460364.5,H,0.07874860000000011,0.004015406480874824,-1.1102230246251565e-16,0.004015406480874824,10.285142787593982,1.7763568394002505e-15,0.05536190094942923,True
2460364.5,2024-2-24,J,1.235,13.414,0.0,1594.0,0.006866,0.0,1,no,8.475207286448569e-05,23.58520638745225,13.414461294925905,0.055361900942186,False,2460364.5,J,0.006866,0.00035009867977436345,0.0,0.00035009867977436345,13.414461294925905,0.0,0.055361900942186,True
2460545.5,2024-8-23,J,1.235,11.71,0.014,1594.0,0.0329901,0.0004117,1,no,0.000110419591646,18.483938655631256,11.710261712685622,0.05595216945033196,False,2460545.5,J,0.03299009999997643,0.0017001069479793973,2.3571422591572855e-14,0.0017492457016004988,11.710261712685622,-7.744915819785092e-13,0.05767707747622673,True
2460545.5,2024-8-23,W1,3.4,5.256,0.0,309.54,2.4449797,0.0,1,yes,0.000110419591646,18.483938655631256,5.632877964008889,0.12988146637533882,False,2460545.5,L+W1,1.7280869583795402,0.20672283672112965,0.71689274162046,0.20672283672112965,5.632877964008889,-0.3767741624812695,0.12988146637533882,True
2460545.5,2024-8-23,K,2.159,7.099,0.016,666.8,0.9644514,0.0144157,1,no,0.000110419591646,18.483938655631256,7.5440926411438625,0.09118539434432925,False,2460545.5,K,0.6402631908951935,0.05377240925565591,0.3241882091048065,0.05567121701245402,7.5440926411438625,-0.44480453287811983,0.09257848638712361,True
2460545.5,2024-8-23,H,1.662,9.152,0.01,1024.0,0.2235528,0.0020283,1,no,0.000110419591646,18.483938655631256,9.152299607153278,0.05517334695442021,False,2460545.5,H,0.22355279999984892,0.01136017767757083,1.5107359807586818e-13,0.011539828324372014,9.152299607153278,-7.336353746723034e-13,0.05607225886436919,True
2460566.5,2024-9-13,W1,3.4,5.256,0.0,309.54,2.4449797,0.0,1,yes,0.0001163880008176,20.18233956277056,5.687898986466476,0.12985972029913692,False,2460566.5,L+W1,1.6426959396483758,0.19647501328998007,0.8022837603516244,0.19647501328998007,5.687898986466476,-0.4317951849388564,0.12985972029913692,True
2460566.5,2024-9-13,L,3.353,4.412,0.0,309.54,5.3200622,0.0,1,yes,0.0001163880008176,20.18233956277056,5.711310990742247,0.1291116250128744,False,2460566.5,L+W1,1.6076532468400098,0.19117601701693018,3.71240895315999,0.19117601701693018,5.711310990742247,-1.2993108198971024,0.1291116250128744,True
2460566.5,2024-9-13,H,1.662,9.411,0.0,1024.0,0.1761569,0.0,1,no,0.0001163880008176,20.18233956277056,9.411000744091831,0.055361900940968725,False,2460566.5,H,0.1761568999999791,0.008982274704599653,2.0899948438568572e-14,0.008982274704599653,9.411000744091831,-1.2789769243681803e-13,0.055361900940968725,True
2460566.5,2024-9-13,J,1.235,12.152,0.0,1594.0,0.0219628,0.0,1,no,0.0001163880008176,20.18233956277056,12.152001525719854,0.055361900946866084,False,2460566.5,J,0.021962799999997205,0.0011198874577333852,2.796374243274613e-15,0.0011198874577333852,12.152001525719854,-1.3500311979441904e-13,0.055361900946866084,True
2460566.5,2024-9-13,K,2.159,7.415,0.0,666.8,0.7211,0.0,1,no,0.0001163880008176,20.18233956277056,7.70026095367351,0.09135181466720221,False,2460566.5,K,0.5544867971968169,0.046653482596371795,0.16661320280318304,0.046653482596371795,7.70026095367351,-0.28526071468590075,0.09135181466720221,True
2460575.5,2024-9-22,L,3.353,4.412,0.0,309.54,5.3200622,0.0,1,yes,9.173790700388872e-05,17.66356810527708,5.750662913982111,0.12797096755963017,False,2460575.5,L+W1,1.5504280347454664,0.18274215676740113,3.7696341652545335,0.18274215676740113,5.750662913982111,-1.3386627431369664,0.12797096755963017,True
2460575.5,2024-9-22,K,2.159,7.195,0.009,666.8,0.8830549,0.0075973,1,no,9.173790700388872e-05,17.66356810527708,7.598515782842728,0.09035665368235207,False,2460575.5,K,0.6089607170931645,0.0506786569144588,0.2740941829068355,0.05124495325340265,7.598515782842728,-0.40349606680126726,0.09080377120292145,True
2460575.5,2024-9-22,H,1.662,9.162,0.007,1024.0,0.2215282,0.0014595,1,no,9.173790700388872e-05,17.66356810527708,9.162177344831116,0.05475605728031179,False,2460575.5,H,0.22152819999999993,0.011172152826115417,8.326672684688674e-17,0.011267082098754704,9.162177344831116,1.7763568394002505e-15,0.05520168302583523,True
2460575.5,2024-9-22,J,1.235,11.64,0.008,1594.0,0.0351956,0.0002531,1,no,9.173790700388872e-05,17.66356810527708,11.639999859463522,0.05484541312419922,False,2460575.5,J,0.03519559999999996,0.0017778878641926492,4.163336342344337e-17,0.0017958131494238202,11.639999859463522,0.0,0.05542580031685681,True
2460594.5,2024-10-11,J,1.235,11.31,0.0,1594.0,0.0476812,0.0,1,no,6.343562087326913e-05,15.35100028970468,11.310352850588012,0.05536190094669425,False,2460594.5,J,0.0476812000000002,0.0024312736923123813,-2.0122792321330962e-16,0.0024312736923123813,11.310352850588012,5.329070518200751e-15,0.05536190094669425,True
2460594.5,2024-10-11,L,3.353,4.412,0.0,309.54,5.3200622,0.0,1,yes,6.343562087326913e-05,15.35100028970468,5.905482117453461,0.1295154772193696,False,2460594.5,L+W1,1.3443858453968447,0.1603693176763195,3.975676354603155,0.1603693176763195,5.905482117453461,-1.4934819466083171,0.1295154772193696,True
2460594.5,2024-10-11,K,2.159,7.284,0.0,666.8,0.8136619,0.0,1,no,6.343562087326913e-05,15.35100028970468,7.62996048882738,0.09131181196632486,False,2460594.5,K,0.5915771565992691,0.049752400122826536,0.22208474340073092,0.049752400122826536,7.62996048882738,-0.3460814621432977,0.09131181196632486,True
2460594.5,2024-10-11,H,1.662,9.064,0.0,1024.0,0.2424021,0.0,1,no,6.343562087326913e-05,15.35100028970468,9.064408946774162,0.055361900946101154,False,2460594.5,H,0.2424021000000009,0.012360130380211928,-8.881784197001252e-16,0.012360130380211928,9.064408946774162,5.329070518200751e-15,0.055361900946101154,True
2460737.5,2025-3-3,K,2.159,6.674,0.006,666.8,1.4269066,0.0078854,1,no,4.5177796299322486e-05,9.55332102293347,7.232912178466783,0.08976531474849786,False,2460737.5,K,0.8527676556304297,0.07050419492279623,0.5741389443695702,0.07094378785257838,7.232912178466783,-0.5589120674347221,0.08996561416395092,True
2460737.5,2025-3-3,H,1.662,8.325,0.004,1024.0,0.4789609,0.0017646,1,no,4.5177796299322486e-05,9.55332102293347,8.324999738581612,0.05443398335642966,False,2460737.5,H,0.47896089999999947,0.02401296884521648,5.551115123125783e-16,0.02407771762275937,8.324999738581612,-1.7763568394002505e-15,0.05458075250532977,True
2460737.5,2025-3-3,J,1.235,9.959,0.005,1594.0,0.1655345,0.0007623,1,no,4.5177796299322486e-05,9.55332102293347,9.958999489241679,0.05451657373133117,False,2460737.5,J,0.16553449999999992,0.00831175541055058,8.326672684688674e-17,0.00834663880222553,9.958999489241679,-1.7763568394002505e-15,0.05474538164451562,True
2460737.5,2025-3-3,L,3.353,4.412,0.0,309.54,5.3200622,0.0,1,yes,4.5177796299322486e-05,9.55332102293347,5.838790324513643,0.12741048732573876,False,2460737.5,L+W1,1.4295542745240084,0.16775732998262904,3.8905079254759913,0.16775732998262904,5.838790324513643,-1.4267901536684988,0.12741048732573876,True
2460766.5,2025-4-1,L,3.353,4.412,0.148,309.54,5.3200622,0.7251939,1,no,5.258763578002147e-05,10.093571683789785,5.750050991874013,0.1273703651479939,False,2460766.5,L+W1,1.5513021039653523,0.1819870375244007,3.7687600960346472,0.7476800615397722,5.750050991874013,-1.3380508210288689,0.19526190083560413,True
2460766.5,2025-4-1,J,1.235,9.972,0.004,1594.0,0.1635642,0.0006026,1,no,5.258763578002147e-05,10.093571683789785,9.972000158062409,0.054433979721626516,False,2460766.5,J,0.16356420000000024,0.008200380817150245,-2.498001805406602e-16,0.008222491855045264,9.972000158062409,1.7763568394002505e-15,0.054580748880300706,True
2460766.5,2025-4-1,H,1.662,8.289,0.004,1024.0,0.4951081,0.001824,1,no,5.258763578002147e-05,10.093571683789785,8.288999812912165,0.05443396885696871,False,2460766.5,H,0.49510810000000044,0.024822511009694855,-4.440892098500626e-16,0.024889436088959955,8.288999812912165,1.7763568394002505e-15,0.054580738044858274,True
2460766.5,2025-4-1,K,2.159,6.681,0.005,666.8,1.4177359,0.0065289,1,no,5.258763578002147e-05,10.093571683789785,7.169799196216889,0.08976463218974064,False,2460766.5,K,0.903807441281494,0.07472343851244907,0.513928458718506,0.07500812488213365,7.169799196216889,-0.4887985601570888,0.08990377740762298,True
2460781.5,2025-4-16,J,1.235,9.992,0.009,1594.0,0.1605789,0.0013311,1,no,7.490735743448223e-05,11.29608846237806,9.991999596202545,0.055027804453965885,False,2460781.5,J,0.16057889999999364,0.008138537031286587,6.356026815979021e-15,0.008246672796929868,9.991999596202545,-4.263256414560601e-14,0.05575893886206863,True
2460781.5,2025-4-16,H,1.662,8.199,0.005,1024.0,0.5378979,0.0024771,1,no,7.490735743448223e-05,11.29608846237806,8.199000269694887,0.054516580389379246,False,2460781.5,H,0.5378978999999785,0.02700872825103932,2.1538326677728037e-14,0.027122083735371245,8.199000269694887,-4.263256414560601e-14,0.054745388274736434,True
2460781.5,2025-4-16,K,2.159,6.688,0.005,666.8,1.4086249,0.006487,1,no,7.490735743448223e-05,11.29608846237806,7.018926536346076,0.09002705373304067,False,2460781.5,K,1.0385441807842124,0.08611398639729935,0.37008071921578756,0.08635797486181723,7.018926536346076,-0.3309259611232429,0.09016579397893522,True
2460781.5,2025-4-16,L,3.353,4.176,0.1,309.54,6.6117554,0.6089652,1,no,7.490735743448223e-05,11.29608846237806,5.54181570209761,0.1277413935713134,False,2460781.5,L+W1,1.8792756968542497,0.22110462501740158,4.73247970314575,0.6478625394442294,5.54181570209761,-1.365815702946346,0.16222781398866593,True
2460812.5,2025-5-17,J,1.235,10.729,0.006,1594.0,0.0814494,0.0004501,1,no,4.051719115081378e-05,11.872264715380004,10.729001069125129,0.05461736722096441,False,2460812.5,J,0.08144939999999992,0.004097267614575147,8.326672684688674e-17,0.004121916049053682,10.729001069125129,0.0,0.05494594436489082,True
2460812.5,2025-5-17,H,1.662,8.834,0.005,1024.0,0.2997092,0.0013802,1,no,4.051719115081378e-05,11.872264715380004,8.833999705507447,0.054516578549776415,False,2460812.5,H,0.29970920000000045,0.015048885790384561,-4.440892098500626e-16,0.015112045380160767,8.833999705507447,1.7763568394002505e-15,0.05474538644282221,True
2460812.5,2025-5-17,K,2.159,7.038,0.005,666.8,1.0204588,0.0046994,1,no,4.051719115081378e-05,11.872264715380004,7.595280282189398,0.08989352651958227,False,2460812.5,K,0.610778130429955,0.050569373872558,0.4096806695700451,0.050787261534980914,7.595280282189398,-0.5572799923048759,0.09003247253145301,True
2460812.5,2025-5-17,L,3.353,4.144,0.0,309.54,6.8063955,0.0,1,yes,4.051719115081378e-05,11.872264715380004,6.058566023283848,0.12760171146316635,False,2460812.5,L+W1,1.1675900058927513,0.13722162196147214,5.638805494107249,0.13722162196147214,6.058566023283848,-1.9140670303715188,0.12760171146316635,True
2460816.5,2025-5-21,L,3.353,4.14,0.01,309.54,6.8346581,0.0629495,1,no,5.567018363136234e-05,13.292402638654847,5.889466446562689,0.12733371556806428,False,2460816.5,L+W1,1.3643638366543762,0.16001079815386937,5.470294263345624,0.1719479429248525,5.889466446562689,-1.7494664861838443,0.12772578095423293,True
2460816.5,2025-5-21,K,2.159,7.103,0.004,666.8,0.9611595,0.003541,1,no,5.567018363136234e-05,13.292402638654847,7.496906507824438,0.08975784037259321,False,2460816.5,K,0.6687025634023039,0.05528165836192125,0.2924569365976961,0.0553949495192854,7.496906507824438,-0.39390618698837176,0.08984692486864491,True
2460816.5,2025-5-21,H,1.662,8.81,0.004,1024.0,0.3064078,0.0011288,1,no,5.567018363136234e-05,13.292402638654847,8.810000350051231,0.05443396369981523,False,2460816.5,H,0.30640779999999995,0.015361918474714435,5.551115123125783e-17,0.015403334985118406,8.810000350051231,0.0,0.05458073290157253,True
2460816.5,2025-5-21,J,1.235,10.839,0.003,1594.0,0.0736018,0.0002034,1,no,5.567018363136234e-05,13.292402638654847,10.838999703800088,0.05436966510141848,False,2460816.5,J,0.07360180000000004,0.003685706711560797,-4.163336342344337e-17,0.0036913148773362998,10.838999703800088,0.0,0.05445236894057413,True
2460840.5,2025-6-14,J,1.235,11.931,0.009,1594.0,0.0269208,0.0002232,1,no,4.9852816197877605e-05,16.731522774984434,11.931000888686514,0.05502808930051359,False,2460840.5,J,0.026920799999999995,0.0013644199944233039,6.938893903907228e-18,0.0013825556629597552,11.931000888686514,0.0,0.05575921997360883,True
2460840.5,2025-6-14,H,1.662,9.519,0.007,1024.0,0.1594777,0.0010282,1,no,4.9852816197877605e-05,16.731522774984434,9.518999982584123,0.05473626448947952,False,2460840.5,H,0.15947769999999986,0.008039902813518572,1.3877787807814457e-16,0.008105382933015803,9.518999982584123,0.0,0.05518205007302879,True
2460840.5,2025-6-14,K,2.159,7.326,0.006,666.8,0.7827002,0.0043254,1,no,4.9852816197877605e-05,16.731522774984434,7.990867170871386,0.09031280083201695,False,2460840.5,K,0.4242762511310605,0.03529179224035393,0.35842394886893947,0.035555867092454736,7.990867170871386,-0.6648668049646904,0.09051188868940677,True
2460840.5,2025-6-14,L,3.353,4.885,0.0,309.54,3.4405236,0.0,1,yes,4.9852816197877605e-05,16.731522774984434,6.174503735865406,0.12822636385810685,False,2460840.5,L+W1,1.0493377185712138,0.12392767186162189,2.391185881428786,0.12392767186162189,6.174503735865406,-1.2892731432263727,0.12822636385810685,True
2460847.5,2025-6-21,L,3.353,5.107,0.0,309.54,2.8047333,0.0,1,yes,5.814151909928338e-05,17.08673411147857,6.073874289132907,0.1279188278867015,False,2460847.5,L+W1,1.151243159231046,0.1356366996845474,1.6534901407689542,0.1356366996845474,6.073874289132907,-0.9668112705324132,0.1279188278867015,True
2460847.5,2025-6-21,K,2.159,7.309,0.006,666.8,0.7950522,0.0043936,1,no,5.814151909928338e-05,17.08673411147857,7.904969953202389,0.09012427083299515,False,2460847.5,K,0.45920605915162643,0.03811755660515446,0.33584614084837355,0.03836993409568427,7.904969953202389,-0.5959700844622056,0.09032377424122101,True
2460847.5,2025-6-21,H,1.662,9.449,0.006,1024.0,0.1700982,0.00094,1,no,5.814151909928338e-05,17.08673411147857,9.449000596900904,0.054617377875863474,False,2460847.5,H,0.17009820000000025,0.008556698786215596,-2.498001805406602e-16,0.008608176004126743,9.449000596900904,1.7763568394002505e-15,0.054945954956073524,True
2460847.5,2025-6-21,J,1.235,11.89,0.008,1594.0,0.0279569,0.000206,1,no,5.814151909928338e-05,17.08673411147857,11.889998260117595,0.05487313970956936,False,2460847.5,J,0.027956900000000038,0.0014129425479444252,-3.8163916471489756e-17,0.001427880472515709,11.889998260117595,1.7763568394002505e-15,0.05545323670973515,True
2460856.5,2025-6-30,K,2.159,6.822,0.004,666.8,1.245075,0.004587,1,no,0.0001142332717269,18.142830034268258,7.47671439460499,0.08981991786104447,False,2460856.5,K,0.6812552048003623,0.05635833664698415,0.5638197951996377,0.056544696290764494,7.47671439460499,-0.6547141991199501,0.08990894084886539,True
2460856.5,2025-6-30,L,3.353,4.566,0.013,309.54,4.6165414,0.0552759,1,no,0.0001142332717269,18.142830034268258,5.608273689092824,0.1269693620753708,False,2460856.5,L+W1,1.7676948742971323,0.20671972579509684,2.848846525702868,0.21398240617772768,5.608273689092824,-1.042273579849109,0.12763314187869312,True
2460856.5,2025-6-30,H,1.662,9.063,0.004,1024.0,0.2427168,0.0008942,1,no,0.0001142332717269,18.142830034268258,9.063000297342489,0.05443397564678763,False,2460856.5,H,0.24271679999983778,0.012168738891046424,1.62231339473351e-13,0.012201549075361938,9.063000297342489,-7.265299473147024e-13,0.054580744816419176,True
2460856.5,2025-6-30,J,1.235,11.582,0.004,1594.0,0.0371269,0.0001368,1,no,0.0001142332717269,18.142830034268258,11.581999071962333,0.05443401799138735,False,2460856.5,J,0.03712689999997373,0.0018613787895313133,2.6270652320192767e-14,0.0018663990029243631,11.581999071962333,-7.691625114603085e-13,0.054580787047153155,True
2460858.5,2025-7-2,J,1.235,11.924,0.009,1594.0,0.027095,0.0002246,1,no,7.305755516753147e-05,17.934408012427156,11.923997904279206,0.055027799001659536,False,2460858.5,J,0.027095000000000074,0.0013732416837680345,-7.28583859910259e-17,0.0013914876506954945,11.923997904279206,1.7763568394002505e-15,0.0557589334812552,True
2460858.5,2025-7-2,H,1.662,9.404,0.005,1024.0,0.1772963,0.0008165,1,no,7.305755516753147e-05,17.934408012427156,9.404000710611193,0.05451659393804862,False,2460858.5,H,0.1772963000000003,0.008902337742317138,-3.0531133177191805e-16,0.008939702988818151,9.404000710611193,3.552713678800501e-15,0.05474540176677927,True
2460858.5,2025-7-2,K,2.159,7.265,0.004,666.8,0.827934,0.0030502,1,no,7.305755516753147e-05,17.934408012427156,7.816189313233346,0.09002516871219371,False,2460858.5,K,0.4983332506269052,0.041319921695507175,0.32960074937309475,0.04143235027080704,7.816189313233346,-0.5511896296659851,0.09011398893434328,True
2460858.5,2025-7-2,L,3.353,4.566,0.0,309.54,4.6165414,0.0,1,yes,7.305755516753147e-05,17.934408012427156,5.9437293119621435,0.12775180392203445,False,2460858.5,L+W1,1.2978516496695622,0.15271010466617987,3.318689750330438,0.15271010466617987,5.9437293119621435,-1.3777292027184282,0.12775180392203445,True
2460861.5,2025-7-5,J,1.235,11.658,0.003,1594.0,0.0346169,9.57e-05,1,no,0.0001115366485387,18.333332367215384,11.658000358901328,0.05436972661089458,False,2460861.5,J,0.03461689999999089,0.0017334886511732937,9.110767695830191e-15,0.0017361282768697148,11.658000358901328,-2.859934511434403e-13,0.05445243035662795,True
2460861.5,2025-7-5,H,1.662,9.117,0.003,1024.0,0.2309405,0.0006381,1,no,0.0001115366485387,18.333332367215384,9.116999637217823,0.05436963695145465,False,2460861.5,H,0.2309404999999426,0.011564642578333693,5.739853037312059e-14,0.011582233358666566,9.116999637217823,-2.682298827494378e-13,0.0544523408333653,True
2460861.5,2025-7-5,K,2.159,6.935,0.003,666.8,1.1220071,0.0031002,1,no,0.0001115366485387,18.333332367215384,7.518325381317985,0.08971274927983904,False,2460861.5,K,0.6556399954872233,0.05417454651987338,0.46636710451277674,0.05426318024843296,7.518325381317985,-0.5833254162299051,0.08976289535964879,True
2460861.5,2025-7-5,L,3.353,4.566,0.0,309.54,4.6165414,0.0,1,yes,0.0001115366485387,18.333332367215384,5.637718993148707,0.12684604508148473,False,2460861.5,L+W1,1.7203989982315417,0.2009933977806641,2.8961424017684583,0.2009933977806641,5.637718993148707,-1.0717188839049916,0.12684604508148473,True
2460902.5,2025-8-15,L,3.353,4.566,0.0,309.54,4.6165414,0.0,1,yes,4.1628015843355675e-05,15.942695703404484,6.2715935370604665,0.1486432100701054,False,2460902.5,L+W1,0.9595759694218573,0.13137118553836288,3.6569654305781425,0.13137118553836288,6.2715935370604665,-1.7055934278167513,0.1486432100701054,True
2460902.5,2025-8-15,H,1.662,9.536,0.033,1024.0,0.157,0.0047719,1,no,4.1628015843355675e-05,15.942695703404484,9.536000760576446,0.06353005671178054,False,2460902.5,H,0.1569999999999999,0.009186595104813238,1.1102230246251565e-16,0.010352031647448657,9.536000760576446,0.0,0.07158958098635619,True
2460902.5,2025-8-15,J,1.235,11.874,0.033,1594.0,0.0283719,0.0008623,1,no,4.1628015843355675e-05,15.942695703404484,11.87399974150344,0.06352919961232642,False,2460902.5,J,0.02837189999999997,0.001660112364846942,2.7755575615628914e-17,0.001870704240097217,11.87399974150344,0.0,0.07158882037988065,True
2461102.5,2026-3-3,J,1.235,11.232,0.033,1594.0,0.0512493,0.0015577,1,no,3.754384441660926e-05,13.36856749448775,11.232000947999705,0.06353022249596711,False,2461102.5,J,0.05124929999999999,0.0029987757776649645,6.938893903907228e-18,0.0033792137332092674,11.232000947999705,0.0,0.07158972810667104,True
2461102.5,2026-3-3,H,1.662,9.168,0.033,1024.0,0.2203433,0.0066971,1,no,3.754384441660926e-05,13.36856749448775,9.168000268068383,0.06352986934569514,False,2461102.5,H,0.22034330000000008,0.012892985422106052,-8.326672684688674e-17,0.014528600121988325,9.168000268068383,0.0,0.07158941471391629,True
2461102.5,2026-3-3,K,2.159,7.33,0.033,666.8,0.7798223,0.023702,1,no,3.754384441660926e-05,13.36856749448775,7.834318503765905,0.10472406134287218,False,2461102.5,K,0.4900813656386367,0.04727051633096504,0.2897409343613633,0.05287992547456957,7.834318503765905,-0.504318651442909,0.10980040539153603,True
2461102.5,2026-3-3,L,3.353,4.542,0.0,309.54,4.7197261,0.0,1,yes,3.754384441660926e-05,13.36856749448775,6.205236250172589,0.14862507694475038,False,2461102.5,L+W1,1.0200519212869392,0.13963363718048352,3.6996741787130607,0.13963363718048352,6.205236250172589,-1.6632362943833652,0.14862507694475038,True
2461165.5,2026-5-5,J,1.235,12.463,0.004,1594.0,0.0164926,6.08e-05,1,no,0.0001530680669747,22.101618493930584,12.462997977577617,0.054434165002170055,False,2461165.5,J,0.016492599999993276,0.0008268683551124824,6.723788192886104e-15,0.0008291006674019882,12.462997977577617,-4.4231285301066237e-13,0.05458093366262137,True
2461165.5,2026-5-5,H,1.662,9.525,0.004,1024.0,0.1585988,0.0005843,1,no,0.0001530680669747,22.101618493930584,9.525000149078993,0.054433976443160545,False,2461165.5,H,0.15859879999993853,0.007951437287691262,6.147859998861804e-14,0.007972876609485875,9.525000149078993,-4.2099657093785936e-13,0.05458074561065062,True
2461165.5,2026-5-5,K,2.159,7.184,0.003,666.8,0.8920631,0.0024649,1,no,0.0001530680669747,22.101618493930584,7.704358365524536,0.08982615888216097,False,2461165.5,K,0.5523981875273835,0.04570153149687622,0.33966491247261654,0.045767955090543086,7.704358365524536,-0.5203583257402169,0.08987624168557132,True
2461165.5,2026-5-5,L,3.353,4.542,0.009,309.54,4.7197261,0.0391233,1,no,0.0001530680669747,22.101618493930584,5.610973799540108,0.1265361924444166,False,2461165.5,L+W1,1.7633042669308763,0.2055027796628845,2.9564218330691237,0.2091937500310706,5.610973799540108,-1.0689738437508849,0.12685585519923956,True
2461222.5,2026-7-1,J,1.235,11.613,0.003,1594.0,0.0360818,9.97e-05,1,no,7.627455805696998e-06,8.993125322813855,11.613000305386215,0.054369643937681844,False,2461222.5,J,0.03608180000000001,0.001806842776388461,-1.3877787807814457e-17,0.0018095913650841625,11.613000305386215,0.0,0.05445234780898161,True
2461222.5,2026-7-1,H,1.662,9.872,0.003,1024.0,0.1152126,0.0003183,1,no,7.627455805696998e-06,8.993125322813855,9.87199994797795,0.05436961715166992,False,2461222.5,H,0.1152126,0.0057694170329743565,0.0,0.005778190702146704,9.87199994797795,0.0,0.05445232106365311,True
2461222.5,2026-7-1,K,2.159,6.982,0.003,666.8,1.0744733,0.0029689,1,no,7.627455805696998e-06,8.993125322813855,8.714425302281553,0.08932022449667419,False,2461222.5,K,0.21788406553184575,0.017924661222739627,0.8565892344681543,0.01816887027748246,8.714425302281553,-1.7324253944192511,0.08937059082347099,True
2461222.5,2026-7-1,L,3.353,4.542,0.0,309.54,4.7197261,0.0,1,yes,7.627455805696998e-06,8.993125322813855,7.248754298032609,0.12636558078408983,False,2461222.5,L+W1,0.3901351305484639,0.04540665784191646,4.329590969451536,0.04540665784191646,7.248754298032609,-2.7067543422433857,0.12636558078408983,True
2461225.5,2026-7-4,H,1.662,9.296,0.003,1024.0,0.1958394,0.0005411,1,no,5.861527362398901e-05,16.267950323799194,9.295999716838642,0.054369632702827776,False,2461225.5,H,0.19583940000000027,0.009806909081671629,-2.7755575615628914e-16,0.009821825438592027,9.295999716838642,1.7763568394002505e-15,0.05445233659119138,True
2461225.5,2026-7-4,J,1.235,11.647,0.003,1594.0,0.0349694,9.66e-05,1,no,5.861527362398901e-05,16.267950323799194,11.647000340624947,0.054369598958164664,False,2461225.5,J,0.03496940000000006,0.0017511364597362718,-6.245004513516506e-17,0.001753798865496749,11.647000340624947,1.7763568394002505e-15,0.05445230289778073,True
2461225.5,2026-7-4,K,2.159,7.133,0.003,666.8,0.9349656,0.0025834,1,no,5.861527362398901e-05,16.267950323799194,7.802455980227113,0.0896683887789038,False,2461225.5,K,0.5046766354479161,0.0416800513390396,0.4302889645520839,0.04176003634080048,7.802455980227113,-0.6694560829810241,0.08971855965297616,True
2461225.5,2026-7-4,L,3.353,4.542,0.0,309.54,4.7197261,0.0,1,yes,5.861527362398901e-05,16.267950323799194,6.020334444552117,0.12720907372750012,False,2461225.5,L+W1,1.2094363029618427,0.14170225802358855,3.5102897970381575,0.14170225802358855,6.020334444552117,-1.4783344887628935,0.12720907372750012,True
