JD,Date,Filter,Lambda,Mag,Magerr,ZP,Flux,Fluxerr,Flag,Interpolated,Mdot,Av,Mag_model,Mag_model_err,Is_interpolated_fit,JD_day,Group,Flux_synth,Fluxerr_synth,Difference_flux,Difference_err_flux,Mag_synth,Difference_mag,Difference_err
2443916.5,1979-2-12,J,1.2,12.2,0.019,1600.0,0.0209,0.0003657,1,no,1.9876937610341822e-05,12.843403864520978,12.209934241362177,0.2656754458373836,False,2443916.5,J,0.0209,0.005114149084895147,0.0,0.0051272075589480345,12.209934241362177,0.0,0.2663539797354125
2443916.5,1979-2-12,H,1.6,10.01,0.019,1020.0,0.1010004,0.0017675,1,no,1.9876937610341822e-05,12.843403864520978,10.010692695011338,0.23480227382379357,False,2443916.5,H,0.10100039999999985,0.021842436010868483,1.5265566588595902e-16,0.02191383278066355,10.010692695011338,-1.7763568394002505e-15,0.23556975143855743
2443916.5,1979-2-12,K,2.2,8.18,0.015,620.0,0.3409986,0.0047111,1,no,1.9876937610341822e-05,12.843403864520978,8.325208367494984,0.21274478835137467,False,2443916.5,K,0.28994013881554204,0.0568123759680851,0.05105846118445795,0.057007372561354325,8.325208367494984,-0.17611063365344748,0.21327293539188513
2443916.5,1979-2-12,L,3.6,6.18,0.0,269.0,0.9073031,0.0,1,yes,1.9876937610341822e-05,12.843403864520978,6.531521672621473,0.19334770116057545,False,2443916.5,L+W1,0.656362273962326,0.11688487152126845,0.250940826037674,0.11688487152126845,6.531521672621473,-0.3515219594708183,0.19334770116057545
2444098.5,1979-8-13,J,1.25,11.96,0.08,1650.0,0.0271321,0.0019992,1,no,2.4664218305623642e-05,13.714968681965122,11.960001337878253,0.2543073555777639,False,2444098.5,J,0.027132099999999937,0.0063550359397000385,6.245004513516506e-17,0.006662077936716078,11.960001337878253,-1.7763568394002505e-15,0.2665937566803755
2444098.5,1979-8-13,H,1.65,9.87,0.03,980.0,0.1206101,0.0033326,1,no,2.4664218305623642e-05,13.714968681965122,9.774605995371767,0.22802199825777486,False,2444098.5,H,0.12061009999999969,0.025330053369820686,3.0531133177191805e-16,0.025548342930177766,9.774605995371767,-1.7763568394002505e-15,0.2299870250459114
2444098.5,1979-8-13,K,2.2,8.19,0.01,620.0,0.3564637,0.0032832,1,no,2.4664218305623642e-05,13.714968681965122,8.230283541900327,0.2099611637753353,False,2444098.5,K,0.31643045282978066,0.06119175711276717,0.04003324717021933,0.061279772688774645,8.230283541900327,-0.12934259477192178,0.21019916815699624
2444098.5,1979-8-13,L,3.6,6.18,0.03,269.0,0.9073031,0.0250697,1,no,2.4664218305623642e-05,13.714968681965122,6.399259849481975,0.19190673967690938,False,2444098.5,L+W1,0.7413927592429591,0.13104312688741881,0.16591034075704092,0.13341960486570986,6.399259849481975,-0.2192601363313207,0.19423747510050954
2444628.5,1981-1-24,H,1.65,8.78,0.13,980.0,0.3291425,0.0394097,1,no,2.0003773879240856e-05,10.059386428093067,9.319453090734864,0.20007865171209072,True,2444628.5,H,0.18341921879435055,0.03380035577116445,0.14572328120564945,0.05191905723669575,9.319453090734864,-0.6348478102461019,0.23860315771365664
2444628.5,1981-1-24,K,2.2,8.45,0.04,620.0,0.2805532,0.010336,1,no,2.0003773879240856e-05,10.059386428093067,8.003409322111017,0.18343743624694162,True,2444628.5,K,0.38996709264576507,0.06588576799974036,-0.10941389264576507,0.06669158358380471,8.003409322111017,0.3575318350186727,0.18774795076604903
2444628.5,1981-1-24,L,3.6,6.57,0.08,269.0,0.6335082,0.0466786,1,no,2.0003773879240856e-05,10.059386428093067,6.38326116703706,0.16682233611129949,True,2444628.5,L+W1,0.75239831311671,0.11560528582381763,-0.11889011311671005,0.12467346874281861,6.38326116703706,0.18673893128296282,0.1850126801752555
2445420.5,1983-3-27,K,2.2,7.45,0.1,620.0,0.6492196,0.0597953,1,no,1.3039487113778275e-05,4.596705022306903,7.775565994871143,0.23046506319163224,True,2445420.5,K,0.4810223897064053,0.10210477918526517,0.1681972102935947,0.11832524597296115,7.775565994871143,-0.3255658279826221,0.251225288042273
2445420.5,1983-3-27,L,3.5,6.19,0.1,280.0,0.935746,0.0861854,1,no,1.3039487113778275e-05,4.596705022306903,6.514921148062566,0.2078577509575061,True,2445420.5,L+W1,0.6937285565650674,0.13281021385368175,0.2420174434349326,0.15832395926397458,6.514921148062566,-0.32492101802531614,0.2306617537285118
2445420.5,1983-3-27,L,3.6,5.86,0.0,269.0,1.2182941,0.0,1,yes,1.3039487113778275e-05,4.596705022306903,6.457725331300673,0.2068998536040827,True,2445420.5,L+W1,0.702525588589381,0.13387454594888937,0.5157685114106191,0.13387454594888937,6.457725331300673,-0.5977249837879413,0.2068998536040827
2445450.5,1983-4-26,L,3.6,5.86,0.05,269.0,1.2182941,0.0561045,1,no,1.2775688372662268e-05,4.38978527208773,6.4642004823935455,0.1966129046027972,False,2445450.5,L+W1,0.6983483108878668,0.1264619243849459,0.5199457891121333,0.13834859319629447,6.4642004823935455,-0.6042001348808137,0.20287097933501635
2445450.5,1983-4-26,L,3.5,6.22,0.1,280.0,0.9102446,0.0838366,1,no,1.2775688372662268e-05,4.38978527208773,6.520981317780565,0.1975289826340069,False,2445450.5,L+W1,0.6898672118974818,0.1255081740126969,0.22037738810251817,0.15093335364842791,6.520981317780565,-0.300981517360162,0.22139941052411544
2445450.5,1983-4-26,K,2.2,7.615,0.055,620.0,0.5811304,0.0290051,1,no,1.2775688372662268e-05,4.38978527208773,7.771098823748069,0.21915333109467952,False,2445450.5,K,0.4830055933029672,0.09749355713277344,0.09812480669703283,0.10171671204089995,7.771098823748069,-0.20080358694267808,0.22594951323225776
2445450.5,1983-4-26,J,1.25,10.075,0.065,1650.0,0.1555954,0.0097828,1,no,1.2775688372662268e-05,4.38978527208773,10.063717976974937,0.2746640557507312,False,2445450.5,J,0.15559539999999947,0.039361737623622516,5.273559366969494e-16,0.04055921060118035,10.063717976974937,-3.552713678800501e-15,0.2822504978231939
2445450.5,1983-4-26,H,1.65,8.8,0.06,980.0,0.3107692,0.0160418,1,no,1.2775688372662268e-05,4.38978527208773,8.74697026472046,0.24182621984050226,False,2445450.5,H,0.31076919999999875,0.06921767971769757,1.27675647831893e-15,0.07105228027826949,8.74697026472046,-3.552713678800501e-15,0.24915842470674543
2445465.5,1983-5-11,L,3.6,5.86,0.0,269.0,1.2182941,0.0,1,yes,1.4138552261199591e-05,4.425637990081841,6.381346099082604,0.19582289862836053,False,2445465.5,L+W1,0.7537265965383415,0.13594179346750915,0.46456750346165854,0.13594179346750915,6.381346099082604,-0.5213457515698723,0.19582289862836053
2445465.5,1983-5-11,L,3.5,6.232,0.0,280.0,0.8998392,0.0,1,yes,1.4138552261199591e-05,4.425637990081841,6.437829447236409,0.19670915946973536,False,2445465.5,L+W1,0.7447769931933719,0.13493559087504312,0.15506220680662808,0.13493559087504312,6.437829447236409,-0.20534664027920968,0.19670915946973536
2445465.5,1983-5-11,K,2.2,7.56,0.1,620.0,0.5866671,0.054034,1,no,1.4138552261199591e-05,4.425637990081841,7.681094642531724,0.21759395095513415,False,2445465.5,K,0.5247516737518506,0.10516623601717448,0.061915426248149386,0.11823540228721703,7.681094642531724,-0.12109475348625409,0.23947260280095783
2445465.5,1983-5-11,J,1.25,9.97,0.1,1650.0,0.1716787,0.0158122,1,no,1.4138552261199591e-05,4.425637990081841,9.956918820452644,0.2712154043852059,False,2445465.5,J,0.17167869999999957,0.04288510214615066,4.163336342344337e-16,0.04570730417477907,9.956918820452644,-1.7763568394002505e-15,0.2890636531558936
2445465.5,1983-5-11,H,1.65,8.65,0.1,980.0,0.3398023,0.0312969,1,no,1.4138552261199591e-05,4.425637990081841,8.649999403914507,0.2394832117092243,False,2445465.5,H,0.33980229999999917,0.07495093724751453,8.326672684688674e-16,0.08122277355453249,8.649999403914507,-1.7763568394002505e-15,0.25952304077011185
2445597.5,1983-9-20,L,3.5,6.339,0.0,280.0,0.8159078,0.0,1,yes,1.6901375102775548e-05,5.533026997905321,6.34837268482168,0.19533017172560935,False,2445597.5,L+W1,0.8087400627879541,0.145496976754996,0.007167737212045888,0.145496976754996,6.34837268482168,-0.009580318872917104,0.19533017172560935
2445597.5,1983-9-20,L,3.6,5.86,0.0,269.0,1.2182941,0.0,1,yes,1.6901375102775548e-05,5.533026997905321,6.289894124413156,0.19449306231449817,False,2445597.5,L+W1,0.8199637070880967,0.1468839775991803,0.3983303929119033,0.1468839775991803,6.289894124413156,-0.42989377690042385,0.19449306231449817
2445597.5,1983-9-20,K,2.2,7.66,0.1,620.0,0.5350468,0.0492796,1,no,1.6901375102775548e-05,5.533026997905321,7.642730272713381,0.21498045821460146,False,2445597.5,K,0.5436251999528202,0.1076401376970722,-0.00857839995282017,0.11838445091989347,7.642730272713381,0.0172695235828062,0.23710039522143359
2445597.5,1983-9-20,J,1.25,10.08,0.1,1650.0,0.1551374,0.0142887,1,no,1.6901375102775548e-05,5.533026997905321,10.066918588831047,0.2654297315771671,False,2445597.5,J,0.15513739999999965,0.037926411829246116,3.608224830031759e-16,0.040528751053191606,10.066918588831047,0.0,0.2836422789450243
2445597.5,1983-9-20,H,1.65,8.67,0.1,980.0,0.3335999,0.0307257,1,no,1.6901375102775548e-05,5.533026997905321,8.670000409777527,0.23555695134255714,False,2445597.5,H,0.3335998999999996,0.07237648985803838,3.885780586188048e-16,0.0786283976986733,8.670000409777527,-1.7763568394002505e-15,0.2559044300628651
2445599.5,1983-9-22,L,3.5,6.34,0.1,280.0,0.8150007,0.0750643,1,no,1.4959146324591929e-05,5.185867875033543,6.431492005918653,0.19626458411325404,False,2445599.5,L+W1,0.7491369680848167,0.1354187645587304,0.06586373191518335,0.15483181497709977,6.431492005918653,-0.09149188194681024,0.2202720748918223
2445599.5,1983-9-22,L,3.6,5.86,0.0,269.0,1.2182941,0.0,1,yes,1.4959146324591929e-05,5.185867875033543,6.3734042353751805,0.19539432412312052,False,2445599.5,L+W1,0.7592601140807396,0.13664011218774705,0.4590339859192605,0.13664011218774705,6.3734042353751805,-0.5134038878624487,0.19539432412312052
2445599.5,1983-9-22,K,2.2,7.7,0.1,620.0,0.5156936,0.0474971,1,no,1.4959146324591929e-05,5.185867875033543,7.715321572226683,0.21674995682471915,False,2445599.5,K,0.5084673378499374,0.10150741316607882,0.007226262150062612,0.11207019869741926,7.715321572226683,-0.01532170258474963,0.2387059776870232
2445599.5,1983-9-22,J,1.25,10.12,0.1,1650.0,0.149526,0.0137719,1,no,1.4959146324591929e-05,5.185867875033543,10.10691807161341,0.2693477017430471,False,2445599.5,J,0.1495259999999996,0.037094171009801356,3.885780586188048e-16,0.03956820380702651,10.10691807161341,-1.7763568394002505e-15,0.28731199841681077
2445599.5,1983-9-22,H,1.65,8.73,0.1,980.0,0.3156649,0.0290738,1,no,1.4959146324591929e-05,5.185867875033543,8.72999945499316,0.23821516400011833,False,2445599.5,H,0.3156648999999989,0.06925822828145647,1.1102230246251565e-15,0.07511316816062505,8.72999945499316,-1.7763568394002505e-15,0.2583533711016817
2445631.5,1983-10-24,J,1.25,9.99,0.1,1650.0,0.1685452,0.0155236,1,no,1.3303558027904185e-05,4.24825335872813,9.976918888641423,0.2732720148261372,False,2445631.5,J,0.16854520000000006,0.04242161787681642,-5.551115123125783e-17,0.045172733150061116,9.976918888641423,1.7763568394002505e-15,0.29099414785719757
2445631.5,1983-10-24,H,1.65,8.68,0.1,980.0,0.3305415,0.030444,1,no,1.3303558027904185e-05,4.24825335872813,8.680000205247966,0.2408802123400929,False,2445631.5,H,0.33054150000000043,0.07333356514987925,-4.440892098500626e-16,0.07940181933426704,8.680000205247966,1.7763568394002505e-15,0.26081272341856376
2445631.5,1983-10-24,K,2.2,7.61,0.1,620.0,0.5602624,0.0516021,1,no,1.3303558027904185e-05,4.24825335872813,7.717374814147381,0.218523727740857,False,2445631.5,K,0.5075066810094304,0.10214474869821306,0.05275571899056963,0.11443918214943297,7.717374814147381,-0.10737428372730573,0.24031774713025292
2445631.5,1983-10-24,L,3.5,6.25,0.1,280.0,0.8854377,0.0815518,1,no,1.3303558027904185e-05,4.24825335872813,6.479347075275062,0.19719820735923543,False,2445631.5,L+W1,0.7168349988620595,0.13019606063468087,0.1686027011379405,0.15362848136992535,6.479347075275062,-0.22934702028286047,0.2211043486358783
2445631.5,1983-10-24,L,3.6,5.86,0.0,269.0,1.2182941,0.0,1,yes,1.3303558027904185e-05,4.24825335872813,6.423058101041144,0.19629420394466043,False,2445631.5,L+W1,0.7253189757338179,0.13113306005978081,0.4929751242661822,0.13113306005978081,6.423058101041144,-0.5630577535284118,0.19629420394466043
2446081.5,1985-1-16,L,3.8,6.07,0.0,253.0,0.9443224,0.0,1,yes,1.1665876070474048e-05,3.7768185558421457,6.421336413887913,0.19562861074537638,False,2446081.5,L+W1,0.6832599354935027,0.12311019138239583,0.2610624645064973,0.12311019138239583,6.421336413887913,-0.35133583990541517,0.19562861074537638
2446081.5,1985-1-16,H,1.65,8.73,0.1,980.0,0.3156649,0.0290738,1,no,1.1665876070474048e-05,3.7768185558421457,8.729999454993157,0.24399969111519984,False,2446081.5,H,0.3156648999999999,0.07094001080406886,1.1102230246251565e-16,0.0766666223288949,8.729999454993157,1.7763568394002505e-15,0.26369650976892534
2446081.5,1985-1-16,K,2.2,7.79,0.1,620.0,0.47467,0.0437187,1,no,1.1665876070474048e-05,3.7768185558421457,7.7864336389777,0.2205998647778037,False,2446081.5,K,0.4762316269634489,0.09676073437603921,-0.0015616269634489144,0.10617892656587001,7.7864336389777,0.003566123789768838,0.2422071434536671
2446081.5,1985-1-16,J,1.25,10.01,0.1,1650.0,0.1654689,0.0152402,1,no,1.1665876070474048e-05,3.7768185558421457,9.99691891098943,0.2778602717501693,False,2446081.5,J,0.16546890000000006,0.04234659700828895,-5.551115123125783e-17,0.04500553270679536,9.99691891098943,0.0,0.2953071800973995
2446081.5,1985-1-16,L,3.5,6.74,0.1,280.0,0.563843,0.0519319,1,no,1.1665876070474048e-05,3.7768185558421457,6.564611597057855,0.1982878939066883,False,2446081.5,L+W1,0.6626945401595948,0.12102783723692848,-0.09885154015959485,0.1316991253724126,6.564611597057855,0.17538799849182762,0.2220767634624345
2446098.5,1985-2-2,J,1.25,10.24,0.04,1650.0,0.1272262,0.0046872,1,no,2.5657851473855662e-05,7.917143184873555,10.282268470938076,0.25322810545193575,False,2446098.5,J,0.12722620000000026,0.02967318345714206,-2.498001805406602e-16,0.030041099519178875,10.282268470938076,1.7763568394002505e-15,0.2563678478100885
2446098.5,1985-2-2,H,1.65,8.79,0.03,980.0,0.3273439,0.0090448,1,no,2.5657851473855662e-05,7.917143184873555,8.690554558414158,0.22729153352572568,False,2446098.5,H,0.32734390000000013,0.06852723220910419,-1.1102230246251565e-16,0.06912155930880383,8.690554558414158,0.0,0.22926282126083172
2446098.5,1985-2-2,K,2.2,7.73,0.03,620.0,0.5283396,0.0145986,1,no,2.5657851473855662e-05,7.917143184873555,7.536888722370029,0.20947415181918888,False,2446098.5,K,0.5992888541325493,0.11562249086284734,-0.07094925413254927,0.11654046299585916,7.536888722370029,0.1368075937338089,0.21161148428279736
2446098.5,1985-2-2,L,3.5,6.692,0.0,280.0,0.5893973,0.0,1,yes,2.5657851473855662e-05,7.917143184873555,6.131932545438691,0.19239202218421778,False,2446098.5,L+W1,0.9871542353093143,0.17492333654028136,-0.39775693530931433,0.17492333654028136,6.131932545438691,0.5599421778247748,0.19239202218421778
2446098.5,1985-2-2,L,3.8,6.07,0.04,253.0,0.9443224,0.0347901,1,no,2.5657851473855662e-05,7.917143184873555,5.968846725019622,0.1902932116083118,False,2446098.5,L+W1,1.0365298923397985,0.1816689922256929,-0.09220749233979852,0.18497019704349366,5.968846725019622,0.10115384896287605,0.1944518099278218
2446201.5,1985-5-16,L,3.8,6.07,0.0,253.0,0.9443224,0.0,1,yes,1.0704365523038072e-05,3.558504979009455,6.482840830353317,0.1962921515135451,False,2446201.5,L+W1,0.6456307237143036,0.11672471018810701,0.2986916762856964,0.11672471018810701,6.482840830353317,-0.4128402563708189,0.1962921515135451
2446201.5,1985-5-16,L,3.5,6.41,0.1,280.0,0.764114,0.0703775,1,no,1.0704365523038072e-05,3.558504979009455,6.625634091891617,0.1990278716619138,False,2446201.5,L+W1,0.626475937327707,0.11484020879778295,0.13763806267229295,0.13468951727201484,6.625634091891617,-0.21563440564783054,0.22273772401250586
2446201.5,1985-5-16,J,1.25,10.05,0.1,1650.0,0.1594838,0.014689,1,no,1.0704365523038072e-05,3.558504979009455,10.0369184230537,0.2809790039681332,False,2446201.5,J,0.15948379999999984,0.04127300819174178,1.6653345369377348e-16,0.043808993667916914,10.0369184230537,-1.7763568394002505e-15,0.29824352578207664
2446201.5,1985-5-16,H,1.65,8.78,0.1,980.0,0.3014576,0.0277653,1,no,1.0704365523038072e-05,3.558504979009455,8.779999596058577,0.24612240727340734,False,2446201.5,H,0.3014575999999993,0.0683365534627192,6.661338147750939e-16,0.07376175447515522,8.779999596058577,-1.7763568394002505e-15,0.265661889178815
2446201.5,1985-5-16,K,2.2,7.77,0.1,620.0,0.4834946,0.0445315,1,no,1.0704365523038072e-05,3.558504979009455,7.8425488270233235,0.22201270276110444,False,2446201.5,K,0.4522433179077894,0.09247528163318894,0.03125128209221062,0.10263884355051753,7.8425488270233235,-0.07254867314479263,0.2434946409826929
2446481.5,1986-2-20,J,1.25,10.17,0.02,1650.0,0.135699,0.0024997,1,no,2.1102295878697576e-05,6.919652693742118,10.212268242418624,0.25871917168088776,False,2446481.5,J,0.13569899999999976,0.03233560115621801,2.220446049250313e-16,0.03243207674855262,10.212268242418624,0.0,0.25949105918170795
2446481.5,1986-2-20,H,1.65,8.8,0.01,980.0,0.3243427,0.0029873,1,no,2.1102295878697576e-05,6.919652693742118,8.700554870018491,0.23100912174583557,False,2446481.5,H,0.3243427000000002,0.06900950888744145,-2.220446049250313e-16,0.06907413610155295,8.700554870018491,1.7763568394002505e-15,0.23122546211389064
2446481.5,1986-2-20,K,2.2,7.75,0.01,620.0,0.5186962,0.0047774,1,no,2.1102295878697576e-05,6.919652693742118,7.598732070647803,0.21195182151342856,False,2446481.5,K,0.5661074382444667,0.1105125740326079,-0.04741123824446669,0.11061578806875917,7.598732070647803,0.0949644872543951,0.21218759304648394
2446481.5,1986-2-20,L,3.8,6.0,0.03,253.0,1.007211,0.0278303,1,no,2.1102295878697576e-05,6.919652693742118,6.080821221792526,0.19150843398714168,False,2446481.5,L+W1,0.93495785024916,0.1649132753983172,0.07225314975084007,0.1672450716783344,6.080821221792526,-0.080821069260395,0.19384395860641984
2447286.5,1988-5-5,L,3.5,6.08,0.0,280.0,1.0355191,0.0,1,yes,2.713875654122411e-05,7.384822886415094,6.057380877389908,0.1920240904755353,False,2447286.5,L+W1,1.0573181329211465,0.1869980497359426,-0.0217990329211466,0.1869980497359426,6.057380877389908,0.02261891646003633,0.1920240904755353
2447286.5,1988-5-5,K,2.2,7.51,0.01,620.0,0.647013,0.0059592,1,no,2.713875654122411e-05,7.384822886415094,7.426569201276642,0.20879374025781403,False,2447286.5,K,0.6633824974362319,0.12757252844132302,-0.01636949743623195,0.12771163642187103,7.426569201276642,0.02712750560579913,0.2090330738683415
2447286.5,1988-5-5,L,3.8,5.7,0.02,253.0,1.327763,0.0244583,1,no,2.713875654122411e-05,7.384822886415094,5.898334005776114,0.18995461097391844,False,2447286.5,L+W1,1.1060809660868933,0.19351402182033436,0.2216820339131067,0.1950535441358881,5.898334005776114,-0.19833410845544197,0.19100459217058813
2447286.5,1988-5-5,J,1.25,10.03,0.02,1650.0,0.1543749,0.0028437,1,no,2.713875654122411e-05,7.384822886415094,10.07226813733654,0.25172042768838343,False,2447286.5,J,0.15437490000000048,0.03579075256222875,-4.718447854656915e-16,0.03590354576724539,10.07226813733654,1.7763568394002505e-15,0.25251370995576194
2447286.5,1988-5-5,H,1.65,8.64,0.01,980.0,0.375841,0.0034616,1,no,2.713875654122411e-05,7.384822886415094,8.540554801825675,0.2262712425468987,False,2447286.5,H,0.3758410000000007,0.07832658586623627,-7.216449660063518e-16,0.07840304029832569,8.540554801825675,3.552713678800501e-15,0.22649210848000303
2447328.5,1988-6-16,J,1.25,9.88,0.1,1650.0,0.1865161,0.0171788,1,no,1.5308130622376305e-05,4.427944054621763,9.866919045784657,0.26859473416270335,False,2447328.5,J,0.18651609999999963,0.04614126532487172,3.608224830031759e-16,0.04923542967437382,9.866919045784657,-1.7763568394002505e-15,0.2866062302531703
2447328.5,1988-6-16,H,1.65,8.57,0.1,980.0,0.3657852,0.0336901,1,no,1.5308130622376305e-05,4.427944054621763,8.569999865360307,0.23770411241464687,False,2447328.5,H,0.3657851999999993,0.080082662730938,6.661338147750939e-16,0.08688069813305581,8.569999865360307,-1.7763568394002505e-15,0.25788223098700513
2447328.5,1988-6-16,K,2.2,7.48,0.1,620.0,0.6315265,0.0581657,1,no,1.5308130622376305e-05,4.427944054621763,7.608051424196899,0.2164097918257497,False,2447328.5,K,0.5612690825604139,0.11187259371367042,0.07025741743958613,0.12609014981636738,7.608051424196899,-0.12805114810046891,0.2383971434352021
2447328.5,1988-6-16,L,3.5,6.08,0.1,280.0,1.0355191,0.0953748,1,no,1.5308130622376305e-05,4.427944054621763,6.371483548590932,0.1960852115595601,False,2447328.5,L+W1,0.7917072316401957,0.1429832396940147,0.24381186835980417,0.17187367252850583,6.371483548590932,-0.2914837547409883,0.22011226724641553
2447328.5,1988-6-16,L,3.8,5.7,0.0,253.0,1.327763,0.0,1,yes,1.5308130622376305e-05,4.427944054621763,6.226768993014016,0.19364832154343994,False,2447328.5,L+W1,0.8173591410317941,0.1457814753393574,0.510403858968206,0.1457814753393574,6.226768993014016,-0.5267690956933437,0.19364832154343994
2447576.5,1989-2-19,L,3.5,5.57,0.0,280.0,1.656372,0.0,1,yes,5.636712366469738e-05,11.779176291545818,5.70275206803038,0.18764604699606607,False,2447576.5,L+W1,1.4657408917874062,0.2533216476148242,0.19063110821259377,0.2533216476148242,5.70275206803038,-0.13275169067021597,0.18764604699606607
2447576.5,1989-2-19,L,3.8,5.25,0.01,253.0,2.0096498,0.0185096,1,no,5.636712366469738e-05,11.779176291545818,5.520344207174089,0.18579099508941813,False,2447576.5,L+W1,1.5666891591882026,0.2680915830252003,0.4429606408117974,0.26872979399597263,5.520344207174089,-0.27034386472814376,0.18605992006962754
2447576.5,1989-2-19,K,2.2,7.31,0.01,620.0,0.777881,0.0071645,1,no,5.636712366469738e-05,11.779176291545818,7.289093931231489,0.20104547660739364,False,2447576.5,K,0.7529291597570574,0.13941968694751553,0.024951840242942613,0.13960365027030358,7.289093931231489,-0.03539761706733824,0.20129402292242576
2447576.5,1989-2-19,H,1.65,8.75,0.01,980.0,0.3396286,0.0031281,1,no,5.636712366469738e-05,11.779176291545818,8.650554552003516,0.21468332109772276,False,2447576.5,H,0.3396285999999998,0.06715498246096786,2.220446049250313e-16,0.06722779692168189,8.650554552003516,0.0,0.2149160960876312
2447576.5,1989-2-19,J,1.25,10.52,0.01,1650.0,0.0983053,0.0009054,1,no,5.636712366469738e-05,11.779176291545818,10.562267528347489,0.2345922913212483,False,2447576.5,J,0.09830530000000004,0.021240578949985545,-4.163336342344337e-17,0.021259866963143702,10.562267528347489,0.0,0.23480533032142484
2447616.5,1989-3-31,J,1.25,10.77,0.03,1650.0,0.0780867,0.0021576,1,no,5.8415652406639145e-05,12.79065487940246,10.812267186484462,0.23386448825496942,False,2447616.5,J,0.07808669999999972,0.0168196529276533,2.7755575615628914e-16,0.016957475117679408,10.812267186484462,-3.552713678800501e-15,0.2357808280305223
2447616.5,1989-3-31,H,1.65,8.9,0.02,980.0,0.2958042,0.0054489,1,no,5.8415652406639145e-05,12.79065487940246,8.800554349055774,0.21419065300209458,False,2447616.5,H,0.2958041999999994,0.058355330218426774,6.106226635438361e-16,0.058609172286525534,8.800554349055774,-1.7763568394002505e-15,0.21512237408847942
2447616.5,1989-3-31,K,2.2,7.34,0.01,620.0,0.7566814,0.0069693,1,no,5.8415652406639145e-05,12.79065487940246,7.373426040565897,0.2007148543431867,False,2447616.5,K,0.6966606381644322,0.12878831699911455,0.060020761835567704,0.12897674882688903,7.373426040565897,-0.08972946356472544,0.20096380956283313
2447616.5,1989-3-31,L,3.5,5.57,0.0,280.0,1.656372,0.0,1,yes,5.8415652406639145e-05,12.79065487940246,5.728606792459821,0.18744541515447796,False,2447616.5,L+W1,1.4312493892454927,0.24709605775417579,0.22512261075450724,0.24709605775417579,5.728606792459821,-0.15860641509965756,0.18744541515447796
2447616.5,1989-3-31,L,3.8,5.26,0.09,253.0,1.9912254,0.1650588,1,no,5.8415652406639145e-05,12.79065487940246,5.53973444014824,0.18559157104522164,False,2447616.5,L+W1,1.538957920403696,0.26306354800412723,0.452267479596304,0.310558911876571,5.53973444014824,-0.27973419591057347,0.20626252990553942
2447630.5,1989-4-14,L,3.5,5.57,0.05,280.0,1.7155281,0.079003,1,no,4.103282086201103e-05,9.991289108123201,5.861655908132955,0.18947024809925853,False,2447630.5,L+W1,1.2661806378106601,0.2209593440221575,0.44934746218933985,0.23465827434740535,5.861655908132955,-0.329755420040887,0.19595656384718166
2447630.5,1989-4-14,L,3.8,5.26,0.0,253.0,1.9912254,0.0,1,yes,4.103282086201103e-05,9.991289108123201,5.688665843390277,0.18756377121200996,False,2447630.5,L+W1,1.3416961816711848,0.23178152718142303,0.6495292183288153,0.23178152718142303,5.688665843390277,-0.4286655991526107,0.18756377121200996
2447630.5,1989-4-14,H,1.6,8.77,0.03,1020.0,0.316665,0.0087498,1,no,4.103282086201103e-05,9.991289108123201,8.770000267397945,0.2213823271569823,False,2447630.5,H,0.31666500000000003,0.06456820203834224,-5.551115123125783e-17,0.06515835874624362,8.770000267397945,1.7763568394002505e-15,0.22340576263257209
2447630.5,1989-4-14,J,1.2,10.57,0.03,1600.0,0.0946498,0.0026153,1,no,4.103282086201103e-05,9.991289108123201,10.570000705105489,0.24558011786992895,False,2447630.5,J,0.09464980000000017,0.02140861559050926,-1.6653345369377348e-16,0.02156776797891233,10.570000705105489,1.7763568394002505e-15,0.2474057280925569
2447630.5,1989-4-14,K,2.2,7.29,0.03,620.0,0.7971963,0.0220273,1,no,4.103282086201103e-05,9.991289108123201,7.3596323056150545,0.20417169506377217,False,2447630.5,K,0.7055678236788437,0.1326813805339189,0.09162847632115623,0.1344974002933759,7.3596323056150545,-0.13256626776181868,0.2063639529210806
2448284.5,1991-1-28,J,1.25,10.09,0.01,1650.0,0.1460753,0.0013454,1,no,7.664376521283292e-05,11.319820485870805,10.132267893261941,0.2286207160679383,False,2448284.5,J,0.14607530000000027,0.030758705051452707,-2.7755575615628914e-16,0.03078811520054877,10.132267893261941,1.7763568394002505e-15,0.22883931440077526
2448284.5,1991-1-28,H,1.65,8.39,0.01,980.0,0.4731557,0.0043579,1,no,7.664376521283292e-05,11.319820485870805,8.290554998465412,0.2106388963977465,False,2448284.5,H,0.47315570000000096,0.09179485222610392,-9.43689570931383e-16,0.09189823821827194,8.290554998465412,3.552713678800501e-15,0.21087613586098494
2448284.5,1991-1-28,K,2.2,7.01,0.01,620.0,1.0254465,0.0094447,1,no,7.664376521283292e-05,11.319820485870805,6.976046713150298,0.19832668167366418,False,2448284.5,K,1.0045533452626585,0.18349736396098568,0.020893154737341435,0.18374026488149092,6.976046713150298,-0.02235000718493918,0.19857863093416403
2448284.5,1991-1-28,L,3.8,4.97,0.02,253.0,2.6008818,0.04791,1,no,7.664376521283292e-05,11.319820485870805,5.256624253526594,0.1840522904077148,False,2448284.5,L+W1,1.9974265568960858,0.3386006021599121,0.603455243103914,0.3419732970321734,5.256624253526594,-0.28662448969437726,0.18513574912567748
2448309.5,1991-2-22,L,3.8,5.01,0.02,253.0,2.5068038,0.046177,1,no,6.184779010162865e-05,11.359241748729437,5.427226424964263,0.18527170468925827,False,2448309.5,L+W1,1.7069859684234177,0.2912827249054513,0.7998178315765825,0.2949202284641473,5.427226424964263,-0.41722598293564506,0.18634807366448336
2448309.5,1991-2-22,H,1.65,8.59,0.02,980.0,0.3935539,0.0072495,1,no,6.184779010162865e-05,11.359241748729437,8.490554638030233,0.21341551302294842,False,2448309.5,H,0.39355389999999896,0.07735811618199889,1.0547118733938987e-15,0.07769706165279121,8.490554638030233,-3.552713678800501e-15,0.21435060344876164
2448309.5,1991-2-22,J,1.25,10.31,0.02,1650.0,0.1192825,0.0021973,1,no,6.184779010162865e-05,11.359241748729437,10.352268028620383,0.23271958185467936,False,2448309.5,J,0.1192824999999997,0.02556732786557919,3.0531133177191805e-16,0.02566157402569106,10.352268028620383,-1.7763568394002505e-15,0.23357740425524215
2448309.5,1991-2-22,K,2.2,7.14,0.02,620.0,0.9097315,0.0167579,1,no,6.184779010162865e-05,11.359241748729437,7.162263081943281,0.2001943846915224,False,2448309.5,K,0.8462261792111102,0.1560321268781543,0.06350532078888982,0.15692944857651936,7.162263081943281,-0.07856693989414598,0.20119093334943614
2448310.5,1991-2-23,J,1.25,10.47,0.01,1650.0,0.1029382,0.0009481,1,no,6.0157315144730326e-05,11.829817410694936,10.512268436005414,0.2332724204749483,False,2448310.5,J,0.10293820000000009,0.022116461593618558,-9.71445146547012e-17,0.02213677408820004,10.512268436005414,3.552713678800501e-15,0.23348666376099747
2448310.5,1991-2-23,H,1.65,8.7,0.01,980.0,0.3556348,0.0032755,1,no,6.0157315144730326e-05,11.829817410694936,8.600554560535173,0.2137898232173876,False,2448310.5,H,0.3556348000000005,0.07002723192682758,-4.996003610813204e-16,0.07010379527232245,8.600554560535173,1.7763568394002505e-15,0.21402356999013414
2448310.5,1991-2-23,K,2.2,7.21,0.01,620.0,0.8529295,0.0078558,1,no,6.0157315144730326e-05,11.829817410694936,7.239291081797634,0.20044576103884118,False,2448310.5,K,0.7882704688160271,0.14552841964174135,0.06465903118397287,0.14574029819189602,7.239291081797634,-0.08559469673776299,0.20069505005963706
2448310.5,1991-2-23,L,3.8,5.07,0.01,253.0,2.3720312,0.0218472,1,no,6.0157315144730326e-05,11.829817410694936,5.4712694715759564,0.1854271350234538,False,2448310.5,L+W1,1.6391274846799817,0.27993790028409143,0.7329037153200182,0.28078911688900254,5.4712694715759564,-0.4012691614575319,0.1856965869449575
2448314.5,1991-2-27,L,3.8,5.02,0.02,253.0,2.4838216,0.0457537,1,no,6.138255947275141e-05,12.041972131827427,5.465336743607406,0.18531408616928832,False,2448314.5,L+W1,1.6481085929855768,0.2813001320932389,0.8357130070144234,0.2849967813491297,5.465336743607406,-0.44533643943935175,0.18639021039946926
2448314.5,1991-2-27,K,2.2,7.24,0.01,620.0,0.8296851,0.0076417,1,no,6.138255947275141e-05,12.041972131827427,7.246197122150684,0.20026263829476432,False,2448314.5,K,0.7832724305997888,0.144473586464228,0.04641266940021116,0.14467554307735211,7.246197122150684,-0.06250112548380127,0.20051215498512706
2448314.5,1991-2-27,J,1.25,10.51,0.01,1650.0,0.0992149,0.0009138,1,no,6.138255947275141e-05,12.041972131827427,10.552267613066338,0.23286966407170712,False,2448314.5,J,0.09921490000000023,0.021279699739823084,-2.3592239273284576e-16,0.021299311055924475,10.552267613066338,1.7763568394002505e-15,0.23308427755828948
2448314.5,1991-2-27,H,1.65,8.72,0.02,980.0,0.3491437,0.0064315,1,no,6.138255947275141e-05,12.041972131827427,8.620554664294808,0.213517132940035,False,2448314.5,H,0.34914370000000117,0.06866139443575349,-1.1657341758564144e-15,0.06896195529501843,8.620554664294808,3.552713678800501e-15,0.2144517802652442
2448518.5,1991-9-19,J,1.25,11.27,0.04,1650.0,0.0492693,0.0018151,1,no,9.689520974782314e-05,16.29810308836649,11.312268880476521,0.22448476988445584,False,2448518.5,J,0.04926930000000007,0.0101868275409791,-6.938893903907228e-17,0.0103472722666242,11.312268880476521,1.7763568394002505e-15,0.2280206392195169
2448518.5,1991-9-19,H,1.65,9.08,0.03,980.0,0.2506134,0.0069247,1,no,9.689520974782314e-05,16.29810308836649,8.98055446801216,0.20783387154065713,False,2448518.5,H,0.2506133999999998,0.04797293574047347,1.6653345369377348e-16,0.04847013548206356,8.98055446801216,0.0,0.20998790003135506
2448518.5,1991-9-19,K,2.2,7.26,0.03,620.0,0.8145414,0.0225066,1,no,9.689520974782314e-05,16.29810308836649,7.344395774542533,0.19643283905652387,False,2448518.5,K,0.7155391153224819,0.1294562889796055,0.09900228467751804,0.13139816513152355,7.344395774542533,-0.14069945759735614,0.19871049358251366
2448518.5,1991-9-19,L,3.8,4.82,0.04,253.0,2.9862106,0.1100161,1,no,9.689520974782314e-05,16.29810308836649,5.307897603318428,0.18266425951055681,False,2448518.5,L+W1,1.905291718853866,0.3205462795206025,1.080918881146134,0.33890036821123437,5.307897603318428,-0.48789738218751655,0.18699259798863707
2448642.5,1992-1-21,J,1.25,10.57,0.02,1650.0,0.0938808,0.0017293,1,no,0.00012601576612292597,14.690740602018638,10.612267906138452,0.22024197080584187,False,2448642.5,J,0.09388080000000039,0.019043753282073972,-3.885780586188048e-16,0.01912210808353784,10.612267906138452,5.329070518200751e-15,0.22114819851050405
2448642.5,1992-1-21,H,1.65,8.56,0.01,980.0,0.4045796,0.0037263,1,no,0.00012601576612292597,14.690740602018638,8.460555237526311,0.2049515604880431,False,2448642.5,H,0.40457960000000126,0.0763714242909497,-1.27675647831893e-15,0.07646227671158022,8.460555237526311,3.552713678800501e-15,0.2051953755484855
2448642.5,1992-1-21,K,2.2,6.95,0.01,620.0,1.0837103,0.0099813,1,no,0.00012601576612292597,14.690740602018638,6.943502784206434,0.1944752596010047,False,2448642.5,K,1.0351197043521956,0.18540891640143237,0.048590595647804324,0.1856773885825717,6.943502784206434,-0.049806563184187524,0.19473219198909608
2448642.5,1992-1-21,L,3.8,4.66,0.01,253.0,3.4603543,0.031871,1,no,0.00012601576612292597,14.690740602018638,5.028644839827205,0.18099951189858302,False,2448642.5,L+W1,2.4641241507751803,0.4107860331020048,0.9962301492248198,0.4120205403043414,5.028644839827205,-0.36864495630991456,0.18127554525507653
2448756.5,1992-5-14,L,3.8,4.694,0.0,253.0,3.3551073,0.0,1,yes,0.00010533044896215715,13.130505022890864,5.093870422640075,0.18215000606412549,False,2448756.5,L+W1,2.320450733297615,0.38929356255170994,1.0346565667023846,0.38929356255170994,5.093870422640075,-0.40033515454930413,0.18215000606412549
2448756.5,1992-5-14,K,2.18,6.86,0.01,653.0,1.1773701,0.010844,1,no,0.00010533044896215715,13.130505022890864,6.994259177694272,0.196080718447307,False,2448756.5,K,1.0404219600022273,0.18789710107441687,0.13694813999777278,0.18820975779212307,6.994259177694272,-0.1342587306432561,0.19633554988033136
2448756.5,1992-5-14,J,1.24,10.35,0.01,1587.0,0.1149679,0.0010589,1,no,0.00010533044896215715,13.130505022890864,10.350000820326773,0.22367088102272395,False,2448756.5,J,0.11496789999999991,0.023684364000794243,8.326672684688674e-17,0.023708023269182907,10.350000820326773,1.7763568394002505e-15,0.2238943121597365
2448756.5,1992-5-14,H,1.64,8.46,0.01,1074.0,0.443613,0.0040858,1,no,0.00010533044896215715,13.130505022890864,8.46000004194361,0.20717730791022426,False,2448756.5,H,0.4436130000000005,0.08464905811485998,-4.996003610813204e-16,0.08474760646397597,8.46000004194361,1.7763568394002505e-15,0.20741850667895542
2448881.5,1992-9-16,L,3.8,4.73,0.02,253.0,3.2442958,0.0597621,1,no,6.316234767146418e-05,12.850532587248155,5.480856011453677,0.18515350688227522,False,2448881.5,L+W1,1.6247184661948346,0.27706759744590026,1.6195773338051656,0.28343952115196186,5.480856011453677,-0.7508558193187538,0.18623055901436997
2448881.5,1992-9-16,J,1.25,10.71,0.03,1650.0,0.0825234,0.0022802,1,no,6.316234767146418e-05,12.850532587248155,10.752267078556226,0.23230365788406365,False,2448881.5,J,0.08252339999999994,0.01765667166390602,5.551115123125783e-17,0.017803296500563646,10.752267078556226,0.0,0.23423276770408552
2448881.5,1992-9-16,H,1.65,8.84,0.01,980.0,0.312611,0.0028793,1,no,6.316234767146418e-05,12.850532587248155,8.74055455000692,0.21313387758695018,False,2448881.5,H,0.3126109999999996,0.06136665086265294,4.440892098500626e-16,0.06143416156006967,8.74055455000692,0.0,0.2133683429547342
2448881.5,1992-9-16,K,2.2,7.15,0.01,620.0,0.9013907,0.0083021,1,no,6.316234767146418e-05,12.850532587248155,7.313661483760465,0.2000051887718547,False,2448881.5,K,0.7360835224916978,0.13559511345631164,0.16530717750830215,0.13584903259736533,7.313661483760465,-0.21996494244542308,0.2002550262432013
2449182.5,1993-7-14,J,1.25,10.15,0.05,1650.0,0.1382219,0.0063654,1,no,5.120312238040773e-05,10.128550241922078,10.192267714306094,0.23659792726780235,False,2449182.5,J,0.1382219000000002,0.03012058997360485,-1.942890293094024e-16,0.0307858450837073,10.192267714306094,3.552713678800501e-15,0.24182344631449676
2449182.5,1993-7-14,H,1.65,8.54,0.02,980.0,0.4121015,0.0075912,1,no,5.120312238040773e-05,10.128550241922078,8.440554700963094,0.21604071497229244,False,2449182.5,H,0.4121015000000013,0.08200030754338519,-1.27675647831893e-15,0.08235093657421119,8.440554700963094,3.552713678800501e-15,0.21696449139372853
2449182.5,1993-7-14,K,2.2,7.1,0.02,620.0,0.9438724,0.0173868,1,no,5.120312238040773e-05,10.128550241922078,7.184038932291076,0.20195573776428255,False,2449182.5,K,0.8294230808776801,0.15427941841056295,0.11444931912231981,0.15525604580608623,7.184038932291076,-0.14034292596036124,0.2029436375349463
2449182.5,1993-7-14,L,3.8,4.83,0.02,253.0,2.9588332,0.0545037,1,no,5.120312238040773e-05,10.128550241922078,5.51877923714493,0.1863265509367081,False,2449182.5,L+W1,1.5689489985801715,0.2692521942437847,1.3898842014198285,0.27471330040386244,5.51877923714493,-0.6887791420027067,0.18739686119028162
2450996.5,1998-7-2,J,1.221,10.301,0.04,1595.0,0.1208818,0.0044534,1,no,3.2859934004148896e-05,8.337627649142416,10.215297946080257,0.2179359519862849,True,2450996.5,J,0.13081016966671155,0.02625705832675354,-0.009928369666711553,0.026632046176261737,10.215297946080257,0.08570147671415285,0.2215763506517974
2450996.5,1998-7-2,K,2.144,7.283,0.06,665.0,0.8121225,0.0448795,1,no,3.2859934004148896e-05,8.337627649142416,7.488887522230613,0.18156416760072613,True,2450996.5,K,0.6718412052707398,0.11234984028374052,0.1402812947292602,0.12098204880077047,7.488887522230613,-0.20588726613189934,0.19122119902496315
2451121.5,1998-11-4,K,2.144,7.215,0.07,665.0,0.8646125,0.0557436,1,no,3.159593260005167e-05,8.214217878416143,7.508967933347729,0.1967085204437935,True,2451121.5,K,0.6595298738119235,0.1194904849792004,0.2050826261880765,0.13185342218359186,7.508967933347729,-0.29396759505889847,0.20879234184994988
2451121.5,1998-11-4,J,1.221,10.327,0.07,1595.0,0.1180214,0.0076091,1,no,3.159593260005167e-05,8.214217878416143,10.220519185368136,0.23652320810696895,True,2451121.5,J,0.1301826216565249,0.028359753666717256,-0.01216122165652489,0.029362800119315646,10.220519185368136,0.1064806280007673,0.246664200834277
2451319.5,1999-5-21,J,1.235,10.178,0.025,1594.0,0.1352969,0.0031153,1,no,2.959375437596168e-05,8.018736801585728,10.17800117788045,0.250771017845871,False,2451319.5,J,0.13529689999999947,0.031249341392229974,5.273559366969494e-16,0.03140424225384427,10.17800117788045,-3.552713678800501e-15,0.2520140936365547
2451319.5,1999-5-21,H,1.662,8.599,0.031,1024.0,0.3721345,0.0106252,1,no,2.959375437596168e-05,8.018736801585728,8.599000054995901,0.22421596349519857,False,2451319.5,H,0.37213449999999865,0.07684969433794588,1.3322676295501878e-15,0.07758073468894008,8.599000054995901,-3.552713678800501e-15,0.22634884202504818
2451319.5,1999-5-21,K,2.159,7.176,0.021,666.8,0.8986599,0.0173816,1,no,2.959375437596168e-05,8.018736801585728,7.534186701848647,0.20867699724432381,False,2451319.5,K,0.6461314944536009,0.12418557979062855,0.2525284055463991,0.12539608545123954,7.534186701848647,-0.3581861315477717,0.20973099241387175
2452803.5,2003-6-13,J,1.235,9.809,0.2,1594.0,0.190059,0.0350102,1,no,3.0020846266783538e-05,11.966266454947775,11.29816952329353,0.19319645830041493,True,2452803.5,J,0.048219256289249446,0.008580159246912364,0.14183974371075056,0.03604626522598944,11.29816952329353,-1.4891698303528642,0.27807350017544635
2452803.5,2003-6-13,K,2.159,7.484,0.2,666.8,0.6766989,0.1246525,1,no,3.0020846266783538e-05,11.966266454947775,7.983394071345487,0.1609755039945808,True,2452803.5,K,0.42720660889575085,0.06333932577308608,0.24949229110424914,0.13982172916123992,7.983394071345487,-0.49939376975985805,0.25673549206587953
2453154.5,2004-5-29,K,2.2,7.21,0.08,620.0,0.8424801,0.0620762,1,no,3.012186328408709e-05,12.899947660021951,7.960359259566701,0.16155145436562002,True,2453154.5,K,0.4057401502317256,0.06037185743388064,0.43673994976827435,0.08659223854628548,7.960359259566701,-0.7932791640941668,0.18027443636757545
2453154.5,2004-5-29,L,3.77,4.98,0.06,249.0,2.5362926,0.1401607,1,no,3.012186328408709e-05,12.899947660021951,6.064056526400651,0.14756599553220165,True,2453154.5,L+W1,0.9344944717441168,0.12701023180209736,1.601798128255883,0.18914708775688963,6.064056526400651,-1.084056545127119,0.15929759269182242
2454310.5,2007-7-29,K,2.2,10.78,0.16,620.0,0.0320306,0.0047202,1,no,3.045455750631759e-05,15.974977497816106,8.299753171639562,0.2107609110848602,True,2454310.5,K,0.29681812740850244,0.05761773318874829,-0.2647875274085024,0.05781075562427623,8.299753171639562,2.417313367150504,0.26461323028397565
2454567.5,2008-4-11,J,1.235,12.63,0.16,1594.0,0.0141413,0.0020839,1,no,3.052852153323216e-05,16.65861302403851,12.629997453426105,0.24995951889153456,False,2454567.5,J,0.014141299999999996,0.003255627406556178,5.204170427930421e-18,0.0038654558619029278,12.629997453426105,0.0,0.2967823463154226
2454567.5,2008-4-11,H,1.662,10.11,0.09,1024.0,0.0925337,0.0076704,1,no,3.052852153323216e-05,16.65861302403851,10.110000071681341,0.22368162184481077,False,2454567.5,H,0.09253370000000015,0.01906364363700309,-1.5265566588595902e-16,0.020548906172316046,10.110000071681341,3.552713678800501e-15,0.2411088300977899
2454567.5,2008-4-11,K,2.159,8.16,0.14,666.8,0.3630744,0.0468166,1,no,3.052852153323216e-05,16.65861302403851,8.517603719108276,0.20830714259443484,False,2454567.5,K,0.26118853142909665,0.050111101040931263,0.10188586857090337,0.06857781334436396,8.517603719108276,-0.35760381206376124,0.25098180343574356
2455258.5,2010-3-3,W1,3.4,8.202,0.006,309.54,0.1620935,0.0009225,1,no,6.749021513759066e-07,1.6157021270103817,9.199845819632618,0.22567229909819292,True,2455258.5,L+W1,0.06468125686789059,0.013444120111283741,0.09741224313210942,0.013475732700548195,9.199845819632618,-0.9974678736233784,0.22575204668012258
2455271.5,2010-3-16,W1,3.4,8.18,0.0,309.54,0.1653937,0.0,1,yes,1.1325663478526946e-07,1.332695120264557,11.224067689509392,0.3017990798751735,False,2455271.5,L+W1,0.010025122831322533,0.0027866555733054373,0.15536857716867747,0.0027866555733054373,11.224067689509392,-3.043573150993206,0.3017990798751735
2455271.5,2010-3-16,K,2.159,12.273,0.07,666.8,0.0082186,0.0005299,1,no,1.1325663478526946e-07,1.332695120264557,13.366526111125456,0.4112166056671447,False,2455271.5,K,0.0030018234552005797,0.0011369240950517912,0.00521677654479942,0.0012543485990382955,13.366526111125456,-1.093531742761531,0.4171319896344656
2455271.5,2010-3-16,J,1.235,17.646,0.04,1594.0,0.0001393,5.1e-06,1,no,1.1325663478526946e-07,1.332695120264557,17.64634300159032,0.6541054971051629,False,2455271.5,J,0.0001393000000000005,8.39217623465432e-05,-5.149960319306146e-19,8.407658529786802e-05,17.64634300159032,3.552713678800501e-15,0.6553274001163023
2455271.5,2010-3-16,H,1.662,15.087,0.09,1024.0,0.0009451,7.83e-05,1,no,1.1325663478526946e-07,1.332695120264557,15.08705548368484,0.506848750528718,False,2455271.5,H,0.0009451000000000036,0.00044119626114098826,-3.577867169202165e-18,0.0004480904270845195,15.08705548368484,3.552713678800501e-15,0.5147772876813066
2455379.5,2010-7-2,H,1.662,15.86,0.22,1024.0,0.0004638,9.4e-05,1,no,2.266229910322756e-07,2.137004270452048,13.841682051971102,0.3392836488065016,True,2455379.5,H,0.0029759603173222606,0.0009299631630036519,-0.0025121603173222607,0.0009347018158449019,13.841682051971102,2.018240978873507,0.40436789480305374
2455379.5,2010-7-2,K,2.159,12.66,0.09,666.8,0.0057543,0.000477,1,no,2.266229910322756e-07,2.137004270452048,12.326007841156123,0.2789237505928463,True,2455379.5,K,0.007826948111596392,0.0020107294142119887,-0.0020726481115963917,0.002066533759021925,12.326007841156123,0.33399988659662583,0.29308438826518945
2455379.5,2010-7-2,W1,3.4,7.994,0.0,309.54,0.1964647,0.0,1,yes,2.266229910322756e-07,2.137004270452048,10.422496999434923,0.2113725375540441,True,2455379.5,L+W1,0.020975773195620905,0.004083590828127714,0.17548892680437908,0.004083590828127714,10.422496999434923,-2.428916377309082,0.2113725375540441
2455423.5,2010-8-15,W1,3.4,7.917,0.0,309.54,0.2107389,0.0,1,yes,2.728092843180929e-07,2.4646857760839884,10.22733816832702,0.21191854507187885,True,2455423.5,L+W1,0.025106230451823558,0.004900339333139394,0.18563266954817645,0.004900339333139394,10.22733816832702,-2.3099079947379346,0.21191854507187885
2455423.5,2010-8-15,K,2.159,12.573,0.038,666.8,0.0062344,0.0002182,1,no,2.728092843180929e-07,2.4646857760839884,12.08406862055812,0.2771664184695394,True,2455423.5,K,0.009780659570245242,0.0024968038935006326,-0.003546259570245242,0.002506320195545637,12.08406862055812,0.4889336992539821,0.2797592242040141
2455440.5,2010-9-1,W1,3.4,7.888,0.01,309.54,0.216587,0.0020046,1,no,2.906539885421587e-07,2.5912899941690566,10.162612724379418,0.2131406273760439,True,2455440.5,L+W1,0.026648433741415636,0.0052313479658712995,0.18993856625858435,0.005602269424083939,10.162612724379418,-2.2749017432818706,0.21337508532688063
2455694.5,2011-5-13,K,2.159,12.377,0.034,666.8,0.0074679,0.0002339,1,no,5.572748634193769e-07,4.482905958498897,11.318225520275929,0.2921905599656736,True,2455694.5,K,0.01980183252144375,0.005329018694809085,-0.012333932521443752,0.005334149366077475,11.318225520275929,1.0587672230324507,0.29416206984085136
2455695.5,2011-5-14,K,2.159,12.409,0.034,666.8,0.007251,0.0002271,1,no,5.583245519031455e-07,4.490353265445077,11.31660438805788,0.29221964901088293,True,2455695.5,K,0.019831421077161283,0.0053375128149531345,-0.012580421077161282,0.005342341945232347,11.31660438805788,1.0923898270137578,0.29419096394696354
2455697.5,2011-5-16,K,2.159,12.411,0.037,666.8,0.0072376,0.0002466,1,no,5.604239288706826e-07,4.505247879337438,11.313378286411224,0.29227727045442614,True,2455697.5,K,0.019890434790519267,0.005354451627612263,-0.012652834790519266,0.005360127217934255,11.313378286411224,1.097624248207092,0.2946099163712752
2455698.5,2011-5-17,K,2.159,12.446,0.035,666.8,0.007008,0.0002259,1,no,5.614736173544512e-07,4.512695186283619,11.311773273109747,0.29230580455819577,True,2455698.5,K,0.019919860004842208,0.005362896327749477,-0.012911860004842207,0.005367651985010655,11.311773273109747,1.1342304718801106,0.29439375567157355
2455711.5,2011-5-30,K,2.159,12.647,0.039,666.8,0.0058237,0.0002092,1,no,5.751195676434427e-07,4.609510176583965,11.291385327712963,0.29266037499920156,True,2455711.5,K,0.020297449056726345,0.005471180777094966,-0.014473749056726343,0.005475178877046253,11.291385327712963,1.3556061632007044,0.2952475149678203
2455721.5,2011-6-9,K,2.159,12.676,0.038,666.8,0.0056702,0.0001985,1,no,5.856164524811284e-07,4.683983246045769,11.27628643720284,0.29291318889359674,True,2455721.5,K,0.020581689226314263,0.005552590212684031,-0.014911489226314262,0.005556137176131857,11.27628643720284,1.3997065965568787,0.29536779822420706
2455791.5,2011-8-18,K,2.159,12.398,0.036,666.8,0.0073248,0.0002429,1,no,6.590946463449287e-07,5.205294732278402,11.18324738166705,0.2942631428725988,True,2455791.5,K,0.022423150843411684,0.00607726518777975,-0.015098350843411684,0.006082117441532977,11.18324738166705,1.214752168736748,0.29645707489155915
2455796.5,2011-8-23,K,2.159,12.402,0.036,666.8,0.0072979,0.000242,1,no,6.643430887637716e-07,5.242531267009305,11.177365043502238,0.2943350817411954,True,2455796.5,K,0.02254496543261959,0.006111773941388248,-0.01524706543261959,0.006116563145315549,11.177365043502238,1.2246291640926685,0.2965284815048905
2455805.5,2011-9-1,K,2.159,12.425,0.034,666.8,0.0071449,0.0002237,1,no,6.737902851176888e-07,5.309557029524929,11.167008709392858,0.2944574241878414,True,2455805.5,K,0.022761040282491214,0.006172914989890299,-0.015616140282491215,0.006176966987317671,11.167008709392858,1.257989881534069,0.2964138570636305
2455806.5,2011-9-2,K,2.159,12.452,0.039,666.8,0.0069694,0.0002503,1,no,6.748399736014574e-07,5.3170043364711095,11.165876096704642,0.2944704643317857,True,2455806.5,K,0.022784796415719417,0.00617963143426425,-0.015815396415719416,0.006184698436734554,11.165876096704642,1.2861244036251254,0.29704183941623014
2455824.5,2011-9-20,K,2.159,12.577,0.036,666.8,0.0062115,0.000206,1,no,6.937343663092917e-07,5.451055861502358,11.146088683962754,0.294687104895658,True,2455824.5,K,0.023203853645920036,0.0062979169556771075,-0.016992353645920034,0.006301285105484849,11.146088683962754,1.4309090700320173,0.2968779038456459
2455837.5,2011-10-3,K,2.159,12.58,0.033,666.8,0.0061943,0.0001883,1,no,7.073803165982831e-07,5.547870851802704,11.132479871402243,0.2948233440340506,True,2455837.5,K,0.023496525282062867,0.006380301335149449,-0.017302225282062867,0.006383079352264848,11.132479871402243,1.4475285186962168,0.2966644639781114
2456083.5,2012-6-5,K,2.159,11.861,0.038,666.8,0.0120115,0.0004149,1,no,9.656036836053527e-07,7.3799083605631,10.957777255001556,0.2952820205608561,True,2456083.5,K,0.02759844984121621,0.007505806657038939,-0.015586949841216209,0.007517265166458481,10.957777255001556,0.9032186088263447,0.2977171000572555
2456099.5,2012-6-21,K,2.159,11.754,0.036,666.8,0.0132596,0.0004437,1,no,9.8239869934565e-07,7.499065271701987,10.950652838310706,0.29522183380160266,True,2456099.5,K,0.027780141648184025,0.007553680465571449,-0.014520541648184025,0.007566700619553789,10.950652838310706,0.8030100821247093,0.2974086938090094
2456105.5,2012-6-27,K,2.159,11.689,0.042,666.8,0.0140734,0.0005442,1,no,9.886968302482614e-07,7.543749113379071,10.948086553798138,0.2951974939268021,True,2456105.5,K,0.027845881435827828,0.007570931484107986,-0.013772481435827828,0.007590464885437357,10.948086553798138,0.7409048452423601,0.29817035469788805
2456108.5,2012-6-30,K,2.159,11.739,0.037,666.8,0.0134399,0.000458,1,no,9.918458956995672e-07,7.566091034217612,10.94682455287306,0.2951849762065288,True,2456108.5,K,0.0278782667972045,0.007579415225492373,-0.0144383667972045,0.007593240359716371,10.94682455287306,0.7921743316467769,0.2974948237836231
2456439.5,2013-5-27,K,2.159,10.614,0.041,666.8,0.0378787,0.0014304,1,no,1.3392927838269657e-06,10.031149633403349,10.876528264482987,0.2929297929210484,True,2456439.5,K,0.029742966733663348,0.008024602152868755,0.008135733266336653,0.008151090962063045,10.876528264482987,-0.26252695050757247,0.29578516457180254
2456470.5,2013-6-27,K,2.159,10.652,0.038,666.8,0.0365759,0.0012801,1,no,1.3718331268237915e-06,10.262016148734942,10.875472276457913,0.29267050044730564,True,2456470.5,K,0.029771908842571873,0.008025300641207002,0.006803991157428128,0.008126752512028252,10.875472276457913,-0.2234708519130244,0.2951271282550561
2456471.5,2013-6-28,K,2.159,10.67,0.036,666.8,0.0359746,0.0011928,1,no,1.37288281530756e-06,10.269463455681123,10.875450754375848,0.29266207622878687,True,2456471.5,K,0.029772499004172157,0.008025228720287153,0.006202100995827846,0.008113388185765659,10.875450754375848,-0.20545171082139824,0.2948679210469397
2456473.5,2013-6-30,K,2.159,10.672,0.034,666.8,0.0359083,0.0011245,1,no,1.3749821922750972e-06,10.284358069573484,10.87541001795744,0.29264521743835215,True,2456473.5,K,0.029773616078212616,0.008025067519117662,0.006134683921787381,0.008103468944618553,10.87541001795744,-0.20340815229125475,0.29461368483072947
2456474.5,2013-7-1,K,2.159,10.729,0.039,666.8,0.0340718,0.0012239,1,no,1.3760318807588658e-06,10.291805376519664,10.875390801094053,0.29263678291672984,True,2456474.5,K,0.02977414305757799,0.008024978259256922,0.004297656942422009,0.008117771077798774,10.875390801094053,-0.14638951766226427,0.29522412963010536
2456475.5,2013-7-2,K,2.159,10.716,0.039,666.8,0.0344823,0.0012386,1,no,1.3770815692426344e-06,10.299252683465845,10.875372350114937,0.29262834501086277,True,2456475.5,K,0.029774649043062578,0.008024883240116003,0.004707650956937422,0.008119906463592712,10.875372350114937,-0.1593739370900753,0.2952157656762195
2456487.5,2013-7-14,K,2.159,10.556,0.036,666.8,0.0399572,0.0013249,1,no,1.3896778310478573e-06,10.38862036682001,10.875210223196692,0.29252683512991495,True,2456487.5,K,0.029779095456936196,0.008023297472142208,0.010178104543063803,0.008131953168611065,10.875210223196692,-0.3192088639141826,0.2947336921207422
2456491.5,2013-7-18,K,2.159,10.505,0.04,666.8,0.0418789,0.0015429,1,no,1.3938765849829316e-06,10.418409594604732,10.875180279064274,0.29249289826635466,True,2456491.5,K,0.029779916762765674,0.008022587923198671,0.012098983237234323,0.00816960570624147,10.875180279064274,-0.37017946589026707,0.29521533756946317
2456494.5,2013-7-21,K,2.159,10.481,0.033,666.8,0.0428311,0.001294,1,no,1.3970256504342374e-06,10.440751515443274,10.875165647078806,0.2924674143036698,True,2456494.5,K,0.029780318096205176,0.008021997049161862,0.013050781903794821,0.008125692134013053,10.875165647078806,-0.3945747397119188,0.2943232719807838
2456495.5,2013-7-22,K,2.159,10.454,0.034,666.8,0.0439048,0.0013851,1,no,1.398075338918006e-06,10.448198822389454,10.87516225401181,0.2924589138084571,True,2456495.5,K,0.029780411163721873,0.008021788960838404,0.014124388836278128,0.008140491394395603,10.87516225401181,-0.42145328399121773,0.294428626777395
2456498.5,2013-7-25,K,2.159,10.438,0.036,666.8,0.0445447,0.001477,1,no,1.4012244043693117e-06,10.470540743227996,10.875156510834882,0.292433395121181,True,2456498.5,K,0.02978056869243086,0.008021131443532531,0.01476413130756914,0.008155984222301208,10.875156510834882,-0.43715762892308696,0.29464095197731893
2456501.5,2013-7-28,K,2.159,10.458,0.032,666.8,0.0437316,0.0012889,1,no,1.4043734698206172e-06,10.492882664066537,10.875157396702184,0.2924078511085704,True,2456501.5,K,0.029780544394059714,0.00802042425494164,0.013951055605940288,0.00812332865513,10.875157396702184,-0.41715683653178814,0.2941536186925666
2456504.5,2013-7-31,K,2.159,10.506,0.035,666.8,0.0418404,0.0013488,1,no,1.407522535271923e-06,10.515224584905079,10.87516487967109,0.29238228237789776,True,2456504.5,K,0.029780339145198332,0.008019667660618042,0.012060060854801668,0.008132301693048707,10.87516487967109,-0.3691654712668324,0.29446969122221855
2456723.5,2014-3-7,W1,3.4,7.084,0.063,309.54,0.4538715,0.0261946,1,no,1.6374043132172411e-06,12.146184806118601,8.91567957361001,0.2420983603594441,True,2456723.5,L+W1,0.08403204812884196,0.018737535858602588,0.369839451871158,0.03220640183585272,8.91567957361001,-1.8312199102194793,0.2501611802193363
2456838.5,2014-6-30,K,2.159,9.79,0.034,666.8,0.0809087,0.0025337,1,no,1.7581184888506272e-06,13.002625104929356,10.910971444191606,0.28948597012666666,True,2456838.5,K,0.02881422966946534,0.00768263524119651,0.05209447033053466,0.008089655118685502,10.910971444191606,-1.1209705243139574,0.2914757741222713
2456838.5,2014-6-30,W1,3.4,7.04,0.0,309.54,0.4730064,0.0,1,yes,1.7581184888506272e-06,13.002625104929356,8.896291119421486,0.24203255659625225,True,2456838.5,L+W1,0.08554612273280097,0.019069960733720814,0.387460277267199,0.019069960733720814,8.896291119421486,-1.8566667162466803,0.24203255659625225
2456850.5,2014-7-12,K,2.159,9.912,0.033,666.8,0.0723562,0.002204,1,no,1.7707147506558502e-06,13.091992788283521,10.913350570334446,0.28938291171656955,True,2456850.5,K,0.028751159438064812,0.007663089981666404,0.043605040561935184,0.00797374216206644,10.913350570334446,-1.0020509687609067,0.29125842407312424
2456850.5,2014-7-12,W1,3.4,7.035,0.0,309.54,0.4750474,0.0,1,yes,1.7707147506558502e-06,13.091992788283521,8.894557694729908,0.2420226382315255,True,2456850.5,L+W1,0.08568280989280279,0.01909964834042356,0.3893645901071972,0.01909964834042356,8.894557694729908,-1.8596081127886395,0.2420226382315255
2456870.5,2014-8-1,W1,3.4,7.027,0.0,309.54,0.4784687,0.0,1,yes,1.7917085203312218e-06,13.24093892720713,8.891782932687732,0.2420049955395822,True,2456870.5,L+W1,0.08590206524106855,0.019147126921255076,0.3925666347589315,0.019147126921255076,8.891782932687732,-1.864624819015626,0.2420049955395822
2456870.5,2014-8-1,K,2.159,9.912,0.035,666.8,0.0723548,0.0023215,1,no,1.7917085203312218e-06,13.24093892720713,10.917457861233363,0.289211615490235,True,2456870.5,K,0.028642600569908503,0.007629636689245476,0.0437121994300915,0.007975005847012318,10.917457861233363,-1.0061372518485765,0.2913217440124776
2456904.5,2014-9-4,W1,3.4,7.014,0.036,309.54,0.4842739,0.0162424,1,no,1.8273979287793533e-06,13.494147363377268,8.887384935794776,0.24197200445309572,True,2456904.5,L+W1,0.0862507348540726,0.019222222770808053,0.3980231651459274,0.025165639392047478,8.887384935794776,-1.873320648462399,0.24463534278400775
2457082.5,2015-3-1,W1,3.4,7.227,0.0,309.54,0.3978498,0.0,1,yes,2.0142424788901595e-06,14.81976799979739,8.870350922955781,0.2417494424301516,True,2457082.5,L+W1,0.08761458517696903,0.01950821665747045,0.31023521482303096,0.01950821665747045,8.870350922955781,-1.6428568375042234,0.2417494424301516
2457082.5,2015-3-1,K,2.159,10.233,0.039,666.8,0.0538016,0.0019326,1,no,2.0142424788901595e-06,14.81976799979739,10.970895090284937,0.2874404248516474,True,2457082.5,K,0.02726701236224349,0.007218734701385765,0.02653458763775651,0.007472956138569999,10.970895090284937,-0.7378940906334179,0.2900741247317581
2457082.5,2015-3-1,L,3.353,7.16,0.0,309.54,0.4233667,0.0,1,yes,2.0142424788901595e-06,14.81976799979739,8.896295720196587,0.24275571858058118,True,2457082.5,L+W1,0.0855457602344005,0.019126858260980827,0.33782093976559946,0.019126858260980827,8.896295720196587,-1.7362955133033813,0.24275571858058118
2457085.5,2015-3-4,W1,3.4,7.231,0.016,309.54,0.3965711,0.0059604,1,no,2.0173915443414654e-06,14.842109920635933,8.870143195890774,0.24174510843135993,True,2457085.5,L+W1,0.08763134952700169,0.019511599595327767,0.3089397504729983,0.02040168833524311,8.870143195890774,-1.6391539051041244,0.24227401315553834
2457113.5,2015-4-1,K,2.159,10.12,0.037,666.8,0.0597029,0.0020346,1,no,2.0467828218869857e-06,15.050634515128985,10.98007615018437,0.2871893097952798,True,2457113.5,K,0.02703741275656335,0.007151696585394153,0.03266548724343665,0.00743547989100491,10.98007615018437,-0.8600757397916077,0.2895629459386839
2457113.5,2015-4-1,L,3.353,7.16,0.0,309.54,0.4233667,0.0,1,yes,2.0467828218869857e-06,15.050634515128985,8.89449945421062,0.24270558210736307,True,2457113.5,L+W1,0.08568740617057624,0.01915457152737454,0.33767929382942374,0.01915457152737454,8.89449945421062,-1.734499247317415,0.24270558210736307
2457113.5,2015-4-1,W1,3.4,7.211,0.0,309.54,0.4038682,0.0,1,yes,2.0467828218869857e-06,15.050634515128985,8.868321684412525,0.24170390319083154,True,2457113.5,L+W1,0.08777848976204296,0.01954102985486113,0.31608971023795707,0.01954102985486113,8.868321684412525,-1.6571288857566273,0.24170390319083154
2457209.5,2015-7-6,J,1.235,15.715,0.0,1594.0,0.0008252,0.0,1,no,2.1475529163287685e-06,15.76557598196231,15.71482274439745,0.36215837084801505,False,2457209.5,J,0.0008251999999999977,0.0002752538658231048,2.2768245622195593e-18,0.0002752538658231048,15.71482274439745,0.0,0.36215837084801505
2457209.5,2015-7-6,H,1.662,12.827,0.0,1024.0,0.0075803,0.0,1,no,2.1475529163287685e-06,15.76557598196231,12.82653390727983,0.2987953346800838,False,2457209.5,H,0.0075802999999999695,0.0020861036645452905,3.0357660829594124e-17,0.0020861036645452905,12.82653390727983,-1.7763568394002505e-15,0.2987953346800838
2457209.5,2015-7-6,K,2.159,10.392,0.0,666.8,0.0464597,0.0,1,no,2.1475529163287685e-06,15.76557598196231,11.010453280525924,0.26038714616107894,False,2457209.5,K,0.026291434284248186,0.006305354386963649,0.020168265715751813,0.006305354386963649,11.010453280525924,-0.6181553054934241,0.26038714616107894
2457209.5,2015-7-6,L,3.353,7.16,0.0,309.54,0.4233667,0.0,1,yes,2.1475529163287685e-06,15.76557598196231,8.890521675651677,0.22049223246992755,False,2457209.5,L+W1,0.08600191227381675,0.01746534153584854,0.3373647877261832,0.01746534153584854,8.890521675651677,-1.7305214687584707,0.22049223246992755
2457209.5,2015-7-6,W1,3.4,7.144,0.0,309.54,0.4298473,0.0,1,yes,2.1475529163287685e-06,15.76557598196231,8.863614306294771,0.21959408028989438,False,2457209.5,L+W1,0.08815989327118003,0.017830657756920557,0.34168740672882,0.017830657756920557,8.863614306294771,-1.7201078685242823,0.21959408028989438
2457219.5,2015-7-16,W1,3.4,7.136,0.0,309.54,0.4326478,0.0,1,yes,1.7783633436171619e-06,13.534752070570345,8.915412256334735,0.2226986253089411,False,2457219.5,L+W1,0.08405274006449409,0.017240310845103038,0.34859505993550594,0.017240310845103038,8.915412256334735,-1.7789565599007107,0.2226986253089411
2457219.5,2015-7-16,L,3.353,7.16,0.0,309.54,0.4233667,0.0,1,yes,1.7783633436171619e-06,13.534752070570345,8.940208657141609,0.22365870748164884,False,2457219.5,L+W1,0.08215487049808473,0.01692368005082525,0.34121182950191525,0.01692368005082525,8.940208657141609,-1.780208450248403,0.22365870748164884
2457219.5,2015-7-16,K,2.159,10.181,0.045,666.8,0.0564411,0.0023393,1,no,1.7783633436171619e-06,13.534752070570345,10.960285493691032,0.2662835499495572,False,2457219.5,K,0.02753476623026282,0.006753072492833506,0.02890633376973718,0.007146769380878646,10.960285493691032,-0.7792851889992161,0.2700591212563248
2457219.5,2015-7-16,J,1.235,15.367,0.044,1594.0,0.0011368,4.61e-05,1,no,1.7783633436171619e-06,13.534752070570345,15.367010630351704,0.3744267571444279,False,2457219.5,J,0.0011367999999999953,0.00039203660673414314,4.7704895589362195e-18,0.00039473777500971606,15.367010630351704,-3.552713678800501e-15,0.3770031783230645
2457219.5,2015-7-16,H,1.662,12.671,0.091,1024.0,0.0087478,0.0007332,1,no,1.7783633436171619e-06,13.534752070570345,12.67100277847054,0.3072080767394054,False,2457219.5,H,0.008747799999999991,0.0024751820948069442,8.673617379884035e-18,0.002581493490685749,12.67100277847054,-1.7763568394002505e-15,0.3204025630576703
2457222.5,2015-7-19,K,2.159,10.253,0.044,666.8,0.0528221,0.0021294,1,no,2.0504670471112104e-06,15.11090646678053,10.985129642915016,0.20142672953220456,True,2457222.5,K,0.026911861185974204,0.004992712005512471,0.025910238814025793,0.005427846491011731,10.985129642915016,-0.7321798226833618,0.20617644717581077
2457222.5,2015-7-19,L,3.353,7.16,0.0,309.54,0.4233667,0.0,1,yes,2.0504670471112104e-06,15.11090646678053,8.896278465617023,0.17033652611474556,True,2457222.5,L+W1,0.08554711974313632,0.013421123042879629,0.33781958025686365,0.013421123042879629,8.896278465617023,-1.736278258723817,0.17033652611474556
2457222.5,2015-7-19,W1,3.4,7.134,0.0,309.54,0.4334915,0.0,1,yes,2.0504670471112104e-06,15.11090646678053,8.870030661845558,0.1696366114284407,True,2457222.5,L+W1,0.08764043278432138,0.013693037016266988,0.3458510672156786,0.013693037016266988,8.870030661845558,-1.7356901815798418,0.1696366114284407
2457224.5,2015-7-21,W1,3.4,7.133,0.0,309.54,0.434055,0.0,1,yes,2.231869516107243e-06,16.161676064253985,8.849996886630478,0.19255439050530232,True,2457224.5,L+W1,0.0892725671382231,0.015832413692029017,0.3447824328617769,0.015832413692029017,8.849996886630478,-1.7170668493494805,0.19255439050530232
2457224.5,2015-7-21,L,3.353,7.16,0.0,309.54,0.4233667,0.0,1,yes,2.231869516107243e-06,16.161676064253985,8.877265445649417,0.19333089215431265,True,2457224.5,L+W1,0.08705838371660768,0.015501992951587834,0.3363083162833923,0.015501992951587834,8.877265445649417,-1.7172652387562115,0.19333089215431265
2457224.5,2015-7-21,K,2.159,10.32,0.054,666.8,0.0496587,0.0024698,1,no,2.231869516107243e-06,16.161676064253985,11.01432154652379,0.22782246609837972,True,2457224.5,K,0.02619792970813039,0.005497170423738309,0.02346077029186961,0.006026507670917148,11.01432154652379,-0.6943209338944687,0.23413473911222013
2457226.5,2015-7-23,J,1.235,15.954,0.0,1594.0,0.000662,0.0,1,no,2.4132719851032755e-06,17.212445661727443,15.954075819050983,0.35492060334175624,False,2457226.5,J,0.0006620000000000004,0.00021640379899147275,-3.2526065174565133e-19,0.00021640379899147275,15.954075819050983,0.0,0.35492060334175624
2457226.5,2015-7-23,H,1.662,12.938,0.0,1024.0,0.0068407,0.0,1,no,2.4132719851032755e-06,17.212445661727443,12.937998529630189,0.29385136447019716,False,2457226.5,H,0.006840699999999987,0.0018514156754854433,1.3010426069826053e-17,0.0018514156754854433,12.937998529630189,0.0,0.29385136447019716
2457226.5,2015-7-23,K,2.159,10.509,0.0,666.8,0.0417249,0.0,1,no,2.4132719851032755e-06,17.212445661727443,11.051647490664127,0.2569301980244405,False,2457226.5,K,0.02531259059311133,0.005990008332685645,0.016412309406888672,0.005990008332685645,11.051647490664127,-0.542646774025382,0.2569301980244405
2457226.5,2015-7-23,L,3.353,7.16,0.0,309.54,0.4233667,0.0,1,no,2.4132719851032755e-06,17.212445661727443,8.864901826299565,0.21863751683980848,False,2457226.5,L+W1,0.08805541084643416,0.017731946569896635,0.33531128915356584,0.017731946569896635,8.864901826299565,-1.7049016194063595,0.21863751683980848
2457226.5,2015-7-23,W1,3.4,7.132,0.0,309.54,0.4346189,0.0,1,yes,2.4132719851032755e-06,17.212445661727443,8.836579030260628,0.21777559210013128,False,2457226.5,L+W1,0.09038266988513753,0.01812884139219744,0.34423623011486243,0.01812884139219744,8.836579030260628,-1.705058605336724,0.21777559210013128
2457264.5,2015-8-30,W1,3.4,7.105,0.042,309.54,0.4454176,0.0172861,1,no,2.255379731525314e-06,16.3470976651351,8.850681824606331,0.22687032158153694,True,2457264.5,L+W1,0.08921626719339797,0.018642210824110376,0.35620133280660204,0.025423242862006767,8.850681824606331,-1.7458083127738133,0.23072525395914076
2457452.5,2016-3-5,W1,3.4,6.938,0.063,309.54,0.5195123,0.0299928,1,no,1.4742285822448736e-06,12.065902313572968,9.011649312022325,0.1741082711507234,True,2457452.5,L+W1,0.07692314879119427,0.01233536874685712,0.44258915120880576,0.03243037733300276,9.011649312022325,-2.07384695236361,0.185155853494006
2457546.5,2016-6-7,W1,3.4,6.817,0.0,309.54,0.5804712,0.0,1,yes,1.0836530076046532e-06,9.925304637791903,9.190722329111331,0.23191460191040064,False,2457546.5,L+W1,0.06522706641945174,0.013932582404600106,0.5152441335805482,0.013932582404600106,9.190722329111331,-2.3733820763369273,0.23191460191040064
2457546.5,2016-6-7,H,1.662,12.698,0.008,1024.0,0.0085356,5.93e-05,1,no,1.0836530076046532e-06,9.925304637791903,12.697664754735843,0.3319446120214353,False,2457546.5,H,0.008535599999999975,0.0026096085015432846,2.6020852139652106e-17,0.0026102821727405235,12.697664754735843,0.0,0.3320409996522436
2457546.5,2016-6-7,K,2.159,10.269,0.01,666.8,0.0520407,0.0004676,1,no,1.0836530076046532e-06,9.925304637791903,11.115644995944368,0.2837278492059689,False,2457546.5,K,0.02386368967399338,0.006236131129871612,0.028177010326006623,0.006253637439838817,11.115644995944368,-0.8465138421255887,0.28390401972329493
2457546.5,2016-6-7,J,1.235,15.15,0.015,1594.0,0.0013883,1.94e-05,1,no,1.0836530076046532e-06,9.925304637791903,15.150012483501474,0.41017514914848086,False,2457546.5,J,0.0013883,0.0005244792953088379,0.0,0.0005248379666217519,15.150012483501474,0.0,0.4104493305865884
2457580.5,2016-7-11,K,2.159,10.044,0.055,666.8,0.0643258,0.0030039,1,no,1.202645698440373e-06,9.51311439872085,10.942824741490913,0.2178559997260787,True,2457580.5,K,0.027981158693140818,0.005614497585945596,0.03634464130685919,0.0063675739770016745,10.942824741490913,-0.9037987538549537,0.22469142532960443
2457580.5,2016-7-11,W1,3.4,6.774,0.0,309.54,0.6041867,0.0,1,yes,1.202645698440373e-06,9.51311439872085,9.06521482251664,0.1790758097697531,True,2457580.5,L+W1,0.07322018962016398,0.012076565827190687,0.530966510379836,0.012076565827190687,9.06521482251664,-2.2913507791007977,0.1790758097697531
2457583.5,2016-7-14,W1,3.4,6.77,0.0,309.54,0.6063249,0.0,1,yes,1.213145053514113e-06,9.476744671743992,9.054673038911073,0.1821786696437425,True,2457583.5,L+W1,0.07393457192561914,0.012405685557008257,0.5323903280743809,0.012405685557008257,9.054673038911073,-2.284644602799487,0.1821786696437425
2457583.5,2016-7-14,K,2.159,9.82,0.01,666.8,0.0787038,0.0007249,1,no,1.213145053514113e-06,9.476744671743992,10.928251923434978,0.221544223519002,True,2457583.5,K,0.028359255265994313,0.0057866995315694674,0.050344544734005695,0.0058319269095785395,10.928251923434978,-1.1082521995427825,0.2217697972552564
2457610.5,2016-8-10,J,1.235,14.607,0.004,1594.0,0.0022902,8.9e-06,1,no,1.307639249177773e-06,9.149417128952273,14.60653726681838,0.3959912276775469,False,2457610.5,J,0.0022901999999999953,0.0008352849482707881,4.7704895589362195e-18,0.000835332361882223,14.60653726681838,-1.7763568394002505e-15,0.3960114296299676
2457610.5,2016-8-10,H,1.662,12.299,0.006,1024.0,0.012323,6.66e-05,1,no,1.307639249177773e-06,9.149417128952273,12.298958770396787,0.3220913946360855,False,2457610.5,H,0.012322999999999938,0.0036557059060074995,6.245004513516506e-17,0.0036563125182645577,12.298958770396787,-5.329070518200751e-15,0.3221472745478666
2457610.5,2016-8-10,K,2.159,9.853,0.014,666.8,0.0763362,0.0009953,1,no,1.307639249177773e-06,9.149417128952273,10.801407842242243,0.2767599171061009,False,2457610.5,K,0.03187369806103447,0.008124774687053868,0.04446250193896554,0.008185510723552397,10.801407842242243,-0.9482452070100305,0.27711378839129575
2457610.5,2016-8-10,W1,3.4,6.736,0.0,309.54,0.6259153,0.0,1,yes,1.307639249177773e-06,9.149417128952273,8.963203115317475,0.2282267642812769,False,2457610.5,L+W1,0.08043323423797945,0.0169074372857461,0.5454820657620205,0.0169074372857461,8.963203115317475,-2.227700088837773,0.2282267642812769
2457623.5,2016-8-23,W1,3.4,6.719,0.116,309.54,0.6353412,0.0679164,1,no,1.260981625483365e-06,8.691548270709283,8.97273342943817,0.20730984361587088,True,2457623.5,L+W1,0.0797303015186108,0.015223657705097522,0.5556108984813892,0.06960170359180855,8.97273342943817,-2.253459031202455,0.23755709052780732
2457626.5,2016-8-26,K,2.159,9.92,0.02,666.8,0.0717787,0.0013222,1,no,1.2502144815538863e-06,8.585886226499364,10.788375483008565,0.27838494266803376,False,2457626.5,K,0.03225859127664281,0.008271167566987687,0.03952010872335719,0.008376182051578692,10.788375483008565,-0.8683754762798834,0.27910244768594283
2457626.5,2016-8-26,H,1.662,12.26,0.02,1024.0,0.0127732,0.0002353,1,no,1.2502144815538863e-06,8.585886226499364,12.260000610804875,0.3243925862187383,False,2457626.5,H,0.01277320000000002,0.0038163334372848445,-1.9081958235744878e-17,0.0038235803894436896,12.260000610804875,1.7763568394002505e-15,0.3250085383396589
2457626.5,2016-8-26,W1,3.4,6.721,0.0,309.54,0.6343513,0.0,1,yes,1.2502144815538863e-06,8.585886226499364,8.97513382611849,0.22908595771434298,False,2457626.5,L+W1,0.07955422472821902,0.01678562037649474,0.5547970752717809,0.01678562037649474,8.97513382611849,-2.2541664660249223,0.22908595771434298
2457626.5,2016-8-26,J,1.235,14.52,0.02,1594.0,0.0024802,4.57e-05,1,no,1.2502144815538863e-06,8.585886226499364,14.52000403474377,0.39931020270280104,False,2457626.5,J,0.0024801999999999992,0.0009121637101197268,8.673617379884035e-19,0.0009133077926194351,14.52000403474377,1.7763568394002505e-15,0.3998107527100191
2457786.5,2017-2-2,J,1.235,15.252,0.01,1594.0,0.0012634,1.17e-05,1,no,6.586985433036838e-07,7.128800585510064,15.252368611254363,0.4517277479224765,False,2457786.5,J,0.0012633999999999974,0.0005256459480895674,2.6020852139652106e-18,0.0005257761431854627,15.252368611254363,-1.7763568394002505e-15,0.45183842050351636
2457786.5,2017-2-2,H,1.662,12.929,0.012,1024.0,0.006896,7.44e-05,1,no,6.586985433036838e-07,7.128800585510064,12.929256759557893,0.3610761801470675,False,2457786.5,H,0.006895999999999965,0.0022933575645558034,3.5561831257524545e-17,0.002294564071649629,12.929256759557893,-1.7763568394002505e-15,0.3612755290212687
2457786.5,2017-2-2,K,2.159,10.278,0.01,666.8,0.0515938,0.000475,1,no,6.586985433036838e-07,7.128800585510064,11.409099406850432,0.3044798224808226,False,2457786.5,K,0.018211923963343805,0.005107284210558736,0.0333818760366562,0.005129325200006583,11.409099406850432,-1.1306042185146357,0.3046439927160115
2457786.5,2017-2-2,W1,3.4,6.803,0.0,309.54,0.5882857,0.0,1,yes,6.586985433036838e-07,7.128800585510064,9.535440379518057,0.24296371169359735,False,2457786.5,L+W1,0.04748327074968774,0.010625704157361316,0.5408024292503123,0.010625704157361316,9.535440379518057,-2.7326191631794465,0.24296371169359735
2457815.5,2017-3-3,W1,3.4,6.818,0.0,309.54,0.5803017,0.0,1,yes,7.243073829625765e-07,7.744374858585293,9.472499179342318,0.24070309223162203,False,2457815.5,L+W1,0.050317274217981864,0.011155125382995588,0.5299844257820182,0.011155125382995588,9.472499179342318,-2.654841840791679,0.24070309223162203
2457815.5,2017-3-3,K,2.159,10.257,0.008,666.8,0.0526016,0.0003771,1,no,7.243073829625765e-07,7.744374858585293,11.35932144489878,0.3002505884522163,False,2457815.5,K,0.01906632594686241,0.005272621065853183,0.03353527405313759,0.005286089037660901,11.35932144489878,-1.1018298530872617,0.3003571471863158
2457815.5,2017-3-3,J,1.235,15.25,0.01,1594.0,0.0012666,1.17e-05,1,no,7.243073829625765e-07,7.744374858585293,15.249622083421986,0.4433382940294589,False,2457815.5,J,0.0012665999999999956,0.0005171903458288044,4.553649124439119e-18,0.0005173226689586667,15.249622083421986,-3.552713678800501e-15,0.4434510603809071
2457815.5,2017-3-3,H,1.662,12.895,0.008,1024.0,0.0071175,5.51e-05,1,no,7.243073829625765e-07,7.744374858585293,12.89493120205205,0.3551645483395216,False,2457815.5,H,0.00711749999999998,0.002328266904730949,1.9949319973733282e-17,0.002328918802720574,12.89493120205205,0.0,0.3552546359967965
2457816.5,2017-3-4,W1,3.4,6.818,0.059,309.54,0.579974,0.0314953,1,no,7.241517496066127e-07,7.736480865066742,9.472274457075255,0.25609080788110594,True,2457816.5,L+W1,0.05032768980710213,0.011870709187929917,0.5296463101928979,0.03365809945190613,9.472274457075255,-2.6540038233159686,0.2627993566985991
2457846.5,2017-4-3,W1,3.4,6.879,0.0,309.54,0.5482227,0.0,1,yes,7.194827489276973e-07,7.499661059510209,9.465556997372907,0.24085973717669162,False,2457846.5,L+W1,0.05064003291683587,0.01123398571910501,0.49758266708316407,0.01123398571910501,9.465556997372907,-2.58615758723938,0.24085973717669162
2457846.5,2017-4-3,H,1.662,12.861,0.006,1024.0,0.007341,3.97e-05,1,no,7.194827489276973e-07,7.499661059510209,12.8613618314209,0.35557499508456614,False,2457846.5,H,0.007340999999999999,0.002404153078322826,1.734723475976807e-18,0.002404480840848835,12.8613618314209,0.0,0.3556256137139017
2457846.5,2017-4-3,K,2.159,10.299,0.004,666.8,0.0506261,0.0001841,1,no,7.194827489276973e-07,7.499661059510209,11.339205258227704,0.30054393211608027,False,2457846.5,K,0.01942287377831318,0.005376468826172156,0.03120322622168682,0.005379619860993991,11.339205258227704,-1.0401524619434905,0.3005705493420722
2457846.5,2017-4-3,J,1.235,15.192,0.008,1594.0,0.0013359,9.4e-06,1,no,7.194827489276973e-07,7.499661059510209,15.191785918023019,0.44392143974952947,False,2457846.5,J,0.001335900000000001,0.0005462050991414694,-8.673617379884035e-19,0.0005462859785205386,15.191785918023019,0.0,0.44399351872442366
2457876.5,2017-5-3,J,1.235,15.049,0.007,1594.0,0.0015233,9.8e-06,1,no,7.415082303857429e-07,7.200434823417273,15.049257187438522,0.4412991755819462,False,2457876.5,J,0.001523300000000004,0.000619147663325581,-3.903127820947816e-18,0.0006192252167035246,15.049257187438522,1.7763568394002505e-15,0.4413546899822244
2457876.5,2017-5-3,H,1.662,12.763,0.006,1024.0,0.0080394,4.29e-05,1,no,7.415082303857429e-07,7.200434823417273,12.762690797841783,0.35372987329995514,False,2457876.5,H,0.008039399999999992,0.0026192144380422196,8.673617379884035e-18,0.002619565743104918,12.762690797841783,1.7763568394002505e-15,0.35378075592773883
2457876.5,2017-5-3,K,2.159,10.266,0.027,666.8,0.0522076,0.0013051,1,no,7.415082303857429e-07,7.200434823417273,11.265823433671533,0.29922558115141473,False,2457876.5,K,0.020780989249579426,0.005727177152107534,0.031426610750420574,0.005873997288186518,11.265823433671533,-1.000168778316457,0.30044125618064155
2457876.5,2017-5-3,W1,3.4,6.941,0.0,309.54,0.5180148,0.0,1,yes,7.415082303857429e-07,7.200434823417273,9.417871525776757,0.2401559176863193,False,2457876.5,L+W1,0.052913704536350616,0.01170407619771776,0.46510109546364936,0.01170407619771776,9.417871525776757,-2.476935000088732,0.2401559176863193
2457908.5,2017-6-4,K,2.159,10.048,0.012,666.8,0.0637741,0.0006832,1,no,9.545283150332078e-07,7.99488989396413,11.043860265669949,0.2886914855473829,False,2457908.5,K,0.025494792691189993,0.006778929857443431,0.038279307308810004,0.0068132703052306695,11.043860265669949,-0.9954821338445861,0.28894077910110716
2457908.5,2017-6-4,W1,3.4,7.007,0.0,309.54,0.4876254,0.0,1,yes,9.545283150332078e-07,7.99488989396413,9.207818539683613,0.23454793952326286,False,2457908.5,L+W1,0.06420803252484761,0.013870645248401339,0.42341736747515235,0.013870645248401339,9.207818539683613,-2.2012423929725955,0.23454793952326286
2457908.5,2017-6-4,H,1.662,12.534,0.013,1024.0,0.009926,0.0001211,1,no,9.545283150332078e-07,7.99488989396413,12.533814214446267,0.33894134995478337,False,2457908.5,H,0.009926,0.003098664136746417,0.0,0.0031010296100421903,12.533814214446267,1.7763568394002505e-15,0.33919056400373365
2457908.5,2017-6-4,J,1.235,14.818,0.015,1594.0,0.0018855,2.67e-05,1,no,9.545283150332078e-07,7.99488989396413,14.817654450796134,0.4202053137862885,False,2457908.5,J,0.0018855000000000046,0.0007297326143052858,-4.553649124439119e-18,0.0007302209106707551,14.817654450796134,1.7763568394002505e-15,0.4204729548190147
2457919.5,2017-6-15,K,2.159,10.08,0.01,666.8,0.0619435,0.0005705,1,no,8.497839462936496e-07,7.341085353450448,11.110915762310732,0.25507075855336775,True,2457919.5,K,0.02396786148933445,0.005630742149147085,0.037975638510665544,0.005659569541951183,11.110915762310732,-1.0309161361712569,0.25526670732586815
2457919.5,2017-6-15,W1,3.4,7.029,0.0,309.54,0.4775964,0.0,1,yes,8.497839462936496e-07,7.341085353450448,9.287531458288287,0.2061980267337978,True,2457919.5,L+W1,0.059662877456453156,0.011330899298436531,0.4179335225435468,0.011330899298436531,9.287531458288287,-2.258392123977103,0.2061980267337978
2457923.5,2017-6-19,K,2.159,9.96,0.01,666.8,0.0691824,0.0006372,1,no,8.116950849338103e-07,7.103338247809109,11.140381253502326,0.2383450011041947,True,2457923.5,K,0.02332615138053981,0.00512064675764396,0.045856248619460194,0.005160140216754735,11.140381253502326,-1.1803813356320951,0.23855468880606515
2457923.5,2017-6-19,W1,3.4,7.037,0.0,309.54,0.4740007,0.0,1,yes,8.116950849338103e-07,7.103338247809109,9.32046151075683,0.192269897424465,True,2457923.5,L+W1,0.0578804866516504,0.010249888677029136,0.4161202133483496,0.010249888677029136,9.32046151075683,-2.283117022706376,0.192269897424465
2457926.5,2017-6-22,W1,3.4,7.043,0.0,309.54,0.4713218,0.0,1,yes,7.831284389139308e-07,6.925027918578105,9.346747266405398,0.18587974587594874,True,2457926.5,L+W1,0.056496022306746815,0.009672207874581699,0.4148257776932532,0.009672207874581699,9.346747266405398,-2.303249139771431,0.18587974587594874
2457926.5,2017-6-22,K,2.159,10.18,0.01,666.8,0.0564931,0.0005203,1,no,7.831284389139308e-07,6.925027918578105,11.164533705327282,0.2308185261301968,True,2457926.5,K,0.022812984690236595,0.004849851630400583,0.033680115309763406,0.004877681101394308,11.164533705327282,-0.9845332445558608,0.23103504497135569
2457927.5,2017-6-23,K,2.159,10.24,0.01,666.8,0.0534559,0.0004923,1,no,7.736062235739709e-07,6.86559114216777,11.17300314905437,0.22962762740404874,True,2457927.5,K,0.022635720958314374,0.004787338651376875,0.030820179041685627,0.004812584612551446,11.17300314905437,-0.9330032858138004,0.2298452680983723
2457927.5,2017-6-23,W1,3.4,7.046,0.0,309.54,0.470432,0.0,1,yes,7.736062235739709e-07,6.86559114216777,9.355832478026558,0.18481048347677861,True,2457927.5,L+W1,0.05602524792228673,0.009536435379099088,0.41440675207771327,0.009536435379099088,9.355832478026558,-2.3102826721480323,0.18481048347677861
2457934.5,2017-6-30,K,2.159,10.04,0.01,666.8,0.0642681,0.0005919,1,no,7.069507161942521e-07,6.449533707295427,11.2387629119657,0.24703279854926177,True,2457934.5,K,0.021305436011121795,0.004847532447637327,0.0429626639888782,0.004883535240058859,11.2387629119657,-1.1987625859945812,0.2472351179729129
2457934.5,2017-6-30,W1,3.4,7.06,0.0,309.54,0.4642516,0.0,1,yes,7.069507161942521e-07,6.449533707295427,9.424416778505298,0.1979184565643641,True,2457934.5,L+W1,0.052595679086609726,0.009587647147766772,0.41165592091339026,0.009587647147766772,9.424416778505298,-2.3645083557878515,0.1979184565643641
2457936.5,2017-7-2,W1,3.4,7.064,0.0,309.54,0.4625009,0.0,1,yes,6.879062855143324e-07,6.330660154474757,9.445769074506497,0.20959348746207976,True,2457936.5,L+W1,0.05157142697581132,0.009955489359097323,0.4109294730241887,0.009955489359097323,9.445769074506497,-2.3817585843336566,0.20959348746207976
2457936.5,2017-7-2,K,2.159,10.17,0.01,666.8,0.0570158,0.0005251,1,no,6.879062855143324e-07,6.330660154474757,11.259836476262493,0.2619775044572793,True,2457936.5,K,0.020895896123059896,0.005041974925149774,0.0361199038769401,0.005069244633654907,11.259836476262493,-1.0898355543064788,0.2621682910682827
2457938.5,2017-7-4,K,2.159,10.3,0.01,666.8,0.0505819,0.0004659,1,no,6.688618548344128e-07,6.211786601654088,11.282038823279406,0.28187474646221866,True,2457938.5,K,0.020472932843818795,0.005315105759022764,0.030108967156181204,0.005335486110899076,11.282038823279406,-0.9820376920157177,0.28205207443509445
2457938.5,2017-7-4,W1,3.4,7.068,0.0,309.54,0.4607563,0.0,1,yes,6.688618548344128e-07,6.211786601654088,9.467987105979105,0.22517619022369303,True,2457938.5,L+W1,0.050526816498466465,0.010479005851878062,0.41022948350153354,0.010479005851878062,9.467987105979105,-2.3998733656235416,0.22517619022369303
2457941.5,2017-7-7,W1,3.4,7.074,0.0,309.54,0.4581523,0.0,1,yes,6.402952088145333e-07,6.033476272423084,9.50305499877398,0.25607374936445726,True,2457941.5,L+W1,0.048920938363868946,0.0115381324251356,0.40923136163613105,0.0115381324251356,9.50305499877398,-2.42878773097242,0.25607374936445726
2457941.5,2017-7-7,K,2.159,10.39,0.01,666.8,0.0465581,0.0004288,1,no,6.402952088145333e-07,6.033476272423084,11.317615875988437,0.3213193354548078,True,2457941.5,K,0.01981295443477207,0.005863565500052172,0.02674514556522793,0.005879223572326713,11.317615875988437,-0.9276150200535902,0.3214749062323828
2457942.5,2017-7-8,W1,3.4,7.076,0.0,309.54,0.4572877,0.0,1,yes,6.307729934745734e-07,5.974039496012749,9.515237913318204,0.24402060736872616,False,2457942.5,L+W1,0.04837507072031068,0.010872359314300473,0.40891262927968935,0.010872359314300473,9.515237913318204,-2.438919767683574,0.24402060736872616
2457942.5,2017-7-8,K,2.159,10.379,0.007,666.8,0.0470471,0.0003038,1,no,6.307729934745734e-07,5.974039496012749,11.330120480211885,0.30645399628602454,False,2457942.5,K,0.01958607436299686,0.005528258829162617,0.02746102563700314,0.005536600050772535,11.330120480211885,-0.9514636486263655,0.30653393260726414
2457942.5,2017-7-8,J,1.235,15.003,0.005,1594.0,0.001589,8e-06,1,no,6.307729934745734e-07,5.974039496012749,15.003411049631787,0.4556308900246705,False,2457942.5,J,0.0015889999999999964,0.0006668263258389597,3.469446951953614e-18,0.0006668743126196169,15.003411049631787,-1.7763568394002505e-15,0.4556583236863707
2457942.5,2017-7-8,H,1.662,12.79,0.006,1024.0,0.0078405,4.67e-05,1,no,6.307729934745734e-07,5.974039496012749,12.789890493715951,0.3638313682337331,False,2457942.5,H,0.00784049999999999,0.0026273599702536046,1.0408340855860843e-17,0.002627774971966021,12.789890493715951,-1.7763568394002505e-15,0.36388083833973767
2457943.5,2017-7-9,K,2.159,10.15,0.01,666.8,0.0580759,0.0005349,1,no,6.256095775794472e-07,5.923795253703175,11.334934824827002,0.32829181211070035,True,2457943.5,K,0.019499418542201476,0.005895998881008469,0.038576481457798524,0.005920212902831546,11.334934824827002,-1.184935718860558,0.3284440803225526
2457943.5,2017-7-9,W1,3.4,7.078,0.0,309.54,0.4564247,0.0,1,yes,6.256095775794472e-07,5.923795253703175,9.520937629849048,0.2613260363374741,True,2457943.5,L+W1,0.04812178476702235,0.011582440761890628,0.4083029152329777,0.011582440761890628,9.520937629849048,-2.4425685311501297,0.2613260363374741
2457949.5,2017-7-15,W1,3.4,7.091,0.0,309.54,0.4512799,0.0,1,yes,5.9462908220869e-07,5.622329799845727,9.556819606557564,0.22209812685447447,True,2457949.5,L+W1,0.04655742321027187,0.009523783439160471,0.40472247678972817,0.009523783439160471,9.556819606557564,-2.466142637118134,0.22209812685447447
2457949.5,2017-7-15,K,2.159,10.16,0.01,666.8,0.0575434,0.00053,1,no,5.9462908220869e-07,5.622329799845727,11.366028061169493,0.2795920387726365,True,2457949.5,K,0.018948915830452207,0.004879607022727452,0.03859448416954779,0.004908305684882622,11.366028061169493,-1.2060278806939504,0.27977081360470657
2457971.5,2017-8-6,J,1.235,15.121,0.008,1594.0,0.0014255,1.04e-05,1,no,4.810339325159135e-07,4.516956469035087,15.121302738536537,0.4811550316559471,False,2457971.5,J,0.0014254999999999995,0.0006317248099673971,4.336808689942018e-19,0.0006318104110635912,15.121302738536537,0.0,0.48122153369091397
2457971.5,2017-8-6,H,1.662,12.958,0.009,1024.0,0.006715,5.62e-05,1,no,4.810339325159135e-07,4.516956469035087,12.958134849087696,0.38192004245837713,False,2457971.5,H,0.006714999999999985,0.0023620775229461132,1.474514954580286e-17,0.0023627460008234583,12.958134849087696,0.0,0.3820260708792118
2457971.5,2017-8-6,K,2.159,10.557,0.007,666.8,0.0399036,0.0002417,1,no,4.810339325159135e-07,4.516956469035087,11.519327169751524,0.31946280924537446,False,2457971.5,K,0.016453743519606878,0.004841285668048117,0.02344985648039312,0.004847315319808285,11.519327169751524,-0.9618683878207719,0.31953949128542236
2457971.5,2017-8-6,W1,3.4,7.136,0.0,309.54,0.4329075,0.0,1,yes,4.810339325159135e-07,4.516956469035087,9.7182224310308,0.2510124939127968,False,2457971.5,L+W1,0.040126178969260455,0.009276813474695791,0.39278132103073954,0.009276813474695791,9.7182224310308,-2.582418260156926,0.2510124939127968
2457983.5,2017-8-18,W1,3.4,7.161,0.044,309.54,0.4230972,0.0169616,1,no,4.673310681845316e-07,4.30553353131349,9.737192899111884,0.2004180989227,True,2457983.5,L+W1,0.03943116591250617,0.007278673471380237,0.38366603408749383,0.01845738231881689,9.737192899111884,-2.576501331566277,0.20519116544283567
2458002.5,2017-9-6,K,2.159,10.555,0.017,666.8,0.0400083,0.0006449,1,no,4.456348663265103e-07,3.9707805465876267,11.55962922377837,0.3233443962542368,False,2458002.5,K,0.015854184271473178,0.004721553558679491,0.02415411572852682,0.004765392325662072,11.55962922377837,-1.0050154911002114,0.3237909797832807
2458002.5,2017-9-6,H,1.662,12.985,0.009,1024.0,0.006549,5.64e-05,1,no,4.456348663265103e-07,3.9707805465876267,12.985312415527524,0.38729568060804836,False,2458002.5,H,0.006549000000000001,0.002336110190658278,-8.673617379884035e-19,0.0023367909155286993,12.985312415527524,1.7763568394002505e-15,0.38740023776148025
2458002.5,2017-9-6,W1,3.4,7.116,0.0,309.54,0.4410247,0.0,1,yes,4.456348663265103e-07,3.9707805465876267,9.769341242677006,0.25310828918916334,False,2458002.5,L+W1,0.038280736184228614,0.008924056876826974,0.4027439638157714,0.008924056876826974,9.769341242677006,-2.6537065800767143,0.25310828918916334
2458002.5,2017-9-6,J,1.235,15.121,0.011,1594.0,0.0014258,1.45e-05,1,no,4.456348663265103e-07,3.9707805465876267,15.121074266707804,0.4887087560256455,False,2458002.5,J,0.001425800000000001,0.0006417773868898412,-8.673617379884035e-19,0.0006419411688956807,15.121074266707804,1.7763568394002505e-15,0.4888325359631189
2458032.5,2017-10-6,J,1.235,15.001,0.011,1594.0,0.0015926,1.59e-05,1,no,5.766077346392792e-07,5.3582136905207065,15.000954014174642,0.4638736255526947,False,2458032.5,J,0.0015926000000000007,0.0006804278358017887,-6.505213034913027e-19,0.0006806135832716725,15.000954014174642,1.7763568394002505e-15,0.46400403067581386
2458032.5,2017-10-6,H,1.662,12.82,0.014,1024.0,0.0076288,9.96e-05,1,no,5.766077346392792e-07,5.3582136905207065,12.819609318129267,0.36965961294642635,False,2458032.5,H,0.007628799999999999,0.002597370560995453,8.673617379884035e-19,0.002599279513851066,12.819609318129267,1.7763568394002505e-15,0.36992462670617343
2458032.5,2017-10-6,K,2.159,10.397,0.008,666.8,0.0462535,0.0003231,1,no,5.766077346392792e-07,5.3582136905207065,11.375587105365154,0.3106365063891778,False,2458032.5,K,0.018782817942519854,0.005373891853507932,0.02747068205748015,0.005383596127422535,11.375587105365154,-0.9784596308750189,0.31073950360659597
2458032.5,2017-10-6,W1,3.4,7.044,0.0,309.54,0.4711079,0.0,1,yes,5.766077346392792e-07,5.3582136905207065,9.574107915954828,0.24626332773015314,False,2458032.5,L+W1,0.045821954724903254,0.010393194041244022,0.4252859452750968,0.010393194041244022,9.574107915954828,-2.530116937751804,0.24626332773015314
2458151.5,2018-2-2,K,2.159,10.158,0.006,666.8,0.0576584,0.0003349,1,no,6.146898051990722e-07,4.355654495401219,11.17439491664655,0.3076445460852327,False,2458151.5,K,0.02260672360185166,0.006405639961610478,0.03505167639814834,0.006414388616834896,11.17439491664655,-1.0165624055133549,0.30770304960462913
2458151.5,2018-2-2,H,1.662,12.541,0.007,1024.0,0.0098584,6.75e-05,1,no,6.146898051990722e-07,4.355654495401219,12.54123380291692,0.3654916051416066,False,2458151.5,H,0.009858400000000014,0.003318635248909932,-1.3877787807814457e-17,0.0033193216423401165,12.54123380291692,3.552713678800501e-15,0.3655586319990106
2458151.5,2018-2-2,J,1.235,14.588,0.011,1594.0,0.0023299,2.31e-05,1,no,6.146898051990722e-07,4.355654495401219,14.587877589205547,0.45798081510370997,False,2458151.5,J,0.0023299000000000032,0.0009827889098971724,-3.0357660829594124e-18,0.0009830603498345728,14.587877589205547,3.552713678800501e-15,0.45811289766067337
2458151.5,2018-2-2,W1,3.4,6.76,0.0,309.54,0.612061,0.0,1,yes,6.146898051990722e-07,4.355654495401219,9.450909202785034,0.24465849990518246,False,2458151.5,L+W1,0.05132785284250011,0.011566157069062227,0.5607331471574999,0.011566157069062227,9.450909202785034,-2.6911040259183814,0.24465849990518246
2458179.5,2018-3-2,W1,3.4,6.693,0.0,309.54,0.6509408,0.0,1,yes,9.138079980596317e-07,6.04270010908799,9.141427664459718,0.23548055267914167,False,2458179.5,L+W1,0.06825676676698895,0.014803910095235757,0.582684033233011,0.014803910095235757,9.141427664459718,-2.448489452133342,0.23548055267914167
2458179.5,2018-3-2,K,2.159,9.894,0.008,666.8,0.0735075,0.0005192,1,no,9.138079980596317e-07,6.04270010908799,10.869001503879126,0.290446849022479,False,2458179.5,K,0.029949873307950597,0.008011933555125899,0.043557626692049406,0.008028738875549031,10.869001503879126,-0.9748416574562064,0.2905570031974565
2458179.5,2018-3-2,H,1.662,12.249,0.008,1024.0,0.0129083,9.55e-05,1,no,9.138079980596317e-07,6.04270010908799,12.248577266032921,0.3414113153714707,False,2458179.5,H,0.01290830000000002,0.004059033550595581,-2.0816681711721685e-17,0.004060156846091118,12.248577266032921,3.552713678800501e-15,0.34150503109570407
2458179.5,2018-3-2,J,1.235,14.334,0.008,1594.0,0.0029436,2.17e-05,1,no,9.138079980596317e-07,6.04270010908799,14.334023807015203,0.42373819654664896,False,2458179.5,J,0.00294360000000001,0.0011488202658145549,-9.974659986866641e-18,0.001149025192563777,14.334023807015203,5.329070518200751e-15,0.4238137081461695
2458180.5,2018-3-3,W1,3.4,6.69,0.084,309.54,0.6528956,0.0505195,1,no,9.144581648991839e-07,6.035007846353541,9.14028228265277,0.25028296084651935,True,2458180.5,L+W1,0.06832881125669357,0.015751097842645834,0.5845667887433065,0.052918021160079314,9.14028228265277,-2.4505996915428394,0.26400295545713187
2458203.5,2018-3-26,W1,3.4,6.664,0.0,309.54,0.6684153,0.0,1,yes,9.294120022088846e-07,5.858085803461215,9.11408922013583,0.20771505890908765,True,2458203.5,L+W1,0.06999726806645952,0.013391362097148465,0.5984180319335405,0.013391362097148465,9.11408922013583,-2.4499132302904165,0.20771505890908765
2458203.5,2018-3-26,K,2.159,9.74,0.01,666.8,0.0847219,0.0007803,1,no,9.294120022088846e-07,5.858085803461215,10.82655465939544,0.25586289273636637,True,2458203.5,K,0.03114395243277595,0.007339335029791162,0.05357794756722405,0.0073806982575850945,10.82655465939544,-1.0865548985890445,0.25605823532825756
2458208.5,2018-3-31,K,2.159,9.51,0.01,666.8,0.1047118,0.0009644,1,no,9.326628364066456e-07,5.81962448978897,10.817761722863533,0.29831780481171616,True,2458208.5,K,0.03139719873922296,0.008626721080198966,0.07331460126077703,0.008680459893090298,10.817761722863533,-1.307761807960718,0.2984853642436781
2458208.5,2018-3-31,W1,3.4,6.659,0.0,309.54,0.6718927,0.0,1,yes,9.326628364066456e-07,5.81962448978897,9.108432756002763,0.2421416293681578,True,2458208.5,L+W1,0.07036289113724299,0.015692380002029917,0.601529808862757,0.015692380002029917,9.108432756002763,-2.449890616809455,0.2421416293681578
2458210.5,2018-4-2,W1,3.4,6.656,0.0,309.54,0.6732888,0.0,1,yes,9.339631700857501e-07,5.804239964320073,9.106173882815357,0.23501205362743707,False,2458210.5,L+W1,0.07050943345603806,0.015262055998493727,0.6027793665439619,0.015262055998493727,9.106173882815357,-2.4498854125279967,0.23501205362743707
2458210.5,2018-4-2,K,2.159,9.777,0.007,666.8,0.0818647,0.0005178,1,no,9.339631700857501e-07,5.804239964320073,10.814249315413289,0.2895652107758766,False,2458210.5,K,0.03149893461841786,0.008400747439411046,0.05036576538158214,0.00841669022720756,10.814249315413289,-1.0370020241586317,0.28964980802976176
2458210.5,2018-4-2,H,1.662,12.175,0.006,1024.0,0.0138191,7.72e-05,1,no,9.339631700857501e-07,5.804239964320073,12.174550492716346,0.3401710511014437,False,2458210.5,H,0.013819100000000025,0.004329650012291139,-2.42861286636753e-17,0.004330338216459848,12.174550492716346,3.552713678800501e-15,0.34022396154218915
2458210.5,2018-4-2,J,1.235,14.226,0.007,1594.0,0.0032503,2.14e-05,1,no,9.339631700857501e-07,5.804239964320073,14.226412173024867,0.42196470833885913,False,2458210.5,J,0.003250300000000005,0.0012632091345054935,-5.204170427930421e-18,0.0012633903899817024,14.226412173024867,1.7763568394002505e-15,0.42202276607251704
2458240.5,2018-5-2,W1,3.4,6.622,0.0,309.54,0.6945805,0.0,1,yes,7.584304148673597e-07,5.210677537262557,9.282784945527286,0.23963413000756614,False,2458240.5,L+W1,0.05992427660954346,0.013225958413037966,0.6346562233904566,0.013225958413037966,9.282784945527286,-2.660299466248939,0.23963413000756614
2458240.5,2018-5-2,K,2.159,9.944,0.006,666.8,0.0702153,0.0004195,1,no,7.584304148673597e-07,5.210677537262557,11.00439306883699,0.2982476520388413,False,2458240.5,K,0.026438594481006713,0.007262582469490298,0.04377670551899328,0.0072746879229385365,11.00439306883699,-1.0604834803020609,0.29830799846246453
2458240.5,2018-5-2,H,1.662,12.374,0.01,1024.0,0.0114985,0.0001014,1,no,7.584304148673597e-07,5.210677537262557,12.374146917718083,0.3523603889176052,False,2458240.5,H,0.011498500000000002,0.0037316761789956765,-1.734723475976807e-18,0.0037330535845181453,12.374146917718083,0.0,0.35250226052915745
2458240.5,2018-5-2,J,1.235,14.435,0.008,1594.0,0.0026823,2.04e-05,1,no,7.584304148673597e-07,5.210677537262557,14.434952418650344,0.4393515555935971,False,2458240.5,J,0.0026823000000000038,0.0010854134479481936,-3.903127820947816e-18,0.0010856051367724758,14.434952418650344,3.552713678800501e-15,0.43942438416923757
2458250.5,2018-5-12,W1,3.4,6.611,0.0,309.54,0.7018263,0.0,1,yes,8.178178386544576e-07,5.477053454038755,9.221256763089215,0.18916622086702106,True,2458250.5,L+W1,0.0634182236187966,0.011049263756236164,0.6384080763812034,0.011049263756236164,9.221256763089215,-2.6100389144168217,0.18916622086702106
2458250.5,2018-5-12,K,2.159,10.12,0.01,666.8,0.0597029,0.0005499,1,no,8.178178386544576e-07,5.477053454038755,10.940671464397456,0.23442287879476906,True,2458250.5,K,0.028036707152925878,0.0060534461077301266,0.03166619284707413,0.0060783714750904305,10.940671464397456,-0.8206710540046931,0.23463607161395067
2458261.5,2018-5-23,W1,3.4,6.599,0.0,309.54,0.7098843,0.0,1,yes,8.831440048202651e-07,5.770066962492572,9.160300258842577,0.19947389597205586,True,2458261.5,L+W1,0.0670805592595323,0.012324191125655732,0.6428037407404678,0.012324191125655732,9.160300258842577,-2.561477241455135,0.19947389597205586
2458261.5,2018-5-23,K,2.159,9.53,0.01,666.8,0.1028006,0.0009468,1,no,8.831440048202651e-07,5.770066962492572,10.879269651071661,0.24628909755506972,True,2458261.5,K,0.02966796313742634,0.006729899800146734,0.07313263686257367,0.006796174038384762,10.879269651071661,-1.3492697967931306,0.24649202740553428
2458264.5,2018-5-26,K,2.159,9.67,0.01,666.8,0.090364,0.0008323,1,no,9.009602319563945e-07,5.849979737525431,10.86391999068738,0.26445223973197907,True,2458264.5,K,0.030090374634931732,0.007329097926097732,0.060273625365068265,0.007376204965992342,10.86391999068738,-1.1939196300461674,0.26464124224931407
2458264.5,2018-5-26,W1,3.4,6.595,0.0,309.54,0.7120978,0.0,1,yes,9.009602319563945e-07,5.849979737525431,9.144759132749016,0.21436204243146853,True,2458264.5,L+W1,0.06804764899025807,0.013434969706532815,0.644050151009742,0.013434969706532815,9.144759132749016,-2.549316297194186,0.21436204243146853
2458267.5,2018-5-29,W1,3.4,6.592,0.0,309.54,0.7143182,0.0,1,yes,9.187764590925239e-07,5.929892512558291,9.12964589536598,0.23201716606239384,True,2458267.5,L+W1,0.06900148225155749,0.014745320544668943,0.6453167177484426,0.014745320544668943,9.12964589536598,-2.5375832386877466,0.23201716606239384
2458267.5,2018-5-29,K,2.159,9.81,0.01,666.8,0.079432,0.0007316,1,no,9.187764590925239e-07,5.929892512558291,10.849120724171282,0.2860146648288539,True,2458267.5,K,0.030503333393479052,0.008035469977389437,0.048928666606520954,0.008068705987797981,10.849120724171282,-1.0391204905003875,0.2861894276474266
2458271.5,2018-6-2,J,1.235,14.277,0.007,1594.0,0.0031026,2.14e-05,1,no,9.42531428607363e-07,6.03644287926877,14.276906322260949,0.4212256588755733,False,2458271.5,J,0.0031026000000000027,0.001203694528652559,-2.6020852139652106e-18,0.0012038847446114208,14.276906322260949,0.0,0.42128381845872126
2458271.5,2018-6-2,H,1.662,12.203,0.009,1024.0,0.0134642,0.0001139,1,no,9.42531428607363e-07,6.03644287926877,12.202798506311115,0.3396544180573586,False,2458271.5,H,0.013464199999999978,0.004212049847436607,2.2551405187698492e-17,0.004213589577461329,12.202798506311115,0.0,0.3397736359782538
2458271.5,2018-6-2,K,2.159,9.703,0.007,666.8,0.0876667,0.000525,1,no,9.42531428607363e-07,6.03644287926877,10.830205269568216,0.28919808446593764,False,2458271.5,K,0.031039411842096916,0.008267697446529824,0.056627288157903084,0.008284349465549831,10.830205269568216,-1.1273029389309102,0.2892827890814931
2458271.5,2018-6-2,W1,3.4,6.588,0.0,309.54,0.7172897,0.0,1,yes,9.42531428607363e-07,6.03644287926877,9.110130683567931,0.23481701809440428,False,2458271.5,L+W1,0.07025294019040841,0.015193917137129266,0.6470367598095916,0.015193917137129266,9.110130683567931,-2.522575224378146,0.23481701809440428
2458309.5,2018-7-10,J,1.235,14.227,0.005,1594.0,0.0032482,1.53e-05,1,no,1.3311723978616845e-06,7.933883408420064,14.227113887608036,0.3946852326124554,False,2458309.5,J,0.003248200000000002,0.0011807808995900385,-1.734723475976807e-18,0.001180880020508714,14.227113887608036,0.0,0.3947169021493101
2458309.5,2018-7-10,H,1.662,12.058,0.006,1024.0,0.0153864,8.21e-05,1,no,1.3311723978616845e-06,7.933883408420064,12.057907345111186,0.32118664359194393,False,2458309.5,H,0.01538639999999997,0.004551663793936014,2.949029909160572e-17,0.004552404167363437,12.057907345111186,0.0,0.3212426808844964
2458309.5,2018-7-10,K,2.159,9.47,0.005,666.8,0.1086442,0.0004866,1,no,1.3311723978616845e-06,7.933883408420064,10.638245568180542,0.27612139720955303,False,2458309.5,K,0.03704225046022495,0.009420481612420817,0.07160194953977506,0.009433040515653407,10.638245568180542,-1.1682729561581624,0.27616666344248675
2458309.5,2018-7-10,W1,3.4,6.545,0.0,309.54,0.7461423,0.0,1,yes,1.3311723978616845e-06,7.933883408420064,8.877437860420065,0.22788929855223072,False,2458309.5,L+W1,0.08704455995402735,0.01827011351724233,0.6590977400459727,0.01827011351724233,8.877437860420065,-2.3327000686179318,0.22788929855223072
2458338.5,2018-8-8,J,1.235,14.653,0.01,1594.0,0.0021949,1.98e-05,1,no,1.0213380801181915e-06,7.836762250311353,14.652683946395658,0.4148109467571489,False,2458338.5,J,0.002194900000000001,0.0008385725216191833,-8.673617379884035e-19,0.0008388062434285736,14.652683946395658,0.0,0.4149314660875483
2458338.5,2018-8-8,H,1.662,12.409,0.012,1024.0,0.0111354,0.0001257,1,no,1.0213380801181915e-06,7.836762250311353,12.408985336227232,0.33517548235730243,False,2458338.5,H,0.011135399999999993,0.003437587371485833,6.938893903907228e-18,0.003439884798448762,12.408985336227232,1.7763568394002505e-15,0.33539022641312966
2458338.5,2018-8-8,K,2.159,9.675,0.009,666.8,0.0899388,0.0007139,1,no,1.0213380801181915e-06,7.836762250311353,10.942858822114875,0.2860182746892282,False,2458338.5,K,0.027980280394732115,0.0073709170687597395,0.06195851960526788,0.00740540826994256,10.942858822114875,-1.267737566067968,0.28615983899947034
2458338.5,2018-8-8,W1,3.4,6.512,0.0,309.54,0.7689392,0.0,1,yes,1.0213380801181915e-06,7.836762250311353,9.131644454399524,0.2331290473496267,False,2458338.5,L+W1,0.06887458522944445,0.014788736316219662,0.7000646147705556,0.014788736316219662,9.131644454399524,-2.619582512524709,0.2331290473496267
2458344.5,2018-8-14,W1,3.4,6.505,0.12,309.54,0.7740623,0.0856757,1,no,1.0033440094856517e-06,7.8591345560854045,9.15053968990882,0.23842008926823727,True,2458344.5,L+W1,0.06768631991742678,0.014863443225185981,0.7063759800825732,0.08695543407400326,9.15053968990882,-2.645687534401893,0.2669159773536875
2458406.5,2018-10-15,W1,3.4,6.356,0.0,309.54,0.887696,0.0,1,yes,8.174052796160736e-07,8.090315049083939,9.368958858267769,0.23793212872686237,False,2458406.5,L+W1,0.05535198946659779,0.01213003363555365,0.8323440105334022,0.01213003363555365,9.368958858267769,-3.0128275699586577,0.23793212872686237
2458406.5,2018-10-15,K,2.159,9.9,0.009,666.8,0.0731314,0.00061,1,no,8.174052796160736e-07,8.090315049083939,11.247089127935988,0.29505457649177175,False,2458406.5,K,0.021142675292352982,0.0057456342313628155,0.05198872470764702,0.0057779246032297945,11.247089127935988,-1.3473598687309458,0.295191807319815
2458406.5,2018-10-15,H,1.662,12.776,0.012,1024.0,0.0079378,8.7e-05,1,no,8.174052796160736e-07,8.090315049083939,12.776499510925827,0.34788401608666936,False,2458406.5,H,0.007937800000000023,0.0025433744686702594,-2.2551405187698492e-17,0.002544862017454723,12.776499510925827,1.7763568394002505e-15,0.3480909200892635
2458406.5,2018-10-15,J,1.235,15.125,0.018,1594.0,0.0014207,2.31e-05,1,no,8.174052796160736e-07,8.090315049083939,15.124964841497416,0.432977423632226,False,2458406.5,J,0.0014207000000000037,0.0005665566120559998,-3.686287386450715e-18,0.0005670273403147089,15.124964841497416,3.552713678800501e-15,0.43335141556847384
2458521.5,2019-2-7,H,1.662,11.953,0.006,1024.0,0.0169494,8.79e-05,1,no,2.5594098881087212e-06,12.096506333090824,11.952864069072016,0.29143203038729415,False,2458521.5,H,0.01694940000000003,0.004549537939509728,-3.122502256758253e-17,0.004550387002556862,11.952864069072016,1.7763568394002505e-15,0.2914937878165858
2458521.5,2019-2-7,W1,3.4,6.078,0.0,309.54,1.1463543,0.0,1,yes,2.5594098881087212e-06,12.096506333090824,8.494060459839005,0.2168871784253177,False,2458521.5,L+W1,0.123906073392998,0.02475153589812761,1.022448226607002,0.02475153589812761,8.494060459839005,-2.4155656751039256,0.2168871784253177
2458521.5,2019-2-7,K,2.159,9.027,0.012,666.8,0.1634154,0.0018133,1,no,2.5594098881087212e-06,12.096506333090824,10.389086322520125,0.25524069424592505,False,2458521.5,K,0.04659733317238052,0.010954351173705782,0.11681806682761947,0.011103416885214625,10.389086322520125,-1.3623297979466553,0.2555226252196502
2458521.5,2019-2-7,J,1.235,14.395,0.006,1594.0,0.0027831,1.56e-05,1,no,2.5594098881087212e-06,12.096506333090824,14.394898764357393,0.35137110009359696,False,2458521.5,J,0.0027831000000000062,0.0009006800218920025,-6.071532165918825e-18,0.0009008151096842115,14.394898764357393,3.552713678800501e-15,0.3514223242495908
2458548.5,2019-3-6,W1,3.4,6.014,0.127,309.54,1.2161657,0.1424819,1,no,4.928996636585434e-06,14.787587903374925,8.053440489121238,0.2245769079455335,True,2458548.5,L+W1,0.1859261954739446,0.03845752762285114,1.0302395045260553,0.14758073471314728,8.053440489121238,-2.0391304201566944,0.2579995883376108
2458549.5,2019-3-7,K,2.159,8.703,0.005,666.8,0.2201774,0.0010546,1,no,5.016759108751238e-06,14.887257591163225,10.011418971595427,0.23820053683809855,False,2458549.5,K,0.06598238393827127,0.014475928137125213,0.15419501606172872,0.014514292149161579,10.011418971595427,-1.3083618411599112,0.23825300785081044
2458549.5,2019-3-7,H,1.662,11.655,0.006,1024.0,0.0222944,0.000118,1,no,5.016759108751238e-06,14.887257591163225,11.655260419463342,0.2669269916706384,False,2458549.5,H,0.022294399999999985,0.005481052484961189,1.3877787807814457e-17,0.005482322531819815,11.655260419463342,0.0,0.26699441732428986
2458549.5,2019-3-7,J,1.235,14.251,0.007,1594.0,0.0031773,1.9e-05,1,no,5.016759108751238e-06,14.887257591163225,14.251075235757469,0.31512561118261145,False,2458549.5,J,0.0031773000000000005,0.0009221840443586946,-4.336808689942018e-19,0.0009223797545857991,14.251075235757469,0.0,0.3152033483692938
2458549.5,2019-3-7,W1,3.4,6.017,0.0,309.54,1.213502,0.0,1,yes,5.016759108751238e-06,14.887257591163225,8.043427836591652,0.20792866771526497,False,2458549.5,L+W1,0.18764873611432892,0.03593649316262574,1.0258532638856712,0.03593649316262574,8.043427836591652,-2.026737132046944,0.20792866771526497
2458580.5,2019-4-7,W1,3.4,6.069,0.0,309.54,1.1565485,0.0,1,yes,4.578434596206619e-06,14.81632368401558,8.120554097679303,0.20902485388757638,False,2458580.5,L+W1,0.17478137000094252,0.03364873545398265,0.9817671299990575,0.03364873545398265,8.120554097679303,-2.051671776236118,0.20902485388757638
2458580.5,2019-4-7,K,2.159,8.799,0.015,666.8,0.2015658,0.0027507,1,no,4.578434596206619e-06,14.81632368401558,10.09602600833857,0.2402843170381382,False,2458580.5,K,0.06103587681220671,0.013507852008962136,0.14052992318779328,0.013785079484211269,10.09602600833857,-1.297079146865686,0.24075205713448125
2458580.5,2019-4-7,H,1.662,11.747,0.008,1024.0,0.0204944,0.0001451,1,no,4.578434596206619e-06,14.81632368401558,11.746661870831051,0.26993285211623985,False,2458580.5,H,0.020494400000000083,0.005095263306286708,-8.326672684688674e-17,0.0050973289250735776,11.746661870831051,5.329070518200751e-15,0.27005137409687036
2458580.5,2019-4-7,J,1.235,14.353,0.007,1594.0,0.0028917,1.83e-05,1,no,4.578434596206619e-06,14.81632368401558,14.353337705173121,0.31960057628583255,False,2458580.5,J,0.002891700000000013,0.0008512095133197007,-1.3010426069826053e-17,0.0008514062047964894,14.353337705173121,3.552713678800501e-15,0.3196772252792436
2458585.5,2019-4-12,K,2.159,8.847,0.1,666.8,0.1928393,0.0177612,1,no,5.0568514221362385e-06,15.211363107956196,10.041292629927774,0.2069896182493816,True,2458585.5,K,0.064191650019381,0.012237783979276572,0.128647649980619,0.021569042217109185,10.041292629927774,-1.1942925178875008,0.2298797556615735
2458585.5,2019-4-12,W1,3.4,6.077,0.0,309.54,1.1476169,0.0,1,yes,5.0568514221362385e-06,15.211363107956196,8.05464024193949,0.1807894223643247,True,2458585.5,L+W1,0.1857208580482728,0.030924976527824107,0.9618960419517273,0.030924976527824107,8.05464024193949,-1.977340634084186,0.1807894223643247
2458606.5,2019-5-3,W1,3.4,6.113,0.0,309.54,1.1108479,0.0,1,yes,7.066202091040641e-06,16.870528688506777,7.854803449643779,0.20166575978879675,True,2458606.5,L+W1,0.22325202066519995,0.04146706002298354,0.8875958793348,0.04146706002298354,7.854803449643779,-1.7421479998846694,0.20166575978879675
2458606.5,2019-5-3,K,2.159,8.508,0.1,666.8,0.263509,0.0242701,1,no,7.066202091040641e-06,16.870528688506777,9.902241033912905,0.22812599534257896,True,2458606.5,K,0.0729624111725987,0.015330264016618588,0.19054658882740128,0.028706353805895146,9.902241033912905,-1.394240688230143,0.249081251303751
2458611.5,2019-5-8,J,1.235,14.408,0.008,1594.0,0.0027503,1.91e-05,1,no,7.54461891697026e-06,17.26556811244739,14.407770620585076,0.2967196340453743,False,2458611.5,J,0.0027503000000000002,0.0007516264134314185,-4.336808689942018e-19,0.000751869054668283,14.407770620585076,0.0,0.2968274603671649
2458611.5,2019-5-8,H,1.662,11.628,0.007,1024.0,0.0228529,0.0001409,1,no,7.54461891697026e-06,17.26556811244739,11.628396593486094,0.2546192876229622,False,2458611.5,H,0.0228529,0.0053593028330625216,0.0,0.005361154695256607,11.628396593486094,0.0,0.25471549153835293
2458611.5,2019-5-8,K,2.159,8.679,0.014,666.8,0.2251798,0.0029931,1,no,7.54461891697026e-06,17.26556811244739,9.884360609167937,0.22968276803909438,False,2458611.5,K,0.07417393980225973,0.015691174095040335,0.1510058601977403,0.015974091275902515,9.884360609167937,-1.2056952039420175,0.23010904791880835
2458611.5,2019-5-8,W1,3.4,6.121,0.0,309.54,1.1022692,0.0,1,yes,7.54461891697026e-06,17.26556811244739,7.820225209631671,0.20344093062236265,False,2458611.5,L+W1,0.23047652348176342,0.043185774056583234,0.8717926765182367,0.043185774056583234,7.820225209631671,-1.6991524449180675,0.20344093062236265
2458643.5,2019-6-9,W1,3.4,6.175,0.0,309.54,1.0489088,0.0,1,yes,8.531986155223953e-06,18.654816491891182,7.792284887208533,0.2022082698194332,False,2458643.5,L+W1,0.236484577598838,0.0440430530599219,0.812424222401162,0.0440430530599219,7.792284887208533,-1.6173372641029715,0.2022082698194332
2458643.5,2019-6-9,K,2.159,8.747,0.011,666.8,0.2114009,0.0021411,1,no,8.531986155223953e-06,18.654816491891182,9.927516743983256,0.22734864409270777,False,2458643.5,K,0.07128348002005064,0.01492646414271357,0.14011741997994936,0.01507924537282002,9.927516743983256,-1.1802948458515825,0.22761459964332847
2458643.5,2019-6-9,H,1.662,11.744,0.011,1024.0,0.0205408,0.0002064,1,no,8.531986155223953e-06,18.654816491891182,11.744206506589073,0.25124196162269496,False,2458643.5,H,0.020540799999999918,0.004753190381497031,8.326672684688674e-17,0.0047576695726748285,11.744206506589073,-3.552713678800501e-15,0.2514826500576525
2458643.5,2019-6-9,J,1.235,14.654,0.012,1594.0,0.0021914,2.46e-05,1,no,8.531986155223953e-06,18.654816491891182,14.654416649367718,0.29164640855812896,False,2458643.5,J,0.002191399999999995,0.0005886456921243207,5.204170427930421e-18,0.0005891594952612753,14.654416649367718,-1.7763568394002505e-15,0.2918931784486494
2458652.5,2019-6-18,W1,3.4,6.19,0.0,309.54,1.0343719,0.0,1,yes,1.0135546153298497e-05,19.19383450946592,7.674989111872838,0.15744525019150116,True,2458652.5,L+W1,0.2634639104364589,0.03820554303459035,0.7709079895635411,0.03820554303459035,7.674989111872838,-1.4848889509366696,0.15744525019150116
2458652.5,2019-6-18,K,2.159,8.577,0.1,666.8,0.2472838,0.0227757,1,no,1.0135546153298497e-05,19.19383450946592,9.82536338810695,0.17597620070571096,True,2458652.5,K,0.07831595278971464,0.012693455156219995,0.16896784721028535,0.02607405442759081,9.82536338810695,-1.248363574947021,0.2024046027510656
2458674.5,2019-7-10,K,2.159,8.579,0.005,666.8,0.2468942,0.0011203,1,no,1.4055359481925157e-05,20.51143410798194,9.671790906639306,0.2188562968588555,False,2458674.5,K,0.09021509867950356,0.018185027202027214,0.15667910132049645,0.01821950291386869,9.671790906639306,-1.0930791479333912,0.21891340451139915
2458674.5,2019-7-10,W1,3.4,6.227,0.0,309.54,0.9996802,0.0,1,yes,1.4055359481925157e-05,20.51143410798194,7.472025848762854,0.19770524197751632,False,2458674.5,L+W1,0.3176189741694901,0.057836273553039004,0.6820612258305099,0.057836273553039004,7.472025848762854,-1.244886629150125,0.19770524197751632
2458674.5,2019-7-10,J,1.235,14.593,0.007,1594.0,0.0023183,1.5e-05,1,no,1.4055359481925157e-05,20.51143410798194,14.593296704614282,0.27310189052977035,False,2458674.5,J,0.0023182999999999893,0.0005831362259456081,1.0842021724855044e-17,0.0005833291163743563,14.593296704614282,-3.552713678800501e-15,0.27319158590801196
2458674.5,2019-7-10,H,1.662,11.557,0.004,1024.0,0.0244107,9.85e-05,1,no,1.4055359481925157e-05,20.51143410798194,11.556799308093591,0.23894559171228744,False,2458674.5,H,0.024410699999999858,0.0053722341854764676,1.4224732503009818e-16,0.0053731371091385715,11.556799308093591,-5.329070518200751e-15,0.238979069792179
2458703.5,2019-8-8,K,2.159,8.761,0.1,666.8,0.2087351,0.0192252,1,no,2.2308893402681523e-05,20.826569082497706,9.285625389118502,0.16700302232753123,True,2458703.5,K,0.12874946572342394,0.019803659309359224,0.07998563427657607,0.027600602114467906,9.285625389118502,-0.5246251219921501,0.1946535626864556
2458703.5,2019-8-8,W1,3.4,6.276,0.0,309.54,0.9557218,0.0,1,yes,2.2308893402681523e-05,20.826569082497706,7.104419732642838,0.15270710015686428,True,2458703.5,L+W1,0.44560379944742134,0.06267347789848778,0.5101180005525786,0.06267347789848778,7.104419732642838,-0.8284565179314383,0.15270710015686428
2458711.5,2019-8-16,W1,3.4,6.289,0.297,309.54,0.9446545,0.2581387,1,no,2.458573034633845e-05,20.91350286857102,7.02910543840284,0.1495328792180211,True,2458711.5,L+W1,0.4776113104510184,0.0657789563301363,0.46704318954898155,0.26638779914547883,7.02910543840284,-0.7404959871031123,0.33251929563144345
2458717.5,2019-8-22,K,2.159,8.674,0.1,666.8,0.2261495,0.0208291,1,no,2.6293358054081146e-05,20.978703208126007,9.15592528022295,0.16199531231034808,True,2458717.5,K,0.14508599052338647,0.021647293554080235,0.08106350947661353,0.03004091751306081,9.15592528022295,-0.48192538205720936,0.1903745813141219
2458717.5,2019-8-22,W1,3.4,6.282,0.0,309.54,0.9505146,0.0,1,yes,2.6293358054081146e-05,20.978703208126007,6.977515498015166,0.14873122600894825,True,2458717.5,L+W1,0.5008533455204464,0.06861015760871134,0.44966125447955363,0.06861015760871134,6.977515498015166,-0.6956205325219935,0.14873122600894825
2458719.5,2019-8-24,K,2.159,8.753,0.1,666.8,0.2102943,0.0193688,1,no,2.686256728999538e-05,21.000436654644332,9.139350889244119,0.16185048746555655,True,2458719.5,K,0.1473178036807951,0.021960636693885954,0.06297649631920488,0.02928173453606958,9.139350889244119,-0.3864306647284028,0.19025136081731
2458719.5,2019-8-24,W1,3.4,6.28,0.0,309.54,0.952328,0.0,1,yes,2.686256728999538e-05,21.000436654644332,6.961141136386926,0.1486761979368645,True,2458719.5,L+W1,0.5084641335204435,0.069626962634006,0.44386386647955645,0.069626962634006,6.961141136386926,-0.6813155744584538,0.1486761979368645
2458720.5,2019-8-25,W1,3.4,6.279,0.0,309.54,0.953236,0.0,1,yes,2.7147171907952493e-05,21.0113033779035,6.953098112698345,0.1486812512876243,True,2458720.5,L+W1,0.5122447702502998,0.07014705144084488,0.4409912297497002,0.07014705144084488,6.953098112698345,-0.6743072560314465,0.1486812512876243
2458720.5,2019-8-25,K,2.159,8.709,0.1,666.8,0.2189756,0.0201684,1,no,2.7147171907952493e-05,21.0113033779035,9.13122389100823,0.16181432756744205,True,2458720.5,K,0.14842465043154104,0.022120690918069556,0.07055094956845895,0.029934751130630183,9.13122389100823,-0.4222242256098685,0.19022059984687104
2458721.5,2019-8-26,K,2.159,8.597,0.1,666.8,0.2427703,0.02236,1,no,2.743177652590961e-05,21.02217010116266,9.123200608394567,0.1618003000156045,True,2458721.5,K,0.14952552908239986,0.02228283017504593,0.09324477091760014,0.031567295110761985,9.123200608394567,-0.5262005179884941,0.19020866721876695
2458721.5,2019-8-26,W1,3.4,6.278,0.0,309.54,0.9541455,0.0,1,yes,2.743177652590961e-05,21.02217010116266,6.945148461460375,0.14870617780882572,True,2458721.5,L+W1,0.516009139261123,0.07067439261734643,0.43813636073887696,0.07067439261734643,6.945148461460375,-0.6673930317943864,0.14870617780882572
2458726.5,2019-8-31,K,2.159,8.72,0.1,666.8,0.2167681,0.0199651,1,no,2.885479961569519e-05,21.076503717458483,9.084564621028434,0.1620153577430049,True,2458726.5,K,0.15494220877322473,0.023120733446921928,0.06182589122677526,0.030547889176399966,9.084564621028434,-0.3645640705844553,0.1903916388515889
2458726.5,2019-8-31,W1,3.4,6.273,0.0,309.54,0.9587035,0.0,1,yes,2.885479961569519e-05,21.076503717458483,6.90673398703434,0.149086618811236,True,2458726.5,L+W1,0.5345928961934897,0.0734070089812916,0.42411060380651033,0.0734070089812916,6.90673398703434,-0.6341528235938032,0.149086618811236
2458912.5,2020-3-4,W1,3.4,6.08,0.297,309.54,1.1444076,0.3126595,1,no,8.179125855571876e-05,23.097714243663038,6.18088444369802,0.18342942037254265,True,2458912.5,L+W1,1.0431890043786194,0.1762412946842899,0.10121859562138069,0.35891079238753004,6.18088444369802,-0.100544331276466,0.3490778598797222
2459075.5,2020-8-14,W1,3.4,5.77,0.033,309.54,1.5227787,0.0462835,1,no,0.00012818181128272868,24.868990134906813,5.926680077614655,0.1936998623617084,True,2459075.5,L+W1,1.3183925711631332,0.23520672742960375,0.2043861288368667,0.2397172647107294,5.926680077614655,-0.15648011560436714,0.19649080558373408
2459259.5,2021-2-14,K,2.159,7.95,0.118,666.8,0.4405503,0.0478799,1,no,0.000180549060986838,26.86846721459304,8.203472709189768,0.21038240977464387,True,2459259.5,K,0.34882412015805747,0.0675914265958557,0.09172617984194253,0.0828316713176364,8.203472709189768,-0.2534724845962977,0.241215170216523
2459259.5,2021-2-14,W1,3.4,5.174,0.0,309.54,2.6359558,0.0,1,yes,0.000180549060986838,26.86846721459304,5.772802086185208,0.19843598350645106,True,2459259.5,L+W1,1.5191335100007413,0.2776464032547931,1.1168222899992588,0.2776464032547931,5.772802086185208,-0.5983554497549681,0.19843598350645106
2459276.5,2021-3-3,W1,3.4,5.119,0.034,309.54,2.7730942,0.0868399,1,no,0.000185387339492109,27.053201509998832,5.762763883450278,0.19870487796831485,True,2459276.5,L+W1,1.533243827101657,0.2806050182583502,1.239850372898343,0.29373516048266857,5.762763883450278,-0.6433834940509087,0.20159272935401934
2459310.5,2021-4-6,W1,3.4,5.123,0.0,309.54,2.7643316,0.0,1,yes,0.0001950638965026509,27.422670100810418,5.744296024228603,0.18107858048183484,False,2459310.5,L+W1,1.5595466443528805,0.2601004657641855,1.2047849556471197,0.2601004657641855,5.744296024228603,-0.6214794244482205,0.18107858048183484
2459310.5,2021-4-6,H,1.662,10.371,0.023,1024.0,0.0727748,0.001538,1,no,0.0001950638965026509,27.422670100810418,10.370797340142941,0.2004247664408187,False,2459310.5,H,0.0727748000000001,0.01343408484386557,-9.71445146547012e-17,0.013521837138206429,10.370797340142941,1.7763568394002505e-15,0.20174014722621952
2459310.5,2021-4-6,J,1.235,13.922,0.041,1594.0,0.0043021,0.0001618,1,no,0.0001950638965026509,27.422670100810418,13.922019539874341,0.2147239243213975,False,2459310.5,J,0.004302100000000011,0.0008508178973628998,-1.1275702593849246e-17,0.0008660660104593794,13.922019539874341,3.552713678800501e-15,0.21860321058022283
2459310.5,2021-4-6,K,2.159,7.881,0.016,666.8,0.4695312,0.006997,1,no,0.0001950638965026509,27.422670100810418,8.205083924328367,0.19204741197458194,False,2459310.5,K,0.3483068546523361,0.061609283835100156,0.12122434534766391,0.062005337380534695,8.205083924328367,-0.32425608670645545,0.19271276150305874
2459340.5,2021-5-6,J,1.235,12.442,0.015,1594.0,0.0168206,0.0002343,1,no,0.00013897261204355425,21.195617347081253,12.441617084500606,0.21955682607243168,False,2459340.5,J,0.016820600000000033,0.003401450124302212,-3.122502256758253e-17,0.0034095101463576163,12.441617084500606,3.552713678800501e-15,0.22006862537626762
2459340.5,2021-5-6,H,1.662,9.551,0.043,1024.0,0.1548422,0.0060973,1,no,0.00013897261204355425,21.195617347081253,9.551026558718469,0.20363314088287723,False,2459340.5,H,0.1548422,0.029041127475562863,0.0,0.02967430121067541,9.551026558718469,0.0,0.208123655709354
2459340.5,2021-5-6,K,2.159,7.518,0.013,666.8,0.6557551,0.0075541,1,no,0.00013897261204355425,21.195617347081253,7.754974806052538,0.19433492813184752,False,2459340.5,K,0.527236743264461,0.09436962142530156,0.12851835673553902,0.09467148395776172,7.754974806052538,-0.23684002044076546,0.19476925910422913
2459340.5,2021-5-6,W1,3.4,5.126,0.0,309.54,2.7566242,0.0,1,yes,0.00013897261204355425,21.195617347081253,5.656621798251722,0.18319777475991253,False,2459340.5,L+W1,1.690705864000227,0.2852751439078856,1.065918335999773,0.2852751439078856,5.656621798251722,-0.5307737637111494,0.18319777475991253
2459370.5,2021-6-5,W1,3.4,5.129,0.0,309.54,2.7489398,0.0,1,yes,0.00013663327758781487,18.413677163739077,5.513180443413458,0.18329872888730128,False,2459370.5,L+W1,1.9294991913332609,0.3257464820741157,0.8194406086667392,0.3257464820741157,5.513180443413458,-0.3843015707208899,0.18329872888730128
2459370.5,2021-6-5,K,2.159,7.137,0.015,666.8,0.9312042,0.0131682,1,no,0.00013663327758781487,18.413677163739077,7.443485577134181,0.19445566384036844,False,2459370.5,K,0.7024272646120127,0.1258049233700663,0.22877693538798738,0.12649221412951966,7.443485577134181,-0.30610891450383004,0.19503334381484203
2459370.5,2021-6-5,J,1.235,11.657,0.011,1594.0,0.0346408,0.0003382,1,no,0.00013663327758781487,18.413677163739077,11.65725100983736,0.21981443595806885,False,2459370.5,J,0.03464080000000013,0.0070132578058706265,-1.3183898417423734e-16,0.007021407571961998,11.65725100983736,3.552713678800501e-15,0.22008949601369884
2459370.5,2021-6-5,H,1.662,9.07,0.015,1024.0,0.2412321,0.0032515,1,no,0.00013663327758781487,18.413677163739077,9.069662147799733,0.20380383568702792,False,2459370.5,H,0.24123210000000056,0.04528174252215263,-5.551115123125783e-16,0.04539833100558352,9.069662147799733,3.552713678800501e-15,0.20435509154592912
2459401.5,2021-7-6,W1,3.4,5.132,0.0,309.54,2.7410207,0.0,1,yes,0.00016491380011791803,18.664590040154287,5.380887832875175,0.1821548992728167,False,2459401.5,L+W1,2.179523947099542,0.3656606119486008,0.561496752900458,0.3656606119486008,5.380887832875175,-0.24887667551772275,0.1821548992728167
2459401.5,2021-7-6,J,1.235,11.556,0.021,1594.0,0.0380247,0.0007438,1,no,0.00016491380011791803,18.664590040154287,11.556056301837545,0.21704468793530562,False,2459401.5,J,0.03802470000000008,0.007601348383857362,-7.632783294297951e-17,0.007637652498822588,11.556056301837545,1.7763568394002505e-15,0.2180582412130626
2459401.5,2021-7-6,H,1.662,8.952,0.033,1024.0,0.2687223,0.0082771,1,no,0.00016491380011791803,18.664590040154287,8.952490621635992,0.20196698443958852,False,2459401.5,H,0.2687222999999999,0.04998731031057482,1.1102230246251565e-16,0.050667954137656866,8.952490621635992,0.0,0.20464521202222394
2459401.5,2021-7-6,K,2.159,7.105,0.011,666.8,0.9593308,0.009687,1,no,0.00016491380011791803,18.664590040154287,7.317800920205552,0.1931519427383009,False,2459401.5,K,0.7886335031760101,0.14029751663378692,0.17069729682398993,0.14063154391034652,7.317800920205552,-0.21273291238588765,0.19346491408929908
2459431.5,2021-8-5,J,1.235,11.421,0.012,1594.0,0.0430441,0.0004812,1,no,0.00016359458668609842,18.170942062532422,11.421436713457316,0.21715919745888615,False,2459431.5,J,0.04304409999999994,0.008609294016701194,6.245004513516506e-17,0.008622731406347235,11.421436713457316,-1.7763568394002505e-15,0.21749049873727244
2459431.5,2021-8-5,H,1.662,8.871,0.059,1024.0,0.2895734,0.0158525,1,no,0.00016359458668609842,18.170942062532422,8.871353228137174,0.2020429996841105,False,2459431.5,H,0.2895733999999996,0.05388627376367192,3.885780586188048e-16,0.05616967381410895,8.871353228137174,0.0,0.21048129066820517
2459431.5,2021-8-5,K,2.159,7.075,0.012,666.8,0.9864115,0.0106141,1,no,0.00016359458668609842,18.170942062532422,7.266635985692655,0.19320611704824575,False,2459431.5,K,0.8266871687666464,0.14710849393347142,0.1597243312333536,0.14749090855433836,7.266635985692655,-0.1917923248148794,0.19357841735291784
2459431.5,2021-8-5,W1,3.4,5.135,0.0,309.54,2.7333798,0.0,1,yes,0.00016359458668609842,18.170942062532422,5.359315576609529,0.18220496455256788,False,2459431.5,L+W1,2.2232615010048122,0.37310101773009663,0.5101182989951876,0.37310101773009663,5.359315576609529,-0.22427358248587836,0.18220496455256788
2459439.5,2021-8-13,W1,3.4,5.136,0.123,309.54,2.7313113,0.3089205,1,no,0.00016351270552525211,18.23362523665573,5.363234745230596,0.1982190712757938,True,2459439.5,L+W1,2.215250688280637,0.40443059018361704,0.5160606117193631,0.5089164740863856,5.363234745230596,-0.22737080329481696,0.23328051829811725
2459643.5,2022-3-5,W1,3.4,4.715,0.593,309.54,4.0233583,2.1990068,1,no,0.00016142473592367136,19.832046176800045,5.463242131151941,0.15295236458534014,True,2459643.5,L+W1,2.0203188959628773,0.2846110786393136,2.0030394040371227,2.2173485004686277,5.463242131151941,-0.74792196143426,0.6124078917129063
2459792.5,2022-8-1,K,2.159,7.748,0.113,666.8,0.5306346,0.0552268,1,no,0.00015989969930290895,20.999520294846626,7.616394912060312,0.14897083887158238,True,2459792.5,K,0.5990149015065654,0.08218916527140263,-0.06838030150656549,0.09902049447589087,7.616394912060312,0.1316051540359231,0.18697943960260166
2459792.5,2022-8-1,W1,3.4,5.497,0.0,309.54,1.9585325,0.0,1,yes,0.00015989969930290895,20.999520294846626,5.536371447886164,0.1404971835895655,True,2459792.5,L+W1,1.8887226960639316,0.24440579416598518,0.0698098039360684,0.24440579416598518,5.536371447886164,-0.03940645887148353,0.1404971835895655
2459806.5,2022-8-15,W1,3.4,5.571,0.288,309.54,1.8287936,0.4842765,1,no,0.00015975640727142792,21.109215849562414,5.543246392077953,0.1405297820337326,True,2459806.5,L+W1,1.876800979485005,0.24291944158431983,-0.048007379485004886,0.541787397003555,5.543246392077953,0.028133820544825383,0.3204568920127142
2459977.5,2023-2-2,W1,3.4,5.303,0.0,309.54,2.3412962,0.0,1,yes,0.00015800619745833818,22.44906869644809,5.627271430133161,0.15804297954966104,True,2459977.5,L+W1,1.7370335479139103,0.2528477509425871,0.6042626520860896,0.2528477509425871,5.627271430133161,-0.32412038512290753,0.15804297954966104
2459977.5,2023-2-2,L,3.353,5.136,0.0,309.54,2.730968,0.0,1,yes,0.00015800619745833818,22.44906869644809,5.653893654597107,0.15834202279104734,True,2459977.5,L+W1,1.694959464682809,0.2471901636977232,1.0360085353171908,0.2471901636977232,5.653893654597107,-0.5178932373113447,0.15834202279104734
2459977.5,2023-2-2,H,1.662,10.095,0.005,1024.0,0.0938009,0.0004719,1,no,0.00015800619745833818,22.44906869644809,9.663983975952013,0.17530698586751364,True,2459977.5,H,0.13954245722144887,0.02253104158158589,-0.04574155722144886,0.02253598287985577,9.663983975952013,0.431248402238273,0.17537827486308738
2459992.5,2023-2-17,W1,3.4,5.28,0.0,309.54,2.3926566,0.0,1,yes,0.00015785267028175137,22.56659964792929,5.634646718551687,0.16095009878557098,True,2459992.5,L+W1,1.7252740529062829,0.25575552148904196,0.6673825470937171,0.25575552148904196,5.634646718551687,-0.35505570307556855,0.16095009878557098
2459992.5,2023-2-17,L,3.353,5.136,0.0,309.54,2.730968,0.0,1,yes,0.00015785267028175137,22.56659964792929,5.661420395476592,0.16125451573860478,True,2459992.5,L+W1,1.6832499880869976,0.2499977991951076,1.0477180119130023,0.2499977991951076,5.661420395476592,-0.5254199781908291,0.16125451573860478
2459992.5,2023-2-17,H,1.662,10.254,0.012,1024.0,0.0810246,0.0008788,1,no,0.00015785267028175137,22.56659964792929,9.685775055663054,0.17853576976226382,True,2459992.5,H,0.1367697126168256,0.022490072464377526,-0.055745112616825604,0.022507235478684454,9.685775055663054,0.5684325966950361,0.1789385958495374
2459993.5,2023-2-18,W1,3.4,5.278,0.0,309.54,2.3961201,0.0,1,yes,0.00015784243513664557,22.574435044694702,5.635138431452424,0.16115072652705112,True,2459993.5,L+W1,1.7244928802470574,0.25595838042855823,0.6716272197529427,0.25595838042855823,5.635138431452424,-0.3571179414931347,0.16115072652705112
2459993.5,2023-2-18,L,3.353,5.136,0.0,309.54,2.730968,0.0,1,yes,0.00015784243513664557,22.574435044694702,5.661922205242995,0.1614555143446224,True,2459993.5,L+W1,1.6824721968399479,0.25019375122692444,1.048495803160052,0.25019375122692444,5.661922205242995,-0.5259217879572322,0.1614555143446224
2459993.5,2023-2-18,H,1.662,10.281,0.007,1024.0,0.0790259,0.0005239,1,no,0.00015784243513664557,22.574435044694702,9.687227824536125,0.17875859366274358,True,2459993.5,H,0.13658683034032612,0.02248803125242346,-0.057560930340326125,0.02249413303108111,9.687227824536125,0.5940984406211864,0.17889559750950237
2459995.5,2023-2-20,W1,3.4,5.275,0.0,309.54,2.4030626,0.0,1,yes,0.000157821964846434,22.59010583822553,5.636121867389185,0.16155449751968562,True,2459995.5,L+W1,1.7229315797872353,0.25636737949190214,0.6801310202127648,0.25636737949190214,5.636121867389185,-0.36124263265215895,0.16155449751968562
2459995.5,2023-2-20,H,1.662,10.253,0.007,1024.0,0.0811115,0.0004986,1,no,0.000157821964846434,22.59010583822553,9.69013337362598,0.1792070344787343,True,2459995.5,H,0.13622179766283538,0.022484194856481895,-0.05511029766283537,0.022489722548405235,9.69013337362598,0.5629104356986581,0.17934369575388553
2459995.5,2023-2-20,L,3.353,5.136,0.0,309.54,2.730968,0.0,1,yes,0.000157821964846434,22.59010583822553,5.6629258349241995,0.16186003171531185,True,2459995.5,L+W1,1.680917676666743,0.25058885138376447,1.0500503233332568,0.25058885138376447,5.6629258349241995,-0.526925417638437,0.16186003171531185
2460006.5,2023-3-3,L,3.353,5.136,0.0,309.54,2.730968,0.0,1,yes,0.00015770937825027034,22.676295202645075,5.668446040189139,0.1641441650525925,True,2460006.5,L+W1,1.672393081215379,0.2528363379178136,1.0585749187846207,0.2528363379178136,5.668446040189139,-0.532445622903376,0.1641441650525925
2460006.5,2023-3-3,W1,3.4,5.258,0.0,309.54,2.4416087,0.0,1,yes,0.00015770937825027034,22.676295202645075,5.641531006746959,0.16383441649957453,True,2460006.5,L+W1,1.7143692785490336,0.25869330799229245,0.7272394214509665,0.25869330799229245,5.641531006746959,-0.38392922052030976,0.16383441649957453
2460006.5,2023-3-3,H,1.662,10.241,0.005,1024.0,0.0820007,0.0003623,1,no,0.00015770937825027034,22.676295202645075,9.706114164147362,0.18173916945631763,True,2460006.5,H,0.13423145291021715,0.022468729199513246,-0.05223075291021716,0.022471649986840286,9.706114164147362,0.5350918280526393,0.18180793633577202
2460008.5,2023-3-5,W1,3.4,5.255,0.024,309.54,2.4474666,0.0541008,1,no,0.00015768890796005877,22.691965996175902,5.642514530605514,0.16425955653926255,True,2460008.5,L+W1,1.7128170049708458,0.25912975954605366,0.7346495950291541,0.26471707319898274,5.642514530605514,-0.38751451946601456,0.16600362018484774
2460020.5,2023-3-17,W1,3.4,5.234,0.0,309.54,2.4961369,0.0,1,yes,0.0001575660862187893,22.78599075736086,5.648415958216172,0.1668773405209529,True,2460020.5,L+W1,1.7035323882693256,0.26183243517150834,0.7926045117306746,0.26183243517150834,5.648415958216172,-0.41479501366160587,0.1668773405209529
2460020.5,2023-3-17,H,1.662,9.856,0.005,1024.0,0.1169367,0.0005187,1,no,0.0001575660862187893,22.78599075736086,9.726454015010592,0.1851186991421305,True,2460020.5,H,0.13174020977067188,0.022461787817871483,-0.01480350977067188,0.022467776072969032,9.726454015010592,0.12941879230927356,0.18518621107435246
2460020.5,2023-3-17,L,3.353,5.136,0.0,309.54,2.730968,0.0,1,yes,0.0001575660862187893,22.78599075736086,5.6754723490338375,0.16719271312294745,True,2460020.5,L+W1,1.6616051846499877,0.2558708807381763,1.069362815350012,0.2558708807381763,5.6754723490338375,-0.539471931748075,0.16719271312294745
2460034.5,2023-3-31,H,1.662,9.768,0.008,1024.0,0.126801,0.0009687,1,no,0.00015742279418730828,22.89568631207665,9.746794609644674,0.18866744311971373,True,2460034.5,H,0.12929511381258177,0.02246750032281222,-0.002494113812581772,0.022488373672757377,9.746794609644674,0.0211485855359701,0.18883697755823783
2460034.5,2023-3-31,L,3.353,5.136,0.0,309.54,2.730968,0.0,1,yes,0.00015742279418730828,22.89568631207665,5.682499323233291,0.1703938917439864,True,2460034.5,L+W1,1.6508858645307807,0.2590876734604248,1.0800821354692192,0.2590876734604248,5.682499323233291,-0.5464989059475283,0.1703938917439864
2460034.5,2023-3-31,W1,3.4,5.209,0.0,309.54,2.5525115,0.0,1,yes,0.00015742279418730828,22.89568631207665,5.655301574180208,0.1700726149394224,True,2460034.5,L+W1,1.692762964252712,0.2651589055807537,0.859748535747288,0.2651589055807537,5.655301574180208,-0.4459288970858255,0.1700726149394224
2460147.5,2023-7-22,W1,3.4,5.014,0.0,309.54,3.056711,0.0,1,yes,0.00015626622279035424,23.781086146568352,5.710902809758059,0.18248840391489768,False,2460147.5,L+W1,1.6082577554198783,0.27031279751393217,1.4484532445801217,0.27031279751393217,5.710902809758059,-0.6972468136963785,0.18248840391489768
2460147.5,2023-7-22,L,3.353,5.136,0.0,309.54,2.730968,0.0,1,no,0.00015626622279035424,23.781086146568352,5.739241553406105,0.18283186287102873,False,2460147.5,L+W1,1.5668237893579924,0.2638443030116899,1.1641442106420075,0.2638443030116899,5.739241553406105,-0.6032411361203422,0.18283186287102873
2460147.5,2023-7-22,K,2.159,7.573,0.006,666.8,0.6234412,0.0034453,1,no,0.00015626622279035424,23.781086146568352,7.960783854229508,0.19351771338760568,False,2460147.5,K,0.43619637238946446,0.07774607147007884,0.18724482761053557,0.07782237288287094,7.960783854229508,-0.38778362424512114,0.1936107057855208
2460147.5,2023-7-22,H,1.662,9.911,0.0,1024.0,0.1111476,0.0,1,no,0.00015626622279035424,23.781086146568352,9.91099966796184,0.20248079733998145,False,2460147.5,H,0.11114760000000005,0.0207281055672624,-5.551115123125783e-17,0.0207281055672624,9.91099966796184,1.7763568394002505e-15,0.20248079733998145
2460147.5,2023-7-22,J,1.235,13.077,0.015,1594.0,0.0093689,0.0001294,1,no,0.00015626622279035424,23.781086146568352,13.076999283940314,0.21781889614973424,False,2460147.5,J,0.009368900000000029,0.0018795757636099694,-2.949029909160572e-17,0.0018840247904818024,13.076999283940314,3.552713678800501e-15,0.2183347693792464
2460170.5,2023-8-14,W1,3.4,4.973,0.287,309.54,3.1726246,0.8384807,1,no,0.00016434501784998707,23.361293061760534,5.648109859223216,0.14228670940645904,True,2460170.5,L+W1,1.7040127287596283,0.2233124058121846,1.4686118712403715,0.8677086578236475,5.648109859223216,-0.6748646319711566,0.3203349928960589
2460188.5,2023-9-1,K,2.159,7.173,0.008,666.8,0.9011469,0.0066399,1,no,0.00017066755311404756,23.032759343215286,7.80077991612502,0.1929220404675815,False,2460188.5,K,0.5054563125134787,0.08981340287813563,0.3956905874865213,0.09005851213827765,7.80077991612502,-0.6277799208412524,0.19308783933271187
2460188.5,2023-9-1,L,3.353,5.136,0.0,309.54,2.730968,0.0,1,yes,0.00017066755311404756,23.032759343215286,5.627585344302388,0.18229193056113308,False,2460188.5,L+W1,1.7365313995824938,0.2915585387340368,0.994436600417506,0.2915585387340368,5.627585344302388,-0.4915849270166257,0.18229193056113308
2460188.5,2023-9-1,H,1.662,9.702,0.007,1024.0,0.1347411,0.0008687,1,no,0.00017066755311404756,23.032759343215286,9.701999670283577,0.20164474742086874,False,2460188.5,H,0.13474109999999953,0.025024342890695602,4.718447854656915e-16,0.025039416462871243,9.701999670283577,-3.552713678800501e-15,0.20176621164710892
2460188.5,2023-9-1,W1,3.4,4.998,0.0,309.54,3.1011558,0.0,1,yes,0.00017066755311404756,23.032759343215286,5.600331721937462,0.181939746105854,False,2460188.5,L+W1,1.7806726549928575,0.2983921226235702,1.3204831450071424,0.2983921226235702,5.600331721937462,-0.6023487399217569,0.181939746105854
2460188.5,2023-9-1,J,1.235,12.781,0.01,1594.0,0.0123052,0.0001133,1,no,0.00017066755311404756,23.032759343215286,12.780999100622969,0.21655938752611537,False,2460188.5,J,0.012305199999999983,0.00245437755847885,1.734723475976807e-17,0.0024569912677021464,12.780999100622969,-1.7763568394002505e-15,0.21679014812875197
2460221.5,2023-10-4,W1,3.4,5.044,0.0,309.54,2.971951,0.0,1,yes,0.0001552582478476341,23.0453621161075,5.6744939660957865,0.1799292271063511,True,2460221.5,L+W1,1.6631031717740925,0.275611025020664,1.3088478282259073,0.275611025020664,5.6744939660957865,-0.6303061322620298,0.1799292271063511
2460221.5,2023-10-4,L,3.353,5.136,0.0,309.54,2.730968,0.0,1,yes,0.0001552582478476341,23.0453621161075,5.70190291641556,0.18026700016602762,True,2460221.5,L+W1,1.6216443440915842,0.2692449233658168,1.1093236559084156,0.2692449233658168,5.70190291641556,-0.5659024991297974,0.18026700016602762
2460221.5,2023-10-4,H,1.662,10.165,0.013,1024.0,0.0879889,0.0010911,1,no,0.0001552582478476341,23.0453621161075,9.785375457624824,0.19954376774140017,True,2460221.5,H,0.12478137691350319,0.022933145255874605,-0.036792476913503194,0.022959086448224458,9.785375457624824,0.37930471305398683,0.19996678535305273
2460310.5,2024-1-1,H,1.662,10.088,0.018,1024.0,0.0943921,0.0015437,1,no,0.00011369981849276137,23.079351412695598,10.061175976942106,0.15902465462494253,True,2460310.5,H,0.096789794071936,0.014176522350507613,-0.0023976940719359907,0.014260322424280662,10.061175976942106,0.027234794112887428,0.16004012240242213
2460310.5,2024-1-1,L,3.353,5.136,0.0,309.54,2.730968,0.0,1,yes,0.00011369981849276137,23.079351412695598,5.947743693366605,0.14275065817479773,True,2460310.5,L+W1,1.2930618567593293,0.17000946482598003,1.4379061432406706,0.17000946482598003,5.947743693366605,-0.8117432760808425,0.14275065817479773
2460310.5,2024-1-1,W1,3.4,5.169,0.0,309.54,2.6496954,0.0,1,yes,0.00011369981849276137,23.079351412695598,5.91985589395144,0.14250167287095,True,2460310.5,L+W1,1.3267051673867212,0.17412858199866155,1.322990232613279,0.17412858199866155,5.91985589395144,-0.7510538277713836,0.14250167287095
2460340.5,2024-1-31,W1,3.4,5.211,0.0,309.54,2.5491424,0.0,1,yes,9.969135915965821e-05,23.09080847896125,6.023971040999577,0.16206699424287144,True,2460340.5,L+W1,1.205392158373467,0.1799279448685552,1.343750241626533,0.1799279448685552,6.023971040999577,-0.813164337038252,0.16206699424287144
2460340.5,2024-1-31,L,3.353,5.136,0.0,309.54,2.730968,0.0,1,yes,9.969135915965821e-05,23.09080847896125,6.052049988133939,0.1623447802306155,True,2460340.5,L+W1,1.174618355013317,0.1756348898229519,1.556349644986683,0.1756348898229519,6.052049988133939,-0.9160495708481768,0.1623447802306155
2460340.5,2024-1-31,H,1.662,10.274,0.011,1024.0,0.0795524,0.0008074,1,no,9.969135915965821e-05,23.09080847896125,10.178364019676833,0.1814352893021571,True,2460340.5,H,0.08688690925781034,0.0145195043222059,-0.0073345092578103455,0.014541935927604544,10.178364019676833,0.09575265611975148,0.1817684356651546
2460342.5,2024-2-2,H,1.662,10.246,0.015,1024.0,0.0816351,0.0011131,1,no,9.875746187078466e-05,23.09157228337896,10.186773898710973,0.18428407338413472,True,2460342.5,H,0.08621650172150234,0.01463369100204978,-0.004581401721502343,0.014675963476156266,10.186773898710973,0.059283670184955284,0.18489353613106424
2460342.5,2024-2-2,W1,3.4,5.214,0.0,309.54,2.5425766,0.0,1,yes,9.875746187078466e-05,23.09157228337896,6.031436818250452,0.16457757291025557,True,2460342.5,L+W1,1.197132030507593,0.18146312444094675,1.3454445694924069,0.18146312444094675,6.031436818250452,-0.8178299869747647,0.16457757291025557
2460342.5,2024-2-2,L,3.353,5.136,0.0,309.54,2.730968,0.0,1,yes,9.875746187078466e-05,23.09157228337896,6.059529273589959,0.1648593218479233,True,2460342.5,L+W1,1.1665545953831076,0.1771308708787881,1.5644134046168923,0.1771308708787881,6.059529273589959,-0.9235288563041966,0.1648593218479233
2460353.5,2024-2-13,W1,3.4,5.229,0.0,309.54,2.5067644,0.0,1,yes,9.362102678198017e-05,23.095773207676366,6.073836652492021,0.18156050876999782,True,2460353.5,L+W1,1.1512830673377903,0.19252147853971413,1.3554813326622095,0.19252147853971413,6.073836652492021,-0.8448285028659601,0.18156050876999782
2460353.5,2024-2-13,H,1.662,10.217,0.016,1024.0,0.083851,0.0012674,1,no,9.362102678198017e-05,23.095773207676366,10.234555557928935,0.2035365931935109,True,2460353.5,H,0.0825045183845911,0.015466637772120697,0.001346481615408901,0.01551847887951621,10.234555557928935,-0.017576282160881362,0.20416450418429924
2460358.5,2024-2-18,W1,3.4,5.236,0.0,309.54,2.4906521,0.0,1,yes,9.128628355979631e-05,23.09768271872064,6.093903701646744,0.19116420374911477,True,2460358.5,L+W1,1.1301999860418,0.1989928856218549,1.3604521139582002,0.1989928856218549,6.093903701646744,-0.8578944273123756,0.19116420374911477
2460358.5,2024-2-18,H,1.662,10.121,0.014,1024.0,0.0916311,0.0011631,1,no,9.128628355979631e-05,23.09768271872064,10.257182417086037,0.21442171655803896,True,2460358.5,H,0.08080290781592948,0.015957741964248387,0.01082819218407051,0.01600007281881973,10.257182417086037,-0.1365397758688811,0.21487827375445848
2460364.5,2024-2-24,W1,3.4,5.244,0.0,309.54,2.4714553,0.0,1,yes,8.848459169317569e-05,23.09997413197377,6.118690120555524,0.1857829828531641,False,2460364.5,L+W1,1.1046907818605667,0.1890263469938999,1.3667645181394334,0.1890263469938999,6.118690120555524,-0.8742800749044282,0.1857829828531641
2460364.5,2024-2-24,K,2.159,7.974,0.0,666.8,0.4309798,0.0,1,no,8.848459169317569e-05,23.09997413197377,8.354114108388044,0.19777913431061547,False,2460364.5,K,0.30363368321565987,0.05531031087548084,0.12734611678434016,0.05531031087548084,8.354114108388044,-0.3802674186950794,0.19777913431061547
2460364.5,2024-2-24,H,1.662,10.285,0.0,1024.0,0.0787486,0.0,1,no,8.848459169317569e-05,23.09997413197377,10.285142787593987,0.20853319648265578,False,2460364.5,H,0.07874859999999964,0.015124942140243236,3.608224830031759e-16,0.015124942140243236,10.285142787593987,-3.552713678800501e-15,0.20853319648265578
2460364.5,2024-2-24,J,1.235,13.414,0.0,1594.0,0.006866,0.0,1,no,8.848459169317569e-05,23.09997413197377,13.414461294925907,0.2269660435772475,False,2460364.5,J,0.006865999999999985,0.0014352923374684118,1.474514954580286e-17,0.0014352923374684118,13.414461294925907,-1.7763568394002505e-15,0.2269660435772475
2460365.5,2024-2-25,H,1.662,10.312,0.018,1024.0,0.0768344,0.0012396,1,no,8.863148600931375e-05,23.07202276536935,10.278691595128267,0.22766322827019453,True,2460365.5,H,0.07921789875045021,0.016610851224516898,-0.0023834987504502136,0.01665704015012975,10.278691595128267,0.03316903593352727,0.22837369705464483
2460365.5,2024-2-25,W1,3.4,5.246,0.0,309.54,2.4682705,0.0,1,yes,8.863148600931375e-05,23.07202276536935,6.115803110001336,0.20283501906476975,True,2460365.5,L+W1,1.1076321021020894,0.2069255658621769,1.3606383978979106,0.2069255658621769,6.115803110001336,-0.8699930460965826,0.20283501906476975
2460370.5,2024-3-1,W1,3.4,5.253,0.0,309.54,2.4524055,0.0,1,yes,8.936595759000406e-05,22.932265932347253,6.101401491893093,0.1954674283110283,True,2460370.5,L+W1,1.122422028479681,0.20207205620028698,1.3299834715203187,0.20207205620028698,6.101401491893093,-0.8485902498676765,0.1954674283110283
2460370.5,2024-3-1,H,1.662,10.355,0.009,1024.0,0.0738255,0.0006445,1,no,8.936595759000406e-05,22.932265932347253,10.246473949417927,0.21934581465566155,True,2460370.5,H,0.08160379888984112,0.016486004305692695,-0.00777829888984112,0.01649859746212744,10.246473949417927,0.10875994966837332,0.21953037695716698
2460372.5,2024-3-3,W1,3.4,5.256,0.046,309.54,2.4449797,0.1033194,1,no,8.965974622228018e-05,22.87636319913841,6.09565630897395,0.19264450469075883,True,2460372.5,L+W1,1.1283770764658185,0.20021036606086937,1.3166026235341817,0.22529777871649626,6.09565630897395,-0.8395525074463306,0.19806035743567618
2460376.5,2024-3-7,W1,3.4,5.256,0.0,309.54,2.4449797,0.0,1,yes,9.024732348683243e-05,22.764557732720732,6.084192131745598,0.18721416056572504,True,2460376.5,L+W1,1.1403546178189976,0.19663204707242063,1.3046250821810026,0.19663204707242063,6.084192131745598,-0.8280883302179785,0.18721416056572504
2460376.5,2024-3-7,H,1.662,10.29,0.014,1024.0,0.0783678,0.000977,1,no,9.024732348683243e-05,22.764557732720732,10.207895929980387,0.21003057685340962,True,2460376.5,H,0.08455544600317864,0.016356854475623923,-0.006187646003178643,0.01638600675383537,10.207895929980387,0.08250982387730943,0.21049665843755336
2460381.5,2024-3-12,W1,3.4,5.256,0.0,309.54,2.4449797,0.0,1,yes,9.098179506752274e-05,22.624800899698634,6.069910422591034,0.180836032727472,True,2460381.5,L+W1,1.1554538638922036,0.19244793701287874,1.2895258361077966,0.19244793701287874,6.069910422591034,-0.8138066210634145,0.180836032727472
2460381.5,2024-3-12,H,1.662,10.25,0.015,1024.0,0.0813507,0.0011092,1,no,9.098179506752274e-05,22.624800899698634,10.175815635595907,0.20283267273287273,True,2460381.5,H,0.08709108525662339,0.016269990368187676,-0.00574038525662339,0.016307756167570072,10.175815635595907,0.07403102032513509,0.20338656083419243
2460386.5,2024-3-17,W1,3.4,5.256,0.0,309.54,2.4449797,0.0,1,yes,9.171626664821306e-05,22.485044066676533,6.0556817962534595,0.1749219932473804,True,2460386.5,L+W1,1.1706957985919737,0.18860975776492686,1.2742839014080265,0.18860975776492686,6.0556817962534595,-0.7995779947258397,0.1749219932473804
2460386.5,2024-3-17,H,1.662,10.117,0.015,1024.0,0.0919525,0.001285,1,no,9.171626664821306e-05,22.485044066676533,10.143796110658167,0.19615862366260867,True,2460386.5,H,0.0896977423877549,0.016205580706728746,0.002254757612245112,0.016256447060852473,10.143796110658167,-0.026955072337139896,0.19673130314520093
2460391.5,2024-3-22,W1,3.4,5.256,0.0,309.54,2.4449797,0.0,1,yes,9.245073822890337e-05,22.345287233654435,6.041505394524236,0.16948192604396337,True,2460391.5,L+W1,1.186081741508895,0.18514572611243732,1.2588979584911053,0.18514572611243732,6.041505394524236,-0.7854015929966165,0.16948192604396337
2460391.5,2024-3-22,H,1.662,10.126,0.012,1024.0,0.0911731,0.0010479,1,no,9.245073822890337e-05,22.345287233654435,10.111836351553922,0.19001889270666336,True,2460391.5,H,0.09237733221735953,0.016167314217037307,-0.0012042322173595188,0.01620123894652556,10.111836351553922,0.014246736023299178,0.19039742536459478
2460396.5,2024-3-27,W1,3.4,5.256,0.0,309.54,2.4449797,0.0,1,yes,9.318520980959369e-05,22.205530400632334,6.027380379784441,0.16452580455664476,True,2460396.5,L+W1,1.2016130224565897,0.18208506672157357,1.2433666775434105,0.18208506672157357,6.027380379784441,-0.7712765782568214,0.16452580455664476
2460396.5,2024-3-27,H,1.662,10.083,0.014,1024.0,0.0949049,0.0012344,1,no,9.318520980959369e-05,22.205530400632334,10.079935379129088,0.1844240855001656,True,2460396.5,H,0.09513181989548519,0.016159172743161625,-0.00022691989548519198,0.016206252099215834,10.079935379129088,0.002592922708208434,0.1849547061109081
2460397.5,2024-3-28,W1,3.4,5.256,0.0,309.54,2.4449797,0.0,1,yes,9.333210412573174e-05,22.177579034027914,6.024561470975476,0.16359350652179344,True,2460397.5,L+W1,1.2047368369596085,0.1815239491236288,1.2402428630403917,0.1815239491236288,6.024561470975476,-0.768457669447856,0.16359350652179344
2460397.5,2024-3-28,H,1.662,10.043,0.013,1024.0,0.0984117,0.0011981,1,no,9.333210412573174e-05,22.177579034027914,10.073562154555361,0.18337142340496856,True,2460397.5,H,0.09569188172590865,0.01616152844814525,0.0027198182740913596,0.01620587687816393,10.073562154555361,-0.030429098042720426,0.18383165919276323
2460400.5,2024-3-31,W1,3.4,5.256,0.0,309.54,2.4449797,0.0,1,yes,9.377278707414593e-05,22.093724934214656,6.016116816489144,0.16091578002185283,True,2460400.5,L+W1,1.214143590825274,0.17994689881388468,1.2308361091747262,0.17994689881388468,6.016116816489144,-0.7600130149615243,0.16091578002185283
2460400.5,2024-3-31,H,1.662,9.843,0.017,1024.0,0.118339,0.0019051,1,no,9.377278707414593e-05,22.093724934214656,10.054456284740008,0.18034743700588693,True,2460400.5,H,0.09739068999573519,0.01617719041880758,0.02094831000426481,0.01628898081085369,10.054456284740008,-0.21152613073554782,0.18114689628749467
2460404.5,2024-4-4,H,1.662,9.877,0.008,1024.0,0.1146858,0.0008849,1,no,9.436036433869818e-05,21.981919467796978,10.02901372326875,0.17663076545868245,True,2460404.5,H,0.09969984137356402,0.016219464010454404,0.01498595862643598,0.01624358521990837,10.02901372326875,-0.15203795263393083,0.17681184153364868
2460404.5,2024-4-4,W1,3.4,5.256,0.0,309.54,2.4449797,0.0,1,yes,9.436036433869818e-05,21.981919467796978,6.004885207453297,0.15762602093105046,True,2460404.5,L+W1,1.2267687239886027,0.17810097122814741,1.2182109760113975,0.17810097122814741,6.004885207453297,-0.7487814059256772,0.15762602093105046
2460545.5,2024-8-23,J,1.235,11.71,0.014,1594.0,0.0329901,0.0004117,1,no,0.00011507246291416497,18.04077677657378,11.710261712684844,0.2225098560520726,False,2460545.5,J,0.03299010000000005,0.0067609630865894995,-4.85722573273506e-17,0.006773486454421077,11.710261712684844,3.552713678800501e-15,0.22294985095378303
2460545.5,2024-8-23,W1,3.4,5.256,0.0,309.54,2.4449797,0.0,1,yes,0.00011507246291416497,18.04077677657378,5.626636135236294,0.18429986624391234,False,2460545.5,L+W1,1.7380502326847302,0.29502785667938103,0.70692946731527,0.29502785667938103,5.626636135236294,-0.3705323337086739,0.18429986624391234
2460545.5,2024-8-23,K,2.159,7.099,0.016,666.8,0.9644514,0.0144157,1,no,0.00011507246291416497,18.04077677657378,7.542323957514091,0.19571393415766528,False,2460545.5,K,0.6413070410396541,0.11560149090988689,0.3231443589603459,0.11649685449435389,7.542323957514091,-0.44303584924834816,0.1963668608077008
2460545.5,2024-8-23,H,1.662,9.152,0.01,1024.0,0.2235528,0.0020283,1,no,0.00011507246291416497,18.04077677657378,9.152299607152543,0.2055882804566452,False,2460545.5,H,0.22355280000000025,0.04233057306356187,-2.498001805406602e-16,0.04237913893390886,9.152299607152543,1.7763568394002505e-15,0.20583134129942457
2460566.5,2024-9-13,W1,3.4,5.256,0.0,309.54,2.4449797,0.0,1,yes,0.00012124963645371582,19.747083089372477,5.681727027658164,0.18399855639877077,False,2460566.5,L+W1,1.6520605747417867,0.27997294324686306,0.7929191252582135,0.27997294324686306,5.681727027658164,-0.4256232261305444,0.18399855639877077
2460566.5,2024-9-13,L,3.353,4.412,0.0,309.54,5.3200622,0.0,1,yes,0.00012124963645371582,19.747083089372477,5.705273443483407,0.1843232562822739,False,2460566.5,L+W1,1.6166179656975357,0.27444998729518877,3.703444234302464,0.27444998729518877,5.705273443483407,-1.2932732726382632,0.1843232562822739
2460566.5,2024-9-13,H,1.662,9.411,0.0,1024.0,0.1761569,0.0,1,no,0.00012124963645371582,19.747083089372477,9.411000744091703,0.2050336666825805,False,2460566.5,H,0.1761568999999998,0.03326599496282128,1.942890293094024e-16,0.03326599496282128,9.411000744091703,0.0,0.2050336666825805
2460566.5,2024-9-13,J,1.235,12.152,0.0,1594.0,0.0219628,0.0,1,no,0.00012124963645371582,19.747083089372477,12.152001525719719,0.22167166923674791,False,2460566.5,J,0.021962799999999946,0.004484082335816924,5.551115123125783e-17,0.004484082335816924,12.152001525719719,0.0,0.22167166923674791
2460566.5,2024-9-13,K,2.159,7.415,0.0,666.8,0.7211,0.0,1,no,0.00012124963645371582,19.747083089372477,7.69850822906969,0.19532354745010155,False,2460566.5,K,0.5553826386711505,0.09991313424204464,0.1657173613288495,0.09991313424204464,7.69850822906969,-0.2835079900820805,0.19532354745010155
2460575.5,2024-9-22,L,3.353,4.412,0.0,309.54,5.3200622,0.0,1,yes,9.572488225354596e-05,17.191351691069364,5.744321489458624,0.1856586005548526,False,2460575.5,L+W1,1.5595100666389556,0.2666729314676337,3.760552133361044,0.2666729314676337,5.744321489458624,-1.33232131861348,0.1856586005548526
2460575.5,2024-9-22,K,2.159,7.195,0.009,666.8,0.8830549,0.0075973,1,no,9.572488225354596e-05,17.191351691069364,7.596688851283941,0.19714210048981778,False,2460575.5,K,0.6099862572569403,0.11075800134374691,0.27306864274305964,0.11101825898901245,7.596688851283941,-0.4016691352424795,0.19734742913333686
2460575.5,2024-9-22,H,1.662,9.162,0.007,1024.0,0.2215282,0.0014595,1,no,9.572488225354596e-05,17.191351691069364,9.162177344831115,0.20762312762984275,False,2460575.5,H,0.22152820000000037,0.04236238742029941,-3.608224830031759e-16,0.04238752184543868,9.162177344831115,3.552713678800501e-15,0.20774109638393162
2460575.5,2024-9-22,J,1.235,11.64,0.008,1594.0,0.0351956,0.0002531,1,no,9.572488225354596e-05,17.191351691069364,11.639999859463519,0.22558804434061966,False,2460575.5,J,0.0351956000000001,0.0073127399994582214,-9.71445146547012e-17,0.007317118689052148,11.639999859463519,3.552713678800501e-15,0.22572985125903347
2460594.5,2024-10-11,J,1.235,11.31,0.0,1594.0,0.0476812,0.0,1,no,6.636923391401048e-05,14.814909973768135,11.31035285058802,0.2323472118613312,False,2460594.5,J,0.04768119999999991,0.010203762046113654,9.020562075079397e-17,0.010203762046113654,11.31035285058802,-1.7763568394002505e-15,0.2323472118613312
2460594.5,2024-10-11,L,3.353,4.412,0.0,309.54,5.3200622,0.0,1,yes,6.636923391401048e-05,14.814909973768135,5.898663113328366,0.18770409257335924,False,2460594.5,L+W1,1.352855877942316,0.23388423803023808,3.9672063220576836,0.23388423803023808,5.898663113328366,-1.486662942483222,0.18770409257335924
2460594.5,2024-10-11,K,2.159,7.284,0.0,666.8,0.8136619,0.0,1,no,6.636923391401048e-05,14.814909973768135,7.628004735182948,0.20025686832676456,False,2460594.5,K,0.5926437341373835,0.10930922051942696,0.22101816586261658,0.10930922051942696,7.628004735182948,-0.3441257084988658,0.20025686832676456
2460594.5,2024-10-11,H,1.662,9.064,0.0,1024.0,0.2424021,0.0,1,no,6.636923391401048e-05,14.814909973768135,9.064408946774169,0.21208311992562778,False,2460594.5,H,0.24240209999999915,0.047349801378297376,8.604228440844963e-16,0.047349801378297376,9.064408946774169,-1.7763568394002505e-15,0.21208311992562778
2460737.5,2025-3-3,K,2.159,6.674,0.006,666.8,1.4269066,0.0078854,1,no,4.739254176550387e-05,8.950649890129514,7.230815927602205,0.20348427336129127,False,2460737.5,K,0.8544157002744445,0.1601311231557901,0.5724908997255554,0.1603251575277405,7.230815927602205,-0.5568158165701433,0.20357271306678779
2460737.5,2025-3-3,H,1.662,8.325,0.004,1024.0,0.4789609,0.0017646,1,no,4.739254176550387e-05,8.950649890129514,8.324999738581576,0.21672409061416714,False,2460737.5,H,0.4789609000000151,0.09560551175998637,-1.509903313490213e-14,0.09562179506811662,8.324999738581576,3.375077994860476e-14,0.21676100076475413
2460737.5,2025-3-3,J,1.235,9.959,0.005,1594.0,0.1655345,0.0007623,1,no,4.739254176550387e-05,8.950649890129514,9.958999489241645,0.23939181782074728,False,2460737.5,J,0.165534500000005,0.036498372895170765,-4.9960036108132044e-15,0.036506332673728485,9.958999489241645,3.197442310920451e-14,0.239444027780026
2460737.5,2025-3-3,L,3.353,4.412,0.0,309.54,5.3200622,0.0,1,yes,4.739254176550387e-05,8.950649890129514,5.831500286084594,0.18964429080260345,False,2460737.5,L+W1,1.43918513230443,0.25138080737606633,3.88087706769557,0.25138080737606633,5.831500286084594,-1.4195001152394502,0.18964429080260345
2460766.5,2025-4-1,L,3.353,4.412,0.148,309.54,5.3200622,0.7251939,1,no,5.5098776667593384e-05,9.521671126562351,5.742977372751001,0.18876389580980565,False,2460766.5,L+W1,1.5614419001396238,0.27146912376996885,3.758620299860376,0.774339510652559,5.742977372751001,-1.3309772019058572,0.23986623013941574
2460766.5,2025-4-1,J,1.235,9.972,0.004,1594.0,0.1635642,0.0006026,1,no,5.5098776667593384e-05,9.521671126562351,9.972000158062412,0.23613547890753733,False,2460766.5,J,0.16356419999999974,0.03557338378315598,2.498001805406602e-16,0.03557848732793041,9.972000158062412,-1.7763568394002505e-15,0.23616935533403147
2460766.5,2025-4-1,H,1.662,8.289,0.004,1024.0,0.4951081,0.001824,1,no,5.5098776667593384e-05,9.521671126562351,8.288999812912168,0.214579444292403,False,2460766.5,H,0.49510809999999894,0.09785067541920504,1.0547118733938987e-15,0.09786767421367802,8.288999812912168,-1.7763568394002505e-15,0.2146167232832439
2460766.5,2025-4-1,K,2.159,6.681,0.005,666.8,1.4177359,0.0065289,1,no,5.5098776667593384e-05,9.521671126562351,7.167768991230984,0.201994173977523,False,2460766.5,K,0.9054990409328791,0.16846221946833048,0.5122368590671209,0.16858868859863033,7.167768991230984,-0.48676835517118366,0.20205604747411504
2460781.5,2025-4-16,J,1.235,9.992,0.009,1594.0,0.1605789,0.0013311,1,no,7.827545854531618e-05,10.789817334104791,9.9919995962025,0.2291925684697755,False,2460781.5,J,0.16057890000000022,0.033897267468620554,-2.220446049250313e-16,0.03392339265240434,9.9919995962025,1.7763568394002505e-15,0.22936920770184635
2460781.5,2025-4-16,H,1.662,8.199,0.005,1024.0,0.5378979,0.0024771,1,no,7.827545854531618e-05,10.789817334104791,8.199000269694842,0.21000270916647684,False,2460781.5,H,0.5378979000000005,0.10404001981321324,-4.440892098500626e-16,0.10406950440519934,8.199000269694842,1.7763568394002505e-15,0.2100622237749088
2460781.5,2025-4-16,K,2.159,6.688,0.005,666.8,1.4086249,0.006487,1,no,7.827545854531618e-05,10.789817334104791,7.017031329693021,0.19880603493252194,False,2460781.5,K,1.0403585945217069,0.19049707118397835,0.3682663054782931,0.19060749014315706,7.017031329693021,-0.32903075447018715,0.19886890034792049
2460781.5,2025-4-16,L,3.353,4.176,0.1,309.54,6.6117554,0.6089652,1,no,7.827545854531618e-05,10.789817334104791,5.535214368777103,0.1867802737862416,False,2460781.5,L+W1,1.8907365982253912,0.32526528813035,4.721018801774608,0.6903883852394677,5.535214368777103,-1.359214369625839,0.21186521818284232
2460812.5,2025-5-17,J,1.235,10.729,0.006,1594.0,0.0814494,0.0004501,1,no,4.2541666614079954e-05,11.246515689397071,10.729001069125129,0.24183552068261033,False,2460812.5,J,0.08144939999999992,0.018141937214550364,8.326672684688674e-17,0.018147519827973392,10.729001069125129,0.0,0.24190993998558483
2460812.5,2025-5-17,H,1.662,8.834,0.005,1024.0,0.2997092,0.0013802,1,no,4.2541666614079954e-05,11.246515689397071,8.833999705507447,0.21833309782605134,False,2460812.5,H,0.29970920000000045,0.06026918674738772,-4.440892098500626e-16,0.06028498837381902,8.833999705507447,1.7763568394002505e-15,0.2183903422917783
2460812.5,2025-5-17,K,2.159,7.038,0.005,666.8,1.0204588,0.0046994,1,no,4.2541666614079954e-05,11.246515689397071,7.593132968423281,0.20460098273109903,False,2460812.5,K,0.6119872916222148,0.11532562028982234,0.40847150837778534,0.11542132842586886,7.593132968423281,-0.5551326785387589,0.20466206813801985
2460812.5,2025-5-17,L,3.353,4.144,0.0,309.54,6.8063955,0.0,1,yes,4.2541666614079954e-05,11.246515689397071,6.051113496289896,0.1902914703375154,False,2460812.5,L+W1,1.1756319484140507,0.20604704076282,5.630763551585949,0.20604704076282,6.051113496289896,-1.9066145033775674,0.1902914703375154
2460816.5,2025-5-21,L,3.353,4.14,0.01,309.54,6.8346581,0.0629495,1,no,5.830265920644212e-05,12.731629194433594,5.882471439676296,0.18843928899930304,False,2460816.5,L+W1,1.3731823175526645,0.2383281486350396,5.4614757824473354,0.24650141172426482,5.882471439676296,-1.7424714792974516,0.18870443990156366
2460816.5,2025-5-21,K,2.159,7.103,0.004,666.8,0.9611595,0.003541,1,no,5.830265920644212e-05,12.731629194433594,7.49489968436102,0.2014548023180765,False,2460816.5,K,0.6699397045862876,0.12430512141070847,0.29121979541371246,0.1243555462773212,7.49489968436102,-0.3918993635249537,0.2014945095455836
2460816.5,2025-5-21,H,1.662,8.81,0.004,1024.0,0.3064078,0.0011288,1,no,5.830265920644212e-05,12.731629194433594,8.810000350051231,0.21380390481485695,False,2460816.5,H,0.30640779999999995,0.06033803037849669,5.551115123125783e-17,0.06034858821378003,8.810000350051231,0.0,0.21384131900565992
2460816.5,2025-5-21,J,1.235,10.839,0.003,1594.0,0.0736018,0.0002034,1,no,5.830265920644212e-05,12.731629194433594,10.838999703800088,0.2349582878254172,False,2460816.5,J,0.07360180000000004,0.01592776664633861,-4.163336342344337e-17,0.01592906531784639,10.838999703800088,0.0,0.23497743938057455
2460840.5,2025-6-14,J,1.235,11.931,0.009,1594.0,0.0269208,0.0002232,1,no,5.225537469377058e-05,16.148986889957477,11.931000888686512,0.23726078551398416,False,2460840.5,J,0.026920800000000054,0.005882874796542105,-5.204170427930421e-17,0.005887107448636411,11.931000888686512,1.7763568394002505e-15,0.2374314223996327
2460840.5,2025-6-14,H,1.662,9.519,0.007,1024.0,0.1594777,0.0010282,1,no,5.225537469377058e-05,16.148986889957477,9.51899998258412,0.21532067450855946,False,2460840.5,H,0.1594777000000005,0.03162724590244598,-4.996003610813204e-16,0.031643954851026224,9.51899998258412,3.552713678800501e-15,0.21543442823936246
2460840.5,2025-6-14,K,2.159,7.326,0.006,666.8,0.7827002,0.0043254,1,no,5.225537469377058e-05,16.148986889957477,7.988814380238947,0.20250941121810137,False,2460840.5,K,0.42507918482504237,0.07928494514850087,0.3576210151749576,0.07940284385562518,7.988814380238947,-0.662814014332251,0.2025982764781134
2460840.5,2025-6-14,L,3.353,4.885,0.0,309.54,3.4405236,0.0,1,yes,5.225537469377058e-05,16.148986889957477,6.167355222616404,0.18907082890622023,False,2460840.5,L+W1,1.0562693773767462,0.18393945587673213,2.384254222623254,0.18393945587673213,6.167355222616404,-1.2821246299773712,0.18907082890622023
2460847.5,2025-6-21,L,3.353,5.107,0.0,309.54,2.8047333,0.0,1,yes,6.087050877667317e-05,16.53429716010886,6.066938429057069,0.18819348509846792,False,2460847.5,L+W1,1.1586210288508376,0.2008268015492638,1.6461122711491625,0.2008268015492638,6.066938429057069,-0.9598754104565757,0.18819348509846792
2460847.5,2025-6-21,K,2.159,7.309,0.006,666.8,0.7950522,0.0043936,1,no,6.087050877667317e-05,16.53429716010886,7.902980493605329,0.20105045736819036,False,2460847.5,K,0.46004826134141,0.08518912139872502,0.33500393865858996,0.08530234537014038,7.902980493605329,-0.5939806248651456,0.2011399672068148
2460847.5,2025-6-21,H,1.662,9.449,0.006,1024.0,0.1700982,0.00094,1,no,6.087050877667317e-05,16.53429716010886,9.449000596900905,0.21322280933279272,False,2460847.5,H,0.17009819999999992,0.03340481408606141,8.326672684688674e-17,0.03341803710759097,9.449000596900905,0.0,0.21330721136372413
2460847.5,2025-6-21,J,1.235,11.89,0.008,1594.0,0.0279569,0.000206,1,no,6.087050877667317e-05,16.53429716010886,11.889998260117595,0.2340763980365511,False,2460847.5,J,0.027956900000000038,0.006027293207677355,-3.8163916471489756e-17,0.006030812500095952,11.889998260117595,1.7763568394002505e-15,0.2342130656427303
2460848.5,2025-6-22,L,3.353,5.134,0.0,309.54,2.7360039,0.0,1,no,6.733153489879097e-05,16.66435129888442,5.9936868723122245,0.16971256421938336,True,2460848.5,L+W1,1.239487151765837,0.19374553590576957,1.496516748234163,0.19374553590576957,5.9936868723122245,-0.8596867069392298,0.16971256421938336
2460856.5,2025-6-30,K,2.159,6.822,0.004,666.8,1.245075,0.004587,1,no,0.00011901974387573338,17.70478440908889,7.47495603094475,0.19546138288941453,False,2460856.5,K,0.6823594001994974,0.12284283365156572,0.5627155998005026,0.12292844401742929,7.47495603094475,-0.6529558354597098,0.1955023074059289
2460856.5,2025-6-30,L,3.353,4.566,0.013,309.54,4.6165414,0.0552759,1,no,0.00011901974387573338,17.70478440908889,5.6022121740626165,0.18442952998038534,False,2460856.5,L+W1,1.7775912696356269,0.3019520956558397,2.838950130364373,0.30696985713871544,5.6022121740626165,-1.0362120648189013,0.1848871318637018
2460856.5,2025-6-30,H,1.662,9.063,0.004,1024.0,0.2427168,0.0008942,1,no,0.00011901974387573338,17.70478440908889,9.063000297341762,0.20522939531079273,False,2460856.5,H,0.2427168000000001,0.04587912043226691,-8.326672684688674e-17,0.04588783373922168,9.063000297341762,0.0,0.20526837238024184
2460856.5,2025-6-30,J,1.235,11.582,0.004,1594.0,0.0371269,0.0001368,1,no,0.00011901974387573338,17.70478440908889,11.581999071961564,0.22196743092565355,False,2460856.5,J,0.037126900000000004,0.007590207064219154,-6.938893903907228e-18,0.0075914397526241585,11.581999071961564,0.0,0.22200346932364542
2460858.5,2025-7-2,J,1.235,11.924,0.009,1594.0,0.027095,0.0002246,1,no,7.635635438270302e-05,17.42376280848526,11.923997904279211,0.2296553708978489,False,2460858.5,J,0.027094999999999966,0.0057311456016734775,3.469446951953614e-17,0.00573554487974606,11.923997904279211,-3.552713678800501e-15,0.22983165443913192
2460858.5,2025-7-2,H,1.662,9.404,0.005,1024.0,0.1772963,0.0008165,1,no,7.635635438270302e-05,17.42376280848526,9.404000710611198,0.21030802877287413,False,2460858.5,H,0.1772962999999994,0.03434244450753157,5.828670879282072e-16,0.03435214937966598,9.404000710611198,-1.7763568394002505e-15,0.21036745700400536
2460858.5,2025-7-2,K,2.159,7.265,0.004,666.8,0.827934,0.0030502,1,no,7.635635438270302e-05,17.42376280848526,7.8142852858039005,0.19901915841663653,False,2460858.5,K,0.4992079314552668,0.09150652060577635,0.32872606854473313,0.09155734287000346,7.8142852858039005,-0.5492856022365391,0.19905935149313198
2460858.5,2025-7-2,L,3.353,4.566,0.0,309.54,4.6165414,0.0,1,yes,7.635635438270302e-05,17.42376280848526,5.93709558180276,0.18691871330843704,False,2460858.5,L+W1,1.3058056564483276,0.2248055393792217,3.3107357435516724,0.2248055393792217,5.93709558180276,-1.3710954725590447,0.18691871330843704
2460861.5,2025-7-5,J,1.235,11.658,0.003,1594.0,0.0346169,9.57e-05,1,no,0.00011622872895775395,17.8916936701765,11.658000358901043,0.22234838186145142,False,2460861.5,J,0.03461689999999995,0.007089209760463258,4.85722573273506e-17,0.007089855676799601,11.658000358901043,-1.7763568394002505e-15,0.22236861945069006
2460861.5,2025-7-5,H,1.662,9.117,0.003,1024.0,0.2309405,0.0006381,1,no,0.00011622872895775395,17.8916936701765,9.116999637217555,0.20548145479782143,False,2460861.5,H,0.23094049999999974,0.04370673990954147,2.498001805406602e-16,0.043711397657021964,9.116999637217555,0.0,0.20550335341747863
2460861.5,2025-7-5,K,2.159,6.935,0.003,666.8,1.1220071,0.0031002,1,no,0.00011622872895775395,17.8916936701765,7.5165597670844795,0.19563878366811652,False,2460861.5,K,0.6567070586086455,0.11833203093847548,0.4653000413913545,0.11837263529238638,7.5165597670844795,-0.5815598019963995,0.1956617838903144
2460861.5,2025-7-5,L,3.353,4.566,0.0,309.54,4.6165414,0.0,1,yes,0.00011622872895775395,17.8916936701765,5.631626881439306,0.18456495345470814,False,2460861.5,L+W1,1.7300793627542947,0.294097236198208,2.886462037245705,0.294097236198208,5.631626881439306,-1.065626772195591,0.18456495345470814
2460902.5,2025-8-15,L,3.353,4.566,0.0,309.54,4.6165414,0.0,1,yes,4.36981353602005e-05,15.322760672740355,6.264182019660528,0.19012930762827737,False,2460902.5,L+W1,0.9661486923140329,0.16918767296385237,3.6503927076859672,0.16918767296385237,6.264182019660528,-1.698181910416813,0.19012930762827737
2460902.5,2025-8-15,H,1.662,9.536,0.033,1024.0,0.157,0.0047719,1,no,4.36981353602005e-05,15.322760672740355,9.536000760576442,0.21792766891013624,False,2460902.5,H,0.15700000000000036,0.031512851711998954,-3.608224830031759e-16,0.031872101478133436,9.536000760576442,3.552713678800501e-15,0.22041204340191115
2460902.5,2025-8-15,J,1.235,11.874,0.033,1594.0,0.0283719,0.0008623,1,no,4.36981353602005e-05,15.322760672740355,11.873999741503436,0.24121973320503723,False,2460902.5,J,0.02837190000000009,0.006303429984675358,-9.020562075079397e-17,0.006362137287241166,11.873999741503436,3.552713678800501e-15,0.24346654736844103
2461102.5,2026-3-3,J,1.235,11.232,0.033,1594.0,0.0512493,0.0015577,1,no,3.944517346904411e-05,12.726141507605144,11.232000947999746,0.2436024964392603,False,2461102.5,J,0.051249299999998096,0.011498610220468141,1.9012569296705806e-15,0.011603640217287608,11.232000947999746,-4.085620730620576e-14,0.24582753359101137
2461102.5,2026-3-3,H,1.662,9.168,0.033,1024.0,0.2203433,0.0066971,1,no,3.944517346904411e-05,12.726141507605144,9.168000268068424,0.2194964004779412,False,2461102.5,H,0.22034329999999194,0.044545407077222404,8.049116928532385e-15,0.04504602579679428,9.168000268068424,-4.085620730620576e-14,0.22196321727433296
2461102.5,2026-3-3,K,2.159,7.33,0.033,666.8,0.7798223,0.023702,1,no,3.944517346904411e-05,12.726141507605144,7.832133372423585,0.20540778692999803,False,2461102.5,K,0.491068686959594,0.09290408828308432,0.288753613040406,0.09587989582655544,7.832133372423585,-0.502133520100589,0.20804172401583165
2461102.5,2026-3-3,L,3.353,4.542,0.0,309.54,4.7197261,0.0,1,yes,3.944517346904411e-05,12.726141507605144,6.197665649386198,0.19075378519543132,False,2461102.5,L+W1,1.0271893749815406,0.1804676499978261,3.692536725018459,0.1804676499978261,6.197665649386198,-1.6556656935969745,0.19075378519543132
2461165.5,2026-5-5,J,1.235,12.463,0.004,1594.0,0.0164926,6.08e-05,1,no,0.0001591779024386978,21.705167765676077,12.462997977577174,0.21755186536334328,False,2461165.5,J,0.01649259999999999,0.0033046663443361685,1.0408340855860843e-17,0.0033052256031000627,12.462997977577174,0.0,0.21758863509629875
2461165.5,2026-5-5,H,1.662,9.525,0.004,1024.0,0.1585988,0.0005843,1,no,0.0001591779024386978,21.705167765676077,9.525000149078572,0.20230361372294567,False,2461165.5,H,0.15859879999999998,0.029551478739967364,2.7755575615628914e-17,0.029557254646004304,9.525000149078572,0.0,0.20234315438225928
2461165.5,2026-5-5,K,2.159,7.184,0.003,666.8,0.8920631,0.0024649,1,no,0.0001591779024386978,21.705167765676077,7.702685642783429,0.1933916877336836,False,2461165.5,K,0.5532498871871714,0.09854505077081065,0.3388132128128286,0.09857587313045545,7.702685642783429,-0.5186856029991098,0.19341495517276472
2461165.5,2026-5-5,L,3.353,4.542,0.009,309.54,4.7197261,0.0391233,1,no,0.0001591779024386978,21.705167765676077,5.605293057691681,0.1827198734697793,False,2461165.5,L+W1,1.772554328771026,0.2983053353586037,2.947171771228974,0.3008599436719668,5.605293057691681,-1.0632931019024578,0.18294138996086196
2461222.5,2026-7-1,J,1.235,11.613,0.003,1594.0,0.0360818,9.97e-05,1,no,8.161802067593967e-06,7.889173662017618,11.613000305386219,0.29345193445257844,False,2461222.5,J,0.03608179999999994,0.009752160757031942,5.551115123125783e-17,0.009752670378977944,11.613000305386219,-3.552713678800501e-15,0.29346726876086265
2461222.5,2026-7-1,H,1.662,9.872,0.003,1024.0,0.1152126,0.0003183,1,no,8.161802067593967e-06,7.889173662017618,9.871999947977951,0.2524432194909845,False,2461222.5,H,0.11521259999999976,0.026787943095630817,2.3592239273284576e-16,0.026789834082814972,9.871999947977951,-1.7763568394002505e-15,0.2524610446523847
2461222.5,2026-7-1,K,2.159,6.982,0.003,666.8,1.0744733,0.0029689,1,no,8.161802067593967e-06,7.889173662017618,8.710720385534964,0.22817873049028578,False,2461222.5,K,0.21862883317067536,0.04594711807788563,0.8558444668293246,0.04604293677507078,8.710720385534964,-1.7287204776726623,0.22819845102050643
2461222.5,2026-7-1,L,3.353,4.542,0.0,309.54,4.7197261,0.0,1,yes,8.161802067593967e-06,7.889173662017618,7.236966943749553,0.20321049385978635,False,2461222.5,L+W1,0.3943937288811843,0.0738162217211888,4.325332371118815,0.0738162217211888,7.236966943749553,-2.6949669879603295,0.20321049385978635
2461225.5,2026-7-4,H,1.662,9.296,0.003,1024.0,0.1958394,0.0005411,1,no,6.136269057867734e-05,15.717056881116624,9.29599971683864,0.21311521134979883,False,2461225.5,H,0.1958394000000005,0.03844060365557723,-4.996003610813204e-16,0.038444411799573384,9.29599971683864,3.552713678800501e-15,0.21313632564316534
2461225.5,2026-7-4,J,1.235,11.647,0.003,1594.0,0.0349694,9.66e-05,1,no,6.136269057867734e-05,15.717056881116624,11.647000340624945,0.23391311961173775,False,2461225.5,J,0.03496940000000006,0.00753387554831787,-6.245004513516506e-17,0.0075344948296181,11.647000340624945,3.552713678800501e-15,0.23393235673265708
2461225.5,2026-7-4,K,2.159,7.133,0.003,666.8,0.9349656,0.0025834,1,no,6.136269057867734e-05,15.717056881116624,7.8004697219928465,0.20097556697206007,False,2461225.5,K,0.5056007416860521,0.09358939609505323,0.4293648583139479,0.09362504481706145,7.8004697219928465,-0.6674698247467576,0.20099795650638094
2461225.5,2026-7-4,L,3.353,4.542,0.0,309.54,4.7197261,0.0,1,yes,6.136269057867734e-05,15.717056881116624,6.013409564576304,0.18814770965751507,False,2461225.5,L+W1,1.2171748003981784,0.2109247623355959,3.5025512996018215,0.2109247623355959,6.013409564576304,-1.4714096087870807,0.18814770965751507
