JD,JD_day,Date,DateCode,Filter,Lambda,Lambda_m,Frequency,Mag,Magerr,ZP,Flux,Fluxerr,Flag,Interpolated,Instrument,Mode,Filename,NormalizationFactor
2457225.7462704,2457225.7462704,2015-07-22,20150722,SXD,1.2001383,1.2001383e-06,249798259083973.9,,,,0.0009263042,0.00012157941,0,no,SpeX Spectrograph,ShortXD,merged_v346nor_sxd_20150722.txt,1.0
2457225.7462704,2457225.7462704,2015-07-22,20150722,SXD,1.2003543,1.2003543e-06,249753308668948.8,,,,0.00066880009,0.00013742487,0,no,SpeX Spectrograph,ShortXD,merged_v346nor_sxd_20150722.txt,1.0
2457225.7462704,2457225.7462704,2015-07-22,20150722,SXD,1.2005703,1.2005703e-06,249708374428386.25,,,,0.00087294041,0.00013749626,0,no,SpeX Spectrograph,ShortXD,merged_v346nor_sxd_20150722.txt,1.0
2457225.7462704,2457225.7462704,2015-07-22,20150722,SXD,1.2007862,1.2007862e-06,249663477145223.72,,,,0.0006067754,0.00013298936,0,no,SpeX Spectrograph,ShortXD,merged_v346nor_sxd_20150722.txt,1.0
2457225.7462704,2457225.7462704,2015-07-22,20150722,SXD,1.2010022,1.2010022e-06,249618575219928.84,,,,0.00068063138,0.00013075759,0,no,SpeX Spectrograph,ShortXD,merged_v346nor_sxd_20150722.txt,1.0
2457225.7462704,2457225.7462704,2015-07-22,20150722,SXD,1.2012182,1.2012182e-06,249573689442933.84,,,,0.00047599207,0.00010743055,0,no,SpeX Spectrograph,ShortXD,merged_v346nor_sxd_20150722.txt,1.0
2457225.7462704,2457225.7462704,2015-07-22,20150722,SXD,1.2014341,1.2014340999999999e-06,249528840574776.47,,,,0.00059822173,9.17668e-05,0,no,SpeX Spectrograph,ShortXD,merged_v346nor_sxd_20150722.txt,1.0
2457225.7462704,2457225.7462704,2015-07-22,20150722,SXD,1.2016501,1.2016501e-06,249483987060792.5,,,,0.00066005037,9.0302747e-05,0,no,SpeX Spectrograph,ShortXD,merged_v346nor_sxd_20150722.txt,1.0
2457225.7462704,2457225.7462704,2015-07-22,20150722,SXD,1.201866,1.201866e-06,249439170423325.06,,,,0.00092343369,9.9701305e-05,0,no,SpeX Spectrograph,ShortXD,merged_v346nor_sxd_20150722.txt,1.0
2457225.7462704,2457225.7462704,2015-07-22,20150722,SXD,1.202082,1.202082e-06,249394349137579.62,,,,0.00058609078,0.00010554985,0,no,SpeX Spectrograph,ShortXD,merged_v346nor_sxd_20150722.txt,1.0
2457225.7462704,2457225.7462704,2015-07-22,20150722,SXD,1.2022979,1.2022979e-06,249349564696070.78,,,,0.00058452896,0.00010918294,0,no,SpeX Spectrograph,ShortXD,merged_v346nor_sxd_20150722.txt,1.0
2457225.7462704,2457225.7462704,2015-07-22,20150722,SXD,1.2025139,1.2025139e-06,249304775603841.25,,,,0.00081759237,0.00012760136,0,no,SpeX Spectrograph,ShortXD,merged_v346nor_sxd_20150722.txt,1.0
2457225.7462704,2457225.7462704,2015-07-22,20150722,SXD,1.2027298,1.2027297999999998e-06,249260023323609.38,,,,0.0008405972,0.00014788656,0,no,SpeX Spectrograph,ShortXD,merged_v346nor_sxd_20150722.txt,1.0
2457225.7462704,2457225.7462704,2015-07-22,20150722,SXD,1.2029457,1.2029457e-06,249215287107306.7,,,,0.0006881046,0.00014618775,0,no,SpeX Spectrograph,ShortXD,merged_v346nor_sxd_20150722.txt,1.0
2457225.7462704,2457225.7462704,2015-07-22,20150722,SXD,1.2031617,1.2031616999999997e-06,249170546236636.4,,,,0.00074033526,0.00014688895,0,no,SpeX Spectrograph,ShortXD,merged_v346nor_sxd_20150722.txt,1.0
2457225.7462704,2457225.7462704,2015-07-22,20150722,SXD,1.2033776,1.2033776e-06,249125842129685.62,,,,0.00056856306,0.00014764314,0,no,SpeX Spectrograph,ShortXD,merged_v346nor_sxd_20150722.txt,1.0
2457225.7462704,2457225.7462704,2015-07-22,20150722,SXD,1.2035935,1.2035935e-06,249081154060735.62,,,,0.00044737579,0.00012643587,0,no,SpeX Spectrograph,ShortXD,merged_v346nor_sxd_20150722.txt,1.0
2457225.7462704,2457225.7462704,2015-07-22,20150722,SXD,1.2038095,1.2038095e-06,249036461333790.78,,,,0.00056977314,0.00010199915,0,no,SpeX Spectrograph,ShortXD,merged_v346nor_sxd_20150722.txt,1.0
2457225.7462704,2457225.7462704,2015-07-22,20150722,SXD,1.2040254,1.2040253999999998e-06,248991805322379.44,,,,0.00065747404,9.6151372e-05,0,no,SpeX Spectrograph,ShortXD,merged_v346nor_sxd_20150722.txt,1.0
2457225.7462704,2457225.7462704,2015-07-22,20150722,SXD,1.2042413,1.2042413e-06,248947165323095.97,,,,0.00085002102,9.1534079e-05,0,no,SpeX Spectrograph,ShortXD,merged_v346nor_sxd_20150722.txt,1.0
2457225.7462704,2457225.7462704,2015-07-22,20150722,SXD,1.2044572,1.2044572e-06,248902541327329.84,,,,0.00073094788,8.8939771e-05,0,no,SpeX Spectrograph,ShortXD,merged_v346nor_sxd_20150722.txt,1.0
2457225.7462704,2457225.7462704,2015-07-22,20150722,SXD,1.2046731,1.2046731e-06,248857933326476.72,,,,0.00073087605,8.8141307e-05,0,no,SpeX Spectrograph,ShortXD,merged_v346nor_sxd_20150722.txt,1.0
2457225.7462704,2457225.7462704,2015-07-22,20150722,SXD,1.2048889,1.2048889e-06,248813361962252.28,,,,0.00060929114,9.1577793e-05,0,no,SpeX Spectrograph,ShortXD,merged_v346nor_sxd_20150722.txt,1.0
2457225.7462704,2457225.7462704,2015-07-22,20150722,SXD,1.2051049,1.2051048999999999e-06,248768765275122.53,,,,0.00037066609,0.00010153733,0,no,SpeX Spectrograph,ShortXD,merged_v346nor_sxd_20150722.txt,1.0
2457225.7462704,2457225.7462704,2015-07-22,20150722,SXD,1.2053208,1.2053208e-06,248724205207443.53,,,,0.00066444173,0.00010634989,0,no,SpeX Spectrograph,ShortXD,merged_v346nor_sxd_20150722.txt,1.0
2457225.7462704,2457225.7462704,2015-07-22,20150722,SXD,1.2055367,1.2055366999999999e-06,248679661100321.56,,,,0.00061789074,0.00010418189,0,no,SpeX Spectrograph,ShortXD,merged_v346nor_sxd_20150722.txt,1.0
2457225.7462704,2457225.7462704,2015-07-22,20150722,SXD,1.2057526,1.2057526e-06,248635132945182.97,,,,0.00047151191,0.00010382273,0,no,SpeX Spectrograph,ShortXD,merged_v346nor_sxd_20150722.txt,1.0
2457225.7462704,2457225.7462704,2015-07-22,20150722,SXD,1.2059685,1.2059684999999998e-06,248590620733460.3,,,,0.00069286861,9.8614219e-05,0,no,SpeX Spectrograph,ShortXD,merged_v346nor_sxd_20150722.txt,1.0
2457225.7462704,2457225.7462704,2015-07-22,20150722,SXD,1.2061844,1.2061844e-06,248546124456592.22,,,,0.00067558832,9.1792564e-05,0,no,SpeX Spectrograph,ShortXD,merged_v346nor_sxd_20150722.txt,1.0
2457225.7462704,2457225.7462704,2015-07-22,20150722,SXD,1.2064003,1.2064003e-06,248501644106023.5,,,,0.00074011239,8.4106076e-05,0,no,SpeX Spectrograph,ShortXD,merged_v346nor_sxd_20150722.txt,1.0
2457225.7462704,2457225.7462704,2015-07-22,20150722,SXD,1.2066162,1.2066162e-06,248457179673205.12,,,,0.00068333157,8.4538988e-05,0,no,SpeX Spectrograph,ShortXD,merged_v346nor_sxd_20150722.txt,1.0
2457225.7462704,2457225.7462704,2015-07-22,20150722,SXD,1.2068321,1.2068321e-06,248412731149594.06,,,,0.00061707414,8.3936844e-05,0,no,SpeX Spectrograph,ShortXD,merged_v346nor_sxd_20150722.txt,1.0
2457225.7462704,2457225.7462704,2015-07-22,20150722,SXD,1.2070478,1.2070478e-06,248368339679671.34,,,,0.00075380033,8.4223415e-05,0,no,SpeX Spectrograph,ShortXD,merged_v346nor_sxd_20150722.txt,1.0
2457225.7462704,2457225.7462704,2015-07-22,20150722,SXD,1.2072637,1.2072637e-06,248323922934152.7,,,,0.00077803188,8.2518236e-05,0,no,SpeX Spectrograph,ShortXD,merged_v346nor_sxd_20150722.txt,1.0
2457225.7462704,2457225.7462704,2015-07-22,20150722,SXD,1.2074796,1.2074796e-06,248279522072256.97,,,,0.0006530562,8.2678911e-05,0,no,SpeX Spectrograph,ShortXD,merged_v346nor_sxd_20150722.txt,1.0
2457225.7462704,2457225.7462704,2015-07-22,20150722,SXD,1.2076955,1.2076955e-06,248235137085465.66,,,,0.00071211642,8.4693369e-05,0,no,SpeX Spectrograph,ShortXD,merged_v346nor_sxd_20150722.txt,1.0
2457225.7462704,2457225.7462704,2015-07-22,20150722,SXD,1.2079114,1.2079114e-06,248190767965266.34,,,,0.00087394891,8.4610969e-05,0,no,SpeX Spectrograph,ShortXD,merged_v346nor_sxd_20150722.txt,1.0
2457225.7462704,2457225.7462704,2015-07-22,20150722,SXD,1.2081273,1.2081272999999998e-06,248146414703152.6,,,,0.00081031729,8.2194463e-05,0,no,SpeX Spectrograph,ShortXD,merged_v346nor_sxd_20150722.txt,1.0
2457225.7462704,2457225.7462704,2015-07-22,20150722,SXD,1.208343,1.2083429999999999e-06,248102118355466.97,,,,0.00070791121,8.3039522e-05,0,no,SpeX Spectrograph,ShortXD,merged_v346nor_sxd_20150722.txt,1.0
2457225.7462704,2457225.7462704,2015-07-22,20150722,SXD,1.2085589,1.2085589e-06,248057796769358.97,,,,0.00075781782,8.0627207e-05,0,no,SpeX Spectrograph,ShortXD,merged_v346nor_sxd_20150722.txt,1.0
2457225.7462704,2457225.7462704,2015-07-22,20150722,SXD,1.2087748,1.2087748e-06,248013491015861.7,,,,0.00065548765,8.3451203e-05,0,no,SpeX Spectrograph,ShortXD,merged_v346nor_sxd_20150722.txt,1.0
2457225.7462704,2457225.7462704,2015-07-22,20150722,SXD,1.2089906,1.2089905999999998e-06,247969221596925.62,,,,0.00048468469,8.5270767e-05,0,no,SpeX Spectrograph,ShortXD,merged_v346nor_sxd_20150722.txt,1.0
2457225.7462704,2457225.7462704,2015-07-22,20150722,SXD,1.2092065,1.2092065e-06,247924947475886.03,,,,0.00080388453,8.3948216e-05,0,no,SpeX Spectrograph,ShortXD,merged_v346nor_sxd_20150722.txt,1.0
2457225.7462704,2457225.7462704,2015-07-22,20150722,SXD,1.2094223,1.2094222999999998e-06,247880709657825.94,,,,0.00063097308,8.2336781e-05,0,no,SpeX Spectrograph,ShortXD,merged_v346nor_sxd_20150722.txt,1.0
2457225.7462704,2457225.7462704,2015-07-22,20150722,SXD,1.2096381,1.2096381e-06,247836487623860.4,,,,0.00062563346,8.4526117e-05,0,no,SpeX Spectrograph,ShortXD,merged_v346nor_sxd_20150722.txt,1.0
2457225.7462704,2457225.7462704,2015-07-22,20150722,SXD,1.209854,1.2098539999999998e-06,247792260884371.22,,,,0.00057774753,8.2780214e-05,0,no,SpeX Spectrograph,ShortXD,merged_v346nor_sxd_20150722.txt,1.0
2457225.7462704,2457225.7462704,2015-07-22,20150722,SXD,1.2100698,1.2100698e-06,247748070400566.97,,,,0.00061765459,8.2312203e-05,0,no,SpeX Spectrograph,ShortXD,merged_v346nor_sxd_20150722.txt,1.0
2457225.7462704,2457225.7462704,2015-07-22,20150722,SXD,1.2102857,1.2102856999999999e-06,247703875208969.28,,,,0.00062256097,7.7746226e-05,0,no,SpeX Spectrograph,ShortXD,merged_v346nor_sxd_20150722.txt,1.0
2457225.7462704,2457225.7462704,2015-07-22,20150722,SXD,1.2105014,1.2105014e-06,247659736700841.47,,,,0.00067747198,8.0468555e-05,0,no,SpeX Spectrograph,ShortXD,merged_v346nor_sxd_20150722.txt,1.0
2457225.7462704,2457225.7462704,2015-07-22,20150722,SXD,1.2107173,1.2107173e-06,247615573016095.5,,,,0.00072851044,8.1700389e-05,0,no,SpeX Spectrograph,ShortXD,merged_v346nor_sxd_20150722.txt,1.0
2457225.7462704,2457225.7462704,2015-07-22,20150722,SXD,1.2109331,1.2109331000000001e-06,247571445524116.88,,,,0.0006077282,8.4930682e-05,0,no,SpeX Spectrograph,ShortXD,merged_v346nor_sxd_20150722.txt,1.0
2457225.7462704,2457225.7462704,2015-07-22,20150722,SXD,1.2111489,1.2111488999999999e-06,247527333757228.4,,,,0.00079437572,8.3124221e-05,0,no,SpeX Spectrograph,ShortXD,merged_v346nor_sxd_20150722.txt,1.0
2457225.7462704,2457225.7462704,2015-07-22,20150722,SXD,1.2113647,1.2113647e-06,247483237707025.8,,,,0.00070176704,9.0123343e-05,0,no,SpeX Spectrograph,ShortXD,merged_v346nor_sxd_20150722.txt,1.0
2457225.7462704,2457225.7462704,2015-07-22,20150722,SXD,1.2115805,1.2115805e-06,247439157365111.12,,,,0.00079640403,0.00011401346,0,no,SpeX Spectrograph,ShortXD,merged_v346nor_sxd_20150722.txt,1.0
2457225.7462704,2457225.7462704,2015-07-22,20150722,SXD,1.2117964,1.2117964e-06,247395072307526.25,,,,0.00044109576,0.00016826118,0,no,SpeX Spectrograph,ShortXD,merged_v346nor_sxd_20150722.txt,1.0
2457225.7462704,2457225.7462704,2015-07-22,20150722,SXD,1.2120122,1.2120122e-06,247351023364286.28,,,,0.00075539242,0.00019221843,0,no,SpeX Spectrograph,ShortXD,merged_v346nor_sxd_20150722.txt,1.0
2457225.7462704,2457225.7462704,2015-07-22,20150722,SXD,1.2122279,1.2122279e-06,247307010505202.84,,,,0.00059896545,0.00019531358,0,no,SpeX Spectrograph,ShortXD,merged_v346nor_sxd_20150722.txt,1.0
2457225.7462704,2457225.7462704,2015-07-22,20150722,SXD,1.2124437,1.2124437e-06,247262992912578.12,,,,0.0009792262,0.00018923622,0,no,SpeX Spectrograph,ShortXD,merged_v346nor_sxd_20150722.txt,1.0
2457225.7462704,2457225.7462704,2015-07-22,20150722,SXD,1.2126596,1.2126596e-06,247218970599828.66,,,,0.00054946652,0.00016577335,0,no,SpeX Spectrograph,ShortXD,merged_v346nor_sxd_20150722.txt,1.0
2457225.7462704,2457225.7462704,2015-07-22,20150722,SXD,1.2128754,1.2128754e-06,247174984338869.44,,,,0.00072410179,0.00011573521,0,no,SpeX Spectrograph,ShortXD,merged_v346nor_sxd_20150722.txt,1.0
2457225.7462704,2457225.7462704,2015-07-22,20150722,SXD,1.2130911,1.2130911e-06,247131034099582.47,,,,0.00091327849,0.00011862661,0,no,SpeX Spectrograph,ShortXD,merged_v346nor_sxd_20150722.txt,1.0
2457225.7462704,2457225.7462704,2015-07-22,20150722,SXD,1.2133069,1.2133069e-06,247087079122355.62,,,,0.00070923573,0.00012721417,0,no,SpeX Spectrograph,ShortXD,merged_v346nor_sxd_20150722.txt,1.0
2457225.7462704,2457225.7462704,2015-07-22,20150722,SXD,1.2135227,1.2135226999999999e-06,247043139778102.25,,,,0.00069388008,0.00013198101,0,no,SpeX Spectrograph,ShortXD,merged_v346nor_sxd_20150722.txt,1.0
2457225.7462704,2457225.7462704,2015-07-22,20150722,SXD,1.2137384,1.2137383999999999e-06,246999236408768.2,,,,0.00063316518,0.000131105,0,no,SpeX Spectrograph,ShortXD,merged_v346nor_sxd_20150722.txt,1.0
2457225.7462704,2457225.7462704,2015-07-22,20150722,SXD,1.2139542,1.2139542e-06,246955328298217.5,,,,0.00062089093,0.00012483525,0,no,SpeX Spectrograph,ShortXD,merged_v346nor_sxd_20150722.txt,1.0
2457225.7462704,2457225.7462704,2015-07-22,20150722,SXD,1.2141701,1.2141701e-06,246911415459827.28,,,,0.00090786605,9.7406708e-05,0,no,SpeX Spectrograph,ShortXD,merged_v346nor_sxd_20150722.txt,1.0
2457225.7462704,2457225.7462704,2015-07-22,20150722,SXD,1.2143859,1.2143858999999999e-06,246867538564141.78,,,,0.00079049263,8.9473011e-05,0,no,SpeX Spectrograph,ShortXD,merged_v346nor_sxd_20150722.txt,1.0
2457225.7462704,2457225.7462704,2015-07-22,20150722,SXD,1.2146016,1.2146015999999999e-06,246823697581165.75,,,,0.00069956027,8.6370746e-05,0,no,SpeX Spectrograph,ShortXD,merged_v346nor_sxd_20150722.txt,1.0
2457225.7462704,2457225.7462704,2015-07-22,20150722,SXD,1.2148174,1.2148174e-06,246779851852632.34,,,,0.00069870765,8.8786008e-05,0,no,SpeX Spectrograph,ShortXD,merged_v346nor_sxd_20150722.txt,1.0
2457225.7462704,2457225.7462704,2015-07-22,20150722,SXD,1.2150331,1.2150331e-06,246736042005769.22,,,,0.00078636553,9.3153423e-05,0,no,SpeX Spectrograph,ShortXD,merged_v346nor_sxd_20150722.txt,1.0
2457225.7462704,2457225.7462704,2015-07-22,20150722,SXD,1.2152488,1.2152487999999998e-06,246692247710921.47,,,,0.00051102199,9.9118144e-05,0,no,SpeX Spectrograph,ShortXD,merged_v346nor_sxd_20150722.txt,1.0
2457225.7462704,2457225.7462704,2015-07-22,20150722,SXD,1.2154646,1.2154646e-06,246648448667283.28,,,,0.00070116186,9.6871925e-05,0,no,SpeX Spectrograph,ShortXD,merged_v346nor_sxd_20150722.txt,1.0
2457225.7462704,2457225.7462704,2015-07-22,20150722,SXD,1.2156804,1.2156804000000001e-06,246604665173511.03,,,,0.00049033784,9.7486598e-05,0,no,SpeX Spectrograph,ShortXD,merged_v346nor_sxd_20150722.txt,1.0
2457225.7462704,2457225.7462704,2015-07-22,20150722,SXD,1.2158961,1.2158961e-06,246560917499447.53,,,,0.00062449899,8.9963105e-05,0,no,SpeX Spectrograph,ShortXD,merged_v346nor_sxd_20150722.txt,1.0
2457225.7462704,2457225.7462704,2015-07-22,20150722,SXD,1.2161119,1.2161119e-06,246517165073378.5,,,,0.00057222595,8.2383252e-05,0,no,SpeX Spectrograph,ShortXD,merged_v346nor_sxd_20150722.txt,1.0
2457225.7462704,2457225.7462704,2015-07-22,20150722,SXD,1.2163277,1.2163276999999998e-06,246473428172358.53,,,,0.00071242882,7.8659439e-05,0,no,SpeX Spectrograph,ShortXD,merged_v346nor_sxd_20150722.txt,1.0
2457225.7462704,2457225.7462704,2015-07-22,20150722,SXD,1.2165434,1.2165433999999998e-06,246429727044674.3,,,,0.00076621555,8.3335042e-05,0,no,SpeX Spectrograph,ShortXD,merged_v346nor_sxd_20150722.txt,1.0
2457225.7462704,2457225.7462704,2015-07-22,20150722,SXD,1.2167591,1.2167591e-06,246386041411155.25,,,,0.00067085505,7.9631056e-05,0,no,SpeX Spectrograph,ShortXD,merged_v346nor_sxd_20150722.txt,1.0
2457225.7462704,2457225.7462704,2015-07-22,20150722,SXD,1.2169749,1.2169749e-06,246342351021372.75,,,,0.00083655911,7.8527235e-05,0,no,SpeX Spectrograph,ShortXD,merged_v346nor_sxd_20150722.txt,1.0
2457225.7462704,2457225.7462704,2015-07-22,20150722,SXD,1.2171906,1.2171905999999998e-06,246298696358647.6,,,,0.00056271657,7.9499521e-05,0,no,SpeX Spectrograph,ShortXD,merged_v346nor_sxd_20150722.txt,1.0
2457225.7462704,2457225.7462704,2015-07-22,20150722,SXD,1.2174063,1.2174063e-06,246255057165385.12,,,,0.0006934288,7.9143298e-05,0,no,SpeX Spectrograph,ShortXD,merged_v346nor_sxd_20150722.txt,1.0
2457225.7462704,2457225.7462704,2015-07-22,20150722,SXD,1.217622,1.217622e-06,246211433433364.38,,,,0.00076857925,7.9605365e-05,0,no,SpeX Spectrograph,ShortXD,merged_v346nor_sxd_20150722.txt,1.0
2457225.7462704,2457225.7462704,2015-07-22,20150722,SXD,1.2178378,1.2178378000000001e-06,246167804940855.0,,,,0.00070622336,8.40707e-05,0,no,SpeX Spectrograph,ShortXD,merged_v346nor_sxd_20150722.txt,1.0
2457225.7462704,2457225.7462704,2015-07-22,20150722,SXD,1.2180535,1.2180535e-06,246124212113835.75,,,,0.00057051919,8.2044586e-05,0,no,SpeX Spectrograph,ShortXD,merged_v346nor_sxd_20150722.txt,1.0
2457225.7462704,2457225.7462704,2015-07-22,20150722,SXD,1.2182692,1.2182692e-06,246080634723425.7,,,,0.00068584812,8.3538238e-05,0,no,SpeX Spectrograph,ShortXD,merged_v346nor_sxd_20150722.txt,1.0
2457225.7462704,2457225.7462704,2015-07-22,20150722,SXD,1.218485,1.218485e-06,246037052569379.2,,,,0.00078077283,8.0327474e-05,0,no,SpeX Spectrograph,ShortXD,merged_v346nor_sxd_20150722.txt,1.0
2457225.7462704,2457225.7462704,2015-07-22,20150722,SXD,1.2187006,1.2187006e-06,245993526219647.4,,,,0.00075193157,8.1574392e-05,0,no,SpeX Spectrograph,ShortXD,merged_v346nor_sxd_20150722.txt,1.0
2457225.7462704,2457225.7462704,2015-07-22,20150722,SXD,1.2189164,1.2189163999999999e-06,245949974912143.3,,,,0.0007036528,8.0979662e-05,0,no,SpeX Spectrograph,ShortXD,merged_v346nor_sxd_20150722.txt,1.0
2457225.7462704,2457225.7462704,2015-07-22,20150722,SXD,1.2191321,1.2191320999999999e-06,245906459193388.5,,,,0.00078804157,9.8778881e-05,0,no,SpeX Spectrograph,ShortXD,merged_v346nor_sxd_20150722.txt,1.0
2457225.7462704,2457225.7462704,2015-07-22,20150722,SXD,1.2193478,1.2193477999999999e-06,245862958870307.56,,,,0.00063169032,0.00010719751,0,no,SpeX Spectrograph,ShortXD,merged_v346nor_sxd_20150722.txt,1.0
2457225.7462704,2457225.7462704,2015-07-22,20150722,SXD,1.2195635,1.2195634999999999e-06,245819473934731.6,,,,0.00094945967,0.00011051942,0,no,SpeX Spectrograph,ShortXD,merged_v346nor_sxd_20150722.txt,1.0
2457225.7462704,2457225.7462704,2015-07-22,20150722,SXD,1.2197791,1.2197791e-06,245776024527719.8,,,,0.00062772154,0.00010604729,0,no,SpeX Spectrograph,ShortXD,merged_v346nor_sxd_20150722.txt,1.0
2457225.7462704,2457225.7462704,2015-07-22,20150722,SXD,1.2199949,1.2199949e-06,245732550193447.5,,,,0.00070572004,0.00010218242,0,no,SpeX Spectrograph,ShortXD,merged_v346nor_sxd_20150722.txt,1.0
2457225.7462704,2457225.7462704,2015-07-22,20150722,SXD,1.2202106,1.2202105999999999e-06,245689111371430.5,,,,0.00075746962,8.4027721e-05,0,no,SpeX Spectrograph,ShortXD,merged_v346nor_sxd_20150722.txt,1.0
2457225.7462704,2457225.7462704,2015-07-22,20150722,SXD,1.2204263,1.2204263e-06,245645687904300.34,,,,0.00073020445,7.9318947e-05,0,no,SpeX Spectrograph,ShortXD,merged_v346nor_sxd_20150722.txt,1.0
2457225.7462704,2457225.7462704,2015-07-22,20150722,SXD,1.220642,1.220642e-06,245602279783917.0,,,,0.00052545889,7.6396725e-05,0,no,SpeX Spectrograph,ShortXD,merged_v346nor_sxd_20150722.txt,1.0
2457225.7462704,2457225.7462704,2015-07-22,20150722,SXD,1.2208576,1.2208576e-06,245558907115784.84,,,,0.00074702414,7.9013189e-05,0,no,SpeX Spectrograph,ShortXD,merged_v346nor_sxd_20150722.txt,1.0
2457225.7462704,2457225.7462704,2015-07-22,20150722,SXD,1.2210733,1.2210733e-06,245515529657392.4,,,,0.00067864941,7.8250749e-05,0,no,SpeX Spectrograph,ShortXD,merged_v346nor_sxd_20150722.txt,1.0
2457225.7462704,2457225.7462704,2015-07-22,20150722,SXD,1.221289,1.221289e-06,245472167521364.72,,,,0.00062379305,8.3309598e-05,0,no,SpeX Spectrograph,ShortXD,merged_v346nor_sxd_20150722.txt,1.0
2457225.7462704,2457225.7462704,2015-07-22,20150722,SXD,1.2215047,1.2215047e-06,245428820699584.72,,,,0.00059343391,7.9652797e-05,0,no,SpeX Spectrograph,ShortXD,merged_v346nor_sxd_20150722.txt,1.0
2457225.7462704,2457225.7462704,2015-07-22,20150722,SXD,1.2217203,1.2217203e-06,245385509269183.78,,,,0.0007376725,8.1226783e-05,0,no,SpeX Spectrograph,ShortXD,merged_v346nor_sxd_20150722.txt,1.0
2457225.7462704,2457225.7462704,2015-07-22,20150722,SXD,1.221936,1.2219359999999998e-06,245342193044480.28,,,,0.0006850895,7.9159487e-05,0,no,SpeX Spectrograph,ShortXD,merged_v346nor_sxd_20150722.txt,1.0
2457225.7462704,2457225.7462704,2015-07-22,20150722,SXD,1.2221518,1.2221518e-06,245298872038645.28,,,,0.00074286753,8.5129803e-05,0,no,SpeX Spectrograph,ShortXD,merged_v346nor_sxd_20150722.txt,1.0
2457225.7462704,2457225.7462704,2015-07-22,20150722,SXD,1.2223674,1.2223673999999998e-06,245255606456782.2,,,,0.00071738282,0.0001178754,0,no,SpeX Spectrograph,ShortXD,merged_v346nor_sxd_20150722.txt,1.0
2457225.7462704,2457225.7462704,2015-07-22,20150722,SXD,1.2225831,1.2225831e-06,245212336077604.84,,,,0.00085094344,0.00015362899,0,no,SpeX Spectrograph,ShortXD,merged_v346nor_sxd_20150722.txt,1.0
2457225.7462704,2457225.7462704,2015-07-22,20150722,SXD,1.2227987,1.2227987e-06,245169101013928.16,,,,0.0009678842,0.00015995608,0,no,SpeX Spectrograph,ShortXD,merged_v346nor_sxd_20150722.txt,1.0
2457225.7462704,2457225.7462704,2015-07-22,20150722,SXD,1.2230144,1.2230144e-06,245125861150939.88,,,,0.00068976183,0.00016182469,0,no,SpeX Spectrograph,ShortXD,merged_v346nor_sxd_20150722.txt,1.0
2457225.7462704,2457225.7462704,2015-07-22,20150722,SXD,1.22323,1.22323e-06,245082656573171.03,,,,0.00079112814,0.00015375794,0,no,SpeX Spectrograph,ShortXD,merged_v346nor_sxd_20150722.txt,1.0
2457225.7462704,2457225.7462704,2015-07-22,20150722,SXD,1.2234457,1.2234457e-06,245039447194101.06,,,,0.00063656335,0.00011795503,0,no,SpeX Spectrograph,ShortXD,merged_v346nor_sxd_20150722.txt,1.0
2457225.7462704,2457225.7462704,2015-07-22,20150722,SXD,1.2236613,1.2236613e-06,244996273070007.2,,,,0.0009420499,8.9838009e-05,0,no,SpeX Spectrograph,ShortXD,merged_v346nor_sxd_20150722.txt,1.0
2457225.7462704,2457225.7462704,2015-07-22,20150722,SXD,1.223877,1.223877e-06,244953094142630.34,,,,0.00074648467,8.3402563e-05,0,no,SpeX Spectrograph,ShortXD,merged_v346nor_sxd_20150722.txt,1.0
2457225.7462704,2457225.7462704,2015-07-22,20150722,SXD,1.2240926,1.2240926000000001e-06,244909950440023.88,,,,0.00069663121,8.1690734e-05,0,no,SpeX Spectrograph,ShortXD,merged_v346nor_sxd_20150722.txt,1.0
2457225.7462704,2457225.7462704,2015-07-22,20150722,SXD,1.2243083,1.2243083e-06,244866801932160.4,,,,0.00068614649,8.1661863e-05,0,no,SpeX Spectrograph,ShortXD,merged_v346nor_sxd_20150722.txt,1.0
2457225.7462704,2457225.7462704,2015-07-22,20150722,SXD,1.2245239,1.2245239e-06,244823688618899.16,,,,0.00078869687,8.0744656e-05,0,no,SpeX Spectrograph,ShortXD,merged_v346nor_sxd_20150722.txt,1.0
2457225.7462704,2457225.7462704,2015-07-22,20150722,SXD,1.2247396,1.2247396e-06,244780570498414.53,,,,0.00041459335,8.1461701e-05,0,no,SpeX Spectrograph,ShortXD,merged_v346nor_sxd_20150722.txt,1.0
2457225.7462704,2457225.7462704,2015-07-22,20150722,SXD,1.2249552,1.2249551999999998e-06,244737487542401.6,,,,0.00075984822,8.1366015e-05,0,no,SpeX Spectrograph,ShortXD,merged_v346nor_sxd_20150722.txt,1.0
2457225.7462704,2457225.7462704,2015-07-22,20150722,SXD,1.2251707,1.2251707e-06,244694439721746.53,,,,0.0006659432,9.2143076e-05,0,no,SpeX Spectrograph,ShortXD,merged_v346nor_sxd_20150722.txt,1.0
2457225.7462704,2457225.7462704,2015-07-22,20150722,SXD,1.2253864,1.2253864e-06,244651367111631.1,,,,0.00070851739,0.00011019724,0,no,SpeX Spectrograph,ShortXD,merged_v346nor_sxd_20150722.txt,1.0
2457225.7462704,2457225.7462704,2015-07-22,20150722,SXD,1.225602,1.225602e-06,244608329620872.03,,,,0.0006782097,0.0001156754,0,no,SpeX Spectrograph,ShortXD,merged_v346nor_sxd_20150722.txt,1.0
2457225.7462704,2457225.7462704,2015-07-22,20150722,SXD,1.2258177,1.2258176999999998e-06,244565287318008.25,,,,0.00073987816,0.0001147559,0,no,SpeX Spectrograph,ShortXD,merged_v346nor_sxd_20150722.txt,1.0
2457225.7462704,2457225.7462704,2015-07-22,20150722,SXD,1.2260332,1.2260332e-06,244522300048644.7,,,,0.00073961384,0.00011264771,0,no,SpeX Spectrograph,ShortXD,merged_v346nor_sxd_20150722.txt,1.0
2457225.7462704,2457225.7462704,2015-07-22,20150722,SXD,1.2262489,1.2262489e-06,244479288014040.22,,,,0.00069263898,9.668382e-05,0,no,SpeX Spectrograph,ShortXD,merged_v346nor_sxd_20150722.txt,1.0
2457225.7462704,2457225.7462704,2015-07-22,20150722,SXD,1.2264645,1.2264645e-06,244436311038762.22,,,,0.00062675431,8.1606602e-05,0,no,SpeX Spectrograph,ShortXD,merged_v346nor_sxd_20150722.txt,1.0
2457225.7462704,2457225.7462704,2015-07-22,20150722,SXD,1.2266802,1.2266802e-06,244393329247508.84,,,,0.00069981604,7.8772762e-05,0,no,SpeX Spectrograph,ShortXD,merged_v346nor_sxd_20150722.txt,1.0
2457225.7462704,2457225.7462704,2015-07-22,20150722,SXD,1.2268957,1.2268957e-06,244350402401768.97,,,,0.00077101315,7.8454461e-05,0,no,SpeX Spectrograph,ShortXD,merged_v346nor_sxd_20150722.txt,1.0
2457225.7462704,2457225.7462704,2015-07-22,20150722,SXD,1.2271113,1.2271113e-06,244307470724130.72,,,,0.00054284558,8.088148e-05,0,no,SpeX Spectrograph,ShortXD,merged_v346nor_sxd_20150722.txt,1.0
2457225.7462704,2457225.7462704,2015-07-22,20150722,SXD,1.2273269,1.2273268999999998e-06,244264554129792.2,,,,0.00083324319,7.9079211e-05,0,no,SpeX Spectrograph,ShortXD,merged_v346nor_sxd_20150722.txt,1.0
2457225.7462704,2457225.7462704,2015-07-22,20150722,SXD,1.2275425,1.2275425e-06,244221652610805.75,,,,0.00071552506,8.0939666e-05,0,no,SpeX Spectrograph,ShortXD,merged_v346nor_sxd_20150722.txt,1.0
2457225.7462704,2457225.7462704,2015-07-22,20150722,SXD,1.2277582,1.2277582e-06,244178746271049.16,,,,0.00068659749,8.0367921e-05,0,no,SpeX Spectrograph,ShortXD,merged_v346nor_sxd_20150722.txt,1.0
2457225.7462704,2457225.7462704,2015-07-22,20150722,SXD,1.2279737,1.2279736999999998e-06,244135894767127.38,,,,0.00059816963,9.0918911e-05,0,no,SpeX Spectrograph,ShortXD,merged_v346nor_sxd_20150722.txt,1.0
2457225.7462704,2457225.7462704,2015-07-22,20150722,SXD,1.2281893,1.2281892999999999e-06,244093038426568.3,,,,0.00071462884,0.0001339376,0,no,SpeX Spectrograph,ShortXD,merged_v346nor_sxd_20150722.txt,1.0
2457225.7462704,2457225.7462704,2015-07-22,20150722,SXD,1.2284049,1.2284049e-06,244050197129627.22,,,,0.00056804949,0.00015823939,0,no,SpeX Spectrograph,ShortXD,merged_v346nor_sxd_20150722.txt,1.0
2457225.7462704,2457225.7462704,2015-07-22,20150722,SXD,1.2286205,1.2286204999999998e-06,244007370868384.53,,,,0.00053578609,0.0001625549,0,no,SpeX Spectrograph,ShortXD,merged_v346nor_sxd_20150722.txt,1.0
2457225.7462704,2457225.7462704,2015-07-22,20150722,SXD,1.2288361,1.2288361e-06,243964559634926.06,,,,0.00089457241,0.00016384177,0,no,SpeX Spectrograph,ShortXD,merged_v346nor_sxd_20150722.txt,1.0
2457225.7462704,2457225.7462704,2015-07-22,20150722,SXD,1.2290516,1.2290516e-06,243921783267683.8,,,,0.00058127654,0.00015258347,0,no,SpeX Spectrograph,ShortXD,merged_v346nor_sxd_20150722.txt,1.0
2457225.7462704,2457225.7462704,2015-07-22,20150722,SXD,1.2292672,1.2292671999999998e-06,243879002059112.97,,,,0.00068976806,0.00010867691,0,no,SpeX Spectrograph,ShortXD,merged_v346nor_sxd_20150722.txt,1.0
2457225.7462704,2457225.7462704,2015-07-22,20150722,SXD,1.2294828,1.2294828e-06,243836235854621.16,,,,0.00062248023,8.8073379e-05,0,no,SpeX Spectrograph,ShortXD,merged_v346nor_sxd_20150722.txt,1.0
2457225.7462704,2457225.7462704,2015-07-22,20150722,SXD,1.2296984,1.2296984e-06,243793484646316.53,,,,0.00077665685,9.0006986e-05,0,no,SpeX Spectrograph,ShortXD,merged_v346nor_sxd_20150722.txt,1.0
2457225.7462704,2457225.7462704,2015-07-22,20150722,SXD,1.2299139,1.2299138999999999e-06,243750768244834.06,,,,0.00074018375,8.1562554e-05,0,no,SpeX Spectrograph,ShortXD,merged_v346nor_sxd_20150722.txt,1.0
2457225.7462704,2457225.7462704,2015-07-22,20150722,SXD,1.2301295,1.2301295e-06,243708046998303.84,,,,0.00061715866,8.2032609e-05,0,no,SpeX Spectrograph,ShortXD,merged_v346nor_sxd_20150722.txt,1.0
2457225.7462704,2457225.7462704,2015-07-22,20150722,SXD,1.230345,1.2303449999999999e-06,243665360528957.34,,,,0.00066601916,7.7239289e-05,0,no,SpeX Spectrograph,ShortXD,merged_v346nor_sxd_20150722.txt,1.0
2457225.7462704,2457225.7462704,2015-07-22,20150722,SXD,1.2305607,1.2305607e-06,243622649415018.7,,,,0.00070607185,7.7075078e-05,0,no,SpeX Spectrograph,ShortXD,merged_v346nor_sxd_20150722.txt,1.0
2457225.7462704,2457225.7462704,2015-07-22,20150722,SXD,1.2307762,1.2307762e-06,243579992853290.47,,,,0.00050379022,7.6659657e-05,0,no,SpeX Spectrograph,ShortXD,merged_v346nor_sxd_20150722.txt,1.0
2457225.7462704,2457225.7462704,2015-07-22,20150722,SXD,1.2309917,1.2309917e-06,243537351226657.34,,,,0.00061343977,7.7659432e-05,0,no,SpeX Spectrograph,ShortXD,merged_v346nor_sxd_20150722.txt,1.0
2457225.7462704,2457225.7462704,2015-07-22,20150722,SXD,1.2312073,1.2312072999999998e-06,243494704750369.88,,,,0.0006772434,7.7754958e-05,0,no,SpeX Spectrograph,ShortXD,merged_v346nor_sxd_20150722.txt,1.0
2457225.7462704,2457225.7462704,2015-07-22,20150722,SXD,1.2314229,1.2314229e-06,243452073207344.12,,,,0.00073770568,8.0067628e-05,0,no,SpeX Spectrograph,ShortXD,merged_v346nor_sxd_20150722.txt,1.0
2457225.7462704,2457225.7462704,2015-07-22,20150722,SXD,1.2316384,1.2316384e-06,243409476352799.66,,,,0.00085425231,7.7787656e-05,0,no,SpeX Spectrograph,ShortXD,merged_v346nor_sxd_20150722.txt,1.0
2457225.7462704,2457225.7462704,2015-07-22,20150722,SXD,1.231854,1.231854e-06,243366874645859.0,,,,0.00068270141,8.4038133e-05,0,no,SpeX Spectrograph,ShortXD,merged_v346nor_sxd_20150722.txt,1.0
2457225.7462704,2457225.7462704,2015-07-22,20150722,SXD,1.2320695,1.2320695e-06,243324307597907.44,,,,0.00067056308,9.3460563e-05,0,no,SpeX Spectrograph,ShortXD,merged_v346nor_sxd_20150722.txt,1.0
2457225.7462704,2457225.7462704,2015-07-22,20150722,SXD,1.232285,1.232285e-06,243281755438068.28,,,,0.00085192657,0.00011098288,0,no,SpeX Spectrograph,ShortXD,merged_v346nor_sxd_20150722.txt,1.0
2457225.7462704,2457225.7462704,2015-07-22,20150722,SXD,1.2325006,1.2325006e-06,243239198423108.28,,,,0.00061904016,0.00010886261,0,no,SpeX Spectrograph,ShortXD,merged_v346nor_sxd_20150722.txt,1.0
2457225.7462704,2457225.7462704,2015-07-22,20150722,SXD,1.2327161,1.2327161e-06,243196676022970.72,,,,0.0008398543,0.00010837439,0,no,SpeX Spectrograph,ShortXD,merged_v346nor_sxd_20150722.txt,1.0
2457225.7462704,2457225.7462704,2015-07-22,20150722,SXD,1.2329316,1.2329316e-06,243154168487530.06,,,,0.00078565587,0.00010472915,0,no,SpeX Spectrograph,ShortXD,merged_v346nor_sxd_20150722.txt,1.0
2457225.7462704,2457225.7462704,2015-07-22,20150722,SXD,1.2331471,1.2331471e-06,243111675808993.1,,,,0.00074488577,8.7124696e-05,0,no,SpeX Spectrograph,ShortXD,merged_v346nor_sxd_20150722.txt,1.0
2457225.7462704,2457225.7462704,2015-07-22,20150722,SXD,1.2333627,1.2333627e-06,243069178271728.2,,,,0.00078608748,7.8024837e-05,0,no,SpeX Spectrograph,ShortXD,merged_v346nor_sxd_20150722.txt,1.0
2457225.7462704,2457225.7462704,2015-07-22,20150722,SXD,1.2335782,1.2335781999999998e-06,243026715290526.4,,,,0.00072902651,7.6740565e-05,0,no,SpeX Spectrograph,ShortXD,merged_v346nor_sxd_20150722.txt,1.0
2457225.7462704,2457225.7462704,2015-07-22,20150722,SXD,1.2337937,1.2337937e-06,242984267142878.1,,,,0.00068410055,7.7108656e-05,0,no,SpeX Spectrograph,ShortXD,merged_v346nor_sxd_20150722.txt,1.0
2457225.7462704,2457225.7462704,2015-07-22,20150722,SXD,1.2340093,1.2340093e-06,242941814133815.7,,,,0.00073552254,7.6803357e-05,0,no,SpeX Spectrograph,ShortXD,merged_v346nor_sxd_20150722.txt,1.0
2457225.7462704,2457225.7462704,2015-07-22,20150722,SXD,1.2342248,1.2342248e-06,242899395636840.25,,,,0.00055947382,7.7132827e-05,0,no,SpeX Spectrograph,ShortXD,merged_v346nor_sxd_20150722.txt,1.0
2457225.7462704,2457225.7462704,2015-07-22,20150722,SXD,1.2344403,1.2344402999999999e-06,242856991950117.03,,,,0.00079410081,8.626646e-05,0,no,SpeX Spectrograph,ShortXD,merged_v346nor_sxd_20150722.txt,1.0
2457225.7462704,2457225.7462704,2015-07-22,20150722,SXD,1.2346557,1.2346557e-06,242814622732475.12,,,,0.00084338221,0.00011889534,0,no,SpeX Spectrograph,ShortXD,merged_v346nor_sxd_20150722.txt,1.0
2457225.7462704,2457225.7462704,2015-07-22,20150722,SXD,1.2348713,1.2348712999999999e-06,242772228976412.38,,,,0.00094061898,0.00014553839,0,no,SpeX Spectrograph,ShortXD,merged_v346nor_sxd_20150722.txt,1.0
2457225.7462704,2457225.7462704,2015-07-22,20150722,SXD,1.2350868,1.2350867999999998e-06,242729869673937.12,,,,0.00072173082,0.00014387441,0,no,SpeX Spectrograph,ShortXD,merged_v346nor_sxd_20150722.txt,1.0
2457225.7462704,2457225.7462704,2015-07-22,20150722,SXD,1.2353023,1.2353023e-06,242687525150726.28,,,,0.0005182639,0.00014856583,0,no,SpeX Spectrograph,ShortXD,merged_v346nor_sxd_20150722.txt,1.0
2457225.7462704,2457225.7462704,2015-07-22,20150722,SXD,1.2355177,1.2355177e-06,242645215038198.2,,,,0.0005752166,0.00013259958,0,no,SpeX Spectrograph,ShortXD,merged_v346nor_sxd_20150722.txt,1.0
2457225.7462704,2457225.7462704,2015-07-22,20150722,SXD,1.2357333,1.2357333e-06,242602880411169.62,,,,0.00077125081,9.9475685e-05,0,no,SpeX Spectrograph,ShortXD,merged_v346nor_sxd_20150722.txt,1.0
2457225.7462704,2457225.7462704,2015-07-22,20150722,SXD,1.2359488,1.2359488e-06,242560580179373.1,,,,0.000644902,8.1548838e-05,0,no,SpeX Spectrograph,ShortXD,merged_v346nor_sxd_20150722.txt,1.0
2457225.7462704,2457225.7462704,2015-07-22,20150722,SXD,1.2361643,1.2361643e-06,242518294695939.7,,,,0.00085712632,8.0359023e-05,0,no,SpeX Spectrograph,ShortXD,merged_v346nor_sxd_20150722.txt,1.0
2457225.7462704,2457225.7462704,2015-07-22,20150722,SXD,1.2363797,1.2363797e-06,242476043564933.97,,,,0.00076532422,8.0055746e-05,0,no,SpeX Spectrograph,ShortXD,merged_v346nor_sxd_20150722.txt,1.0
2457225.7462704,2457225.7462704,2015-07-22,20150722,SXD,1.2365953,1.2365953e-06,242433767943319.84,,,,0.00075175666,7.8820056e-05,0,no,SpeX Spectrograph,ShortXD,merged_v346nor_sxd_20150722.txt,1.0
2457225.7462704,2457225.7462704,2015-07-22,20150722,SXD,1.2368107,1.2368106999999998e-06,242391546256836.28,,,,0.00089486374,7.6720637e-05,0,no,SpeX Spectrograph,ShortXD,merged_v346nor_sxd_20150722.txt,1.0
2457225.7462704,2457225.7462704,2015-07-22,20150722,SXD,1.2370262,1.2370262e-06,242349319682962.25,,,,0.00074666616,7.6284618e-05,0,no,SpeX Spectrograph,ShortXD,merged_v346nor_sxd_20150722.txt,1.0
2457225.7462704,2457225.7462704,2015-07-22,20150722,SXD,1.2372417,1.2372416999999998e-06,242307107818949.22,,,,0.00078259903,7.531554e-05,0,no,SpeX Spectrograph,ShortXD,merged_v346nor_sxd_20150722.txt,1.0
2457225.7462704,2457225.7462704,2015-07-22,20150722,SXD,1.2374572,1.2374572e-06,242264910657112.03,,,,0.00079940062,7.5345029e-05,0,no,SpeX Spectrograph,ShortXD,merged_v346nor_sxd_20150722.txt,1.0
2457225.7462704,2457225.7462704,2015-07-22,20150722,SXD,1.2376727,1.2376727e-06,242222728189771.0,,,,0.00084073748,7.500944e-05,0,no,SpeX Spectrograph,ShortXD,merged_v346nor_sxd_20150722.txt,1.0
2457225.7462704,2457225.7462704,2015-07-22,20150722,SXD,1.2378881,1.2378880999999999e-06,242180579973262.56,,,,0.00099473586,7.5840195e-05,0,no,SpeX Spectrograph,ShortXD,merged_v346nor_sxd_20150722.txt,1.0
2457225.7462704,2457225.7462704,2015-07-22,20150722,SXD,1.2381036,1.2381036e-06,242138426865086.25,,,,0.00093800557,7.9428588e-05,0,no,SpeX Spectrograph,ShortXD,merged_v346nor_sxd_20150722.txt,1.0
2457225.7462704,2457225.7462704,2015-07-22,20150722,SXD,1.238319,1.238319e-06,242096307978800.3,,,,0.0010162635,7.6836921e-05,0,no,SpeX Spectrograph,ShortXD,merged_v346nor_sxd_20150722.txt,1.0
2457225.7462704,2457225.7462704,2015-07-22,20150722,SXD,1.2385346,1.2385345999999998e-06,242054164655553.47,,,,0.00085908355,7.5474753e-05,0,no,SpeX Spectrograph,ShortXD,merged_v346nor_sxd_20150722.txt,1.0
2457225.7462704,2457225.7462704,2015-07-22,20150722,SXD,1.23875,1.23875e-06,242012075075681.12,,,,0.00084270595,7.7755765e-05,0,no,SpeX Spectrograph,ShortXD,merged_v346nor_sxd_20150722.txt,1.0
2457225.7462704,2457225.7462704,2015-07-22,20150722,SXD,1.2389654,1.2389654e-06,241970000130754.25,,,,0.00080273132,7.9514706e-05,0,no,SpeX Spectrograph,ShortXD,merged_v346nor_sxd_20150722.txt,1.0
2457225.7462704,2457225.7462704,2015-07-22,20150722,SXD,1.2391809,1.2391808999999999e-06,241927920289927.03,,,,0.00075155543,7.9292491e-05,0,no,SpeX Spectrograph,ShortXD,merged_v346nor_sxd_20150722.txt,1.0
2457225.7462704,2457225.7462704,2015-07-22,20150722,SXD,1.2393963,1.2393962999999999e-06,241885874598786.56,,,,0.00086589647,8.1644495e-05,0,no,SpeX Spectrograph,ShortXD,merged_v346nor_sxd_20150722.txt,1.0
2457225.7462704,2457225.7462704,2015-07-22,20150722,SXD,1.2396117,1.2396116999999998e-06,241843843519708.66,,,,0.00080169452,9.1362992e-05,0,no,SpeX Spectrograph,ShortXD,merged_v346nor_sxd_20150722.txt,1.0
2457225.7462704,2457225.7462704,2015-07-22,20150722,SXD,1.2398273,1.2398273e-06,241801788039350.34,,,,0.00090284861,9.6426913e-05,0,no,SpeX Spectrograph,ShortXD,merged_v346nor_sxd_20150722.txt,1.0
2457225.7462704,2457225.7462704,2015-07-22,20150722,SXD,1.2400427,1.2400427e-06,241759786175105.1,,,,0.00068683125,9.7505377e-05,0,no,SpeX Spectrograph,ShortXD,merged_v346nor_sxd_20150722.txt,1.0
2457225.7462704,2457225.7462704,2015-07-22,20150722,SXD,1.2402581,1.2402580999999998e-06,241717798900083.8,,,,0.00075164862,9.6082411e-05,0,no,SpeX Spectrograph,ShortXD,merged_v346nor_sxd_20150722.txt,1.0
2457225.7462704,2457225.7462704,2015-07-22,20150722,SXD,1.2404736,1.2404736e-06,241675806724141.5,,,,0.00072917057,9.1619324e-05,0,no,SpeX Spectrograph,ShortXD,merged_v346nor_sxd_20150722.txt,1.0
2457225.7462704,2457225.7462704,2015-07-22,20150722,SXD,1.240689,1.240689e-06,241633848611537.62,,,,0.00082266663,7.9741141e-05,0,no,SpeX Spectrograph,ShortXD,merged_v346nor_sxd_20150722.txt,1.0
2457225.7462704,2457225.7462704,2015-07-22,20150722,SXD,1.2409045,1.2409045e-06,241591885596353.28,,,,0.00085971085,7.7725614e-05,0,no,SpeX Spectrograph,ShortXD,merged_v346nor_sxd_20150722.txt,1.0
2457225.7462704,2457225.7462704,2015-07-22,20150722,SXD,1.2411199,1.2411198999999998e-06,241549956615795.16,,,,0.00069747359,7.6954297e-05,0,no,SpeX Spectrograph,ShortXD,merged_v346nor_sxd_20150722.txt,1.0
2457225.7462704,2457225.7462704,2015-07-22,20150722,SXD,1.2413353,1.2413353e-06,241508042186506.75,,,,0.00097404706,7.8251534e-05,0,no,SpeX Spectrograph,ShortXD,merged_v346nor_sxd_20150722.txt,1.0
2457225.7462704,2457225.7462704,2015-07-22,20150722,SXD,1.2415507,1.2415506999999998e-06,241466142300914.53,,,,0.00076466746,8.0101199e-05,0,no,SpeX Spectrograph,ShortXD,merged_v346nor_sxd_20150722.txt,1.0
2457225.7462704,2457225.7462704,2015-07-22,20150722,SXD,1.2417662,1.2417662e-06,241424237509444.22,,,,0.0009428768,9.4901479e-05,0,no,SpeX Spectrograph,ShortXD,merged_v346nor_sxd_20150722.txt,1.0
2457225.7462704,2457225.7462704,2015-07-22,20150722,SXD,1.2419816,1.2419815999999999e-06,241382366695287.62,,,,0.00093567907,0.00011322695,0,no,SpeX Spectrograph,ShortXD,merged_v346nor_sxd_20150722.txt,1.0
2457225.7462704,2457225.7462704,2015-07-22,20150722,SXD,1.242197,1.2421969999999999e-06,241340510402134.3,,,,0.00083912595,0.00011693386,0,no,SpeX Spectrograph,ShortXD,merged_v346nor_sxd_20150722.txt,1.0
2457225.7462704,2457225.7462704,2015-07-22,20150722,SXD,1.2424124,1.2424124e-06,241298668622431.66,,,,0.00098212413,0.00011690604,0,no,SpeX Spectrograph,ShortXD,merged_v346nor_sxd_20150722.txt,1.0
2457225.7462704,2457225.7462704,2015-07-22,20150722,SXD,1.2426279,1.2426279e-06,241256821933581.25,,,,0.00088992761,0.00011474047,0,no,SpeX Spectrograph,ShortXD,merged_v346nor_sxd_20150722.txt,1.0
2457225.7462704,2457225.7462704,2015-07-22,20150722,SXD,1.2428433,1.2428433000000001e-06,241215009164872.16,,,,0.00083831762,9.8909506e-05,0,no,SpeX Spectrograph,ShortXD,merged_v346nor_sxd_20150722.txt,1.0
2457225.7462704,2457225.7462704,2015-07-22,20150722,SXD,1.2430587,1.2430587e-06,241173210886983.88,,,,0.00071173266,8.2298364e-05,0,no,SpeX Spectrograph,ShortXD,merged_v346nor_sxd_20150722.txt,1.0
2457225.7462704,2457225.7462704,2015-07-22,20150722,SXD,1.2432741,1.2432741e-06,241131427092384.53,,,,0.00086450047,7.8651457e-05,0,no,SpeX Spectrograph,ShortXD,merged_v346nor_sxd_20150722.txt,1.0
2457225.7462704,2457225.7462704,2015-07-22,20150722,SXD,1.2434895,1.2434894999999999e-06,241089657773547.78,,,,0.00075412681,7.6238335e-05,0,no,SpeX Spectrograph,ShortXD,merged_v346nor_sxd_20150722.txt,1.0
2457225.7462704,2457225.7462704,2015-07-22,20150722,SXD,1.2437049,1.2437049e-06,241047902922952.22,,,,0.0008322295,7.8034544e-05,0,no,SpeX Spectrograph,ShortXD,merged_v346nor_sxd_20150722.txt,1.0
2457225.7462704,2457225.7462704,2015-07-22,20150722,SXD,1.2439202,1.2439202e-06,241006181907810.47,,,,0.00081889506,7.8900084e-05,0,no,SpeX Spectrograph,ShortXD,merged_v346nor_sxd_20150722.txt,1.0
2457225.7462704,2457225.7462704,2015-07-22,20150722,SXD,1.2441356,1.2441355999999998e-06,240964455964446.34,,,,0.00062548573,7.7412224e-05,0,no,SpeX Spectrograph,ShortXD,merged_v346nor_sxd_20150722.txt,1.0
2457225.7462704,2457225.7462704,2015-07-22,20150722,SXD,1.244351,1.244351e-06,240922744466794.34,,,,0.00071018608,7.6196848e-05,0,no,SpeX Spectrograph,ShortXD,merged_v346nor_sxd_20150722.txt,1.0
2457225.7462704,2457225.7462704,2015-07-22,20150722,SXD,1.2445664,1.2445664e-06,240881047407354.1,,,,0.00066320942,7.7680459e-05,0,no,SpeX Spectrograph,ShortXD,merged_v346nor_sxd_20150722.txt,1.0
2457225.7462704,2457225.7462704,2015-07-22,20150722,SXD,1.2447819,1.2447819e-06,240839345430713.62,,,,0.00073790771,7.704633e-05,0,no,SpeX Spectrograph,ShortXD,merged_v346nor_sxd_20150722.txt,1.0
2457225.7462704,2457225.7462704,2015-07-22,20150722,SXD,1.2449973,1.2449973e-06,240797677231910.44,,,,0.00079998904,7.7421515e-05,0,no,SpeX Spectrograph,ShortXD,merged_v346nor_sxd_20150722.txt,1.0
2457225.7462704,2457225.7462704,2015-07-22,20150722,SXD,1.2452126,1.2452126e-06,240756042783376.94,,,,0.00084590848,7.88459e-05,0,no,SpeX Spectrograph,ShortXD,merged_v346nor_sxd_20150722.txt,1.0
2457225.7462704,2457225.7462704,2015-07-22,20150722,SXD,1.245428,1.245428e-06,240714403401882.75,,,,0.00087210571,8.0120917e-05,0,no,SpeX Spectrograph,ShortXD,merged_v346nor_sxd_20150722.txt,1.0
2457225.7462704,2457225.7462704,2015-07-22,20150722,SXD,1.2456434,1.2456434e-06,240672778421175.75,,,,0.00083689066,7.9242782e-05,0,no,SpeX Spectrograph,ShortXD,merged_v346nor_sxd_20150722.txt,1.0
2457225.7462704,2457225.7462704,2015-07-22,20150722,SXD,1.2458588,1.2458587999999998e-06,240631167833786.66,,,,0.0008820048,7.7743556e-05,0,no,SpeX Spectrograph,ShortXD,merged_v346nor_sxd_20150722.txt,1.0
2457225.7462704,2457225.7462704,2015-07-22,20150722,SXD,1.2460741,1.2460740999999999e-06,240589590940057.28,,,,0.00064042542,7.7538418e-05,0,no,SpeX Spectrograph,ShortXD,merged_v346nor_sxd_20150722.txt,1.0
2457225.7462704,2457225.7462704,2015-07-22,20150722,SXD,1.2462895,1.2462895e-06,240548009110242.84,,,,0.0007766895,7.6922377e-05,0,no,SpeX Spectrograph,ShortXD,merged_v346nor_sxd_20150722.txt,1.0
2457225.7462704,2457225.7462704,2015-07-22,20150722,SXD,1.2465049,1.2465048999999998e-06,240506441651372.6,,,,0.00086510426,7.7902419e-05,0,no,SpeX Spectrograph,ShortXD,merged_v346nor_sxd_20150722.txt,1.0
2457225.7462704,2457225.7462704,2015-07-22,20150722,SXD,1.2467202,1.2467201999999999e-06,240464907843796.9,,,,0.00076535647,7.8535304e-05,0,no,SpeX Spectrograph,ShortXD,merged_v346nor_sxd_20150722.txt,1.0
2457225.7462704,2457225.7462704,2015-07-22,20150722,SXD,1.2469356,1.2469356e-06,240423369097810.66,,,,0.0010309306,7.9649515e-05,0,no,SpeX Spectrograph,ShortXD,merged_v346nor_sxd_20150722.txt,1.0
2457225.7462704,2457225.7462704,2015-07-22,20150722,SXD,1.2471509,1.2471509e-06,240381863974920.75,,,,0.0010003083,8.0983344e-05,0,no,SpeX Spectrograph,ShortXD,merged_v346nor_sxd_20150722.txt,1.0
2457225.7462704,2457225.7462704,2015-07-22,20150722,SXD,1.2473663,1.2473662999999998e-06,240340353912078.62,,,,0.0011236382,8.1956576e-05,0,no,SpeX Spectrograph,ShortXD,merged_v346nor_sxd_20150722.txt,1.0
2457225.7462704,2457225.7462704,2015-07-22,20150722,SXD,1.2475817,1.2475817e-06,240298858182995.16,,,,0.0010014251,8.3022373e-05,0,no,SpeX Spectrograph,ShortXD,merged_v346nor_sxd_20150722.txt,1.0
2457225.7462704,2457225.7462704,2015-07-22,20150722,SXD,1.247797,1.247797e-06,240257396034771.66,,,,0.00084721023,8.9772111e-05,0,no,SpeX Spectrograph,ShortXD,merged_v346nor_sxd_20150722.txt,1.0
2457225.7462704,2457225.7462704,2015-07-22,20150722,SXD,1.2480124,1.2480123999999998e-06,240215928944295.78,,,,0.00076897192,9.1046997e-05,0,no,SpeX Spectrograph,ShortXD,merged_v346nor_sxd_20150722.txt,1.0
2457225.7462704,2457225.7462704,2015-07-22,20150722,SXD,1.2482277,1.2482276999999999e-06,240174495406567.28,,,,0.00089596451,9.3074254e-05,0,no,SpeX Spectrograph,ShortXD,merged_v346nor_sxd_20150722.txt,1.0
2457225.7462704,2457225.7462704,2015-07-22,20150722,SXD,1.248443,1.248443e-06,240133076159664.5,,,,0.00098954141,9.101352e-05,0,no,SpeX Spectrograph,ShortXD,merged_v346nor_sxd_20150722.txt,1.0
2457225.7462704,2457225.7462704,2015-07-22,20150722,SXD,1.2486584,1.2486584e-06,240091651968224.44,,,,0.00081345742,8.7578192e-05,0,no,SpeX Spectrograph,ShortXD,merged_v346nor_sxd_20150722.txt,1.0
2457225.7462704,2457225.7462704,2015-07-22,20150722,SXD,1.2488737,1.2488737000000001e-06,240050261287430.4,,,,0.00099482376,7.9951271e-05,0,no,SpeX Spectrograph,ShortXD,merged_v346nor_sxd_20150722.txt,1.0
2457225.7462704,2457225.7462704,2015-07-22,20150722,SXD,1.2490891,1.2490890999999999e-06,240008865660584.22,,,,0.0007738368,8.0288482e-05,0,no,SpeX Spectrograph,ShortXD,merged_v346nor_sxd_20150722.txt,1.0
2457225.7462704,2457225.7462704,2015-07-22,20150722,SXD,1.2493044,1.2493044e-06,239967503516356.8,,,,0.00075842708,8.1445054e-05,0,no,SpeX Spectrograph,ShortXD,merged_v346nor_sxd_20150722.txt,1.0
2457225.7462704,2457225.7462704,2015-07-22,20150722,SXD,1.2495197,1.2495197e-06,239926155626037.75,,,,0.00068373146,8.4783889e-05,0,no,SpeX Spectrograph,ShortXD,merged_v346nor_sxd_20150722.txt,1.0
2457225.7462704,2457225.7462704,2015-07-22,20150722,SXD,1.2497351,1.2497351000000001e-06,239884802787406.7,,,,0.00071321655,9.4213625e-05,0,no,SpeX Spectrograph,ShortXD,merged_v346nor_sxd_20150722.txt,1.0
2457225.7462704,2457225.7462704,2015-07-22,20150722,SXD,1.2499504,1.2499503999999997e-06,239843483389420.94,,,,0.00097092596,0.000100403,0,no,SpeX Spectrograph,ShortXD,merged_v346nor_sxd_20150722.txt,1.0
2457225.7462704,2457225.7462704,2015-07-22,20150722,SXD,1.2501657,1.2501656999999998e-06,239802178223254.78,,,,0.00073499163,9.7737407e-05,0,no,SpeX Spectrograph,ShortXD,merged_v346nor_sxd_20150722.txt,1.0
2457225.7462704,2457225.7462704,2015-07-22,20150722,SXD,1.2503811,1.2503811e-06,239760868106531.7,,,,0.00078609621,9.7417564e-05,0,no,SpeX Spectrograph,ShortXD,merged_v346nor_sxd_20150722.txt,1.0
2457225.7462704,2457225.7462704,2015-07-22,20150722,SXD,1.2505964,1.2505964e-06,239719591388556.7,,,,0.00091432664,9.6587253e-05,0,no,SpeX Spectrograph,ShortXD,merged_v346nor_sxd_20150722.txt,1.0
2457225.7462704,2457225.7462704,2015-07-22,20150722,SXD,1.2508117,1.2508117e-06,239678328880358.25,,,,0.00090042502,8.8280533e-05,0,no,SpeX Spectrograph,ShortXD,merged_v346nor_sxd_20150722.txt,1.0
2457225.7462704,2457225.7462704,2015-07-22,20150722,SXD,1.251027,1.2510269999999999e-06,239637080574599.94,,,,0.00086929457,8.4633692e-05,0,no,SpeX Spectrograph,ShortXD,merged_v346nor_sxd_20150722.txt,1.0
2457225.7462704,2457225.7462704,2015-07-22,20150722,SXD,1.2512424,1.2512423999999998e-06,239595827315314.78,,,,0.0007679931,8.5549e-05,0,no,SpeX Spectrograph,ShortXD,merged_v346nor_sxd_20150722.txt,1.0
2457225.7462704,2457225.7462704,2015-07-22,20150722,SXD,1.2514577,1.2514576999999999e-06,239554607399035.56,,,,0.00076398713,8.4993859e-05,0,no,SpeX Spectrograph,ShortXD,merged_v346nor_sxd_20150722.txt,1.0
2457225.7462704,2457225.7462704,2015-07-22,20150722,SXD,1.251673,1.251673e-06,239513401663213.97,,,,0.00090440427,8.0511862e-05,0,no,SpeX Spectrograph,ShortXD,merged_v346nor_sxd_20150722.txt,1.0
2457225.7462704,2457225.7462704,2015-07-22,20150722,SXD,1.2518883,1.2518883e-06,239472210100533.75,,,,0.00087164971,7.9648205e-05,0,no,SpeX Spectrograph,ShortXD,merged_v346nor_sxd_20150722.txt,1.0
2457225.7462704,2457225.7462704,2015-07-22,20150722,SXD,1.2521036,1.2521036e-06,239431032703683.62,,,,0.00085040845,8.4633284e-05,0,no,SpeX Spectrograph,ShortXD,merged_v346nor_sxd_20150722.txt,1.0
2457225.7462704,2457225.7462704,2015-07-22,20150722,SXD,1.2523189,1.2523188999999998e-06,239389869465357.47,,,,0.00095235958,8.6455497e-05,0,no,SpeX Spectrograph,ShortXD,merged_v346nor_sxd_20150722.txt,1.0
2457225.7462704,2457225.7462704,2015-07-22,20150722,SXD,1.2525342,1.2525341999999998e-06,239348720378253.97,,,,0.00087328482,8.6637643e-05,0,no,SpeX Spectrograph,ShortXD,merged_v346nor_sxd_20150722.txt,1.0
2457225.7462704,2457225.7462704,2015-07-22,20150722,SXD,1.2527494,1.2527494e-06,239307604537667.3,,,,0.001006636,8.7819761e-05,0,no,SpeX Spectrograph,ShortXD,merged_v346nor_sxd_20150722.txt,1.0
2457225.7462704,2457225.7462704,2015-07-22,20150722,SXD,1.2529647,1.2529647e-06,239266483724561.44,,,,0.00076226436,8.6994492e-05,0,no,SpeX Spectrograph,ShortXD,merged_v346nor_sxd_20150722.txt,1.0
2457225.7462704,2457225.7462704,2015-07-22,20150722,SXD,1.25318,1.25318e-06,239225377040808.2,,,,0.00094100012,8.2700011e-05,0,no,SpeX Spectrograph,ShortXD,merged_v346nor_sxd_20150722.txt,1.0
2457225.7462704,2457225.7462704,2015-07-22,20150722,SXD,1.2533953,1.2533953e-06,239184284479126.4,,,,0.00083439698,9.3045826e-05,0,no,SpeX Spectrograph,ShortXD,merged_v346nor_sxd_20150722.txt,1.0
2457225.7462704,2457225.7462704,2015-07-22,20150722,SXD,1.2536106,1.2536105999999999e-06,239143206032240.03,,,,0.00092091062,8.2779799e-05,0,no,SpeX Spectrograph,ShortXD,merged_v346nor_sxd_20150722.txt,1.0
2457225.7462704,2457225.7462704,2015-07-22,20150722,SXD,1.2538259,1.2538259e-06,239102141692877.78,,,,0.00095639017,9.027998e-05,0,no,SpeX Spectrograph,ShortXD,merged_v346nor_sxd_20150722.txt,1.0
2457225.7462704,2457225.7462704,2015-07-22,20150722,SXD,1.2540412,1.2540412e-06,239061091453773.62,,,,0.00074212922,8.9897672e-05,0,no,SpeX Spectrograph,ShortXD,merged_v346nor_sxd_20150722.txt,1.0
2457225.7462704,2457225.7462704,2015-07-22,20150722,SXD,1.2542565,1.2542565e-06,239020055307666.34,,,,0.00091914745,8.9337198e-05,0,no,SpeX Spectrograph,ShortXD,merged_v346nor_sxd_20150722.txt,1.0
2457225.7462704,2457225.7462704,2015-07-22,20150722,SXD,1.2544718,1.2544717999999998e-06,238979033247299.8,,,,0.00091172144,8.7757136e-05,0,no,SpeX Spectrograph,ShortXD,merged_v346nor_sxd_20150722.txt,1.0
2457225.7462704,2457225.7462704,2015-07-22,20150722,SXD,1.2546871,1.2546870999999998e-06,238938025265422.78,,,,0.00087790721,8.6712142e-05,0,no,SpeX Spectrograph,ShortXD,merged_v346nor_sxd_20150722.txt,1.0
2457225.7462704,2457225.7462704,2015-07-22,20150722,SXD,1.2549024,1.2549023999999999e-06,238897031354789.06,,,,0.00081663986,8.163118e-05,0,no,SpeX Spectrograph,ShortXD,merged_v346nor_sxd_20150722.txt,1.0
2457225.7462704,2457225.7462704,2015-07-22,20150722,SXD,1.2551177,1.2551176999999999e-06,238856051508157.38,,,,0.00094565883,8.2536972e-05,0,no,SpeX Spectrograph,ShortXD,merged_v346nor_sxd_20150722.txt,1.0
2457225.7462704,2457225.7462704,2015-07-22,20150722,SXD,1.2553328,1.2553327999999998e-06,238815123766382.94,,,,0.0009624277,8.466986e-05,0,no,SpeX Spectrograph,ShortXD,merged_v346nor_sxd_20150722.txt,1.0
2457225.7462704,2457225.7462704,2015-07-22,20150722,SXD,1.2555481,1.2555480999999999e-06,238774172013003.75,,,,0.00086572563,8.6403888e-05,0,no,SpeX Spectrograph,ShortXD,merged_v346nor_sxd_20150722.txt,1.0
2457225.7462704,2457225.7462704,2015-07-22,20150722,SXD,1.2557634,1.2557634e-06,238733234301939.38,,,,0.0010553073,9.0251116e-05,0,no,SpeX Spectrograph,ShortXD,merged_v346nor_sxd_20150722.txt,1.0
2457225.7462704,2457225.7462704,2015-07-22,20150722,SXD,1.2559787,1.2559787e-06,238692310625968.44,,,,0.0011657503,9.1004469e-05,0,no,SpeX Spectrograph,ShortXD,merged_v346nor_sxd_20150722.txt,1.0
2457225.7462704,2457225.7462704,2015-07-22,20150722,SXD,1.2561939,1.2561938999999998e-06,238651419975849.3,,,,0.0018164483,9.0586247e-05,0,no,SpeX Spectrograph,ShortXD,merged_v346nor_sxd_20150722.txt,1.0
2457225.7462704,2457225.7462704,2015-07-22,20150722,SXD,1.2564092,1.2564091999999999e-06,238610524341910.28,,,,0.0024630681,9.1267808e-05,0,no,SpeX Spectrograph,ShortXD,merged_v346nor_sxd_20150722.txt,1.0
2457225.7462704,2457225.7462704,2015-07-22,20150722,SXD,1.2566245,1.2566245e-06,238569642721433.5,,,,0.0028677015,9.3943847e-05,0,no,SpeX Spectrograph,ShortXD,merged_v346nor_sxd_20150722.txt,1.0
2457225.7462704,2457225.7462704,2015-07-22,20150722,SXD,1.2568398,1.2568398e-06,238528775107217.34,,,,0.0029977569,9.9425495e-05,0,no,SpeX Spectrograph,ShortXD,merged_v346nor_sxd_20150722.txt,1.0
2457225.7462704,2457225.7462704,2015-07-22,20150722,SXD,1.2570549,1.2570548999999999e-06,238487959435980.1,,,,0.0025734126,9.9042809e-05,0,no,SpeX Spectrograph,ShortXD,merged_v346nor_sxd_20150722.txt,1.0
2457225.7462704,2457225.7462704,2015-07-22,20150722,SXD,1.2572702,1.2572702e-06,238447119799705.75,,,,0.0018052827,9.5747448e-05,0,no,SpeX Spectrograph,ShortXD,merged_v346nor_sxd_20150722.txt,1.0
2457225.7462704,2457225.7462704,2015-07-22,20150722,SXD,1.2574854,1.2574854e-06,238406313107094.53,,,,0.0011135003,9.185305e-05,0,no,SpeX Spectrograph,ShortXD,merged_v346nor_sxd_20150722.txt,1.0
2457225.7462704,2457225.7462704,2015-07-22,20150722,SXD,1.2577007,1.2577007e-06,238365501426531.75,,,,0.00096778886,8.9620706e-05,0,no,SpeX Spectrograph,ShortXD,merged_v346nor_sxd_20150722.txt,1.0
2457225.7462704,2457225.7462704,2015-07-22,20150722,SXD,1.257916,1.257916e-06,238324703716305.38,,,,0.00088347186,8.6412867e-05,0,no,SpeX Spectrograph,ShortXD,merged_v346nor_sxd_20150722.txt,1.0
2457225.7462704,2457225.7462704,2015-07-22,20150722,SXD,1.2581311,1.2581310999999998e-06,238283957848271.97,,,,0.00092832017,8.5994521e-05,0,no,SpeX Spectrograph,ShortXD,merged_v346nor_sxd_20150722.txt,1.0
2457225.7462704,2457225.7462704,2015-07-22,20150722,SXD,1.2583464,1.2583463999999998e-06,238243188044246.03,,,,0.00087680505,9.2437054e-05,0,no,SpeX Spectrograph,ShortXD,merged_v346nor_sxd_20150722.txt,1.0
2457225.7462704,2457225.7462704,2015-07-22,20150722,SXD,1.2585616,1.2585616e-06,238202451115622.8,,,,0.00087633292,9.9569836e-05,0,no,SpeX Spectrograph,ShortXD,merged_v346nor_sxd_20150722.txt,1.0
2457225.7462704,2457225.7462704,2015-07-22,20150722,SXD,1.2587769,1.2587769e-06,238161709195648.56,,,,0.00077220495,0.0001043996,0,no,SpeX Spectrograph,ShortXD,merged_v346nor_sxd_20150722.txt,1.0
2457225.7462704,2457225.7462704,2015-07-22,20150722,SXD,1.2589921,1.2589920999999999e-06,238121000123829.25,,,,0.00086486386,0.00010795199,0,no,SpeX Spectrograph,ShortXD,merged_v346nor_sxd_20150722.txt,1.0
2457225.7462704,2457225.7462704,2015-07-22,20150722,SXD,1.2592074,1.2592074e-06,238080286059310.03,,,,0.0010283892,0.00010880054,0,no,SpeX Spectrograph,ShortXD,merged_v346nor_sxd_20150722.txt,1.0
2457225.7462704,2457225.7462704,2015-07-22,20150722,SXD,1.2594225,1.2594224999999998e-06,238039623716425.62,,,,0.001144832,0.00010744244,0,no,SpeX Spectrograph,ShortXD,merged_v346nor_sxd_20150722.txt,1.0
2457225.7462704,2457225.7462704,2015-07-22,20150722,SXD,1.2596377,1.2596377e-06,237998956366580.66,,,,0.0010381066,0.00010764279,0,no,SpeX Spectrograph,ShortXD,merged_v346nor_sxd_20150722.txt,1.0
2457225.7462704,2457225.7462704,2015-07-22,20150722,SXD,1.259853,1.2598529999999998e-06,237958284022024.84,,,,0.00082719914,0.00010952075,0,no,SpeX Spectrograph,ShortXD,merged_v346nor_sxd_20150722.txt,1.0
2457225.7462704,2457225.7462704,2015-07-22,20150722,SXD,1.2600682,1.2600682e-06,237917644457657.12,,,,0.00085104775,0.00011146505,0,no,SpeX Spectrograph,ShortXD,merged_v346nor_sxd_20150722.txt,1.0
2457225.7462704,2457225.7462704,2015-07-22,20150722,SXD,1.2602835,1.2602834999999999e-06,237876999897245.38,,,,0.00099380314,0.00011591258,0,no,SpeX Spectrograph,ShortXD,merged_v346nor_sxd_20150722.txt,1.0
2457225.7462704,2457225.7462704,2015-07-22,20150722,SXD,1.2604986,1.2604986e-06,237836406958325.84,,,,0.00085165835,0.00012396761,0,no,SpeX Spectrograph,ShortXD,merged_v346nor_sxd_20150722.txt,1.0
2457225.7462704,2457225.7462704,2015-07-22,20150722,SXD,1.2607138,1.2607138e-06,237795809009150.22,,,,0.0010869669,0.00011999993,0,no,SpeX Spectrograph,ShortXD,merged_v346nor_sxd_20150722.txt,1.0
2457225.7462704,2457225.7462704,2015-07-22,20150722,SXD,1.2609291,1.2609291e-06,237755206061942.75,,,,0.00069113774,0.00011756196,0,no,SpeX Spectrograph,ShortXD,merged_v346nor_sxd_20150722.txt,1.0
2457225.7462704,2457225.7462704,2015-07-22,20150722,SXD,1.2611443,1.2611442999999999e-06,237714635827161.12,,,,0.00085719326,0.00011892826,0,no,SpeX Spectrograph,ShortXD,merged_v346nor_sxd_20150722.txt,1.0
2457225.7462704,2457225.7462704,2015-07-22,20150722,SXD,1.2613595,1.2613595e-06,237674079435719.97,,,,0.00085706776,0.00011539435,0,no,SpeX Spectrograph,ShortXD,merged_v346nor_sxd_20150722.txt,1.0
2457225.7462704,2457225.7462704,2015-07-22,20150722,SXD,1.2615746,1.2615746e-06,237633555716800.25,,,,0.00099974836,0.00011386905,0,no,SpeX Spectrograph,ShortXD,merged_v346nor_sxd_20150722.txt,1.0
2457225.7462704,2457225.7462704,2015-07-22,20150722,SXD,1.2617899,1.2617899e-06,237593008154527.16,,,,0.00093009352,0.0001103778,0,no,SpeX Spectrograph,ShortXD,merged_v346nor_sxd_20150722.txt,1.0
2457225.7462704,2457225.7462704,2015-07-22,20150722,SXD,1.2620051,1.2620051e-06,237552493250621.56,,,,0.0010972826,0.00010783081,0,no,SpeX Spectrograph,ShortXD,merged_v346nor_sxd_20150722.txt,1.0
2457225.7462704,2457225.7462704,2015-07-22,20150722,SXD,1.2622203,1.2622203000000001e-06,237511992161748.6,,,,0.00083034619,0.00010931512,0,no,SpeX Spectrograph,ShortXD,merged_v346nor_sxd_20150722.txt,1.0
2457225.7462704,2457225.7462704,2015-07-22,20150722,SXD,1.2624354,1.2624353999999999e-06,237471523691430.1,,,,0.00095107354,0.0001042857,0,no,SpeX Spectrograph,ShortXD,merged_v346nor_sxd_20150722.txt,1.0
2457225.7462704,2457225.7462704,2015-07-22,20150722,SXD,1.2626506,1.2626506e-06,237431050205021.1,,,,0.00084118731,0.00010290567,0,no,SpeX Spectrograph,ShortXD,merged_v346nor_sxd_20150722.txt,1.0
2457225.7462704,2457225.7462704,2015-07-22,20150722,SXD,1.2628658,1.2628657999999998e-06,237390590512467.78,,,,0.0010218794,0.00010314829,0,no,SpeX Spectrograph,ShortXD,merged_v346nor_sxd_20150722.txt,1.0
2457225.7462704,2457225.7462704,2015-07-22,20150722,SXD,1.2630811,1.2630810999999999e-06,237350125815357.4,,,,0.00090868754,9.9638724e-05,0,no,SpeX Spectrograph,ShortXD,merged_v346nor_sxd_20150722.txt,1.0
2457225.7462704,2457225.7462704,2015-07-22,20150722,SXD,1.2632962,1.2632962e-06,237309712480730.97,,,,0.00099492678,0.00010222408,0,no,SpeX Spectrograph,ShortXD,merged_v346nor_sxd_20150722.txt,1.0
2457225.7462704,2457225.7462704,2015-07-22,20150722,SXD,1.2635114,1.2635114e-06,237269294127461.0,,,,0.0010813758,0.00010865706,0,no,SpeX Spectrograph,ShortXD,merged_v346nor_sxd_20150722.txt,1.0
2457225.7462704,2457225.7462704,2015-07-22,20150722,SXD,1.2637266,1.2637266e-06,237228889539873.56,,,,0.00098957261,0.00010596336,0,no,SpeX Spectrograph,ShortXD,merged_v346nor_sxd_20150722.txt,1.0
2457225.7462704,2457225.7462704,2015-07-22,20150722,SXD,1.2639418,1.2639417999999999e-06,237188498710937.5,,,,0.00082597818,0.00010793759,0,no,SpeX Spectrograph,ShortXD,merged_v346nor_sxd_20150722.txt,1.0
2457225.7462704,2457225.7462704,2015-07-22,20150722,SXD,1.2641569,1.2641568999999998e-06,237148140393016.12,,,,0.0010515818,0.00010574768,0,no,SpeX Spectrograph,ShortXD,merged_v346nor_sxd_20150722.txt,1.0
2457225.7462704,2457225.7462704,2015-07-22,20150722,SXD,1.2643721,1.2643721000000001e-06,237107777053922.62,,,,0.00090210326,0.00010841767,0,no,SpeX Spectrograph,ShortXD,merged_v346nor_sxd_20150722.txt,1.0
2457225.7462704,2457225.7462704,2015-07-22,20150722,SXD,1.2645873,1.2645873e-06,237067427452418.66,,,,0.00084298715,0.00010710853,0,no,SpeX Spectrograph,ShortXD,merged_v346nor_sxd_20150722.txt,1.0
2457225.7462704,2457225.7462704,2015-07-22,20150722,SXD,1.2648025,1.2648025e-06,237027091581492.0,,,,0.00078952592,0.00010504769,0,no,SpeX Spectrograph,ShortXD,merged_v346nor_sxd_20150722.txt,1.0
2457225.7462704,2457225.7462704,2015-07-22,20150722,SXD,1.2650176,1.2650175999999999e-06,236986788168006.53,,,,0.00089223706,9.95999e-05,0,no,SpeX Spectrograph,ShortXD,merged_v346nor_sxd_20150722.txt,1.0
2457225.7462704,2457225.7462704,2015-07-22,20150722,SXD,1.2652328,1.2652328e-06,236946479730844.8,,,,0.00091233337,0.00010373384,0,no,SpeX Spectrograph,ShortXD,merged_v346nor_sxd_20150722.txt,1.0
2457225.7462704,2457225.7462704,2015-07-22,20150722,SXD,1.2654479,1.2654479e-06,236906203724388.78,,,,0.00083899795,0.00010247639,0,no,SpeX Spectrograph,ShortXD,merged_v346nor_sxd_20150722.txt,1.0
2457225.7462704,2457225.7462704,2015-07-22,20150722,SXD,1.265663,1.2656629999999998e-06,236865941407783.94,,,,0.00074982538,0.0001077878,0,no,SpeX Spectrograph,ShortXD,merged_v346nor_sxd_20150722.txt,1.0
2457225.7462704,2457225.7462704,2015-07-22,20150722,SXD,1.2658782,1.2658782e-06,236825674065640.78,,,,0.00092874659,0.00011000926,0,no,SpeX Spectrograph,ShortXD,merged_v346nor_sxd_20150722.txt,1.0
2457225.7462704,2457225.7462704,2015-07-22,20150722,SXD,1.2660934,1.2660933999999998e-06,236785420412111.8,,,,0.00091802236,0.00011224621,0,no,SpeX Spectrograph,ShortXD,merged_v346nor_sxd_20150722.txt,1.0
2457225.7462704,2457225.7462704,2015-07-22,20150722,SXD,1.2663085,1.2663085e-06,236745199135913.56,,,,0.0010126027,0.00011351375,0,no,SpeX Spectrograph,ShortXD,merged_v346nor_sxd_20150722.txt,1.0
2457225.7462704,2457225.7462704,2015-07-22,20150722,SXD,1.2665237,1.2665237e-06,236704972832328.34,,,,0.00076651596,0.00011316509,0,no,SpeX Spectrograph,ShortXD,merged_v346nor_sxd_20150722.txt,1.0
2457225.7462704,2457225.7462704,2015-07-22,20150722,SXD,1.2667389,1.2667389e-06,236664760196438.28,,,,0.00077283982,0.00011194221,0,no,SpeX Spectrograph,ShortXD,merged_v346nor_sxd_20150722.txt,1.0
2457225.7462704,2457225.7462704,2015-07-22,20150722,SXD,1.2669539,1.2669539e-06,236624598574581.12,,,,0.0010088792,0.00012068667,0,no,SpeX Spectrograph,ShortXD,merged_v346nor_sxd_20150722.txt,1.0
2457225.7462704,2457225.7462704,2015-07-22,20150722,SXD,1.2671691,1.2671691e-06,236584413240505.94,,,,0.00078275229,0.0001238072,0,no,SpeX Spectrograph,ShortXD,merged_v346nor_sxd_20150722.txt,1.0
2457225.7462704,2457225.7462704,2015-07-22,20150722,SXD,1.2673843,1.2673843e-06,236544241553252.66,,,,0.0010324925,0.00012271518,0,no,SpeX Spectrograph,ShortXD,merged_v346nor_sxd_20150722.txt,1.0
2457225.7462704,2457225.7462704,2015-07-22,20150722,SXD,1.2675995,1.2675995e-06,236504083505870.75,,,,0.00098115997,0.0001253096,0,no,SpeX Spectrograph,ShortXD,merged_v346nor_sxd_20150722.txt,1.0
2457225.7462704,2457225.7462704,2015-07-22,20150722,SXD,1.2678145,1.2678145e-06,236463976394022.94,,,,0.00091330399,0.00014231399,0,no,SpeX Spectrograph,ShortXD,merged_v346nor_sxd_20150722.txt,1.0
2457225.7462704,2457225.7462704,2015-07-22,20150722,SXD,1.2680297,1.2680297e-06,236423845592891.1,,,,0.00064042193,0.00017681255,0,no,SpeX Spectrograph,ShortXD,merged_v346nor_sxd_20150722.txt,1.0
2457225.7462704,2457225.7462704,2015-07-22,20150722,SXD,1.2682449,1.2682449e-06,236383728410814.03,,,,0.00098656653,0.00021063314,0,no,SpeX Spectrograph,ShortXD,merged_v346nor_sxd_20150722.txt,1.0
2457225.7462704,2457225.7462704,2015-07-22,20150722,SXD,1.2684599,1.2684599e-06,236343662105518.66,,,,0.001175398,0.0002479601,0,no,SpeX Spectrograph,ShortXD,merged_v346nor_sxd_20150722.txt,1.0
2457225.7462704,2457225.7462704,2015-07-22,20150722,SXD,1.2686751,1.2686751e-06,236303572128120.12,,,,0.0011992675,0.00027740191,0,no,SpeX Spectrograph,ShortXD,merged_v346nor_sxd_20150722.txt,1.0
2457225.7462704,2457225.7462704,2015-07-22,20150722,SXD,1.2688901,1.2688901e-06,236263532988396.72,,,,0.00084445102,0.00027056938,0,no,SpeX Spectrograph,ShortXD,merged_v346nor_sxd_20150722.txt,1.0
2457225.7462704,2457225.7462704,2015-07-22,20150722,SXD,1.2691053,1.2691053e-06,236223470188013.56,,,,0.00074535498,0.00025085418,0,no,SpeX Spectrograph,ShortXD,merged_v346nor_sxd_20150722.txt,1.0
2457225.7462704,2457225.7462704,2015-07-22,20150722,SXD,1.2693205,1.2693205000000001e-06,236183420972087.0,,,,0.00050907739,0.00023844854,0,no,SpeX Spectrograph,ShortXD,merged_v346nor_sxd_20150722.txt,1.0
2457225.7462704,2457225.7462704,2015-07-22,20150722,SXD,1.2695355,1.2695355e-06,236143422535250.12,,,,0.0011877191,0.00022951899,0,no,SpeX Spectrograph,ShortXD,merged_v346nor_sxd_20150722.txt,1.0
2457225.7462704,2457225.7462704,2015-07-22,20150722,SXD,1.2697507,1.2697506999999998e-06,236103400454908.25,,,,0.001088145,0.00022002521,0,no,SpeX Spectrograph,ShortXD,merged_v346nor_sxd_20150722.txt,1.0
2457225.7462704,2457225.7462704,2015-07-22,20150722,SXD,1.2699658,1.2699658e-06,236063410526488.22,,,,0.0010974881,0.00020421151,0,no,SpeX Spectrograph,ShortXD,merged_v346nor_sxd_20150722.txt,1.0
2457225.7462704,2457225.7462704,2015-07-22,20150722,SXD,1.2701809,1.2701808999999999e-06,236023434142333.6,,,,0.0013781684,0.00018365492,0,no,SpeX Spectrograph,ShortXD,merged_v346nor_sxd_20150722.txt,1.0
2457225.7462704,2457225.7462704,2015-07-22,20150722,SXD,1.270396,1.270396e-06,235983471295564.53,,,,0.001158517,0.00016795655,0,no,SpeX Spectrograph,ShortXD,merged_v346nor_sxd_20150722.txt,1.0
2457225.7462704,2457225.7462704,2015-07-22,20150722,SXD,1.2706112,1.2706112e-06,235943503410012.47,,,,0.0010671146,0.00015440873,0,no,SpeX Spectrograph,ShortXD,merged_v346nor_sxd_20150722.txt,1.0
2457225.7462704,2457225.7462704,2015-07-22,20150722,SXD,1.2708262,1.2708262e-06,235903586186687.06,,,,0.0011204926,0.0001378906,0,no,SpeX Spectrograph,ShortXD,merged_v346nor_sxd_20150722.txt,1.0
2457225.7462704,2457225.7462704,2015-07-22,20150722,SXD,1.2710414,1.2710414e-06,235863645354116.72,,,,0.001027806,0.00012736107,0,no,SpeX Spectrograph,ShortXD,merged_v346nor_sxd_20150722.txt,1.0
2457225.7462704,2457225.7462704,2015-07-22,20150722,SXD,1.2712564,1.2712563999999998e-06,235823755144910.22,,,,0.00088459172,0.00012291683,0,no,SpeX Spectrograph,ShortXD,merged_v346nor_sxd_20150722.txt,1.0
2457225.7462704,2457225.7462704,2015-07-22,20150722,SXD,1.2714715,1.2714715e-06,235783859882034.3,,,,0.00090376701,0.00011640355,0,no,SpeX Spectrograph,ShortXD,merged_v346nor_sxd_20150722.txt,1.0
2457225.7462704,2457225.7462704,2015-07-22,20150722,SXD,1.2716867,1.2716867e-06,235743959577465.1,,,,0.00084300205,0.0001141521,0,no,SpeX Spectrograph,ShortXD,merged_v346nor_sxd_20150722.txt,1.0
2457225.7462704,2457225.7462704,2015-07-22,20150722,SXD,1.2719017,1.2719016999999999e-06,235704109838048.03,,,,0.00085386727,0.00011698667,0,no,SpeX Spectrograph,ShortXD,merged_v346nor_sxd_20150722.txt,1.0
2457225.7462704,2457225.7462704,2015-07-22,20150722,SXD,1.2721168,1.2721168e-06,235664255043247.6,,,,0.00089544995,0.00013540912,0,no,SpeX Spectrograph,ShortXD,merged_v346nor_sxd_20150722.txt,1.0
2457225.7462704,2457225.7462704,2015-07-22,20150722,SXD,1.272332,1.272332e-06,235624395205025.12,,,,0.00097136234,0.00014341564,0,no,SpeX Spectrograph,ShortXD,merged_v346nor_sxd_20150722.txt,1.0
2457225.7462704,2457225.7462704,2015-07-22,20150722,SXD,1.272547,1.2725470000000001e-06,235584585873841.97,,,,0.00097296998,0.00014445343,0,no,SpeX Spectrograph,ShortXD,merged_v346nor_sxd_20150722.txt,1.0
2457225.7462704,2457225.7462704,2015-07-22,20150722,SXD,1.2727621,1.2727620999999999e-06,235544771485574.6,,,,0.00089731248,0.00014140618,0,no,SpeX Spectrograph,ShortXD,merged_v346nor_sxd_20150722.txt,1.0
2457225.7462704,2457225.7462704,2015-07-22,20150722,SXD,1.2729772,1.2729771999999998e-06,235504970552496.97,,,,0.0011050645,0.00012694568,0,no,SpeX Spectrograph,ShortXD,merged_v346nor_sxd_20150722.txt,1.0
2457225.7462704,2457225.7462704,2015-07-22,20150722,SXD,1.2731923,1.2731923e-06,235465183067789.53,,,,0.0010135237,0.00010787923,0,no,SpeX Spectrograph,ShortXD,merged_v346nor_sxd_20150722.txt,1.0
2457225.7462704,2457225.7462704,2015-07-22,20150722,SXD,1.2734073,1.2734072999999998e-06,235425427512469.94,,,,0.00089517242,0.0001047078,0,no,SpeX Spectrograph,ShortXD,merged_v346nor_sxd_20150722.txt,1.0
2457225.7462704,2457225.7462704,2015-07-22,20150722,SXD,1.2736224,1.2736224e-06,235385666897818.4,,,,0.00099019031,0.00010551886,0,no,SpeX Spectrograph,ShortXD,merged_v346nor_sxd_20150722.txt,1.0
2457225.7462704,2457225.7462704,2015-07-22,20150722,SXD,1.2738374,1.2738374e-06,235345938186459.28,,,,0.0009000104,0.00011604597,0,no,SpeX Spectrograph,ShortXD,merged_v346nor_sxd_20150722.txt,1.0
2457225.7462704,2457225.7462704,2015-07-22,20150722,SXD,1.2740526,1.2740526e-06,235306185945541.03,,,,0.00087612856,0.00013565013,0,no,SpeX Spectrograph,ShortXD,merged_v346nor_sxd_20150722.txt,1.0
2457225.7462704,2457225.7462704,2015-07-22,20150722,SXD,1.2742677,1.2742677e-06,235266465594317.44,,,,0.00094465591,0.0001426215,0,no,SpeX Spectrograph,ShortXD,merged_v346nor_sxd_20150722.txt,1.0
2457225.7462704,2457225.7462704,2015-07-22,20150722,SXD,1.2744827,1.2744827e-06,235226777107292.25,,,,0.00091910741,0.00014877679,0,no,SpeX Spectrograph,ShortXD,merged_v346nor_sxd_20150722.txt,1.0
2457225.7462704,2457225.7462704,2015-07-22,20150722,SXD,1.2746978,1.2746978e-06,235187083558157.88,,,,0.00078082032,0.00015497475,0,no,SpeX Spectrograph,ShortXD,merged_v346nor_sxd_20150722.txt,1.0
2457225.7462704,2457225.7462704,2015-07-22,20150722,SXD,1.2749128,1.2749128e-06,235147421847204.0,,,,0.00067837787,0.00015629905,0,no,SpeX Spectrograph,ShortXD,merged_v346nor_sxd_20150722.txt,1.0
2457225.7462704,2457225.7462704,2015-07-22,20150722,SXD,1.2751279,1.2751278999999999e-06,235107755073040.16,,,,0.0011071526,0.00014469129,0,no,SpeX Spectrograph,ShortXD,merged_v346nor_sxd_20150722.txt,1.0
2457225.7462704,2457225.7462704,2015-07-22,20150722,SXD,1.2753429,1.2753429e-06,235068120111069.72,,,,0.00098568189,0.00013693333,0,no,SpeX Spectrograph,ShortXD,merged_v346nor_sxd_20150722.txt,1.0
2457225.7462704,2457225.7462704,2015-07-22,20150722,SXD,1.275558,1.2755579999999998e-06,235028480084794.3,,,,0.0010423817,0.00014029582,0,no,SpeX Spectrograph,ShortXD,merged_v346nor_sxd_20150722.txt,1.0
2457225.7462704,2457225.7462704,2015-07-22,20150722,SXD,1.275773,1.275773e-06,234988871844756.06,,,,0.00088664528,0.00014546276,0,no,SpeX Spectrograph,ShortXD,merged_v346nor_sxd_20150722.txt,1.0
2457225.7462704,2457225.7462704,2015-07-22,20150722,SXD,1.2759881,1.2759881e-06,234949258539323.38,,,,0.00073014043,0.00016669647,0,no,SpeX Spectrograph,ShortXD,merged_v346nor_sxd_20150722.txt,1.0
2457225.7462704,2457225.7462704,2015-07-22,20150722,SXD,1.2762032,1.2762032000000001e-06,234909658587284.5,,,,0.00088561833,0.00017731881,0,no,SpeX Spectrograph,ShortXD,merged_v346nor_sxd_20150722.txt,1.0
2457225.7462704,2457225.7462704,2015-07-22,20150722,SXD,1.2764182,1.2764182e-06,234870090382603.47,,,,0.00068318011,0.00017488822,0,no,SpeX Spectrograph,ShortXD,merged_v346nor_sxd_20150722.txt,1.0
2457225.7462704,2457225.7462704,2015-07-22,20150722,SXD,1.2766333,1.2766333e-06,234830517110904.12,,,,0.0010155927,0.00016922715,0,no,SpeX Spectrograph,ShortXD,merged_v346nor_sxd_20150722.txt,1.0
2457225.7462704,2457225.7462704,2015-07-22,20150722,SXD,1.2768483,1.2768482999999999e-06,234790975560683.3,,,,0.0009020195,0.00015816806,0,no,SpeX Spectrograph,ShortXD,merged_v346nor_sxd_20150722.txt,1.0
2457225.7462704,2457225.7462704,2015-07-22,20150722,SXD,1.2770634,1.2770634e-06,234751428942368.88,,,,0.00074839377,0.00014204372,0,no,SpeX Spectrograph,ShortXD,merged_v346nor_sxd_20150722.txt,1.0
2457225.7462704,2457225.7462704,2015-07-22,20150722,SXD,1.2772784,1.2772783999999998e-06,234711914019684.38,,,,0.0012109973,0.00014794712,0,no,SpeX Spectrograph,ShortXD,merged_v346nor_sxd_20150722.txt,1.0
2457225.7462704,2457225.7462704,2015-07-22,20150722,SXD,1.2774935,1.2774935e-06,234672394027836.53,,,,0.00082983711,0.00014962637,0,no,SpeX Spectrograph,ShortXD,merged_v346nor_sxd_20150722.txt,1.0
2457225.7462704,2457225.7462704,2015-07-22,20150722,SXD,1.2777085,1.2777084999999998e-06,234632905705800.7,,,,0.00113954,0.00016437133,0,no,SpeX Spectrograph,ShortXD,merged_v346nor_sxd_20150722.txt,1.0
2457225.7462704,2457225.7462704,2015-07-22,20150722,SXD,1.2779236,1.2779236e-06,234593412313537.38,,,,0.0011690285,0.00019054816,0,no,SpeX Spectrograph,ShortXD,merged_v346nor_sxd_20150722.txt,1.0
2457225.7462704,2457225.7462704,2015-07-22,20150722,SXD,1.2781386,1.2781386e-06,234553950565298.66,,,,0.00053551194,0.00020392842,0,no,SpeX Spectrograph,ShortXD,merged_v346nor_sxd_20150722.txt,1.0
2457225.7462704,2457225.7462704,2015-07-22,20150722,SXD,1.2783536,1.2783536e-06,234514502090814.3,,,,0.00080477167,0.00020046602,0,no,SpeX Spectrograph,ShortXD,merged_v346nor_sxd_20150722.txt,1.0
2457225.7462704,2457225.7462704,2015-07-22,20150722,SXD,1.2785686,1.2785686e-06,234475066883388.2,,,,0.0011494809,0.00019368286,0,no,SpeX Spectrograph,ShortXD,merged_v346nor_sxd_20150722.txt,1.0
2457225.7462704,2457225.7462704,2015-07-22,20150722,SXD,1.2787837,1.2787836999999999e-06,234435626603623.44,,,,0.0012284735,0.0001606084,0,no,SpeX Spectrograph,ShortXD,merged_v346nor_sxd_20150722.txt,1.0
2457225.7462704,2457225.7462704,2015-07-22,20150722,SXD,1.2789987,1.2789987e-06,234396217916406.03,,,,0.0015616624,0.00012957648,0,no,SpeX Spectrograph,ShortXD,merged_v346nor_sxd_20150722.txt,1.0
2457225.7462704,2457225.7462704,2015-07-22,20150722,SXD,1.2792138,1.2792137999999998e-06,234356804155802.6,,,,0.0012981629,0.00012059708,0,no,SpeX Spectrograph,ShortXD,merged_v346nor_sxd_20150722.txt,1.0
2457225.7462704,2457225.7462704,2015-07-22,20150722,SXD,1.2794287,1.2794287e-06,234317440276273.3,,,,0.0012367503,0.00012641089,0,no,SpeX Spectrograph,ShortXD,merged_v346nor_sxd_20150722.txt,1.0
2457225.7462704,2457225.7462704,2015-07-22,20150722,SXD,1.2796438,1.2796438e-06,234278053001936.94,,,,0.0012310782,0.00013971511,0,no,SpeX Spectrograph,ShortXD,merged_v346nor_sxd_20150722.txt,1.0
2457225.7462704,2457225.7462704,2015-07-22,20150722,SXD,1.2798588,1.2798587999999999e-06,234238697268792.5,,,,0.0010455395,0.00015576568,0,no,SpeX Spectrograph,ShortXD,merged_v346nor_sxd_20150722.txt,1.0
2457225.7462704,2457225.7462704,2015-07-22,20150722,SXD,1.2800738,1.2800738e-06,234199354755952.34,,,,0.00080633682,0.00016968884,0,no,SpeX Spectrograph,ShortXD,merged_v346nor_sxd_20150722.txt,1.0
2457225.7462704,2457225.7462704,2015-07-22,20150722,SXD,1.2802888,1.2802887999999999e-06,234160025456756.34,,,,0.00072081288,0.00018904582,0,no,SpeX Spectrograph,ShortXD,merged_v346nor_sxd_20150722.txt,1.0
2457225.7462704,2457225.7462704,2015-07-22,20150722,SXD,1.2805039,1.2805039e-06,234120691081065.8,,,,0.0010325132,0.00019544071,0,no,SpeX Spectrograph,ShortXD,merged_v346nor_sxd_20150722.txt,1.0
2457225.7462704,2457225.7462704,2015-07-22,20150722,SXD,1.2807188,1.2807188e-06,234081406472677.66,,,,0.0012085076,0.00018599689,0,no,SpeX Spectrograph,ShortXD,merged_v346nor_sxd_20150722.txt,1.0
2457225.7462704,2457225.7462704,2015-07-22,20150722,SXD,1.2809339,1.2809338999999998e-06,234042098503287.38,,,,0.0011844313,0.00016666838,0,no,SpeX Spectrograph,ShortXD,merged_v346nor_sxd_20150722.txt,1.0
2457225.7462704,2457225.7462704,2015-07-22,20150722,SXD,1.2811489,1.2811489e-06,234002821998286.06,,,,0.0011463722,0.00013901948,0,no,SpeX Spectrograph,ShortXD,merged_v346nor_sxd_20150722.txt,1.0
2457225.7462704,2457225.7462704,2015-07-22,20150722,SXD,1.2813638,1.2813638e-06,233963576932640.06,,,,0.00081896107,0.00010747517,0,no,SpeX Spectrograph,ShortXD,merged_v346nor_sxd_20150722.txt,1.0
2457225.7462704,2457225.7462704,2015-07-22,20150722,SXD,1.2815789,1.2815788999999998e-06,233924308522869.75,,,,0.0010115148,0.00010164334,0,no,SpeX Spectrograph,ShortXD,merged_v346nor_sxd_20150722.txt,1.0
2457225.7462704,2457225.7462704,2015-07-22,20150722,SXD,1.2817938,1.2817938e-06,233885089785892.25,,,,0.0010491105,0.00011173396,0,no,SpeX Spectrograph,ShortXD,merged_v346nor_sxd_20150722.txt,1.0
2457225.7462704,2457225.7462704,2015-07-22,20150722,SXD,1.2820089,1.2820088999999999e-06,233845847716033.8,,,,0.0011805092,0.00012510008,0,no,SpeX Spectrograph,ShortXD,merged_v346nor_sxd_20150722.txt,1.0
2457225.7462704,2457225.7462704,2015-07-22,20150722,SXD,1.2822238,1.2822238e-06,233806655281238.75,,,,0.00099302339,0.00013373171,0,no,SpeX Spectrograph,ShortXD,merged_v346nor_sxd_20150722.txt,1.0
2457225.7462704,2457225.7462704,2015-07-22,20150722,SXD,1.2824389,1.2824389e-06,233767439524799.2,,,,0.00092197728,0.00013245412,0,no,SpeX Spectrograph,ShortXD,merged_v346nor_sxd_20150722.txt,1.0
2457225.7462704,2457225.7462704,2015-07-22,20150722,SXD,1.2826538,1.2826538e-06,233728273365735.97,,,,0.0010341362,0.00013349952,0,no,SpeX Spectrograph,ShortXD,merged_v346nor_sxd_20150722.txt,1.0
2457225.7462704,2457225.7462704,2015-07-22,20150722,SXD,1.2828689,1.2828688999999999e-06,233689083896257.84,,,,0.0011543763,0.00012972782,0,no,SpeX Spectrograph,ShortXD,merged_v346nor_sxd_20150722.txt,1.0
2457225.7462704,2457225.7462704,2015-07-22,20150722,SXD,1.2830838,1.2830838e-06,233649943986511.25,,,,0.00080486457,0.00013402526,0,no,SpeX Spectrograph,ShortXD,merged_v346nor_sxd_20150722.txt,1.0
2457225.7462704,2457225.7462704,2015-07-22,20150722,SXD,1.2832989,1.2832988999999999e-06,233610780777572.56,,,,0.00087132497,0.00012169269,0,no,SpeX Spectrograph,ShortXD,merged_v346nor_sxd_20150722.txt,1.0
2457225.7462704,2457225.7462704,2015-07-22,20150722,SXD,1.2835138,1.2835138e-06,233571667090762.88,,,,0.00096481113,0.00012039798,0,no,SpeX Spectrograph,ShortXD,merged_v346nor_sxd_20150722.txt,1.0
2457225.7462704,2457225.7462704,2015-07-22,20150722,SXD,1.2837288,1.2837288e-06,233532548307711.1,,,,0.00079405797,0.00011647023,0,no,SpeX Spectrograph,ShortXD,merged_v346nor_sxd_20150722.txt,1.0
2457225.7462704,2457225.7462704,2015-07-22,20150722,SXD,1.2839438,1.2839438e-06,233493442625759.78,,,,0.0010236562,0.0001092575,0,no,SpeX Spectrograph,ShortXD,merged_v346nor_sxd_20150722.txt,1.0
2457225.7462704,2457225.7462704,2015-07-22,20150722,SXD,1.2841587,1.2841587e-06,233454368217884.6,,,,0.001029878,0.00011990443,0,no,SpeX Spectrograph,ShortXD,merged_v346nor_sxd_20150722.txt,1.0
2457225.7462704,2457225.7462704,2015-07-22,20150722,SXD,1.2843738,1.2843738e-06,233415270538841.6,,,,0.001013393,0.00012421866,0,no,SpeX Spectrograph,ShortXD,merged_v346nor_sxd_20150722.txt,1.0
2457225.7462704,2457225.7462704,2015-07-22,20150722,SXD,1.2845887,1.2845887e-06,233376222288114.47,,,,0.0011039152,0.00012733359,0,no,SpeX Spectrograph,ShortXD,merged_v346nor_sxd_20150722.txt,1.0
2457225.7462704,2457225.7462704,2015-07-22,20150722,SXD,1.2848036,1.2848035999999999e-06,233337187100036.16,,,,0.0011544391,0.00012541183,0,no,SpeX Spectrograph,ShortXD,merged_v346nor_sxd_20150722.txt,1.0
2457225.7462704,2457225.7462704,2015-07-22,20150722,SXD,1.2850187,1.2850186999999998e-06,233298128657583.0,,,,0.00086993427,0.00010910975,0,no,SpeX Spectrograph,ShortXD,merged_v346nor_sxd_20150722.txt,1.0
2457225.7462704,2457225.7462704,2015-07-22,20150722,SXD,1.2852336,1.2852336e-06,233259119587287.5,,,,0.00099463097,9.5857526e-05,0,no,SpeX Spectrograph,ShortXD,merged_v346nor_sxd_20150722.txt,1.0
2457225.7462704,2457225.7462704,2015-07-22,20150722,SXD,1.2854486,1.2854486e-06,233220105416894.94,,,,0.0011682012,9.4232077e-05,0,no,SpeX Spectrograph,ShortXD,merged_v346nor_sxd_20150722.txt,1.0
2457225.7462704,2457225.7462704,2015-07-22,20150722,SXD,1.2856635,1.2856635e-06,233181122432113.84,,,,0.0011432143,9.452986e-05,0,no,SpeX Spectrograph,ShortXD,merged_v346nor_sxd_20150722.txt,1.0
2457225.7462704,2457225.7462704,2015-07-22,20150722,SXD,1.2858785,1.2858784999999998e-06,233142134346285.47,,,,0.001244716,8.9922309e-05,0,no,SpeX Spectrograph,ShortXD,merged_v346nor_sxd_20150722.txt,1.0
2457225.7462704,2457225.7462704,2015-07-22,20150722,SXD,1.2860935,1.2860935e-06,233103159295961.0,,,,0.0010377833,0.00010402877,0,no,SpeX Spectrograph,ShortXD,merged_v346nor_sxd_20150722.txt,1.0
2457225.7462704,2457225.7462704,2015-07-22,20150722,SXD,1.2863084,1.2863084e-06,233064215393446.84,,,,0.0010850107,0.00012663747,0,no,SpeX Spectrograph,ShortXD,merged_v346nor_sxd_20150722.txt,1.0
2457225.7462704,2457225.7462704,2015-07-22,20150722,SXD,1.2865233,1.2865233e-06,233025284501260.12,,,,0.0011825163,0.00012056471,0,no,SpeX Spectrograph,ShortXD,merged_v346nor_sxd_20150722.txt,1.0
2457225.7462704,2457225.7462704,2015-07-22,20150722,SXD,1.2867383,1.2867383e-06,232986348506141.47,,,,0.0010322222,0.00012029579,0,no,SpeX Spectrograph,ShortXD,merged_v346nor_sxd_20150722.txt,1.0
2457225.7462704,2457225.7462704,2015-07-22,20150722,SXD,1.2869533,1.2869533e-06,232947425520413.22,,,,0.0012205825,0.00011722026,0,no,SpeX Spectrograph,ShortXD,merged_v346nor_sxd_20150722.txt,1.0
2457225.7462704,2457225.7462704,2015-07-22,20150722,SXD,1.2871683,1.2871683e-06,232908515537556.38,,,,0.0010164949,0.00010280627,0,no,SpeX Spectrograph,ShortXD,merged_v346nor_sxd_20150722.txt,1.0
2457225.7462704,2457225.7462704,2015-07-22,20150722,SXD,1.2873832,1.2873832e-06,232869636639657.88,,,,0.0014052477,9.2308044e-05,0,no,SpeX Spectrograph,ShortXD,merged_v346nor_sxd_20150722.txt,1.0
2457225.7462704,2457225.7462704,2015-07-22,20150722,SXD,1.2875981,1.2875981e-06,232830770719528.1,,,,0.001051159,8.9929563e-05,0,no,SpeX Spectrograph,ShortXD,merged_v346nor_sxd_20150722.txt,1.0
2457225.7462704,2457225.7462704,2015-07-22,20150722,SXD,1.2878131,1.2878130999999999e-06,232791899694140.44,,,,0.00097495259,9.1898248e-05,0,no,SpeX Spectrograph,ShortXD,merged_v346nor_sxd_20150722.txt,1.0
2457225.7462704,2457225.7462704,2015-07-22,20150722,SXD,1.288028,1.288028e-06,232753059716093.16,,,,0.0011477305,9.2972157e-05,0,no,SpeX Spectrograph,ShortXD,merged_v346nor_sxd_20150722.txt,1.0
2457225.7462704,2457225.7462704,2015-07-22,20150722,SXD,1.2882429,1.2882429e-06,232714232696333.9,,,,0.0010393845,9.9948877e-05,0,no,SpeX Spectrograph,ShortXD,merged_v346nor_sxd_20150722.txt,1.0
2457225.7462704,2457225.7462704,2015-07-22,20150722,SXD,1.2884579,1.2884579e-06,232675400569937.12,,,,0.0010040551,0.00011065509,0,no,SpeX Spectrograph,ShortXD,merged_v346nor_sxd_20150722.txt,1.0
2457225.7462704,2457225.7462704,2015-07-22,20150722,SXD,1.2886728,1.2886728e-06,232636599453329.03,,,,0.0014030661,0.00011181664,0,no,SpeX Spectrograph,ShortXD,merged_v346nor_sxd_20150722.txt,1.0
2457225.7462704,2457225.7462704,2015-07-22,20150722,SXD,1.2888877,1.2888877000000001e-06,232597811275567.28,,,,0.0010659843,0.00011288537,0,no,SpeX Spectrograph,ShortXD,merged_v346nor_sxd_20150722.txt,1.0
2457225.7462704,2457225.7462704,2015-07-22,20150722,SXD,1.2891027,1.2891027e-06,232559017989800.22,,,,0.0011559878,0.00011145704,0,no,SpeX Spectrograph,ShortXD,merged_v346nor_sxd_20150722.txt,1.0
2457225.7462704,2457225.7462704,2015-07-22,20150722,SXD,1.2893176,1.2893176e-06,232520255676336.06,,,,0.0010974811,0.00010290937,0,no,SpeX Spectrograph,ShortXD,merged_v346nor_sxd_20150722.txt,1.0
2457225.7462704,2457225.7462704,2015-07-22,20150722,SXD,1.2895325,1.2895324999999998e-06,232481506282315.53,,,,0.00099956954,9.9859171e-05,0,no,SpeX Spectrograph,ShortXD,merged_v346nor_sxd_20150722.txt,1.0
2457225.7462704,2457225.7462704,2015-07-22,20150722,SXD,1.2897475,1.2897475e-06,232442751778933.47,,,,0.00095392071,0.00010726074,0,no,SpeX Spectrograph,ShortXD,merged_v346nor_sxd_20150722.txt,1.0
2457225.7462704,2457225.7462704,2015-07-22,20150722,SXD,1.2899624,1.2899624e-06,232404028210434.7,,,,0.0012272605,0.00014902836,0,no,SpeX Spectrograph,ShortXD,merged_v346nor_sxd_20150722.txt,1.0
2457225.7462704,2457225.7462704,2015-07-22,20150722,SXD,1.2901773,1.2901773e-06,232365317542015.34,,,,0.00073608663,0.00020517458,0,no,SpeX Spectrograph,ShortXD,merged_v346nor_sxd_20150722.txt,1.0
2457225.7462704,2457225.7462704,2015-07-22,20150722,SXD,1.2903923,1.2903923e-06,232326601762890.25,,,,0.0010559997,0.00022640883,0,no,SpeX Spectrograph,ShortXD,merged_v346nor_sxd_20150722.txt,1.0
2457225.7462704,2457225.7462704,2015-07-22,20150722,SXD,1.2906072,1.2906071999999998e-06,232287916881294.34,,,,0.00094936648,0.00021797564,0,no,SpeX Spectrograph,ShortXD,merged_v346nor_sxd_20150722.txt,1.0
2457225.7462704,2457225.7462704,2015-07-22,20150722,SXD,1.2908221,1.2908221e-06,232249244880452.56,,,,0.00072707073,0.00020675785,0,no,SpeX Spectrograph,ShortXD,merged_v346nor_sxd_20150722.txt,1.0
2457225.7462704,2457225.7462704,2015-07-22,20150722,SXD,1.2910371,1.2910371e-06,232210567767572.3,,,,0.00096370676,0.00016834623,0,no,SpeX Spectrograph,ShortXD,merged_v346nor_sxd_20150722.txt,1.0
2457225.7462704,2457225.7462704,2015-07-22,20150722,SXD,1.2912519,1.2912519e-06,232171939495306.84,,,,0.0009737963,0.00011689247,0,no,SpeX Spectrograph,ShortXD,merged_v346nor_sxd_20150722.txt,1.0
2457225.7462704,2457225.7462704,2015-07-22,20150722,SXD,1.2914668,1.2914667999999999e-06,232133306098151.38,,,,0.0010718412,0.00011817685,0,no,SpeX Spectrograph,ShortXD,merged_v346nor_sxd_20150722.txt,1.0
2457225.7462704,2457225.7462704,2015-07-22,20150722,SXD,1.2916818,1.2916818000000001e-06,232094667587636.5,,,,0.0010413127,0.00014472636,0,no,SpeX Spectrograph,ShortXD,merged_v346nor_sxd_20150722.txt,1.0
2457225.7462704,2457225.7462704,2015-07-22,20150722,SXD,1.2918967,1.2918966999999997e-06,232056059900145.3,,,,0.0012582985,0.00015666131,0,no,SpeX Spectrograph,ShortXD,merged_v346nor_sxd_20150722.txt,1.0
2457225.7462704,2457225.7462704,2015-07-22,20150722,SXD,1.2921116,1.2921115999999998e-06,232017465054876.1,,,,0.0010746758,0.00015431861,0,no,SpeX Spectrograph,ShortXD,merged_v346nor_sxd_20150722.txt,1.0
2457225.7462704,2457225.7462704,2015-07-22,20150722,SXD,1.2923265,1.2923264999999999e-06,231978883045422.38,,,,0.0012347506,0.00014865294,0,no,SpeX Spectrograph,ShortXD,merged_v346nor_sxd_20150722.txt,1.0
2457225.7462704,2457225.7462704,2015-07-22,20150722,SXD,1.2925414,1.2925414e-06,231940313865381.8,,,,0.00096194516,0.00012856547,0,no,SpeX Spectrograph,ShortXD,merged_v346nor_sxd_20150722.txt,1.0
2457225.7462704,2457225.7462704,2015-07-22,20150722,SXD,1.2927563,1.2927563e-06,231901757508356.38,,,,0.001347345,0.00010426543,0,no,SpeX Spectrograph,ShortXD,merged_v346nor_sxd_20150722.txt,1.0
2457225.7462704,2457225.7462704,2015-07-22,20150722,SXD,1.2929711,1.2929711e-06,231863231900542.88,,,,0.0012150682,9.7065502e-05,0,no,SpeX Spectrograph,ShortXD,merged_v346nor_sxd_20150722.txt,1.0
2457225.7462704,2457225.7462704,2015-07-22,20150722,SXD,1.2931861,1.2931861e-06,231824683237779.94,,,,0.0011718351,9.9312776e-05,0,no,SpeX Spectrograph,ShortXD,merged_v346nor_sxd_20150722.txt,1.0
2457225.7462704,2457225.7462704,2015-07-22,20150722,SXD,1.293401,1.293401e-06,231786165311454.06,,,,0.001164978,9.8194643e-05,0,no,SpeX Spectrograph,ShortXD,merged_v346nor_sxd_20150722.txt,1.0
2457225.7462704,2457225.7462704,2015-07-22,20150722,SXD,1.2936159,1.2936159e-06,231747660182593.6,,,,0.0012458948,0.00010309474,0,no,SpeX Spectrograph,ShortXD,merged_v346nor_sxd_20150722.txt,1.0
2457225.7462704,2457225.7462704,2015-07-22,20150722,SXD,1.2938308,1.2938308e-06,231709167844821.75,,,,0.0014864819,0.00010429453,0,no,SpeX Spectrograph,ShortXD,merged_v346nor_sxd_20150722.txt,1.0
2457225.7462704,2457225.7462704,2015-07-22,20150722,SXD,1.2940457,1.2940457e-06,231670688291765.9,,,,0.0012082136,0.00011437298,0,no,SpeX Spectrograph,ShortXD,merged_v346nor_sxd_20150722.txt,1.0
2457225.7462704,2457225.7462704,2015-07-22,20150722,SXD,1.2942605,1.2942605e-06,231632239413935.62,,,,0.0015052144,0.00011252968,0,no,SpeX Spectrograph,ShortXD,merged_v346nor_sxd_20150722.txt,1.0
2457225.7462704,2457225.7462704,2015-07-22,20150722,SXD,1.2944754,1.2944754e-06,231593785405269.2,,,,0.0015271249,0.00011417481,0,no,SpeX Spectrograph,ShortXD,merged_v346nor_sxd_20150722.txt,1.0
2457225.7462704,2457225.7462704,2015-07-22,20150722,SXD,1.2946904,1.2946903999999998e-06,231555326277232.03,,,,0.0014425949,0.00011483602,0,no,SpeX Spectrograph,ShortXD,merged_v346nor_sxd_20150722.txt,1.0
2457225.7462704,2457225.7462704,2015-07-22,20150722,SXD,1.2949052,1.2949052e-06,231516915678460.47,,,,0.0010481859,9.6156713e-05,0,no,SpeX Spectrograph,ShortXD,merged_v346nor_sxd_20150722.txt,1.0
2457225.7462704,2457225.7462704,2015-07-22,20150722,SXD,1.2951201,1.2951201e-06,231478499947611.03,,,,0.0012172943,9.3166287e-05,0,no,SpeX Spectrograph,ShortXD,merged_v346nor_sxd_20150722.txt,1.0
2457225.7462704,2457225.7462704,2015-07-22,20150722,SXD,1.2953349,1.2953349e-06,231440114830535.3,,,,0.001106925,9.417993e-05,0,no,SpeX Spectrograph,ShortXD,merged_v346nor_sxd_20150722.txt,1.0
2457225.7462704,2457225.7462704,2015-07-22,20150722,SXD,1.2955499,1.2955498999999999e-06,231401706719285.78,,,,0.0011904321,9.2449241e-05,0,no,SpeX Spectrograph,ShortXD,merged_v346nor_sxd_20150722.txt,1.0
2457225.7462704,2457225.7462704,2015-07-22,20150722,SXD,1.2957647,1.2957647e-06,231363347064478.6,,,,0.0010648639,9.4481511e-05,0,no,SpeX Spectrograph,ShortXD,merged_v346nor_sxd_20150722.txt,1.0
2457225.7462704,2457225.7462704,2015-07-22,20150722,SXD,1.2959796,1.2959795999999999e-06,231324982275955.6,,,,0.0010770614,9.0084766e-05,0,no,SpeX Spectrograph,ShortXD,merged_v346nor_sxd_20150722.txt,1.0
2457225.7462704,2457225.7462704,2015-07-22,20150722,SXD,1.2961944,1.2961944e-06,231286648052174.9,,,,0.0011620016,9.1702597e-05,0,no,SpeX Spectrograph,ShortXD,merged_v346nor_sxd_20150722.txt,1.0
2457225.7462704,2457225.7462704,2015-07-22,20150722,SXD,1.2964094,1.2964093999999998e-06,231248290856268.12,,,,0.001062604,9.1390961e-05,0,no,SpeX Spectrograph,ShortXD,merged_v346nor_sxd_20150722.txt,1.0
2457225.7462704,2457225.7462704,2015-07-22,20150722,SXD,1.2966242,1.2966242e-06,231209982044142.03,,,,0.0011963149,9.4001698e-05,0,no,SpeX Spectrograph,ShortXD,merged_v346nor_sxd_20150722.txt,1.0
2457225.7462704,2457225.7462704,2015-07-22,20150722,SXD,1.2968391,1.2968390999999998e-06,231171668096682.2,,,,0.0011054548,9.9189288e-05,0,no,SpeX Spectrograph,ShortXD,merged_v346nor_sxd_20150722.txt,1.0
2457225.7462704,2457225.7462704,2015-07-22,20150722,SXD,1.2970539,1.2970539e-06,231133384665047.44,,,,0.0011171073,0.00010083388,0,no,SpeX Spectrograph,ShortXD,merged_v346nor_sxd_20150722.txt,1.0
2457225.7462704,2457225.7462704,2015-07-22,20150722,SXD,1.2972687,1.2972687e-06,231095113911250.62,,,,0.0013465438,0.00010325993,0,no,SpeX Spectrograph,ShortXD,merged_v346nor_sxd_20150722.txt,1.0
2457225.7462704,2457225.7462704,2015-07-22,20150722,SXD,1.2974837,1.2974836999999998e-06,231056820212847.4,,,,0.0014082716,0.00010675397,0,no,SpeX Spectrograph,ShortXD,merged_v346nor_sxd_20150722.txt,1.0
2457225.7462704,2457225.7462704,2015-07-22,20150722,SXD,1.2976985,1.2976985e-06,231018574807630.6,,,,0.0011649542,9.695808e-05,0,no,SpeX Spectrograph,ShortXD,merged_v346nor_sxd_20150722.txt,1.0
2457225.7462704,2457225.7462704,2015-07-22,20150722,SXD,1.2979134,1.2979134e-06,230980324265085.78,,,,0.0013720638,0.0001022676,0,no,SpeX Spectrograph,ShortXD,merged_v346nor_sxd_20150722.txt,1.0
2457225.7462704,2457225.7462704,2015-07-22,20150722,SXD,1.2981282,1.2981282e-06,230942104177384.03,,,,0.0013412362,0.00012356511,0,no,SpeX Spectrograph,ShortXD,merged_v346nor_sxd_20150722.txt,1.0
2457225.7462704,2457225.7462704,2015-07-22,20150722,SXD,1.2983431,1.2983431e-06,230903878951565.28,,,,0.0013779288,0.00012684666,0,no,SpeX Spectrograph,ShortXD,merged_v346nor_sxd_20150722.txt,1.0
2457225.7462704,2457225.7462704,2015-07-22,20150722,SXD,1.298558,1.298558e-06,230865666377628.1,,,,0.0011217385,0.0001252949,0,no,SpeX Spectrograph,ShortXD,merged_v346nor_sxd_20150722.txt,1.0
2457225.7462704,2457225.7462704,2015-07-22,20150722,SXD,1.2987728,1.2987728e-06,230827484222028.7,,,,0.0014911855,0.00012342278,0,no,SpeX Spectrograph,ShortXD,merged_v346nor_sxd_20150722.txt,1.0
2457225.7462704,2457225.7462704,2015-07-22,20150722,SXD,1.2989876,1.2989875999999999e-06,230789314693997.1,,,,0.0012315389,0.00011266092,0,no,SpeX Spectrograph,ShortXD,merged_v346nor_sxd_20150722.txt,1.0
2457225.7462704,2457225.7462704,2015-07-22,20150722,SXD,1.2992024,1.2992024e-06,230751157787270.1,,,,0.0012740836,0.00010051914,0,no,SpeX Spectrograph,ShortXD,merged_v346nor_sxd_20150722.txt,1.0
2457225.7462704,2457225.7462704,2015-07-22,20150722,SXD,1.2994174,1.2994174e-06,230712977985364.8,,,,0.001364946,9.3400515e-05,0,no,SpeX Spectrograph,ShortXD,merged_v346nor_sxd_20150722.txt,1.0
2457225.7462704,2457225.7462704,2015-07-22,20150722,SXD,1.2996322,1.2996322e-06,230674846314211.06,,,,0.001302278,9.5614967e-05,0,no,SpeX Spectrograph,ShortXD,merged_v346nor_sxd_20150722.txt,1.0
2457225.7462704,2457225.7462704,2015-07-22,20150722,SXD,1.299847,1.2998469999999998e-06,230636727245591.25,,,,0.001400092,9.5159063e-05,0,no,SpeX Spectrograph,ShortXD,merged_v346nor_sxd_20150722.txt,1.0
2457225.7462704,2457225.7462704,2015-07-22,20150722,SXD,1.4002509,1.4002509e-06,214099100382652.88,,,,0.00012240524,0.00073342974,0,no,SpeX Spectrograph,ShortXD,merged_v346nor_sxd_20150722.txt,1.0
2457225.7462704,2457225.7462704,2015-07-22,20150722,SXD,1.4004653,1.4004652999999999e-06,214066323528330.22,,,,0.00062743685,0.0031118107,0,no,SpeX Spectrograph,ShortXD,merged_v346nor_sxd_20150722.txt,1.0
2457225.7462704,2457225.7462704,2015-07-22,20150722,SXD,1.4006796,1.4006795999999999e-06,214033571988911.7,,,,0.0030403621,0.0045186933,0,no,SpeX Spectrograph,ShortXD,merged_v346nor_sxd_20150722.txt,1.0
2457225.7462704,2457225.7462704,2015-07-22,20150722,SXD,1.4011083,1.4011082999999998e-06,213968083694886.4,,,,0.0049894662,0.0047520334,0,no,SpeX Spectrograph,ShortXD,merged_v346nor_sxd_20150722.txt,1.0
2457225.7462704,2457225.7462704,2015-07-22,20150722,SXD,1.4013226,1.4013226e-06,213935362207103.47,,,,0.0016588791,0.0022237187,0,no,SpeX Spectrograph,ShortXD,merged_v346nor_sxd_20150722.txt,1.0
2457225.7462704,2457225.7462704,2015-07-22,20150722,SXD,1.4019656,1.4019656e-06,213837242511513.84,,,,1.2199857e-05,0.0001299226,0,no,SpeX Spectrograph,ShortXD,merged_v346nor_sxd_20150722.txt,1.0
2457225.7462704,2457225.7462704,2015-07-22,20150722,SXD,1.40218,1.40218e-06,213804545778716.0,,,,0.00015860859,9.3310933e-05,0,no,SpeX Spectrograph,ShortXD,merged_v346nor_sxd_20150722.txt,1.0
2457225.7462704,2457225.7462704,2015-07-22,20150722,SXD,1.4023943,1.4023943e-06,213771874286710.94,,,,0.00021153015,0.00010111295,0,no,SpeX Spectrograph,ShortXD,merged_v346nor_sxd_20150722.txt,1.0
2457225.7462704,2457225.7462704,2015-07-22,20150722,SXD,1.4026086,1.4026086e-06,213739212778247.62,,,,0.00018383603,0.00012490337,0,no,SpeX Spectrograph,ShortXD,merged_v346nor_sxd_20150722.txt,1.0
2457225.7462704,2457225.7462704,2015-07-22,20150722,SXD,1.402823,1.402823e-06,213706546014714.62,,,,0.00023690348,0.00012865014,0,no,SpeX Spectrograph,ShortXD,merged_v346nor_sxd_20150722.txt,1.0
2457225.7462704,2457225.7462704,2015-07-22,20150722,SXD,1.4032516,1.4032516e-06,213641272883636.84,,,,0.00012863959,7.6896467e-05,0,no,SpeX Spectrograph,ShortXD,merged_v346nor_sxd_20150722.txt,1.0
2457225.7462704,2457225.7462704,2015-07-22,20150722,SXD,1.403466,1.4034660000000001e-06,213608636048183.56,,,,5.4925436e-05,4.9743234e-05,0,no,SpeX Spectrograph,ShortXD,merged_v346nor_sxd_20150722.txt,1.0
2457225.7462704,2457225.7462704,2015-07-22,20150722,SXD,1.4038947,1.4038946999999999e-06,213543407493453.78,,,,2.2395259e-06,4.6468343e-05,0,no,SpeX Spectrograph,ShortXD,merged_v346nor_sxd_20150722.txt,1.0
2457225.7462704,2457225.7462704,2015-07-22,20150722,SXD,1.4049664,1.4049664e-06,213380517854377.16,,,,0.0026610007,0.0018534289,0,no,SpeX Spectrograph,ShortXD,merged_v346nor_sxd_20150722.txt,1.0
2457225.7462704,2457225.7462704,2015-07-22,20150722,SXD,1.4051807,1.4051807e-06,213347975815494.75,,,,0.0002857614,0.00078516663,0,no,SpeX Spectrograph,ShortXD,merged_v346nor_sxd_20150722.txt,1.0
2457225.7462704,2457225.7462704,2015-07-22,20150722,SXD,1.405395,1.4053949999999998e-06,213315443700881.28,,,,9.7508018e-05,0.00037861275,0,no,SpeX Spectrograph,ShortXD,merged_v346nor_sxd_20150722.txt,1.0
2457225.7462704,2457225.7462704,2015-07-22,20150722,SXD,1.4068953,1.4068953e-06,213087966105224.75,,,,0.00038421582,0.00041542549,0,no,SpeX Spectrograph,ShortXD,merged_v346nor_sxd_20150722.txt,1.0
2457225.7462704,2457225.7462704,2015-07-22,20150722,SXD,1.4075383,1.4075382999999999e-06,212990621995863.28,,,,0.00011183987,0.00022333658,0,no,SpeX Spectrograph,ShortXD,merged_v346nor_sxd_20150722.txt,1.0
2457225.7462704,2457225.7462704,2015-07-22,20150722,SXD,1.4077526,1.4077525999999999e-06,212958198763049.72,,,,0.00047253753,0.00025117921,0,no,SpeX Spectrograph,ShortXD,merged_v346nor_sxd_20150722.txt,1.0
2457225.7462704,2457225.7462704,2015-07-22,20150722,SXD,1.407967,1.4079669999999998e-06,212925770277286.34,,,,0.00081878639,0.00031116325,0,no,SpeX Spectrograph,ShortXD,merged_v346nor_sxd_20150722.txt,1.0
2457225.7462704,2457225.7462704,2015-07-22,20150722,SXD,1.4081813,1.4081813e-06,212893366784518.44,,,,7.8121891e-05,0.00039697278,0,no,SpeX Spectrograph,ShortXD,merged_v346nor_sxd_20150722.txt,1.0
2457225.7462704,2457225.7462704,2015-07-22,20150722,SXD,1.4083956,1.4083955999999999e-06,212860973152713.66,,,,0.0017439221,0.0005292673,0,no,SpeX Spectrograph,ShortXD,merged_v346nor_sxd_20150722.txt,1.0
2457225.7462704,2457225.7462704,2015-07-22,20150722,SXD,1.4088243,1.4088243e-06,212796200349468.7,,,,0.0010609523,0.0012364839,0,no,SpeX Spectrograph,ShortXD,merged_v346nor_sxd_20150722.txt,1.0
2457225.7462704,2457225.7462704,2015-07-22,20150722,SXD,1.4090387,1.4090387e-06,212763821178225.97,,,,0.0039133742,0.0022411158,0,no,SpeX Spectrograph,ShortXD,merged_v346nor_sxd_20150722.txt,1.0
2457225.7462704,2457225.7462704,2015-07-22,20150722,SXD,1.409253,1.409253e-06,212731466954478.72,,,,0.0046025296,0.0044522067,0,no,SpeX Spectrograph,ShortXD,merged_v346nor_sxd_20150722.txt,1.0
2457225.7462704,2457225.7462704,2015-07-22,20150722,SXD,1.4094673,1.4094673e-06,212699122569214.62,,,,0.0041065169,0.0062022684,0,no,SpeX Spectrograph,ShortXD,merged_v346nor_sxd_20150722.txt,1.0
2457225.7462704,2457225.7462704,2015-07-22,20150722,SXD,1.4096817,1.4096817e-06,212666772931790.22,,,,0.0018470126,0.0031892383,0,no,SpeX Spectrograph,ShortXD,merged_v346nor_sxd_20150722.txt,1.0
2457225.7462704,2457225.7462704,2015-07-22,20150722,SXD,1.409896,1.409896e-06,212634448214620.1,,,,0.0032357576,0.0018239955,0,no,SpeX Spectrograph,ShortXD,merged_v346nor_sxd_20150722.txt,1.0
2457225.7462704,2457225.7462704,2015-07-22,20150722,SXD,1.4105389,1.4105389e-06,212537532995367.94,,,,0.0029741235,0.00081091089,0,no,SpeX Spectrograph,ShortXD,merged_v346nor_sxd_20150722.txt,1.0
2457225.7462704,2457225.7462704,2015-07-22,20150722,SXD,1.4107533,1.4107533000000001e-06,212505232488203.28,,,,0.0019895886,0.00083970383,0,no,SpeX Spectrograph,ShortXD,merged_v346nor_sxd_20150722.txt,1.0
2457225.7462704,2457225.7462704,2015-07-22,20150722,SXD,1.4109676,1.4109676e-06,212472956855990.2,,,,0.0024926281,0.00083611521,0,no,SpeX Spectrograph,ShortXD,merged_v346nor_sxd_20150722.txt,1.0
2457225.7462704,2457225.7462704,2015-07-22,20150722,SXD,1.4111819,1.4111819000000001e-06,212440691026436.75,,,,0.00023854958,0.00082959054,0,no,SpeX Spectrograph,ShortXD,merged_v346nor_sxd_20150722.txt,1.0
2457225.7462704,2457225.7462704,2015-07-22,20150722,SXD,1.4113963,1.4113963e-06,212408419945553.2,,,,0.0013279319,0.00073250051,0,no,SpeX Spectrograph,ShortXD,merged_v346nor_sxd_20150722.txt,1.0
2457225.7462704,2457225.7462704,2015-07-22,20150722,SXD,1.4116106,1.4116105999999999e-06,212376173712495.53,,,,0.00072695274,0.0007010891,0,no,SpeX Spectrograph,ShortXD,merged_v346nor_sxd_20150722.txt,1.0
2457225.7462704,2457225.7462704,2015-07-22,20150722,SXD,1.4118249,1.4118248999999999e-06,212343937268708.06,,,,0.00053387275,0.00067177991,0,no,SpeX Spectrograph,ShortXD,merged_v346nor_sxd_20150722.txt,1.0
2457225.7462704,2457225.7462704,2015-07-22,20150722,SXD,1.4120393,1.4120393e-06,212311695573912.12,,,,0.0017656226,0.0003240947,0,no,SpeX Spectrograph,ShortXD,merged_v346nor_sxd_20150722.txt,1.0
2457225.7462704,2457225.7462704,2015-07-22,20150722,SXD,1.4122536,1.4122536e-06,212279478699859.56,,,,0.0014088392,0.00031948634,0,no,SpeX Spectrograph,ShortXD,merged_v346nor_sxd_20150722.txt,1.0
2457225.7462704,2457225.7462704,2015-07-22,20150722,SXD,1.4124678,1.4124678e-06,212247286628410.22,,,,0.0022732373,0.00030321445,0,no,SpeX Spectrograph,ShortXD,merged_v346nor_sxd_20150722.txt,1.0
2457225.7462704,2457225.7462704,2015-07-22,20150722,SXD,1.4126822,1.4126822e-06,212215074275020.94,,,,0.0021671189,0.00028839568,0,no,SpeX Spectrograph,ShortXD,merged_v346nor_sxd_20150722.txt,1.0
2457225.7462704,2457225.7462704,2015-07-22,20150722,SXD,1.4128965,1.4128964999999999e-06,212182886715339.75,,,,0.0020249027,0.00026948343,0,no,SpeX Spectrograph,ShortXD,merged_v346nor_sxd_20150722.txt,1.0
2457225.7462704,2457225.7462704,2015-07-22,20150722,SXD,1.4131109,1.4131108999999998e-06,212150693905198.84,,,,0.0017037005,0.00025577965,0,no,SpeX Spectrograph,ShortXD,merged_v346nor_sxd_20150722.txt,1.0
2457225.7462704,2457225.7462704,2015-07-22,20150722,SXD,1.4133252,1.4133252e-06,212118525870762.1,,,,0.0013332687,0.00027783753,0,no,SpeX Spectrograph,ShortXD,merged_v346nor_sxd_20150722.txt,1.0
2457225.7462704,2457225.7462704,2015-07-22,20150722,SXD,1.4135395,1.4135394999999998e-06,212086367590010.78,,,,0.001580219,0.00036909859,0,no,SpeX Spectrograph,ShortXD,merged_v346nor_sxd_20150722.txt,1.0
2457225.7462704,2457225.7462704,2015-07-22,20150722,SXD,1.4137539,1.4137538999999998e-06,212054204059136.5,,,,0.0019694201,0.00046484961,0,no,SpeX Spectrograph,ShortXD,merged_v346nor_sxd_20150722.txt,1.0
2457225.7462704,2457225.7462704,2015-07-22,20150722,SXD,1.4139682,1.4139682e-06,212022065276998.44,,,,0.0020720765,0.00054291054,0,no,SpeX Spectrograph,ShortXD,merged_v346nor_sxd_20150722.txt,1.0
2457225.7462704,2457225.7462704,2015-07-22,20150722,SXD,1.4141825,1.4141824999999998e-06,211989936235245.47,,,,0.0016125255,0.00065988349,0,no,SpeX Spectrograph,ShortXD,merged_v346nor_sxd_20150722.txt,1.0
2457225.7462704,2457225.7462704,2015-07-22,20150722,SXD,1.4143968,1.4143968e-06,211957816929450.06,,,,0.0020778424,0.00093412859,0,no,SpeX Spectrograph,ShortXD,merged_v346nor_sxd_20150722.txt,1.0
2457225.7462704,2457225.7462704,2015-07-22,20150722,SXD,1.4146111,1.4146110999999998e-06,211925707355187.62,,,,0.00059487793,0.0012884968,0,no,SpeX Spectrograph,ShortXD,merged_v346nor_sxd_20150722.txt,1.0
2457225.7462704,2457225.7462704,2015-07-22,20150722,SXD,1.4148254,1.4148254e-06,211893607508035.97,,,,0.0015426665,0.001333439,0,no,SpeX Spectrograph,ShortXD,merged_v346nor_sxd_20150722.txt,1.0
2457225.7462704,2457225.7462704,2015-07-22,20150722,SXD,1.4150398,1.4150398e-06,211861502411451.62,,,,0.0016271622,0.0011669833,0,no,SpeX Spectrograph,ShortXD,merged_v346nor_sxd_20150722.txt,1.0
2457225.7462704,2457225.7462704,2015-07-22,20150722,SXD,1.4152541,1.4152541e-06,211829422009800.22,,,,0.0015402399,0.00084005366,0,no,SpeX Spectrograph,ShortXD,merged_v346nor_sxd_20150722.txt,1.0
2457225.7462704,2457225.7462704,2015-07-22,20150722,SXD,1.4154685,1.4154685e-06,211797336358951.12,,,,0.0017930586,0.00057021104,0,no,SpeX Spectrograph,ShortXD,merged_v346nor_sxd_20150722.txt,1.0
2457225.7462704,2457225.7462704,2015-07-22,20150722,SXD,1.4156828,1.4156828e-06,211765275385135.72,,,,0.0019942694,0.00044947161,0,no,SpeX Spectrograph,ShortXD,merged_v346nor_sxd_20150722.txt,1.0
2457225.7462704,2457225.7462704,2015-07-22,20150722,SXD,1.4158971,1.4158971e-06,211733224116357.06,,,,0.0018757901,0.000395084,0,no,SpeX Spectrograph,ShortXD,merged_v346nor_sxd_20150722.txt,1.0
2457225.7462704,2457225.7462704,2015-07-22,20150722,SXD,1.4161114,1.4161114e-06,211701182548209.12,,,,0.0014078094,0.00021225831,0,no,SpeX Spectrograph,ShortXD,merged_v346nor_sxd_20150722.txt,1.0
2457225.7462704,2457225.7462704,2015-07-22,20150722,SXD,1.4163257,1.4163257e-06,211669150676288.66,,,,0.0016744953,0.00026782879,0,no,SpeX Spectrograph,ShortXD,merged_v346nor_sxd_20150722.txt,1.0
2457225.7462704,2457225.7462704,2015-07-22,20150722,SXD,1.41654,1.41654e-06,211637128496194.97,,,,0.0013980001,0.00026723847,0,no,SpeX Spectrograph,ShortXD,merged_v346nor_sxd_20150722.txt,1.0
2457225.7462704,2457225.7462704,2015-07-22,20150722,SXD,1.4167544,1.4167544000000001e-06,211605101067623.28,,,,0.0013484198,0.00028048587,0,no,SpeX Spectrograph,ShortXD,merged_v346nor_sxd_20150722.txt,1.0
2457225.7462704,2457225.7462704,2015-07-22,20150722,SXD,1.4169687,1.4169687e-06,211573098262509.28,,,,0.0014436319,0.0002664538,0,no,SpeX Spectrograph,ShortXD,merged_v346nor_sxd_20150722.txt,1.0
2457225.7462704,2457225.7462704,2015-07-22,20150722,SXD,1.417183,1.417183e-06,211541105136033.97,,,,0.0015922523,0.00023794177,0,no,SpeX Spectrograph,ShortXD,merged_v346nor_sxd_20150722.txt,1.0
2457225.7462704,2457225.7462704,2015-07-22,20150722,SXD,1.4173974,1.4173974e-06,211509106761448.8,,,,0.0014034742,0.00025602651,0,no,SpeX Spectrograph,ShortXD,merged_v346nor_sxd_20150722.txt,1.0
2457225.7462704,2457225.7462704,2015-07-22,20150722,SXD,1.4176117,1.4176116999999999e-06,211477132983594.9,,,,0.0011178787,0.00029374936,0,no,SpeX Spectrograph,ShortXD,merged_v346nor_sxd_20150722.txt,1.0
2457225.7462704,2457225.7462704,2015-07-22,20150722,SXD,1.4178259,1.4178259e-06,211445183784553.53,,,,0.0014974189,0.00033372646,0,no,SpeX Spectrograph,ShortXD,merged_v346nor_sxd_20150722.txt,1.0
2457225.7462704,2457225.7462704,2015-07-22,20150722,SXD,1.4180403,1.4180402999999999e-06,211413214419928.72,,,,0.0016439961,0.00033624668,0,no,SpeX Spectrograph,ShortXD,merged_v346nor_sxd_20150722.txt,1.0
2457225.7462704,2457225.7462704,2015-07-22,20150722,SXD,1.4182546,1.4182545999999999e-06,211381269625355.0,,,,0.00169967,0.00034089651,0,no,SpeX Spectrograph,ShortXD,merged_v346nor_sxd_20150722.txt,1.0
2457225.7462704,2457225.7462704,2015-07-22,20150722,SXD,1.418469,1.4184689999999998e-06,211349319583297.22,,,,0.001135172,0.00037349254,0,no,SpeX Spectrograph,ShortXD,merged_v346nor_sxd_20150722.txt,1.0
2457225.7462704,2457225.7462704,2015-07-22,20150722,SXD,1.4186833,1.4186833e-06,211317394093523.2,,,,0.00090219476,0.0005055237,0,no,SpeX Spectrograph,ShortXD,merged_v346nor_sxd_20150722.txt,1.0
2457225.7462704,2457225.7462704,2015-07-22,20150722,SXD,1.4188976,1.4188975999999999e-06,211285478247337.97,,,,0.00052184321,0.00062916201,0,no,SpeX Spectrograph,ShortXD,merged_v346nor_sxd_20150722.txt,1.0
2457225.7462704,2457225.7462704,2015-07-22,20150722,SXD,1.419112,1.4191119999999998e-06,211253557154051.28,,,,0.00036733315,0.00080364896,0,no,SpeX Spectrograph,ShortXD,merged_v346nor_sxd_20150722.txt,1.0
2457225.7462704,2457225.7462704,2015-07-22,20150722,SXD,1.4193262,1.4193261999999999e-06,211221675468260.94,,,,0.0010773659,0.0010224044,0,no,SpeX Spectrograph,ShortXD,merged_v346nor_sxd_20150722.txt,1.0
2457225.7462704,2457225.7462704,2015-07-22,20150722,SXD,1.4195405,1.4195405e-06,211189788526639.4,,,,0.0026894952,0.00099568174,0,no,SpeX Spectrograph,ShortXD,merged_v346nor_sxd_20150722.txt,1.0
2457225.7462704,2457225.7462704,2015-07-22,20150722,SXD,1.4197549,1.4197549e-06,211157896338304.6,,,,0.0021183796,0.00074563525,0,no,SpeX Spectrograph,ShortXD,merged_v346nor_sxd_20150722.txt,1.0
2457225.7462704,2457225.7462704,2015-07-22,20150722,SXD,1.4199692,1.4199691999999998e-06,211126028649072.12,,,,0.0023294606,0.00055662962,0,no,SpeX Spectrograph,ShortXD,merged_v346nor_sxd_20150722.txt,1.0
2457225.7462704,2457225.7462704,2015-07-22,20150722,SXD,1.4201835,1.4201835e-06,211094170577252.88,,,,0.0017079345,0.00040775299,0,no,SpeX Spectrograph,ShortXD,merged_v346nor_sxd_20150722.txt,1.0
2457225.7462704,2457225.7462704,2015-07-22,20150722,SXD,1.4203979,1.4203979e-06,211062307259113.8,,,,0.0016188489,0.00032665941,0,no,SpeX Spectrograph,ShortXD,merged_v346nor_sxd_20150722.txt,1.0
2457225.7462704,2457225.7462704,2015-07-22,20150722,SXD,1.4206122,1.4206122e-06,211030468413547.34,,,,0.0016918412,0.00030948699,0,no,SpeX Spectrograph,ShortXD,merged_v346nor_sxd_20150722.txt,1.0
2457225.7462704,2457225.7462704,2015-07-22,20150722,SXD,1.4208264,1.4208263999999999e-06,210998654022757.47,,,,0.0016428558,0.00030707059,0,no,SpeX Spectrograph,ShortXD,merged_v346nor_sxd_20150722.txt,1.0
2457225.7462704,2457225.7462704,2015-07-22,20150722,SXD,1.4210408,1.4210408e-06,210966819531149.28,,,,0.0016204179,0.00028093767,0,no,SpeX Spectrograph,ShortXD,merged_v346nor_sxd_20150722.txt,1.0
2457225.7462704,2457225.7462704,2015-07-22,20150722,SXD,1.4212551,1.4212551e-06,210935009485630.0,,,,0.0021906982,0.00023532122,0,no,SpeX Spectrograph,ShortXD,merged_v346nor_sxd_20150722.txt,1.0
2457225.7462704,2457225.7462704,2015-07-22,20150722,SXD,1.4214694,1.4214694e-06,210903209031443.1,,,,0.0016304898,0.00020114456,0,no,SpeX Spectrograph,ShortXD,merged_v346nor_sxd_20150722.txt,1.0
2457225.7462704,2457225.7462704,2015-07-22,20150722,SXD,1.4216838,1.4216838e-06,210871403331739.44,,,,0.0021153959,0.00019139618,0,no,SpeX Spectrograph,ShortXD,merged_v346nor_sxd_20150722.txt,1.0
2457225.7462704,2457225.7462704,2015-07-22,20150722,SXD,1.4218981,1.4218981e-06,210839622051678.66,,,,0.0019822957,0.00019545587,0,no,SpeX Spectrograph,ShortXD,merged_v346nor_sxd_20150722.txt,1.0
2457225.7462704,2457225.7462704,2015-07-22,20150722,SXD,1.4221123,1.4221122999999998e-06,210807865173516.9,,,,0.0016738966,0.00017544831,0,no,SpeX Spectrograph,ShortXD,merged_v346nor_sxd_20150722.txt,1.0
2457225.7462704,2457225.7462704,2015-07-22,20150722,SXD,1.4223267,1.4223266999999998e-06,210776088222206.66,,,,0.0016621663,0.00016357082,0,no,SpeX Spectrograph,ShortXD,merged_v346nor_sxd_20150722.txt,1.0
2457225.7462704,2457225.7462704,2015-07-22,20150722,SXD,1.422541,1.422541e-06,210744335664139.03,,,,0.0013551944,0.00017030978,0,no,SpeX Spectrograph,ShortXD,merged_v346nor_sxd_20150722.txt,1.0
2457225.7462704,2457225.7462704,2015-07-22,20150722,SXD,1.4227554,1.4227554e-06,210712577861240.25,,,,0.0013801504,0.00020959546,0,no,SpeX Spectrograph,ShortXD,merged_v346nor_sxd_20150722.txt,1.0
2457225.7462704,2457225.7462704,2015-07-22,20150722,SXD,1.4229697,1.4229696999999997e-06,210680844434003.1,,,,0.0012234985,0.00024720191,0,no,SpeX Spectrograph,ShortXD,merged_v346nor_sxd_20150722.txt,1.0
2457225.7462704,2457225.7462704,2015-07-22,20150722,SXD,1.423184,1.423184e-06,210649120563468.97,,,,0.0013536091,0.00027018049,0,no,SpeX Spectrograph,ShortXD,merged_v346nor_sxd_20150722.txt,1.0
2457225.7462704,2457225.7462704,2015-07-22,20150722,SXD,1.4233984,1.4233984e-06,210617391448522.1,,,,0.0013855089,0.00030667873,0,no,SpeX Spectrograph,ShortXD,merged_v346nor_sxd_20150722.txt,1.0
2457225.7462704,2457225.7462704,2015-07-22,20150722,SXD,1.4236126,1.4236126e-06,210585701475246.84,,,,0.001726848,0.00034633974,0,no,SpeX Spectrograph,ShortXD,merged_v346nor_sxd_20150722.txt,1.0
2457225.7462704,2457225.7462704,2015-07-22,20150722,SXD,1.4238269,1.4238268999999998e-06,210554006248933.8,,,,0.0022816106,0.00036386264,0,no,SpeX Spectrograph,ShortXD,merged_v346nor_sxd_20150722.txt,1.0
2457225.7462704,2457225.7462704,2015-07-22,20150722,SXD,1.4240413,1.4240413e-06,210522305778631.56,,,,0.0023464302,0.00031964926,0,no,SpeX Spectrograph,ShortXD,merged_v346nor_sxd_20150722.txt,1.0
2457225.7462704,2457225.7462704,2015-07-22,20150722,SXD,1.4242556,1.4242556e-06,210490629631366.75,,,,0.0024538254,0.00024354798,0,no,SpeX Spectrograph,ShortXD,merged_v346nor_sxd_20150722.txt,1.0
2457225.7462704,2457225.7462704,2015-07-22,20150722,SXD,1.4244699,1.4244699e-06,210458963014943.3,,,,0.0022994119,0.00018460433,0,no,SpeX Spectrograph,ShortXD,merged_v346nor_sxd_20150722.txt,1.0
2457225.7462704,2457225.7462704,2015-07-22,20150722,SXD,1.4246843,1.4246843e-06,210427291154959.75,,,,0.0021291478,0.00016274936,0,no,SpeX Spectrograph,ShortXD,merged_v346nor_sxd_20150722.txt,1.0
2457225.7462704,2457225.7462704,2015-07-22,20150722,SXD,1.4248985,1.4248985e-06,210395658357419.84,,,,0.0014809235,0.00017516284,0,no,SpeX Spectrograph,ShortXD,merged_v346nor_sxd_20150722.txt,1.0
2457225.7462704,2457225.7462704,2015-07-22,20150722,SXD,1.4251128,1.4251128e-06,210364020307725.8,,,,0.0016112104,0.00017701928,0,no,SpeX Spectrograph,ShortXD,merged_v346nor_sxd_20150722.txt,1.0
2457225.7462704,2457225.7462704,2015-07-22,20150722,SXD,1.4253272,1.4253272e-06,210332377014905.78,,,,0.0015768757,0.00018379913,0,no,SpeX Spectrograph,ShortXD,merged_v346nor_sxd_20150722.txt,1.0
2457225.7462704,2457225.7462704,2015-07-22,20150722,SXD,1.4255415,1.4255415e-06,210300757992664.56,,,,0.0019893192,0.00022018532,0,no,SpeX Spectrograph,ShortXD,merged_v346nor_sxd_20150722.txt,1.0
2457225.7462704,2457225.7462704,2015-07-22,20150722,SXD,1.4257559,1.4257558999999999e-06,210269133727589.72,,,,0.002148801,0.00027286232,0,no,SpeX Spectrograph,ShortXD,merged_v346nor_sxd_20150722.txt,1.0
2457225.7462704,2457225.7462704,2015-07-22,20150722,SXD,1.4259702,1.4259702e-06,210237533715641.44,,,,0.0020581328,0.00026923406,0,no,SpeX Spectrograph,ShortXD,merged_v346nor_sxd_20150722.txt,1.0
2457225.7462704,2457225.7462704,2015-07-22,20150722,SXD,1.4261844,1.4261843999999997e-06,210205957939239.88,,,,0.0022440809,0.00023762921,0,no,SpeX Spectrograph,ShortXD,merged_v346nor_sxd_20150722.txt,1.0
2457225.7462704,2457225.7462704,2015-07-22,20150722,SXD,1.4263988,1.4263988000000001e-06,210174362176973.22,,,,0.0021648572,0.00019262084,0,no,SpeX Spectrograph,ShortXD,merged_v346nor_sxd_20150722.txt,1.0
2457225.7462704,2457225.7462704,2015-07-22,20150722,SXD,1.4266131,1.4266131e-06,210142790641695.38,,,,0.0017843519,0.0001662221,0,no,SpeX Spectrograph,ShortXD,merged_v346nor_sxd_20150722.txt,1.0
2457225.7462704,2457225.7462704,2015-07-22,20150722,SXD,1.4268274,1.4268274e-06,210111228590087.38,,,,0.0015690695,0.00017886898,0,no,SpeX Spectrograph,ShortXD,merged_v346nor_sxd_20150722.txt,1.0
2457225.7462704,2457225.7462704,2015-07-22,20150722,SXD,1.4270418,1.4270417999999999e-06,210079661296536.7,,,,0.001545258,0.00020741858,0,no,SpeX Spectrograph,ShortXD,merged_v346nor_sxd_20150722.txt,1.0
2457225.7462704,2457225.7462704,2015-07-22,20150722,SXD,1.4272561,1.4272560999999999e-06,210048118203873.88,,,,0.0015462609,0.00020438641,0,no,SpeX Spectrograph,ShortXD,merged_v346nor_sxd_20150722.txt,1.0
2457225.7462704,2457225.7462704,2015-07-22,20150722,SXD,1.4274703,1.4274703e-06,210016599294570.28,,,,0.0014565219,0.00021914554,0,no,SpeX Spectrograph,ShortXD,merged_v346nor_sxd_20150722.txt,1.0
2457225.7462704,2457225.7462704,2015-07-22,20150722,SXD,1.4276847,1.4276846999999999e-06,209985060426857.56,,,,0.0015835388,0.00026784951,0,no,SpeX Spectrograph,ShortXD,merged_v346nor_sxd_20150722.txt,1.0
2457225.7462704,2457225.7462704,2015-07-22,20150722,SXD,1.427899,1.4278989999999999e-06,209953545733977.0,,,,0.0017004766,0.00032094528,0,no,SpeX Spectrograph,ShortXD,merged_v346nor_sxd_20150722.txt,1.0
2457225.7462704,2457225.7462704,2015-07-22,20150722,SXD,1.4281133,1.4281133e-06,209922040499167.7,,,,0.0021101336,0.0003509942,0,no,SpeX Spectrograph,ShortXD,merged_v346nor_sxd_20150722.txt,1.0
2457225.7462704,2457225.7462704,2015-07-22,20150722,SXD,1.4283277,1.4283277e-06,209890530023327.28,,,,0.0023239749,0.00034553657,0,no,SpeX Spectrograph,ShortXD,merged_v346nor_sxd_20150722.txt,1.0
2457225.7462704,2457225.7462704,2015-07-22,20150722,SXD,1.428542,1.4285419999999998e-06,209859043696300.16,,,,0.0026348273,0.000355161,0,no,SpeX Spectrograph,ShortXD,merged_v346nor_sxd_20150722.txt,1.0
2457225.7462704,2457225.7462704,2015-07-22,20150722,SXD,1.4287562,1.4287562e-06,209827581500608.72,,,,0.0020429988,0.0003521865,0,no,SpeX Spectrograph,ShortXD,merged_v346nor_sxd_20150722.txt,1.0
2457225.7462704,2457225.7462704,2015-07-22,20150722,SXD,1.4289706,1.4289705999999999e-06,209796099373912.97,,,,0.0023780908,0.00031642307,0,no,SpeX Spectrograph,ShortXD,merged_v346nor_sxd_20150722.txt,1.0
2457225.7462704,2457225.7462704,2015-07-22,20150722,SXD,1.4291849,1.4291849e-06,209764641370056.44,,,,0.0023764379,0.00029843906,0,no,SpeX Spectrograph,ShortXD,merged_v346nor_sxd_20150722.txt,1.0
2457225.7462704,2457225.7462704,2015-07-22,20150722,SXD,1.4293993,1.4293993e-06,209733178125944.22,,,,0.0022423519,0.00022979366,0,no,SpeX Spectrograph,ShortXD,merged_v346nor_sxd_20150722.txt,1.0
2457225.7462704,2457225.7462704,2015-07-22,20150722,SXD,1.4296136,1.4296135999999998e-06,209701738987373.97,,,,0.0020151073,0.00020000282,0,no,SpeX Spectrograph,ShortXD,merged_v346nor_sxd_20150722.txt,1.0
2457225.7462704,2457225.7462704,2015-07-22,20150722,SXD,1.4298279,1.4298279e-06,209670309272885.22,,,,0.0022770697,0.00018520588,0,no,SpeX Spectrograph,ShortXD,merged_v346nor_sxd_20150722.txt,1.0
2457225.7462704,2457225.7462704,2015-07-22,20150722,SXD,1.4300423,1.4300423e-06,209638874318612.8,,,,0.0022505475,0.0001762873,0,no,SpeX Spectrograph,ShortXD,merged_v346nor_sxd_20150722.txt,1.0
2457225.7462704,2457225.7462704,2015-07-22,20150722,SXD,1.4302565,1.4302565e-06,209607478099208.06,,,,0.0021231121,0.00016025171,0,no,SpeX Spectrograph,ShortXD,merged_v346nor_sxd_20150722.txt,1.0
2457225.7462704,2457225.7462704,2015-07-22,20150722,SXD,1.4304708,1.4304707999999999e-06,209576076631553.78,,,,0.0020541269,0.0001333081,0,no,SpeX Spectrograph,ShortXD,merged_v346nor_sxd_20150722.txt,1.0
2457225.7462704,2457225.7462704,2015-07-22,20150722,SXD,1.4306852,1.4306852e-06,209544669924592.78,,,,0.0016963509,0.00012690955,0,no,SpeX Spectrograph,ShortXD,merged_v346nor_sxd_20150722.txt,1.0
2457225.7462704,2457225.7462704,2015-07-22,20150722,SXD,1.4308995,1.4308995e-06,209513287271398.16,,,,0.0015709605,0.00015687989,0,no,SpeX Spectrograph,ShortXD,merged_v346nor_sxd_20150722.txt,1.0
2457225.7462704,2457225.7462704,2015-07-22,20150722,SXD,1.4311138,1.4311138e-06,209481914016900.7,,,,0.0012815362,0.00019704757,0,no,SpeX Spectrograph,ShortXD,merged_v346nor_sxd_20150722.txt,1.0
2457225.7462704,2457225.7462704,2015-07-22,20150722,SXD,1.4313282,1.4313282e-06,209450535523578.72,,,,0.0011296504,0.00023396595,0,no,SpeX Spectrograph,ShortXD,merged_v346nor_sxd_20150722.txt,1.0
2457225.7462704,2457225.7462704,2015-07-22,20150722,SXD,1.4315424,1.4315424e-06,209419195687113.4,,,,0.0010991385,0.00031921989,0,no,SpeX Spectrograph,ShortXD,merged_v346nor_sxd_20150722.txt,1.0
2457225.7462704,2457225.7462704,2015-07-22,20150722,SXD,1.4317567,1.4317566999999998e-06,209387850603388.16,,,,0.00085671654,0.00040187873,0,no,SpeX Spectrograph,ShortXD,merged_v346nor_sxd_20150722.txt,1.0
2457225.7462704,2457225.7462704,2015-07-22,20150722,SXD,1.4319711,1.4319710999999998e-06,209356500281325.53,,,,0.0019225896,0.00047928057,0,no,SpeX Spectrograph,ShortXD,merged_v346nor_sxd_20150722.txt,1.0
2457225.7462704,2457225.7462704,2015-07-22,20150722,SXD,1.4321854,1.4321854e-06,209325173961415.88,,,,0.0026586645,0.00052979909,0,no,SpeX Spectrograph,ShortXD,merged_v346nor_sxd_20150722.txt,1.0
2457225.7462704,2457225.7462704,2015-07-22,20150722,SXD,1.4323997,1.4323996999999998e-06,209293857014910.03,,,,0.0027156745,0.00047475865,0,no,SpeX Spectrograph,ShortXD,merged_v346nor_sxd_20150722.txt,1.0
2457225.7462704,2457225.7462704,2015-07-22,20150722,SXD,1.4326141,1.4326140999999997e-06,209262534830559.1,,,,0.0025060244,0.00036467682,0,no,SpeX Spectrograph,ShortXD,merged_v346nor_sxd_20150722.txt,1.0
2457225.7462704,2457225.7462704,2015-07-22,20150722,SXD,1.4328283,1.4328282999999998e-06,209231251225286.4,,,,0.0029922097,0.00027983249,0,no,SpeX Spectrograph,ShortXD,merged_v346nor_sxd_20150722.txt,1.0
2457225.7462704,2457225.7462704,2015-07-22,20150722,SXD,1.4330426,1.4330426e-06,209199962373763.34,,,,0.0025080391,0.00023439416,0,no,SpeX Spectrograph,ShortXD,merged_v346nor_sxd_20150722.txt,1.0
2457225.7462704,2457225.7462704,2015-07-22,20150722,SXD,1.433257,1.433257e-06,209168668284892.38,,,,0.0022585923,0.0002266239,0,no,SpeX Spectrograph,ShortXD,merged_v346nor_sxd_20150722.txt,1.0
2457225.7462704,2457225.7462704,2015-07-22,20150722,SXD,1.4334713,1.4334712999999998e-06,209137398146722.6,,,,0.0022466979,0.00018382359,0,no,SpeX Spectrograph,ShortXD,merged_v346nor_sxd_20150722.txt,1.0
2457225.7462704,2457225.7462704,2015-07-22,20150722,SXD,1.4336857,1.4336857e-06,209106122771539.12,,,,0.0020937321,0.00018244042,0,no,SpeX Spectrograph,ShortXD,merged_v346nor_sxd_20150722.txt,1.0
2457225.7462704,2457225.7462704,2015-07-22,20150722,SXD,1.4339,1.4339e-06,209074871329939.34,,,,0.0014101375,0.00021708461,0,no,SpeX Spectrograph,ShortXD,merged_v346nor_sxd_20150722.txt,1.0
2457225.7462704,2457225.7462704,2015-07-22,20150722,SXD,1.4342252,1.4342252e-06,209027465142852.06,,,,0.001931062,0.00027230254,0,no,SpeX Spectrograph,ShortXD,merged_v346nor_sxd_20150722.txt,1.0
2457225.7462704,2457225.7462704,2015-07-22,20150722,SXD,1.434496,1.4344959999999999e-06,208988005543410.38,,,,0.001565643,0.00030615163,0,no,SpeX Spectrograph,ShortXD,merged_v346nor_sxd_20150722.txt,1.0
2457225.7462704,2457225.7462704,2015-07-22,20150722,SXD,1.434767,1.4347669999999997e-06,208948531712814.72,,,,0.0020272615,0.00030829469,0,no,SpeX Spectrograph,ShortXD,merged_v346nor_sxd_20150722.txt,1.0
2457225.7462704,2457225.7462704,2015-07-22,20150722,SXD,1.435038,1.435038e-06,208909072791103.78,,,,0.002446658,0.00031355015,0,no,SpeX Spectrograph,ShortXD,merged_v346nor_sxd_20150722.txt,1.0
2457225.7462704,2457225.7462704,2015-07-22,20150722,SXD,1.4353089,1.4353089000000001e-06,208869643322075.1,,,,0.0026015663,0.00030398526,0,no,SpeX Spectrograph,ShortXD,merged_v346nor_sxd_20150722.txt,1.0
2457225.7462704,2457225.7462704,2015-07-22,20150722,SXD,1.4355798,1.4355797999999999e-06,208830228734062.72,,,,0.0018985257,0.00029358419,0,no,SpeX Spectrograph,ShortXD,merged_v346nor_sxd_20150722.txt,1.0
2457225.7462704,2457225.7462704,2015-07-22,20150722,SXD,1.4358507,1.4358507e-06,208790829018643.78,,,,0.0015776061,0.00030308656,0,no,SpeX Spectrograph,ShortXD,merged_v346nor_sxd_20150722.txt,1.0
2457225.7462704,2457225.7462704,2015-07-22,20150722,SXD,1.4361217,1.4361216999999998e-06,208751429631625.25,,,,0.0017248838,0.00030411597,0,no,SpeX Spectrograph,ShortXD,merged_v346nor_sxd_20150722.txt,1.0
2457225.7462704,2457225.7462704,2015-07-22,20150722,SXD,1.4363925,1.4363924999999998e-06,208712074171927.28,,,,0.001507426,0.00026894116,0,no,SpeX Spectrograph,ShortXD,merged_v346nor_sxd_20150722.txt,1.0
2457225.7462704,2457225.7462704,2015-07-22,20150722,SXD,1.4366635,1.4366635e-06,208672704499000.62,,,,0.0016507719,0.00023534831,0,no,SpeX Spectrograph,ShortXD,merged_v346nor_sxd_20150722.txt,1.0
2457225.7462704,2457225.7462704,2015-07-22,20150722,SXD,1.4369344,1.4369343999999998e-06,208633364195331.44,,,,0.0017534215,0.00022992924,0,no,SpeX Spectrograph,ShortXD,merged_v346nor_sxd_20150722.txt,1.0
2457225.7462704,2457225.7462704,2015-07-22,20150722,SXD,1.4372052,1.4372052e-06,208594053236100.2,,,,0.0010980465,0.00025379835,0,no,SpeX Spectrograph,ShortXD,merged_v346nor_sxd_20150722.txt,1.0
2457225.7462704,2457225.7462704,2015-07-22,20150722,SXD,1.4374762,1.4374762e-06,208554728071323.88,,,,0.0010236952,0.00033284852,0,no,SpeX Spectrograph,ShortXD,merged_v346nor_sxd_20150722.txt,1.0
2457225.7462704,2457225.7462704,2015-07-22,20150722,SXD,1.437747,1.437747e-06,208515446737151.94,,,,0.0018581415,0.00041074285,0,no,SpeX Spectrograph,ShortXD,merged_v346nor_sxd_20150722.txt,1.0
2457225.7462704,2457225.7462704,2015-07-22,20150722,SXD,1.438018,1.438018e-06,208476151202557.97,,,,0.0023787229,0.00037077256,0,no,SpeX Spectrograph,ShortXD,merged_v346nor_sxd_20150722.txt,1.0
2457225.7462704,2457225.7462704,2015-07-22,20150722,SXD,1.4382888,1.4382887999999999e-06,208436899459969.4,,,,0.0023223669,0.00025459175,0,no,SpeX Spectrograph,ShortXD,merged_v346nor_sxd_20150722.txt,1.0
2457225.7462704,2457225.7462704,2015-07-22,20150722,SXD,1.4385597,1.4385597e-06,208397648008629.75,,,,0.0024496703,0.00018273153,0,no,SpeX Spectrograph,ShortXD,merged_v346nor_sxd_20150722.txt,1.0
2457225.7462704,2457225.7462704,2015-07-22,20150722,SXD,1.4388305,1.4388304999999998e-06,208358425818746.56,,,,0.0020114034,0.00015558257,0,no,SpeX Spectrograph,ShortXD,merged_v346nor_sxd_20150722.txt,1.0
2457225.7462704,2457225.7462704,2015-07-22,20150722,SXD,1.4391013,1.4391012999999998e-06,208319218389977.16,,,,0.0018430634,0.00015653868,0,no,SpeX Spectrograph,ShortXD,merged_v346nor_sxd_20150722.txt,1.0
2457225.7462704,2457225.7462704,2015-07-22,20150722,SXD,1.4393723,1.4393723e-06,208279996773593.6,,,,0.0015378597,0.00018090775,0,no,SpeX Spectrograph,ShortXD,merged_v346nor_sxd_20150722.txt,1.0
2457225.7462704,2457225.7462704,2015-07-22,20150722,SXD,1.4396431,1.4396431e-06,208240818852950.44,,,,0.0018351274,0.00020818306,0,no,SpeX Spectrograph,ShortXD,merged_v346nor_sxd_20150722.txt,1.0
2457225.7462704,2457225.7462704,2015-07-22,20150722,SXD,1.439914,1.439914e-06,208201641209127.78,,,,0.0015940386,0.00020330459,0,no,SpeX Spectrograph,ShortXD,merged_v346nor_sxd_20150722.txt,1.0
2457225.7462704,2457225.7462704,2015-07-22,20150722,SXD,1.4401848,1.4401848e-06,208162492757873.88,,,,0.0023148037,0.00018815124,0,no,SpeX Spectrograph,ShortXD,merged_v346nor_sxd_20150722.txt,1.0
2457225.7462704,2457225.7462704,2015-07-22,20150722,SXD,1.4404557,1.4404557e-06,208123344577691.62,,,,0.0020233109,0.00016864871,0,no,SpeX Spectrograph,ShortXD,merged_v346nor_sxd_20150722.txt,1.0
2457225.7462704,2457225.7462704,2015-07-22,20150722,SXD,1.4407265,1.4407265e-06,208084225562589.44,,,,0.0018953288,0.00016123476,0,no,SpeX Spectrograph,ShortXD,merged_v346nor_sxd_20150722.txt,1.0
2457225.7462704,2457225.7462704,2015-07-22,20150722,SXD,1.4409974,1.4409974e-06,208045106812822.84,,,,0.0017560724,0.0001649644,0,no,SpeX Spectrograph,ShortXD,merged_v346nor_sxd_20150722.txt,1.0
2457225.7462704,2457225.7462704,2015-07-22,20150722,SXD,1.4412681,1.4412681e-06,208006031632837.78,,,,0.0018005581,0.00018093371,0,no,SpeX Spectrograph,ShortXD,merged_v346nor_sxd_20150722.txt,1.0
2457225.7462704,2457225.7462704,2015-07-22,20150722,SXD,1.4415389,1.4415389e-06,207966956701619.38,,,,0.0022112387,0.00019250202,0,no,SpeX Spectrograph,ShortXD,merged_v346nor_sxd_20150722.txt,1.0
2457225.7462704,2457225.7462704,2015-07-22,20150722,SXD,1.4418098,1.4418097999999999e-06,207927882027157.84,,,,0.0022304102,0.00018653163,0,no,SpeX Spectrograph,ShortXD,merged_v346nor_sxd_20150722.txt,1.0
2457225.7462704,2457225.7462704,2015-07-22,20150722,SXD,1.4420806,1.4420805999999999e-06,207888836449224.84,,,,0.0020995808,0.00017374489,0,no,SpeX Spectrograph,ShortXD,merged_v346nor_sxd_20150722.txt,1.0
2457225.7462704,2457225.7462704,2015-07-22,20150722,SXD,1.4423515,1.4423515e-06,207849791122344.3,,,,0.0019710092,0.00015766462,0,no,SpeX Spectrograph,ShortXD,merged_v346nor_sxd_20150722.txt,1.0
2457225.7462704,2457225.7462704,2015-07-22,20150722,SXD,1.4426222,1.4426221999999998e-06,207810789269706.25,,,,0.001611765,0.00016559035,0,no,SpeX Spectrograph,ShortXD,merged_v346nor_sxd_20150722.txt,1.0
2457225.7462704,2457225.7462704,2015-07-22,20150722,SXD,1.442893,1.442893e-06,207771787651613.8,,,,0.0024714288,0.00018063773,0,no,SpeX Spectrograph,ShortXD,merged_v346nor_sxd_20150722.txt,1.0
2457225.7462704,2457225.7462704,2015-07-22,20150722,SXD,1.4431638,1.4431638e-06,207732800670305.06,,,,0.0026555676,0.00017365749,0,no,SpeX Spectrograph,ShortXD,merged_v346nor_sxd_20150722.txt,1.0
2457225.7462704,2457225.7462704,2015-07-22,20150722,SXD,1.4434346,1.4434346e-06,207693828317542.06,,,,0.0026864887,0.00014974071,0,no,SpeX Spectrograph,ShortXD,merged_v346nor_sxd_20150722.txt,1.0
2457225.7462704,2457225.7462704,2015-07-22,20150722,SXD,1.4437053,1.4437053e-06,207654884968559.72,,,,0.0020376588,0.00012884018,0,no,SpeX Spectrograph,ShortXD,merged_v346nor_sxd_20150722.txt,1.0
2457225.7462704,2457225.7462704,2015-07-22,20150722,SXD,1.4439762,1.4439762e-06,207615927464732.47,,,,0.0017593761,0.00012408773,0,no,SpeX Spectrograph,ShortXD,merged_v346nor_sxd_20150722.txt,1.0
2457225.7462704,2457225.7462704,2015-07-22,20150722,SXD,1.4442469,1.4442469e-06,207577013320921.78,,,,0.0018895988,0.00013126989,0,no,SpeX Spectrograph,ShortXD,merged_v346nor_sxd_20150722.txt,1.0
2457225.7462704,2457225.7462704,2015-07-22,20150722,SXD,1.4445177,1.4445177e-06,207538099394697.62,,,,0.001904431,0.0001369887,0,no,SpeX Spectrograph,ShortXD,merged_v346nor_sxd_20150722.txt,1.0
2457225.7462704,2457225.7462704,2015-07-22,20150722,SXD,1.4447885,1.4447885e-06,207499200055925.16,,,,0.0019181859,0.00014258699,0,no,SpeX Spectrograph,ShortXD,merged_v346nor_sxd_20150722.txt,1.0
2457225.7462704,2457225.7462704,2015-07-22,20150722,SXD,1.4450593,1.4450592999999999e-06,207460315296403.44,,,,0.0016078627,0.00014876483,0,no,SpeX Spectrograph,ShortXD,merged_v346nor_sxd_20150722.txt,1.0
2457225.7462704,2457225.7462704,2015-07-22,20150722,SXD,1.44533,1.44533e-06,207421459459085.47,,,,0.0011537389,0.00018390614,0,no,SpeX Spectrograph,ShortXD,merged_v346nor_sxd_20150722.txt,1.0
2457225.7462704,2457225.7462704,2015-07-22,20150722,SXD,1.4456007,1.4456007e-06,207382618173884.4,,,,0.001353421,0.00026464826,0,no,SpeX Spectrograph,ShortXD,merged_v346nor_sxd_20150722.txt,1.0
2457225.7462704,2457225.7462704,2015-07-22,20150722,SXD,1.4458715,1.4458715e-06,207343777092224.3,,,,0.0027958446,0.00032737505,0,no,SpeX Spectrograph,ShortXD,merged_v346nor_sxd_20150722.txt,1.0
2457225.7462704,2457225.7462704,2015-07-22,20150722,SXD,1.4461422,1.4461421999999998e-06,207304964892110.9,,,,0.0026794777,0.00027909331,0,no,SpeX Spectrograph,ShortXD,merged_v346nor_sxd_20150722.txt,1.0
2457225.7462704,2457225.7462704,2015-07-22,20150722,SXD,1.446413,1.446413e-06,207266152889942.22,,,,0.0025178723,0.0002027251,0,no,SpeX Spectrograph,ShortXD,merged_v346nor_sxd_20150722.txt,1.0
2457225.7462704,2457225.7462704,2015-07-22,20150722,SXD,1.4466838,1.4466838e-06,207227355417956.56,,,,0.0018907966,0.00016292788,0,no,SpeX Spectrograph,ShortXD,merged_v346nor_sxd_20150722.txt,1.0
2457225.7462704,2457225.7462704,2015-07-22,20150722,SXD,1.4469545,1.4469544999999998e-06,207188586786937.7,,,,0.0020898455,0.00015743617,0,no,SpeX Spectrograph,ShortXD,merged_v346nor_sxd_20150722.txt,1.0
2457225.7462704,2457225.7462704,2015-07-22,20150722,SXD,1.4472252,1.4472252e-06,207149832659077.53,,,,0.0026448539,0.0001540027,0,no,SpeX Spectrograph,ShortXD,merged_v346nor_sxd_20150722.txt,1.0
2457225.7462704,2457225.7462704,2015-07-22,20150722,SXD,1.4474959,1.4474959e-06,207111093026239.3,,,,0.0022435631,0.00014063412,0,no,SpeX Spectrograph,ShortXD,merged_v346nor_sxd_20150722.txt,1.0
2457225.7462704,2457225.7462704,2015-07-22,20150722,SXD,1.4477667,1.4477667e-06,207072353577409.94,,,,0.0022417128,0.00012555814,0,no,SpeX Spectrograph,ShortXD,merged_v346nor_sxd_20150722.txt,1.0
2457225.7462704,2457225.7462704,2015-07-22,20150722,SXD,1.4480374,1.4480373999999999e-06,207033642915576.66,,,,0.0019726204,0.00012556795,0,no,SpeX Spectrograph,ShortXD,merged_v346nor_sxd_20150722.txt,1.0
2457225.7462704,2457225.7462704,2015-07-22,20150722,SXD,1.4483081,1.4483081e-06,206994946724388.28,,,,0.0020135751,0.00010829532,0,no,SpeX Spectrograph,ShortXD,merged_v346nor_sxd_20150722.txt,1.0
2457225.7462704,2457225.7462704,2015-07-22,20150722,SXD,1.4485787,1.4485787e-06,206956279282582.3,,,,0.0020050383,0.00011114486,0,no,SpeX Spectrograph,ShortXD,merged_v346nor_sxd_20150722.txt,1.0
2457225.7462704,2457225.7462704,2015-07-22,20150722,SXD,1.4488494,1.4488494e-06,206917612003014.25,,,,0.0022536456,0.0001140771,0,no,SpeX Spectrograph,ShortXD,merged_v346nor_sxd_20150722.txt,1.0
2457225.7462704,2457225.7462704,2015-07-22,20150722,SXD,1.4491202,1.4491202e-06,206878944893598.2,,,,0.0020241323,0.00010914343,0,no,SpeX Spectrograph,ShortXD,merged_v346nor_sxd_20150722.txt,1.0
2457225.7462704,2457225.7462704,2015-07-22,20150722,SXD,1.4493909,1.4493909e-06,206840306503925.2,,,,0.0019698278,0.00011090418,0,no,SpeX Spectrograph,ShortXD,merged_v346nor_sxd_20150722.txt,1.0
2457225.7462704,2457225.7462704,2015-07-22,20150722,SXD,1.4496615,1.4496615e-06,206801696809910.47,,,,0.0017833401,0.000118636,0,no,SpeX Spectrograph,ShortXD,merged_v346nor_sxd_20150722.txt,1.0
2457225.7462704,2457225.7462704,2015-07-22,20150722,SXD,1.4499322,1.4499321999999998e-06,206763087267115.0,,,,0.0016656668,0.00014505821,0,no,SpeX Spectrograph,ShortXD,merged_v346nor_sxd_20150722.txt,1.0
2457225.7462704,2457225.7462704,2015-07-22,20150722,SXD,1.4502029,1.4502029e-06,206724492138307.0,,,,0.0013137187,0.00019890668,0,no,SpeX Spectrograph,ShortXD,merged_v346nor_sxd_20150722.txt,1.0
2457225.7462704,2457225.7462704,2015-07-22,20150722,SXD,1.4504735,1.4504735e-06,206685925664963.9,,,,0.00095979025,0.00030032053,0,no,SpeX Spectrograph,ShortXD,merged_v346nor_sxd_20150722.txt,1.0
2457225.7462704,2457225.7462704,2015-07-22,20150722,SXD,1.4507443,1.4507443e-06,206647345090378.78,,,,0.002074694,0.00046031692,0,no,SpeX Spectrograph,ShortXD,merged_v346nor_sxd_20150722.txt,1.0
2457225.7462704,2457225.7462704,2015-07-22,20150722,SXD,1.4510149,1.4510149e-06,206608807394052.25,,,,0.0030947935,0.00064307172,0,no,SpeX Spectrograph,ShortXD,merged_v346nor_sxd_20150722.txt,1.0
2457225.7462704,2457225.7462704,2015-07-22,20150722,SXD,1.4512856,1.4512856e-06,206570269835241.25,,,,0.0039884262,0.00061964354,0,no,SpeX Spectrograph,ShortXD,merged_v346nor_sxd_20150722.txt,1.0
2457225.7462704,2457225.7462704,2015-07-22,20150722,SXD,1.4515562,1.4515562e-06,206531760878428.28,,,,0.0028905973,0.00050015381,0,no,SpeX Spectrograph,ShortXD,merged_v346nor_sxd_20150722.txt,1.0
2457225.7462704,2457225.7462704,2015-07-22,20150722,SXD,1.4518269,1.4518268999999998e-06,206493252053671.16,,,,0.0023184197,0.00044902816,0,no,SpeX Spectrograph,ShortXD,merged_v346nor_sxd_20150722.txt,1.0
2457225.7462704,2457225.7462704,2015-07-22,20150722,SXD,1.4520975,1.4520975e-06,206454771804234.9,,,,0.0019727957,0.00039083406,0,no,SpeX Spectrograph,ShortXD,merged_v346nor_sxd_20150722.txt,1.0
2457225.7462704,2457225.7462704,2015-07-22,20150722,SXD,1.4523681,1.4523681e-06,206416305893802.0,,,,0.0024531998,0.0003337966,0,no,SpeX Spectrograph,ShortXD,merged_v346nor_sxd_20150722.txt,1.0
2457225.7462704,2457225.7462704,2015-07-22,20150722,SXD,1.4526389,1.4526389e-06,206377825900160.06,,,,0.0023373051,0.0002400348,0,no,SpeX Spectrograph,ShortXD,merged_v346nor_sxd_20150722.txt,1.0
2457225.7462704,2457225.7462704,2015-07-22,20150722,SXD,1.4529095,1.4529095e-06,206339388654283.0,,,,0.0023557714,0.00016262291,0,no,SpeX Spectrograph,ShortXD,merged_v346nor_sxd_20150722.txt,1.0
2457225.7462704,2457225.7462704,2015-07-22,20150722,SXD,1.4531801,1.4531801e-06,206300965723381.44,,,,0.0024446633,0.00013262243,0,no,SpeX Spectrograph,ShortXD,merged_v346nor_sxd_20150722.txt,1.0
2457225.7462704,2457225.7462704,2015-07-22,20150722,SXD,1.4534507,1.4534507e-06,206262557099459.94,,,,0.0023414835,0.00012282065,0,no,SpeX Spectrograph,ShortXD,merged_v346nor_sxd_20150722.txt,1.0
2457225.7462704,2457225.7462704,2015-07-22,20150722,SXD,1.4537213,1.4537213e-06,206224162774529.06,,,,0.0022390687,0.00010418252,0,no,SpeX Spectrograph,ShortXD,merged_v346nor_sxd_20150722.txt,1.0
2457225.7462704,2457225.7462704,2015-07-22,20150722,SXD,1.4539919,1.4539918999999998e-06,206185782740605.4,,,,0.0020120568,9.7099939e-05,0,no,SpeX Spectrograph,ShortXD,merged_v346nor_sxd_20150722.txt,1.0
2457225.7462704,2457225.7462704,2015-07-22,20150722,SXD,1.4542625,1.4542625e-06,206147416989711.28,,,,0.002074935,9.6108306e-05,0,no,SpeX Spectrograph,ShortXD,merged_v346nor_sxd_20150722.txt,1.0
2457225.7462704,2457225.7462704,2015-07-22,20150722,SXD,1.4545331,1.4545330999999998e-06,206109065513875.25,,,,0.0019158944,9.5868956e-05,0,no,SpeX Spectrograph,ShortXD,merged_v346nor_sxd_20150722.txt,1.0
2457225.7462704,2457225.7462704,2015-07-22,20150722,SXD,1.4548037,1.4548037e-06,206070728305131.5,,,,0.0020440165,0.00010561957,0,no,SpeX Spectrograph,ShortXD,merged_v346nor_sxd_20150722.txt,1.0
2457225.7462704,2457225.7462704,2015-07-22,20150722,SXD,1.4550743,1.4550742999999998e-06,206032405355520.38,,,,0.001997154,0.00012293912,0,no,SpeX Spectrograph,ShortXD,merged_v346nor_sxd_20150722.txt,1.0
2457225.7462704,2457225.7462704,2015-07-22,20150722,SXD,1.4553449,1.4553448999999999e-06,205994096657087.97,,,,0.0020907433,0.00014304282,0,no,SpeX Spectrograph,ShortXD,merged_v346nor_sxd_20150722.txt,1.0
2457225.7462704,2457225.7462704,2015-07-22,20150722,SXD,1.4556155,1.4556155e-06,205955802201886.4,,,,0.0021865643,0.00019126617,0,no,SpeX Spectrograph,ShortXD,merged_v346nor_sxd_20150722.txt,1.0
2457225.7462704,2457225.7462704,2015-07-22,20150722,SXD,1.4558861,1.4558861e-06,205917521981973.72,,,,0.0024064737,0.00022461258,0,no,SpeX Spectrograph,ShortXD,merged_v346nor_sxd_20150722.txt,1.0
2457225.7462704,2457225.7462704,2015-07-22,20150722,SXD,1.4561567,1.4561567e-06,205879255989413.78,,,,0.0022977169,0.00022266527,0,no,SpeX Spectrograph,ShortXD,merged_v346nor_sxd_20150722.txt,1.0
2457225.7462704,2457225.7462704,2015-07-22,20150722,SXD,1.4564273,1.4564273e-06,205841004216276.34,,,,0.0019553802,0.00019989064,0,no,SpeX Spectrograph,ShortXD,merged_v346nor_sxd_20150722.txt,1.0
2457225.7462704,2457225.7462704,2015-07-22,20150722,SXD,1.4566978,1.4566977999999998e-06,205802780782671.62,,,,0.0021172585,0.00019097929,0,no,SpeX Spectrograph,ShortXD,merged_v346nor_sxd_20150722.txt,1.0
2457225.7462704,2457225.7462704,2015-07-22,20150722,SXD,1.4569684,1.4569684e-06,205764557419364.78,,,,0.0019589136,0.00016259683,0,no,SpeX Spectrograph,ShortXD,merged_v346nor_sxd_20150722.txt,1.0
2457225.7462704,2457225.7462704,2015-07-22,20150722,SXD,1.457239,1.4572389999999998e-06,205726348251728.12,,,,0.0020597246,0.00012556708,0,no,SpeX Spectrograph,ShortXD,merged_v346nor_sxd_20150722.txt,1.0
2457225.7462704,2457225.7462704,2015-07-22,20150722,SXD,1.4575095,1.4575095e-06,205688167384157.72,,,,0.0021161365,0.00011606245,0,no,SpeX Spectrograph,ShortXD,merged_v346nor_sxd_20150722.txt,1.0
2457225.7462704,2457225.7462704,2015-07-22,20150722,SXD,1.4577801,1.4577800999999999e-06,205649986578908.6,,,,0.0025672226,0.00011191475,0,no,SpeX Spectrograph,ShortXD,merged_v346nor_sxd_20150722.txt,1.0
2457225.7462704,2457225.7462704,2015-07-22,20150722,SXD,1.4580507,1.4580507e-06,205611819945630.16,,,,0.0024844455,0.00010355085,0,no,SpeX Spectrograph,ShortXD,merged_v346nor_sxd_20150722.txt,1.0
2457225.7462704,2457225.7462704,2015-07-22,20150722,SXD,1.4583212,1.4583212000000001e-06,205573681573030.66,,,,0.0025289212,9.8421944e-05,0,no,SpeX Spectrograph,ShortXD,merged_v346nor_sxd_20150722.txt,1.0
2457225.7462704,2457225.7462704,2015-07-22,20150722,SXD,1.4585918,1.4585918e-06,205535543254802.34,,,,0.0025017546,9.3840776e-05,0,no,SpeX Spectrograph,ShortXD,merged_v346nor_sxd_20150722.txt,1.0
2457225.7462704,2457225.7462704,2015-07-22,20150722,SXD,1.4588623,1.4588623e-06,205497433171040.22,,,,0.0023804652,9.094907e-05,0,no,SpeX Spectrograph,ShortXD,merged_v346nor_sxd_20150722.txt,1.0
2457225.7462704,2457225.7462704,2015-07-22,20150722,SXD,1.4591328,1.4591328e-06,205459337217284.16,,,,0.0022684373,9.2481314e-05,0,no,SpeX Spectrograph,ShortXD,merged_v346nor_sxd_20150722.txt,1.0
2457225.7462704,2457225.7462704,2015-07-22,20150722,SXD,1.4594034,1.4594034e-06,205421241309976.4,,,,0.0025125304,0.00010272469,0,no,SpeX Spectrograph,ShortXD,merged_v346nor_sxd_20150722.txt,1.0
2457225.7462704,2457225.7462704,2015-07-22,20150722,SXD,1.4596739,1.4596739e-06,205383173597883.75,,,,0.0023530188,0.00014077728,0,no,SpeX Spectrograph,ShortXD,merged_v346nor_sxd_20150722.txt,1.0
2457225.7462704,2457225.7462704,2015-07-22,20150722,SXD,1.4599444,1.4599444e-06,205345119992240.8,,,,0.0022015111,0.00020782952,0,no,SpeX Spectrograph,ShortXD,merged_v346nor_sxd_20150722.txt,1.0
2457225.7462704,2457225.7462704,2015-07-22,20150722,SXD,1.460215,1.460215e-06,205307066425149.72,,,,0.0022470341,0.00027190251,0,no,SpeX Spectrograph,ShortXD,merged_v346nor_sxd_20150722.txt,1.0
2457225.7462704,2457225.7462704,2015-07-22,20150722,SXD,1.4604855,1.4604855e-06,205269041014101.12,,,,0.0024113946,0.00030195116,0,no,SpeX Spectrograph,ShortXD,merged_v346nor_sxd_20150722.txt,1.0
2457225.7462704,2457225.7462704,2015-07-22,20150722,SXD,1.4607559,1.4607559e-06,205231043735644.0,,,,0.0025332246,0.00028919574,0,no,SpeX Spectrograph,ShortXD,merged_v346nor_sxd_20150722.txt,1.0
2457225.7462704,2457225.7462704,2015-07-22,20150722,SXD,1.4610264,1.4610264e-06,205193046477462.72,,,,0.0024459835,0.00024137538,0,no,SpeX Spectrograph,ShortXD,merged_v346nor_sxd_20150722.txt,1.0
2457225.7462704,2457225.7462704,2015-07-22,20150722,SXD,1.4612969,1.4612968999999999e-06,205155063286591.53,,,,0.0021252912,0.00018120962,0,no,SpeX Spectrograph,ShortXD,merged_v346nor_sxd_20150722.txt,1.0
2457225.7462704,2457225.7462704,2015-07-22,20150722,SXD,1.4615674,1.4615674e-06,205117094155219.94,,,,0.0022546786,0.00014753378,0,no,SpeX Spectrograph,ShortXD,merged_v346nor_sxd_20150722.txt,1.0
2457225.7462704,2457225.7462704,2015-07-22,20150722,SXD,1.4618379,1.4618378999999998e-06,205079139075543.22,,,,0.0022917499,0.00012797677,0,no,SpeX Spectrograph,ShortXD,merged_v346nor_sxd_20150722.txt,1.0
2457225.7462704,2457225.7462704,2015-07-22,20150722,SXD,1.4621084,1.4621084e-06,205041198039762.3,,,,0.0024594646,0.00011365602,0,no,SpeX Spectrograph,ShortXD,merged_v346nor_sxd_20150722.txt,1.0
2457225.7462704,2457225.7462704,2015-07-22,20150722,SXD,1.4623789,1.4623788999999999e-06,205003271040084.1,,,,0.0020675426,0.00010614297,0,no,SpeX Spectrograph,ShortXD,merged_v346nor_sxd_20150722.txt,1.0
2457225.7462704,2457225.7462704,2015-07-22,20150722,SXD,1.4626493,1.4626492999999999e-06,204965372082015.84,,,,0.001896449,0.00011013158,0,no,SpeX Spectrograph,ShortXD,merged_v346nor_sxd_20150722.txt,1.0
2457225.7462704,2457225.7462704,2015-07-22,20150722,SXD,1.4629198,1.4629198e-06,204927473126004.56,,,,0.0020181234,0.00012840446,0,no,SpeX Spectrograph,ShortXD,merged_v346nor_sxd_20150722.txt,1.0
2457225.7462704,2457225.7462704,2015-07-22,20150722,SXD,1.4631903,1.4631902999999998e-06,204889588182753.84,,,,0.0023736856,0.00015030739,0,no,SpeX Spectrograph,ShortXD,merged_v346nor_sxd_20150722.txt,1.0
2457225.7462704,2457225.7462704,2015-07-22,20150722,SXD,1.4634608,1.4634608e-06,204851717244493.34,,,,0.0028141649,0.00015303318,0,no,SpeX Spectrograph,ShortXD,merged_v346nor_sxd_20150722.txt,1.0
2457225.7462704,2457225.7462704,2015-07-22,20150722,SXD,1.4637313,1.4637313e-06,204813860303458.7,,,,0.0029413695,0.00013602142,0,no,SpeX Spectrograph,ShortXD,merged_v346nor_sxd_20150722.txt,1.0
2457225.7462704,2457225.7462704,2015-07-22,20150722,SXD,1.4640018,1.4640017999999998e-06,204776017351891.25,,,,0.0027746405,0.00011535313,0,no,SpeX Spectrograph,ShortXD,merged_v346nor_sxd_20150722.txt,1.0
2457225.7462704,2457225.7462704,2015-07-22,20150722,SXD,1.4642721,1.4642721e-06,204738216346538.34,,,,0.0024602651,0.00010156858,0,no,SpeX Spectrograph,ShortXD,merged_v346nor_sxd_20150722.txt,1.0
2457225.7462704,2457225.7462704,2015-07-22,20150722,SXD,1.4645426,1.4645425999999999e-06,204700401340322.94,,,,0.0022270151,9.5729236e-05,0,no,SpeX Spectrograph,ShortXD,merged_v346nor_sxd_20150722.txt,1.0
2457225.7462704,2457225.7462704,2015-07-22,20150722,SXD,1.4648131,1.4648130999999998e-06,204662600300338.7,,,,0.002202285,0.00010119552,0,no,SpeX Spectrograph,ShortXD,merged_v346nor_sxd_20150722.txt,1.0
2457225.7462704,2457225.7462704,2015-07-22,20150722,SXD,1.4650835,1.4650834999999998e-06,204624827185617.78,,,,0.0021494234,0.00011667155,0,no,SpeX Spectrograph,ShortXD,merged_v346nor_sxd_20150722.txt,1.0
2457225.7462704,2457225.7462704,2015-07-22,20150722,SXD,1.465354,1.465354e-06,204587054049738.16,,,,0.0019898636,0.00013234114,0,no,SpeX Spectrograph,ShortXD,merged_v346nor_sxd_20150722.txt,1.0
2457225.7462704,2457225.7462704,2015-07-22,20150722,SXD,1.4656243,1.4656242999999998e-06,204549322769825.8,,,,0.0026689996,0.00014408756,0,no,SpeX Spectrograph,ShortXD,merged_v346nor_sxd_20150722.txt,1.0
2457225.7462704,2457225.7462704,2015-07-22,20150722,SXD,1.4658948,1.4658948e-06,204511577502014.47,,,,0.0026538477,0.00017000762,0,no,SpeX Spectrograph,ShortXD,merged_v346nor_sxd_20150722.txt,1.0
2457225.7462704,2457225.7462704,2015-07-22,20150722,SXD,1.4661652,1.4661652e-06,204473860107987.84,,,,0.0026781166,0.00018575042,0,no,SpeX Spectrograph,ShortXD,merged_v346nor_sxd_20150722.txt,1.0
2457225.7462704,2457225.7462704,2015-07-22,20150722,SXD,1.4664357,1.4664356999999997e-06,204436142682560.22,,,,0.0020976972,0.0002058056,0,no,SpeX Spectrograph,ShortXD,merged_v346nor_sxd_20150722.txt,1.0
2457225.7462704,2457225.7462704,2015-07-22,20150722,SXD,1.466706,1.466706e-06,204398467041111.16,,,,0.0022280531,0.00022214589,0,no,SpeX Spectrograph,ShortXD,merged_v346nor_sxd_20150722.txt,1.0
2457225.7462704,2457225.7462704,2015-07-22,20150722,SXD,1.4669765,1.4669764999999998e-06,204360777422133.25,,,,0.0027048157,0.00021002545,0,no,SpeX Spectrograph,ShortXD,merged_v346nor_sxd_20150722.txt,1.0
2457225.7462704,2457225.7462704,2015-07-22,20150722,SXD,1.4672469,1.4672468999999998e-06,204323115625597.88,,,,0.0028591384,0.00017337059,0,no,SpeX Spectrograph,ShortXD,merged_v346nor_sxd_20150722.txt,1.0
2457225.7462704,2457225.7462704,2015-07-22,20150722,SXD,1.4675173,1.4675172999999998e-06,204285467707944.6,,,,0.0026959097,0.00014321375,0,no,SpeX Spectrograph,ShortXD,merged_v346nor_sxd_20150722.txt,1.0
2457225.7462704,2457225.7462704,2015-07-22,20150722,SXD,1.4677876,1.4677876e-06,204247847576856.47,,,,0.0026401898,0.00012656594,0,no,SpeX Spectrograph,ShortXD,merged_v346nor_sxd_20150722.txt,1.0
2457225.7462704,2457225.7462704,2015-07-22,20150722,SXD,1.4680581,1.4680580999999998e-06,204210213478608.25,,,,0.0025521766,0.00011665132,0,no,SpeX Spectrograph,ShortXD,merged_v346nor_sxd_20150722.txt,1.0
2457225.7462704,2457225.7462704,2015-07-22,20150722,SXD,1.4683285,1.4683284999999998e-06,204172607151601.3,,,,0.0024615941,0.00010837748,0,no,SpeX Spectrograph,ShortXD,merged_v346nor_sxd_20150722.txt,1.0
2457225.7462704,2457225.7462704,2015-07-22,20150722,SXD,1.4685988,1.4685988e-06,204135028572813.75,,,,0.0021513298,0.00010164069,0,no,SpeX Spectrograph,ShortXD,merged_v346nor_sxd_20150722.txt,1.0
2457225.7462704,2457225.7462704,2015-07-22,20150722,SXD,1.4688692,1.4688692000000001e-06,204097449929510.38,,,,0.0020658462,0.0001101869,0,no,SpeX Spectrograph,ShortXD,merged_v346nor_sxd_20150722.txt,1.0
2457225.7462704,2457225.7462704,2015-07-22,20150722,SXD,1.4691396,1.4691396000000001e-06,204059885119154.1,,,,0.002243812,0.0001716171,0,no,SpeX Spectrograph,ShortXD,merged_v346nor_sxd_20150722.txt,1.0
2457225.7462704,2457225.7462704,2015-07-22,20150722,SXD,1.4694099,1.4694099e-06,204022348018752.28,,,,0.0022852665,0.00023538338,0,no,SpeX Spectrograph,ShortXD,merged_v346nor_sxd_20150722.txt,1.0
2457225.7462704,2457225.7462704,2015-07-22,20150722,SXD,1.4696803,1.4696803e-06,203984810846277.25,,,,0.0021581717,0.00028933812,0,no,SpeX Spectrograph,ShortXD,merged_v346nor_sxd_20150722.txt,1.0
2457225.7462704,2457225.7462704,2015-07-22,20150722,SXD,1.4699507,1.4699507e-06,203947287483859.16,,,,0.0018224262,0.00029659356,0,no,SpeX Spectrograph,ShortXD,merged_v346nor_sxd_20150722.txt,1.0
2457225.7462704,2457225.7462704,2015-07-22,20150722,SXD,1.470221,1.4702209999999999e-06,203909791793206.62,,,,0.0021221035,0.00028912816,0,no,SpeX Spectrograph,ShortXD,merged_v346nor_sxd_20150722.txt,1.0
2457225.7462704,2457225.7462704,2015-07-22,20150722,SXD,1.4704914,1.4704913999999999e-06,203872296022948.53,,,,0.0018543948,0.0002524071,0,no,SpeX Spectrograph,ShortXD,merged_v346nor_sxd_20150722.txt,1.0
2457225.7462704,2457225.7462704,2015-07-22,20150722,SXD,1.4707618,1.4707617999999999e-06,203834814039907.78,,,,0.0018161389,0.00023630069,0,no,SpeX Spectrograph,ShortXD,merged_v346nor_sxd_20150722.txt,1.0
2457225.7462704,2457225.7462704,2015-07-22,20150722,SXD,1.4710321,1.4710321e-06,203797359690519.34,,,,0.0028443283,0.00023910298,0,no,SpeX Spectrograph,ShortXD,merged_v346nor_sxd_20150722.txt,1.0
2457225.7462704,2457225.7462704,2015-07-22,20150722,SXD,1.4713025,1.4713025e-06,203759905254018.12,,,,0.0029449004,0.00020401418,0,no,SpeX Spectrograph,ShortXD,merged_v346nor_sxd_20150722.txt,1.0
2457225.7462704,2457225.7462704,2015-07-22,20150722,SXD,1.4715729,1.4715729e-06,203722464581944.94,,,,0.0026749081,0.00015806162,0,no,SpeX Spectrograph,ShortXD,merged_v346nor_sxd_20150722.txt,1.0
2457225.7462704,2457225.7462704,2015-07-22,20150722,SXD,1.4718431,1.4718431e-06,203685065344261.22,,,,0.0023134225,0.00013655944,0,no,SpeX Spectrograph,ShortXD,merged_v346nor_sxd_20150722.txt,1.0
2457225.7462704,2457225.7462704,2015-07-22,20150722,SXD,1.4721135,1.4721135e-06,203647652168124.28,,,,0.0024510066,0.00013708186,0,no,SpeX Spectrograph,ShortXD,merged_v346nor_sxd_20150722.txt,1.0
2457225.7462704,2457225.7462704,2015-07-22,20150722,SXD,1.4723839,1.4723839e-06,203610252733679.06,,,,0.0023270985,0.00014989567,0,no,SpeX Spectrograph,ShortXD,merged_v346nor_sxd_20150722.txt,1.0
2457225.7462704,2457225.7462704,2015-07-22,20150722,SXD,1.4726541,1.4726540999999998e-06,203572894680427.7,,,,0.0028887577,0.00014984165,0,no,SpeX Spectrograph,ShortXD,merged_v346nor_sxd_20150722.txt,1.0
2457225.7462704,2457225.7462704,2015-07-22,20150722,SXD,1.4729245,1.4729244999999998e-06,203535522696512.97,,,,0.0028704552,0.0001443669,0,no,SpeX Spectrograph,ShortXD,merged_v346nor_sxd_20150722.txt,1.0
2457225.7462704,2457225.7462704,2015-07-22,20150722,SXD,1.4731947,1.4731947e-06,203498192058388.47,,,,0.0028472464,0.00013644977,0,no,SpeX Spectrograph,ShortXD,merged_v346nor_sxd_20150722.txt,1.0
2457225.7462704,2457225.7462704,2015-07-22,20150722,SXD,1.4734651,1.4734651e-06,203460847494793.06,,,,0.002215724,0.00014759091,0,no,SpeX Spectrograph,ShortXD,merged_v346nor_sxd_20150722.txt,1.0
2457225.7462704,2457225.7462704,2015-07-22,20150722,SXD,1.4737353,1.4737353e-06,203423544241628.75,,,,0.0025214653,0.00015606541,0,no,SpeX Spectrograph,ShortXD,merged_v346nor_sxd_20150722.txt,1.0
2457225.7462704,2457225.7462704,2015-07-22,20150722,SXD,1.4740057,1.4740057e-06,203386227068185.72,,,,0.0026608664,0.00015815857,0,no,SpeX Spectrograph,ShortXD,merged_v346nor_sxd_20150722.txt,1.0
2457225.7462704,2457225.7462704,2015-07-22,20150722,SXD,1.4742759,1.4742759e-06,203348951169859.03,,,,0.0028517714,0.0001334009,0,no,SpeX Spectrograph,ShortXD,merged_v346nor_sxd_20150722.txt,1.0
2457225.7462704,2457225.7462704,2015-07-22,20150722,SXD,1.4745463,1.4745463e-06,203311661356445.7,,,,0.0026850773,0.00011169629,0,no,SpeX Spectrograph,ShortXD,merged_v346nor_sxd_20150722.txt,1.0
2457225.7462704,2457225.7462704,2015-07-22,20150722,SXD,1.4748166,1.4748166e-06,203274398999848.53,,,,0.0024484182,9.4853422e-05,0,no,SpeX Spectrograph,ShortXD,merged_v346nor_sxd_20150722.txt,1.0
2457225.7462704,2457225.7462704,2015-07-22,20150722,SXD,1.4750868,1.4750867999999998e-06,203237164077395.34,,,,0.0023004911,9.4679031e-05,0,no,SpeX Spectrograph,ShortXD,merged_v346nor_sxd_20150722.txt,1.0
2457225.7462704,2457225.7462704,2015-07-22,20150722,SXD,1.4753572,1.4753571999999998e-06,203199915247643.1,,,,0.0021736291,0.00010269368,0,no,SpeX Spectrograph,ShortXD,merged_v346nor_sxd_20150722.txt,1.0
2457225.7462704,2457225.7462704,2015-07-22,20150722,SXD,1.4756274,1.4756274e-06,203162707604914.38,,,,0.0021089646,0.00011695111,0,no,SpeX Spectrograph,ShortXD,merged_v346nor_sxd_20150722.txt,1.0
2457225.7462704,2457225.7462704,2015-07-22,20150722,SXD,1.4758977,1.4758976999999998e-06,203125499822921.34,,,,0.0023476328,0.0001283723,0,no,SpeX Spectrograph,ShortXD,merged_v346nor_sxd_20150722.txt,1.0
2457225.7462704,2457225.7462704,2015-07-22,20150722,SXD,1.4761679,1.4761679e-06,203088319424910.94,,,,0.0025172653,0.00012825034,0,no,SpeX Spectrograph,ShortXD,merged_v346nor_sxd_20150722.txt,1.0
2457225.7462704,2457225.7462704,2015-07-22,20150722,SXD,1.4764383,1.4764383e-06,203051125129983.44,,,,0.0024299929,0.00013093819,0,no,SpeX Spectrograph,ShortXD,merged_v346nor_sxd_20150722.txt,1.0
2457225.7462704,2457225.7462704,2015-07-22,20150722,SXD,1.4767085,1.4767085e-06,203013971951810.4,,,,0.0026131992,0.00014573852,0,no,SpeX Spectrograph,ShortXD,merged_v346nor_sxd_20150722.txt,1.0
2457225.7462704,2457225.7462704,2015-07-22,20150722,SXD,1.4769788,1.4769787999999998e-06,202976818624614.0,,,,0.0024298562,0.00015701844,0,no,SpeX Spectrograph,ShortXD,merged_v346nor_sxd_20150722.txt,1.0
2457225.7462704,2457225.7462704,2015-07-22,20150722,SXD,1.477249,1.4772489999999999e-06,202939692631370.9,,,,0.0024351685,0.00016763525,0,no,SpeX Spectrograph,ShortXD,merged_v346nor_sxd_20150722.txt,1.0
2457225.7462704,2457225.7462704,2015-07-22,20150722,SXD,1.4775193,1.4775193e-06,202902566484241.53,,,,0.0025028836,0.00018486747,0,no,SpeX Spectrograph,ShortXD,merged_v346nor_sxd_20150722.txt,1.0
2457225.7462704,2457225.7462704,2015-07-22,20150722,SXD,1.4777895,1.4777895e-06,202865467646102.5,,,,0.0027580992,0.00021815501,0,no,SpeX Spectrograph,ShortXD,merged_v346nor_sxd_20150722.txt,1.0
2457225.7462704,2457225.7462704,2015-07-22,20150722,SXD,1.4780598,1.4780598e-06,202828368649225.16,,,,0.0027185364,0.0002192173,0,no,SpeX Spectrograph,ShortXD,merged_v346nor_sxd_20150722.txt,1.0
2457225.7462704,2457225.7462704,2015-07-22,20150722,SXD,1.47833,1.4783299999999999e-06,202791296936408.0,,,,0.0029594908,0.00020901837,0,no,SpeX Spectrograph,ShortXD,merged_v346nor_sxd_20150722.txt,1.0
2457225.7462704,2457225.7462704,2015-07-22,20150722,SXD,1.4786003,1.4786003e-06,202754225060011.16,,,,0.0030199003,0.00018291893,0,no,SpeX Spectrograph,ShortXD,merged_v346nor_sxd_20150722.txt,1.0
2457225.7462704,2457225.7462704,2015-07-22,20150722,SXD,1.4788704,1.4788704e-06,202717194150346.12,,,,0.0026702993,0.00015403453,0,no,SpeX Spectrograph,ShortXD,merged_v346nor_sxd_20150722.txt,1.0
2457225.7462704,2457225.7462704,2015-07-22,20150722,SXD,1.4791406,1.4791406e-06,202680163062253.84,,,,0.0024723248,0.00014325557,0,no,SpeX Spectrograph,ShortXD,merged_v346nor_sxd_20150722.txt,1.0
2457225.7462704,2457225.7462704,2015-07-22,20150722,SXD,1.4794109,1.4794109e-06,202643131803341.47,,,,0.0024476314,0.00017273345,0,no,SpeX Spectrograph,ShortXD,merged_v346nor_sxd_20150722.txt,1.0
2457225.7462704,2457225.7462704,2015-07-22,20150722,SXD,1.4796811,1.4796811e-06,202606127766313.97,,,,0.0025982116,0.00019941984,0,no,SpeX Spectrograph,ShortXD,merged_v346nor_sxd_20150722.txt,1.0
2457225.7462704,2457225.7462704,2015-07-22,20150722,SXD,1.4799513,1.4799513e-06,202569137241205.16,,,,0.0023308548,0.00022392687,0,no,SpeX Spectrograph,ShortXD,merged_v346nor_sxd_20150722.txt,1.0
2457225.7462704,2457225.7462704,2015-07-22,20150722,SXD,1.4802215,1.4802215e-06,202532160220615.62,,,,0.0023022348,0.00024542189,0,no,SpeX Spectrograph,ShortXD,merged_v346nor_sxd_20150722.txt,1.0
2457225.7462704,2457225.7462704,2015-07-22,20150722,SXD,1.4804918,1.4804918e-06,202495183019588.5,,,,0.0026104932,0.00022910952,0,no,SpeX Spectrograph,ShortXD,merged_v346nor_sxd_20150722.txt,1.0
2457225.7462704,2457225.7462704,2015-07-22,20150722,SXD,1.4807619,1.4807619e-06,202458246663423.75,,,,0.0028232408,0.00018180678,0,no,SpeX Spectrograph,ShortXD,merged_v346nor_sxd_20150722.txt,1.0
2457225.7462704,2457225.7462704,2015-07-22,20150722,SXD,1.4810321,1.4810320999999999e-06,202421310112049.6,,,,0.0028432875,0.00013844774,0,no,SpeX Spectrograph,ShortXD,merged_v346nor_sxd_20150722.txt,1.0
2457225.7462704,2457225.7462704,2015-07-22,20150722,SXD,1.4813024,1.4813024e-06,202384373373053.34,,,,0.002531989,0.00011090103,0,no,SpeX Spectrograph,ShortXD,merged_v346nor_sxd_20150722.txt,1.0
2457225.7462704,2457225.7462704,2015-07-22,20150722,SXD,1.4815725,1.4815725e-06,202347477426855.6,,,,0.0025376396,0.00010272287,0,no,SpeX Spectrograph,ShortXD,merged_v346nor_sxd_20150722.txt,1.0
2457225.7462704,2457225.7462704,2015-07-22,20150722,SXD,1.4818426,1.4818425999999999e-06,202310594930932.62,,,,0.0022680215,0.00010903816,0,no,SpeX Spectrograph,ShortXD,merged_v346nor_sxd_20150722.txt,1.0
2457225.7462704,2457225.7462704,2015-07-22,20150722,SXD,1.4821129,1.4821129e-06,202273698582611.34,,,,0.0027460756,0.00012161611,0,no,SpeX Spectrograph,ShortXD,merged_v346nor_sxd_20150722.txt,1.0
2457225.7462704,2457225.7462704,2015-07-22,20150722,SXD,1.482383,1.482383e-06,202236842975128.56,,,,0.0030819068,0.00014197351,0,no,SpeX Spectrograph,ShortXD,merged_v346nor_sxd_20150722.txt,1.0
2457225.7462704,2457225.7462704,2015-07-22,20150722,SXD,1.4826533,1.4826532999999998e-06,202199973520444.75,,,,0.0026044312,0.00018272309,0,no,SpeX Spectrograph,ShortXD,merged_v346nor_sxd_20150722.txt,1.0
2457225.7462704,2457225.7462704,2015-07-22,20150722,SXD,1.4829234,1.4829234e-06,202163144772009.12,,,,0.0028031627,0.00020632101,0,no,SpeX Spectrograph,ShortXD,merged_v346nor_sxd_20150722.txt,1.0
2457225.7462704,2457225.7462704,2015-07-22,20150722,SXD,1.4831935,1.4831935e-06,202126329437123.34,,,,0.0027707089,0.00021001977,0,no,SpeX Spectrograph,ShortXD,merged_v346nor_sxd_20150722.txt,1.0
2457225.7462704,2457225.7462704,2015-07-22,20150722,SXD,1.4834638,1.4834637999999998e-06,202089500262830.84,,,,0.0026305954,0.00020581126,0,no,SpeX Spectrograph,ShortXD,merged_v346nor_sxd_20150722.txt,1.0
2457225.7462704,2457225.7462704,2015-07-22,20150722,SXD,1.4837339,1.4837339e-06,202052711742988.4,,,,0.0027116004,0.00018596489,0,no,SpeX Spectrograph,ShortXD,merged_v346nor_sxd_20150722.txt,1.0
2457225.7462704,2457225.7462704,2015-07-22,20150722,SXD,1.484004,1.484004e-06,202015936614726.1,,,,0.0026645213,0.00014376313,0,no,SpeX Spectrograph,ShortXD,merged_v346nor_sxd_20150722.txt,1.0
2457225.7462704,2457225.7462704,2015-07-22,20150722,SXD,1.4842741,1.4842740999999998e-06,201979174870733.12,,,,0.0024983638,0.00011575539,0,no,SpeX Spectrograph,ShortXD,merged_v346nor_sxd_20150722.txt,1.0
2457225.7462704,2457225.7462704,2015-07-22,20150722,SXD,1.4845443,1.4845443e-06,201942412900713.03,,,,0.0025997101,0.00010919385,0,no,SpeX Spectrograph,ShortXD,merged_v346nor_sxd_20150722.txt,1.0
2457225.7462704,2457225.7462704,2015-07-22,20150722,SXD,1.4848145,1.4848144999999998e-06,201905664310255.62,,,,0.0027220671,0.0001081295,0,no,SpeX Spectrograph,ShortXD,merged_v346nor_sxd_20150722.txt,1.0
2457225.7462704,2457225.7462704,2015-07-22,20150722,SXD,1.4850847,1.4850847e-06,201868929092057.84,,,,0.0028160517,0.0001026039,0,no,SpeX Spectrograph,ShortXD,merged_v346nor_sxd_20150722.txt,1.0
2457225.7462704,2457225.7462704,2015-07-22,20150722,SXD,1.4853548,1.4853548e-06,201832220826970.1,,,,0.0027038276,0.00010055921,0,no,SpeX Spectrograph,ShortXD,merged_v346nor_sxd_20150722.txt,1.0
2457225.7462704,2457225.7462704,2015-07-22,20150722,SXD,1.4856249,1.4856249e-06,201795525909669.4,,,,0.0025085353,0.00011050735,0,no,SpeX Spectrograph,ShortXD,merged_v346nor_sxd_20150722.txt,1.0
2457225.7462704,2457225.7462704,2015-07-22,20150722,SXD,1.485895,1.485895e-06,201758844332876.84,,,,0.0027665473,0.00013332897,0,no,SpeX Spectrograph,ShortXD,merged_v346nor_sxd_20150722.txt,1.0
2457225.7462704,2457225.7462704,2015-07-22,20150722,SXD,1.4861652,1.4861652e-06,201722162515984.1,,,,0.0025622426,0.00015139567,0,no,SpeX Spectrograph,ShortXD,merged_v346nor_sxd_20150722.txt,1.0
2457225.7462704,2457225.7462704,2015-07-22,20150722,SXD,1.4864352,1.4864352e-06,201685521171726.8,,,,0.0026442658,0.00016423677,0,no,SpeX Spectrograph,ShortXD,merged_v346nor_sxd_20150722.txt,1.0
2457225.7462704,2457225.7462704,2015-07-22,20150722,SXD,1.4867053,1.4867052999999998e-06,201648879572838.03,,,,0.0026682918,0.00017162574,0,no,SpeX Spectrograph,ShortXD,merged_v346nor_sxd_20150722.txt,1.0
2457225.7462704,2457225.7462704,2015-07-22,20150722,SXD,1.4869754,1.4869753999999998e-06,201612251285394.53,,,,0.0026599509,0.00015746438,0,no,SpeX Spectrograph,ShortXD,merged_v346nor_sxd_20150722.txt,1.0
2457225.7462704,2457225.7462704,2015-07-22,20150722,SXD,1.4872456,1.4872456e-06,201575622748522.5,,,,0.0032020062,0.00013043341,0,no,SpeX Spectrograph,ShortXD,merged_v346nor_sxd_20150722.txt,1.0
2457225.7462704,2457225.7462704,2015-07-22,20150722,SXD,1.4875157,1.4875157e-06,201539021067139.0,,,,0.0029900805,0.00011699364,0,no,SpeX Spectrograph,ShortXD,merged_v346nor_sxd_20150722.txt,1.0
2457225.7462704,2457225.7462704,2015-07-22,20150722,SXD,1.4877857,1.4877857e-06,201502446219237.1,,,,0.0031237782,0.00013828093,0,no,SpeX Spectrograph,ShortXD,merged_v346nor_sxd_20150722.txt,1.0
2457225.7462704,2457225.7462704,2015-07-22,20150722,SXD,1.4880558,1.4880558e-06,201465871105102.38,,,,0.0027567637,0.00020524322,0,no,SpeX Spectrograph,ShortXD,merged_v346nor_sxd_20150722.txt,1.0
2457225.7462704,2457225.7462704,2015-07-22,20150722,SXD,1.488326,1.4883259999999999e-06,201429295732252.22,,,,0.0024933529,0.00025661409,0,no,SpeX Spectrograph,ShortXD,merged_v346nor_sxd_20150722.txt,1.0
2457225.7462704,2457225.7462704,2015-07-22,20150722,SXD,1.4885961,1.4885961e-06,201392747166272.97,,,,0.0030048718,0.00026162082,0,no,SpeX Spectrograph,ShortXD,merged_v346nor_sxd_20150722.txt,1.0
2457225.7462704,2457225.7462704,2015-07-22,20150722,SXD,1.4888661,1.4888661000000001e-06,201356225385210.9,,,,0.0028061618,0.00024557183,0,no,SpeX Spectrograph,ShortXD,merged_v346nor_sxd_20150722.txt,1.0
2457225.7462704,2457225.7462704,2015-07-22,20150722,SXD,1.4891362,1.4891361999999999e-06,201319703328681.44,,,,0.0030856759,0.00022368949,0,no,SpeX Spectrograph,ShortXD,merged_v346nor_sxd_20150722.txt,1.0
2457225.7462704,2457225.7462704,2015-07-22,20150722,SXD,1.4894062,1.4894062e-06,201283208032838.88,,,,0.0024051324,0.00016603206,0,no,SpeX Spectrograph,ShortXD,merged_v346nor_sxd_20150722.txt,1.0
2457225.7462704,2457225.7462704,2015-07-22,20150722,SXD,1.4896764,1.4896763999999998e-06,201246698947502.97,,,,0.0027602757,0.00011632943,0,no,SpeX Spectrograph,ShortXD,merged_v346nor_sxd_20150722.txt,1.0
2457225.7462704,2457225.7462704,2015-07-22,20150722,SXD,1.4899464,1.4899463999999999e-06,201210230112975.9,,,,0.0028424098,0.0001000267,0,no,SpeX Spectrograph,ShortXD,merged_v346nor_sxd_20150722.txt,1.0
2457225.7462704,2457225.7462704,2015-07-22,20150722,SXD,1.4902165,1.4902165e-06,201173760993788.47,,,,0.0027814193,9.9718403e-05,0,no,SpeX Spectrograph,ShortXD,merged_v346nor_sxd_20150722.txt,1.0
2457225.7462704,2457225.7462704,2015-07-22,20150722,SXD,1.4904865,1.4904865e-06,201137318586917.78,,,,0.0029426231,0.00010294344,0,no,SpeX Spectrograph,ShortXD,merged_v346nor_sxd_20150722.txt,1.0
2457225.7462704,2457225.7462704,2015-07-22,20150722,SXD,1.4907565,1.4907565e-06,201100889380660.1,,,,0.0026016724,0.00010179528,0,no,SpeX Spectrograph,ShortXD,merged_v346nor_sxd_20150722.txt,1.0
2457225.7462704,2457225.7462704,2015-07-22,20150722,SXD,1.4910266,1.4910266e-06,201064459882875.34,,,,0.0026759193,0.00010482268,0,no,SpeX Spectrograph,ShortXD,merged_v346nor_sxd_20150722.txt,1.0
2457225.7462704,2457225.7462704,2015-07-22,20150722,SXD,1.4912966,1.4912966e-06,201028057061217.75,,,,0.0027041284,0.00010902104,0,no,SpeX Spectrograph,ShortXD,merged_v346nor_sxd_20150722.txt,1.0
2457225.7462704,2457225.7462704,2015-07-22,20150722,SXD,1.4915667,1.4915667e-06,200991653943467.62,,,,0.0027708528,0.00010303799,0,no,SpeX Spectrograph,ShortXD,merged_v346nor_sxd_20150722.txt,1.0
2457225.7462704,2457225.7462704,2015-07-22,20150722,SXD,1.4918368,1.4918368e-06,200955264007430.3,,,,0.0027448814,9.6728043e-05,0,no,SpeX Spectrograph,ShortXD,merged_v346nor_sxd_20150722.txt,1.0
2457225.7462704,2457225.7462704,2015-07-22,20150722,SXD,1.4921068,1.4921068e-06,200918900711396.8,,,,0.0027582655,9.7692275e-05,0,no,SpeX Spectrograph,ShortXD,merged_v346nor_sxd_20150722.txt,1.0
2457225.7462704,2457225.7462704,2015-07-22,20150722,SXD,1.4923768,1.4923767999999998e-06,200882550573018.84,,,,0.0027997296,0.00011379945,0,no,SpeX Spectrograph,ShortXD,merged_v346nor_sxd_20150722.txt,1.0
2457225.7462704,2457225.7462704,2015-07-22,20150722,SXD,1.4926468,1.4926467999999998e-06,200846213585156.28,,,,0.0030045551,0.00014136489,0,no,SpeX Spectrograph,ShortXD,merged_v346nor_sxd_20150722.txt,1.0
2457225.7462704,2457225.7462704,2015-07-22,20150722,SXD,1.4929168,1.4929167999999999e-06,200809889740674.12,,,,0.003054739,0.00015363994,0,no,SpeX Spectrograph,ShortXD,merged_v346nor_sxd_20150722.txt,1.0
2457225.7462704,2457225.7462704,2015-07-22,20150722,SXD,1.4931868,1.4931868e-06,200773579032442.56,,,,0.0028192666,0.00015487865,0,no,SpeX Spectrograph,ShortXD,merged_v346nor_sxd_20150722.txt,1.0
2457225.7462704,2457225.7462704,2015-07-22,20150722,SXD,1.493457,1.493457e-06,200737254571105.8,,,,0.0028392486,0.00014497273,0,no,SpeX Spectrograph,ShortXD,merged_v346nor_sxd_20150722.txt,1.0
2457225.7462704,2457225.7462704,2015-07-22,20150722,SXD,1.493727,1.4937269999999999e-06,200700970123724.1,,,,0.0027514896,0.0001220002,0,no,SpeX Spectrograph,ShortXD,merged_v346nor_sxd_20150722.txt,1.0
2457225.7462704,2457225.7462704,2015-07-22,20150722,SXD,1.493997,1.493997e-06,200664698791229.2,,,,0.0026947414,9.6161471e-05,0,no,SpeX Spectrograph,ShortXD,merged_v346nor_sxd_20150722.txt,1.0
2457225.7462704,2457225.7462704,2015-07-22,20150722,SXD,1.4942669,1.4942668999999998e-06,200628453993058.44,,,,0.0026612016,8.7255758e-05,0,no,SpeX Spectrograph,ShortXD,merged_v346nor_sxd_20150722.txt,1.0
2457225.7462704,2457225.7462704,2015-07-22,20150722,SXD,1.4945369,1.4945368999999999e-06,200592208864163.9,,,,0.0028994386,8.9815738e-05,0,no,SpeX Spectrograph,ShortXD,merged_v346nor_sxd_20150722.txt,1.0
2457225.7462704,2457225.7462704,2015-07-22,20150722,SXD,1.4948069,1.4948069e-06,200555976828846.6,,,,0.0026532339,9.1793081e-05,0,no,SpeX Spectrograph,ShortXD,merged_v346nor_sxd_20150722.txt,1.0
2457225.7462704,2457225.7462704,2015-07-22,20150722,SXD,1.4950769,1.4950769e-06,200519757880012.75,,,,0.0028189893,8.8494286e-05,0,no,SpeX Spectrograph,ShortXD,merged_v346nor_sxd_20150722.txt,1.0
2457225.7462704,2457225.7462704,2015-07-22,20150722,SXD,1.4953469,1.4953468999999998e-06,200483552010573.62,,,,0.0028064556,8.952499e-05,0,no,SpeX Spectrograph,ShortXD,merged_v346nor_sxd_20150722.txt,1.0
2457225.7462704,2457225.7462704,2015-07-22,20150722,SXD,1.4956169,1.4956168999999998e-06,200447359213445.66,,,,0.0027854368,9.1857553e-05,0,no,SpeX Spectrograph,ShortXD,merged_v346nor_sxd_20150722.txt,1.0
2457225.7462704,2457225.7462704,2015-07-22,20150722,SXD,1.4958869,1.4958868999999999e-06,200411179481550.4,,,,0.002902216,9.0780617e-05,0,no,SpeX Spectrograph,ShortXD,merged_v346nor_sxd_20150722.txt,1.0
2457225.7462704,2457225.7462704,2015-07-22,20150722,SXD,1.4961568,1.4961568e-06,200375026200462.4,,,,0.0027967189,9.1390219e-05,0,no,SpeX Spectrograph,ShortXD,merged_v346nor_sxd_20150722.txt,1.0
2457225.7462704,2457225.7462704,2015-07-22,20150722,SXD,1.4964268,1.4964268e-06,200338872572985.2,,,,0.003068377,9.2342438e-05,0,no,SpeX Spectrograph,ShortXD,merged_v346nor_sxd_20150722.txt,1.0
2457225.7462704,2457225.7462704,2015-07-22,20150722,SXD,1.4966968,1.4966968e-06,200302731989538.56,,,,0.0030043963,9.1394308e-05,0,no,SpeX Spectrograph,ShortXD,merged_v346nor_sxd_20150722.txt,1.0
2457225.7462704,2457225.7462704,2015-07-22,20150722,SXD,1.4969667,1.4969667e-06,200266617821224.75,,,,0.0029766222,8.7349537e-05,0,no,SpeX Spectrograph,ShortXD,merged_v346nor_sxd_20150722.txt,1.0
2457225.7462704,2457225.7462704,2015-07-22,20150722,SXD,1.4972367,1.4972367e-06,200230503299845.66,,,,0.0029377081,8.3172192e-05,0,no,SpeX Spectrograph,ShortXD,merged_v346nor_sxd_20150722.txt,1.0
2457225.7462704,2457225.7462704,2015-07-22,20150722,SXD,1.4975066,1.4975065999999999e-06,200194415169856.38,,,,0.0028754738,8.2275154e-05,0,no,SpeX Spectrograph,ShortXD,merged_v346nor_sxd_20150722.txt,1.0
2457225.7462704,2457225.7462704,2015-07-22,20150722,SXD,1.4977766,1.4977766e-06,200158326682363.72,,,,0.0029250884,8.4596039e-05,0,no,SpeX Spectrograph,ShortXD,merged_v346nor_sxd_20150722.txt,1.0
2457225.7462704,2457225.7462704,2015-07-22,20150722,SXD,1.4980466,1.4980465999999997e-06,200122251203667.53,,,,0.0029152271,8.7762812e-05,0,no,SpeX Spectrograph,ShortXD,merged_v346nor_sxd_20150722.txt,1.0
2457225.7462704,2457225.7462704,2015-07-22,20150722,SXD,1.4983165,1.4983165e-06,200086202080802.0,,,,0.002959888,8.8742825e-05,0,no,SpeX Spectrograph,ShortXD,merged_v346nor_sxd_20150722.txt,1.0
2457225.7462704,2457225.7462704,2015-07-22,20150722,SXD,1.4985864,1.4985864e-06,200050165943051.4,,,,0.0031505446,8.9663001e-05,0,no,SpeX Spectrograph,ShortXD,merged_v346nor_sxd_20150722.txt,1.0
2457225.7462704,2457225.7462704,2015-07-22,20150722,SXD,1.4988564,1.4988564e-06,200014129438950.94,,,,0.0031048285,9.7079072e-05,0,no,SpeX Spectrograph,ShortXD,merged_v346nor_sxd_20150722.txt,1.0
2457225.7462704,2457225.7462704,2015-07-22,20150722,SXD,1.4991263,1.4991262999999999e-06,199978119255195.53,,,,0.0029915457,8.9261477e-05,0,no,SpeX Spectrograph,ShortXD,merged_v346nor_sxd_20150722.txt,1.0
2457225.7462704,2457225.7462704,2015-07-22,20150722,SXD,1.4993963,1.4993963e-06,199942108700681.75,,,,0.0029331285,8.9510911e-05,0,no,SpeX Spectrograph,ShortXD,merged_v346nor_sxd_20150722.txt,1.0
2457225.7462704,2457225.7462704,2015-07-22,20150722,SXD,1.4996662,1.4996662e-06,199906124442892.7,,,,0.0030415165,8.965809e-05,0,no,SpeX Spectrograph,ShortXD,merged_v346nor_sxd_20150722.txt,1.0
2457225.7462704,2457225.7462704,2015-07-22,20150722,SXD,1.4999361,1.4999361e-06,199870153135190.25,,,,0.0030914543,8.9631911e-05,0,no,SpeX Spectrograph,ShortXD,merged_v346nor_sxd_20150722.txt,1.0
2457225.7462704,2457225.7462704,2015-07-22,20150722,SXD,1.500206,1.5002059999999998e-06,199834194770584.88,,,,0.0032086375,9.5582669e-05,0,no,SpeX Spectrograph,ShortXD,merged_v346nor_sxd_20150722.txt,1.0
2457225.7462704,2457225.7462704,2015-07-22,20150722,SXD,1.500476,1.5004759999999998e-06,199798236026434.3,,,,0.0030881448,8.9263078e-05,0,no,SpeX Spectrograph,ShortXD,merged_v346nor_sxd_20150722.txt,1.0
2457225.7462704,2457225.7462704,2015-07-22,20150722,SXD,1.5007459,1.5007459e-06,199762303531863.72,,,,0.0030364434,8.9146452e-05,0,no,SpeX Spectrograph,ShortXD,merged_v346nor_sxd_20150722.txt,1.0
2457225.7462704,2457225.7462704,2015-07-22,20150722,SXD,1.5010158,1.5010158e-06,199726383959449.3,,,,0.0029570744,8.7566332e-05,0,no,SpeX Spectrograph,ShortXD,merged_v346nor_sxd_20150722.txt,1.0
2457225.7462704,2457225.7462704,2015-07-22,20150722,SXD,1.5012857,1.5012857e-06,199690477302221.7,,,,0.0028872998,8.4396554e-05,0,no,SpeX Spectrograph,ShortXD,merged_v346nor_sxd_20150722.txt,1.0
2457225.7462704,2457225.7462704,2015-07-22,20150722,SXD,1.5015556,1.5015556e-06,199654583553216.4,,,,0.0028827707,8.5300788e-05,0,no,SpeX Spectrograph,ShortXD,merged_v346nor_sxd_20150722.txt,1.0
2457225.7462704,2457225.7462704,2015-07-22,20150722,SXD,1.5018255,1.5018255e-06,199618702705474.12,,,,0.0028914716,8.6351603e-05,0,no,SpeX Spectrograph,ShortXD,merged_v346nor_sxd_20150722.txt,1.0
2457225.7462704,2457225.7462704,2015-07-22,20150722,SXD,1.5020953,1.5020952999999999e-06,199582848039002.6,,,,0.0029676012,8.8930443e-05,0,no,SpeX Spectrograph,ShortXD,merged_v346nor_sxd_20150722.txt,1.0
2457225.7462704,2457225.7462704,2015-07-22,20150722,SXD,1.5023652,1.5023652e-06,199546992968154.47,,,,0.003045524,9.0961461e-05,0,no,SpeX Spectrograph,ShortXD,merged_v346nor_sxd_20150722.txt,1.0
2457225.7462704,2457225.7462704,2015-07-22,20150722,SXD,1.5026351,1.5026350999999999e-06,199511150777723.75,,,,0.0031352299,0.00010100903,0,no,SpeX Spectrograph,ShortXD,merged_v346nor_sxd_20150722.txt,1.0
2457225.7462704,2457225.7462704,2015-07-22,20150722,SXD,1.502905,1.502905e-06,199475321460770.97,,,,0.0029624512,9.3494549e-05,0,no,SpeX Spectrograph,ShortXD,merged_v346nor_sxd_20150722.txt,1.0
2457225.7462704,2457225.7462704,2015-07-22,20150722,SXD,1.5031749,1.5031749e-06,199439505010361.72,,,,0.0031207092,9.428971e-05,0,no,SpeX Spectrograph,ShortXD,merged_v346nor_sxd_20150722.txt,1.0
2457225.7462704,2457225.7462704,2015-07-22,20150722,SXD,1.5034448,1.5034448e-06,199403701419566.6,,,,0.0028934309,9.340902e-05,0,no,SpeX Spectrograph,ShortXD,merged_v346nor_sxd_20150722.txt,1.0
2457225.7462704,2457225.7462704,2015-07-22,20150722,SXD,1.5037147,1.5037146999999999e-06,199367910681461.06,,,,0.0029417931,0.00010045107,0,no,SpeX Spectrograph,ShortXD,merged_v346nor_sxd_20150722.txt,1.0
2457225.7462704,2457225.7462704,2015-07-22,20150722,SXD,1.5039846,1.5039845999999997e-06,199332132789125.66,,,,0.0030908813,0.00010203674,0,no,SpeX Spectrograph,ShortXD,merged_v346nor_sxd_20150722.txt,1.0
2457225.7462704,2457225.7462704,2015-07-22,20150722,SXD,1.5042545,1.5042545e-06,199296367735645.78,,,,0.0033596156,0.00011358713,0,no,SpeX Spectrograph,ShortXD,merged_v346nor_sxd_20150722.txt,1.0
2457225.7462704,2457225.7462704,2015-07-22,20150722,SXD,1.5045242,1.5045242e-06,199260642002302.12,,,,0.0033348086,0.00015695218,0,no,SpeX Spectrograph,ShortXD,merged_v346nor_sxd_20150722.txt,1.0
2457225.7462704,2457225.7462704,2015-07-22,20150722,SXD,1.5047941,1.5047941e-06,199224902596308.7,,,,0.0033627185,0.00026356018,0,no,SpeX Spectrograph,ShortXD,merged_v346nor_sxd_20150722.txt,1.0
2457225.7462704,2457225.7462704,2015-07-22,20150722,SXD,1.505064,1.5050639999999999e-06,199189176008462.12,,,,0.0032836727,0.00035061172,0,no,SpeX Spectrograph,ShortXD,merged_v346nor_sxd_20150722.txt,1.0
2457225.7462704,2457225.7462704,2015-07-22,20150722,SXD,1.5053338,1.5053338e-06,199153475461721.5,,,,0.0032404009,0.00036892135,0,no,SpeX Spectrograph,ShortXD,merged_v346nor_sxd_20150722.txt,1.0
2457225.7462704,2457225.7462704,2015-07-22,20150722,SXD,1.5056037,1.5056037e-06,199117774484746.56,,,,0.0028099115,0.00036114216,0,no,SpeX Spectrograph,ShortXD,merged_v346nor_sxd_20150722.txt,1.0
2457225.7462704,2457225.7462704,2015-07-22,20150722,SXD,1.5058736,1.5058735999999998e-06,199082086305251.7,,,,0.003274916,0.00033222107,0,no,SpeX Spectrograph,ShortXD,merged_v346nor_sxd_20150722.txt,1.0
2457225.7462704,2457225.7462704,2015-07-22,20150722,SXD,1.5061433,1.5061432999999998e-06,199046437347628.25,,,,0.0031044891,0.00026616972,0,no,SpeX Spectrograph,ShortXD,merged_v346nor_sxd_20150722.txt,1.0
2457225.7462704,2457225.7462704,2015-07-22,20150722,SXD,1.5064132,1.5064132e-06,199010774732988.28,,,,0.0037105421,0.00022060375,0,no,SpeX Spectrograph,ShortXD,merged_v346nor_sxd_20150722.txt,1.0
2457225.7462704,2457225.7462704,2015-07-22,20150722,SXD,1.506683,1.5066829999999999e-06,198975138101379.0,,,,0.0034002082,0.00020884223,0,no,SpeX Spectrograph,ShortXD,merged_v346nor_sxd_20150722.txt,1.0
2457225.7462704,2457225.7462704,2015-07-22,20150722,SXD,1.5069529,1.5069529e-06,198939501028864.28,,,,0.0030422194,0.00020812431,0,no,SpeX Spectrograph,ShortXD,merged_v346nor_sxd_20150722.txt,1.0
2457225.7462704,2457225.7462704,2015-07-22,20150722,SXD,1.5072227,1.5072227e-06,198903889916201.5,,,,0.0030385489,0.00019531629,0,no,SpeX Spectrograph,ShortXD,merged_v346nor_sxd_20150722.txt,1.0
2457225.7462704,2457225.7462704,2015-07-22,20150722,SXD,1.5074925,1.5074924999999999e-06,198868291550372.56,,,,0.0029550786,0.00015389609,0,no,SpeX Spectrograph,ShortXD,merged_v346nor_sxd_20150722.txt,1.0
2457225.7462704,2457225.7462704,2015-07-22,20150722,SXD,1.5077623,1.5077623e-06,198832705924534.66,,,,0.0031476694,0.0001172902,0,no,SpeX Spectrograph,ShortXD,merged_v346nor_sxd_20150722.txt,1.0
2457225.7462704,2457225.7462704,2015-07-22,20150722,SXD,1.5080321,1.5080321e-06,198797133031849.9,,,,0.0029172138,0.0001140071,0,no,SpeX Spectrograph,ShortXD,merged_v346nor_sxd_20150722.txt,1.0
2457225.7462704,2457225.7462704,2015-07-22,20150722,SXD,1.508302,1.5083019999999999e-06,198761559687648.78,,,,0.0029726997,0.00013067604,0,no,SpeX Spectrograph,ShortXD,merged_v346nor_sxd_20150722.txt,1.0
2457225.7462704,2457225.7462704,2015-07-22,20150722,SXD,1.5085717,1.5085717e-06,198726025418612.84,,,,0.0031916718,0.00014442526,0,no,SpeX Spectrograph,ShortXD,merged_v346nor_sxd_20150722.txt,1.0
2457225.7462704,2457225.7462704,2015-07-22,20150722,SXD,1.5088415,1.5088414999999998e-06,198690490684409.22,,,,0.0030473557,0.00014948699,0,no,SpeX Spectrograph,ShortXD,merged_v346nor_sxd_20150722.txt,1.0
2457225.7462704,2457225.7462704,2015-07-22,20150722,SXD,1.5091113,1.5091113e-06,198654968656056.06,,,,0.0032378878,0.00014196886,0,no,SpeX Spectrograph,ShortXD,merged_v346nor_sxd_20150722.txt,1.0
2457225.7462704,2457225.7462704,2015-07-22,20150722,SXD,1.5093812,1.5093811999999999e-06,198619446167740.8,,,,0.003282978,0.00012148826,0,no,SpeX Spectrograph,ShortXD,merged_v346nor_sxd_20150722.txt,1.0
2457225.7462704,2457225.7462704,2015-07-22,20150722,SXD,1.5096509,1.5096509e-06,198583962689652.3,,,,0.0034343938,0.00010089817,0,no,SpeX Spectrograph,ShortXD,merged_v346nor_sxd_20150722.txt,1.0
2457225.7462704,2457225.7462704,2015-07-22,20150722,SXD,1.5099207,1.5099206999999998e-06,198548478737989.38,,,,0.0032485321,9.0549773e-05,0,no,SpeX Spectrograph,ShortXD,merged_v346nor_sxd_20150722.txt,1.0
2457225.7462704,2457225.7462704,2015-07-22,20150722,SXD,1.5101905,1.5101905e-06,198513007464952.28,,,,0.0031952707,8.8997615e-05,0,no,SpeX Spectrograph,ShortXD,merged_v346nor_sxd_20150722.txt,1.0
2457225.7462704,2457225.7462704,2015-07-22,20150722,SXD,1.5104603,1.5104603e-06,198477548863747.03,,,,0.0031973827,9.0646688e-05,0,no,SpeX Spectrograph,ShortXD,merged_v346nor_sxd_20150722.txt,1.0
2457225.7462704,2457225.7462704,2015-07-22,20150722,SXD,1.51073,1.5107299999999998e-06,198442116063095.34,,,,0.0031108428,9.4559487e-05,0,no,SpeX Spectrograph,ShortXD,merged_v346nor_sxd_20150722.txt,1.0
2457225.7462704,2457225.7462704,2015-07-22,20150722,SXD,1.5109998,1.5109998e-06,198406682780500.72,,,,0.0033102408,9.6738571e-05,0,no,SpeX Spectrograph,ShortXD,merged_v346nor_sxd_20150722.txt,1.0
2457225.7462704,2457225.7462704,2015-07-22,20150722,SXD,1.5112696,1.5112696e-06,198371262149387.5,,,,0.0033041136,9.8753801e-05,0,no,SpeX Spectrograph,ShortXD,merged_v346nor_sxd_20150722.txt,1.0
2457225.7462704,2457225.7462704,2015-07-22,20150722,SXD,1.5115393,1.5115392999999999e-06,198335867284429.88,,,,0.0031947705,9.6750184e-05,0,no,SpeX Spectrograph,ShortXD,merged_v346nor_sxd_20150722.txt,1.0
2457225.7462704,2457225.7462704,2015-07-22,20150722,SXD,1.5118091,1.5118091e-06,198300471931277.56,,,,0.0033049716,9.2389331e-05,0,no,SpeX Spectrograph,ShortXD,merged_v346nor_sxd_20150722.txt,1.0
2457225.7462704,2457225.7462704,2015-07-22,20150722,SXD,1.5120789,1.5120788999999998e-06,198265089209299.88,,,,0.0033944696,8.7758344e-05,0,no,SpeX Spectrograph,ShortXD,merged_v346nor_sxd_20150722.txt,1.0
2457225.7462704,2457225.7462704,2015-07-22,20150722,SXD,1.5123487,1.5123487e-06,198229719111736.6,,,,0.00323501,8.9531575e-05,0,no,SpeX Spectrograph,ShortXD,merged_v346nor_sxd_20150722.txt,1.0
2457225.7462704,2457225.7462704,2015-07-22,20150722,SXD,1.5126184,1.5126184e-06,198194374734566.25,,,,0.0032178096,8.3842329e-05,0,no,SpeX Spectrograph,ShortXD,merged_v346nor_sxd_20150722.txt,1.0
2457225.7462704,2457225.7462704,2015-07-22,20150722,SXD,1.5128882,1.5128882e-06,198159029860897.88,,,,0.0031482473,8.618454e-05,0,no,SpeX Spectrograph,ShortXD,merged_v346nor_sxd_20150722.txt,1.0
2457225.7462704,2457225.7462704,2015-07-22,20150722,SXD,1.5131578,1.5131578e-06,198123723778180.97,,,,0.0031019519,8.564748e-05,0,no,SpeX Spectrograph,ShortXD,merged_v346nor_sxd_20150722.txt,1.0
2457225.7462704,2457225.7462704,2015-07-22,20150722,SXD,1.5134276,1.5134276e-06,198088404096766.84,,,,0.0033294486,8.7201013e-05,0,no,SpeX Spectrograph,ShortXD,merged_v346nor_sxd_20150722.txt,1.0
2457225.7462704,2457225.7462704,2015-07-22,20150722,SXD,1.5136974,1.5136974000000001e-06,198053097006046.25,,,,0.0032583992,8.6764085e-05,0,no,SpeX Spectrograph,ShortXD,merged_v346nor_sxd_20150722.txt,1.0
2457225.7462704,2457225.7462704,2015-07-22,20150722,SXD,1.513967,1.513967e-06,198017828658088.3,,,,0.0032642933,8.8195142e-05,0,no,SpeX Spectrograph,ShortXD,merged_v346nor_sxd_20150722.txt,1.0
2457225.7462704,2457225.7462704,2015-07-22,20150722,SXD,1.5142368,1.5142368e-06,197982546719244.97,,,,0.0033232491,8.7521643e-05,0,no,SpeX Spectrograph,ShortXD,merged_v346nor_sxd_20150722.txt,1.0
2457225.7462704,2457225.7462704,2015-07-22,20150722,SXD,1.5145066,1.5145065999999999e-06,197947277350920.78,,,,0.003304617,8.8668137e-05,0,no,SpeX Spectrograph,ShortXD,merged_v346nor_sxd_20150722.txt,1.0
2457225.7462704,2457225.7462704,2015-07-22,20150722,SXD,1.5147762,1.5147762e-06,197912046677258.34,,,,0.0034142777,8.6590204e-05,0,no,SpeX Spectrograph,ShortXD,merged_v346nor_sxd_20150722.txt,1.0
2457225.7462704,2457225.7462704,2015-07-22,20150722,SXD,1.515046,1.5150459999999999e-06,197876802420520.6,,,,0.0032180201,8.4948515e-05,0,no,SpeX Spectrograph,ShortXD,merged_v346nor_sxd_20150722.txt,1.0
2457225.7462704,2457225.7462704,2015-07-22,20150722,SXD,1.5153157,1.5153157e-06,197841583770299.5,,,,0.0031470805,8.529835e-05,0,no,SpeX Spectrograph,ShortXD,merged_v346nor_sxd_20150722.txt,1.0
2457225.7462704,2457225.7462704,2015-07-22,20150722,SXD,1.5155854,1.5155854e-06,197806377654469.38,,,,0.0033688014,8.1870858e-05,0,no,SpeX Spectrograph,ShortXD,merged_v346nor_sxd_20150722.txt,1.0
2457225.7462704,2457225.7462704,2015-07-22,20150722,SXD,1.5158551,1.5158551e-06,197771184066339.84,,,,0.003479193,8.2211343e-05,0,no,SpeX Spectrograph,ShortXD,merged_v346nor_sxd_20150722.txt,1.0
2457225.7462704,2457225.7462704,2015-07-22,20150722,SXD,1.5161248,1.5161248e-06,197736002999225.4,,,,0.0033770285,8.1960316e-05,0,no,SpeX Spectrograph,ShortXD,merged_v346nor_sxd_20150722.txt,1.0
2457225.7462704,2457225.7462704,2015-07-22,20150722,SXD,1.5163945,1.5163945e-06,197700834446445.2,,,,0.0032154995,8.482502e-05,0,no,SpeX Spectrograph,ShortXD,merged_v346nor_sxd_20150722.txt,1.0
2457225.7462704,2457225.7462704,2015-07-22,20150722,SXD,1.5166643,1.5166643e-06,197665665368400.9,,,,0.0032785544,8.4952837e-05,0,no,SpeX Spectrograph,ShortXD,merged_v346nor_sxd_20150722.txt,1.0
2457225.7462704,2457225.7462704,2015-07-22,20150722,SXD,1.5169339,1.5169339e-06,197630534857187.9,,,,0.0032369355,8.4168933e-05,0,no,SpeX Spectrograph,ShortXD,merged_v346nor_sxd_20150722.txt,1.0
2457225.7462704,2457225.7462704,2015-07-22,20150722,SXD,1.5172036,1.5172036e-06,197595403807373.0,,,,0.0032541659,8.4551968e-05,0,no,SpeX Spectrograph,ShortXD,merged_v346nor_sxd_20150722.txt,1.0
2457225.7462704,2457225.7462704,2015-07-22,20150722,SXD,1.5174733,1.5174733e-06,197560285245216.5,,,,0.003149769,8.5535292e-05,0,no,SpeX Spectrograph,ShortXD,merged_v346nor_sxd_20150722.txt,1.0
2457225.7462704,2457225.7462704,2015-07-22,20150722,SXD,1.517743,1.517743e-06,197525179164061.38,,,,0.0033095747,9.3566872e-05,0,no,SpeX Spectrograph,ShortXD,merged_v346nor_sxd_20150722.txt,1.0
2457225.7462704,2457225.7462704,2015-07-22,20150722,SXD,1.5180126,1.5180125999999999e-06,197490098567034.3,,,,0.003281879,0.00012604306,0,no,SpeX Spectrograph,ShortXD,merged_v346nor_sxd_20150722.txt,1.0
2457225.7462704,2457225.7462704,2015-07-22,20150722,SXD,1.5182823,1.5182823e-06,197455017423307.9,,,,0.0032983348,0.00015718151,0,no,SpeX Spectrograph,ShortXD,merged_v346nor_sxd_20150722.txt,1.0
2457225.7462704,2457225.7462704,2015-07-22,20150722,SXD,1.5185521,1.5185520999999998e-06,197419935740104.03,,,,0.0032590465,0.00016457864,0,no,SpeX Spectrograph,ShortXD,merged_v346nor_sxd_20150722.txt,1.0
2457225.7462704,2457225.7462704,2015-07-22,20150722,SXD,1.5188217,1.5188217e-06,197384892512399.6,,,,0.0035537742,0.00016680101,0,no,SpeX Spectrograph,ShortXD,merged_v346nor_sxd_20150722.txt,1.0
2457225.7462704,2457225.7462704,2015-07-22,20150722,SXD,1.5190914,1.5190914e-06,197349848731945.97,,,,0.0035464549,0.00015640572,0,no,SpeX Spectrograph,ShortXD,merged_v346nor_sxd_20150722.txt,1.0
2457225.7462704,2457225.7462704,2015-07-22,20150722,SXD,1.519361,1.519361e-06,197314830379350.28,,,,0.0032516876,0.00011885173,0,no,SpeX Spectrograph,ShortXD,merged_v346nor_sxd_20150722.txt,1.0
2457225.7462704,2457225.7462704,2015-07-22,20150722,SXD,1.5196307,1.5196307e-06,197279811469984.12,,,,0.0036089821,9.0448659e-05,0,no,SpeX Spectrograph,ShortXD,merged_v346nor_sxd_20150722.txt,1.0
2457225.7462704,2457225.7462704,2015-07-22,20150722,SXD,1.5199003,1.5199002999999999e-06,197244817966020.56,,,,0.0034003672,8.6380402e-05,0,no,SpeX Spectrograph,ShortXD,merged_v346nor_sxd_20150722.txt,1.0
2457225.7462704,2457225.7462704,2015-07-22,20150722,SXD,1.52017,1.5201699999999999e-06,197209823901274.22,,,,0.0036080352,8.0516678e-05,0,no,SpeX Spectrograph,ShortXD,merged_v346nor_sxd_20150722.txt,1.0
2457225.7462704,2457225.7462704,2015-07-22,20150722,SXD,1.5204396,1.5204396e-06,197174855219503.62,,,,0.0033794241,8.0042693e-05,0,no,SpeX Spectrograph,ShortXD,merged_v346nor_sxd_20150722.txt,1.0
2457225.7462704,2457225.7462704,2015-07-22,20150722,SXD,1.5207093,1.5207093e-06,197139885972946.97,,,,0.0034347714,7.9392012e-05,0,no,SpeX Spectrograph,ShortXD,merged_v346nor_sxd_20150722.txt,1.0
2457225.7462704,2457225.7462704,2015-07-22,20150722,SXD,1.5209789,1.5209789e-06,197104942086967.8,,,,0.0033957693,8.0271042e-05,0,no,SpeX Spectrograph,ShortXD,merged_v346nor_sxd_20150722.txt,1.0
2457225.7462704,2457225.7462704,2015-07-22,20150722,SXD,1.5212486,1.5212486e-06,197069997632208.16,,,,0.0033427293,7.829714e-05,0,no,SpeX Spectrograph,ShortXD,merged_v346nor_sxd_20150722.txt,1.0
2457225.7462704,2457225.7462704,2015-07-22,20150722,SXD,1.5215182,1.5215182e-06,197035078515656.28,,,,0.0034874955,7.9805672e-05,0,no,SpeX Spectrograph,ShortXD,merged_v346nor_sxd_20150722.txt,1.0
2457225.7462704,2457225.7462704,2015-07-22,20150722,SXD,1.5217878,1.5217878e-06,197000171771649.12,,,,0.003539131,7.9485333e-05,0,no,SpeX Spectrograph,ShortXD,merged_v346nor_sxd_20150722.txt,1.0
2457225.7462704,2457225.7462704,2015-07-22,20150722,SXD,1.5220574,1.5220573999999998e-06,196965277393612.12,,,,0.0035534138,8.2381775e-05,0,no,SpeX Spectrograph,ShortXD,merged_v346nor_sxd_20150722.txt,1.0
2457225.7462704,2457225.7462704,2015-07-22,20150722,SXD,1.5223271,1.5223271e-06,196930382438833.28,,,,0.0035977515,8.1481514e-05,0,no,SpeX Spectrograph,ShortXD,merged_v346nor_sxd_20150722.txt,1.0
2457225.7462704,2457225.7462704,2015-07-22,20150722,SXD,1.5225967,1.5225967e-06,196895512777612.1,,,,0.0035964644,8.3630468e-05,0,no,SpeX Spectrograph,ShortXD,merged_v346nor_sxd_20150722.txt,1.0
2457225.7462704,2457225.7462704,2015-07-22,20150722,SXD,1.5228662,1.5228661999999999e-06,196860668389645.8,,,,0.0034966983,8.8220244e-05,0,no,SpeX Spectrograph,ShortXD,merged_v346nor_sxd_20150722.txt,1.0
2457225.7462704,2457225.7462704,2015-07-22,20150722,SXD,1.5231359,1.5231358999999999e-06,196825810487429.28,,,,0.0035876886,0.00011985932,0,no,SpeX Spectrograph,ShortXD,merged_v346nor_sxd_20150722.txt,1.0
2457225.7462704,2457225.7462704,2015-07-22,20150722,SXD,1.5234056,1.5234055999999999e-06,196790964927528.2,,,,0.0038723112,0.00020180343,0,no,SpeX Spectrograph,ShortXD,merged_v346nor_sxd_20150722.txt,1.0
2457225.7462704,2457225.7462704,2015-07-22,20150722,SXD,1.5236751,1.5236750999999998e-06,196756157529909.12,,,,0.0036313157,0.00026803554,0,no,SpeX Spectrograph,ShortXD,merged_v346nor_sxd_20150722.txt,1.0
2457225.7462704,2457225.7462704,2015-07-22,20150722,SXD,1.5239447,1.5239446999999999e-06,196721349534533.66,,,,0.0032376638,0.00028236167,0,no,SpeX Spectrograph,ShortXD,merged_v346nor_sxd_20150722.txt,1.0
2457225.7462704,2457225.7462704,2015-07-22,20150722,SXD,1.5242144,1.5242143999999999e-06,196686540948569.97,,,,0.0034984562,0.00028631906,0,no,SpeX Spectrograph,ShortXD,merged_v346nor_sxd_20150722.txt,1.0
2457225.7462704,2457225.7462704,2015-07-22,20150722,SXD,1.5244839,1.5244838999999998e-06,196651770477864.7,,,,0.0037978787,0.00026214786,0,no,SpeX Spectrograph,ShortXD,merged_v346nor_sxd_20150722.txt,1.0
2457225.7462704,2457225.7462704,2015-07-22,20150722,SXD,1.5247536,1.5247535999999998e-06,196616986508508.7,,,,0.0033812816,0.00017414503,0,no,SpeX Spectrograph,ShortXD,merged_v346nor_sxd_20150722.txt,1.0
2457225.7462704,2457225.7462704,2015-07-22,20150722,SXD,1.5250231,1.5250231e-06,196582240623109.25,,,,0.0033813934,0.00010868029,0,no,SpeX Spectrograph,ShortXD,merged_v346nor_sxd_20150722.txt,1.0
2457225.7462704,2457225.7462704,2015-07-22,20150722,SXD,1.5252928,1.5252927999999997e-06,196547481244256.88,,,,0.0036937282,8.8389606e-05,0,no,SpeX Spectrograph,ShortXD,merged_v346nor_sxd_20150722.txt,1.0
2457225.7462704,2457225.7462704,2015-07-22,20150722,SXD,1.5255623,1.5255622999999999e-06,196512759918097.1,,,,0.0036725674,8.3038518e-05,0,no,SpeX Spectrograph,ShortXD,merged_v346nor_sxd_20150722.txt,1.0
2457225.7462704,2457225.7462704,2015-07-22,20150722,SXD,1.5258318,1.5258317999999998e-06,196478050857243.94,,,,0.0035384581,8.1064471e-05,0,no,SpeX Spectrograph,ShortXD,merged_v346nor_sxd_20150722.txt,1.0
2457225.7462704,2457225.7462704,2015-07-22,20150722,SXD,1.5261015,1.5261015e-06,196443328310731.62,,,,0.0035763739,8.0007339e-05,0,no,SpeX Spectrograph,ShortXD,merged_v346nor_sxd_20150722.txt,1.0
2457225.7462704,2457225.7462704,2015-07-22,20150722,SXD,1.526371,1.526371e-06,196408643770092.6,,,,0.0035691503,8.1825543e-05,0,no,SpeX Spectrograph,ShortXD,merged_v346nor_sxd_20150722.txt,1.0
2457225.7462704,2457225.7462704,2015-07-22,20150722,SXD,1.5266405,1.5266405e-06,196373971475275.28,,,,0.0036083595,8.5031701e-05,0,no,SpeX Spectrograph,ShortXD,merged_v346nor_sxd_20150722.txt,1.0
2457225.7462704,2457225.7462704,2015-07-22,20150722,SXD,1.5269102,1.5269102e-06,196339285702590.75,,,,0.0034989198,8.3046281e-05,0,no,SpeX Spectrograph,ShortXD,merged_v346nor_sxd_20150722.txt,1.0
2457225.7462704,2457225.7462704,2015-07-22,20150722,SXD,1.5271797,1.5271797e-06,196304637889044.75,,,,0.0035302325,8.2100152e-05,0,no,SpeX Spectrograph,ShortXD,merged_v346nor_sxd_20150722.txt,1.0
2457225.7462704,2457225.7462704,2015-07-22,20150722,SXD,1.5274493,1.5274492999999999e-06,196269989452350.4,,,,0.0035111045,8.4037129e-05,0,no,SpeX Spectrograph,ShortXD,merged_v346nor_sxd_20150722.txt,1.0
2457225.7462704,2457225.7462704,2015-07-22,20150722,SXD,1.5277188,1.5277187999999998e-06,196235366089623.3,,,,0.0037351877,8.7836292e-05,0,no,SpeX Spectrograph,ShortXD,merged_v346nor_sxd_20150722.txt,1.0
2457225.7462704,2457225.7462704,2015-07-22,20150722,SXD,1.5279883,1.5279883e-06,196200754940335.62,,,,0.0037419356,0.00011706216,0,no,SpeX Spectrograph,ShortXD,merged_v346nor_sxd_20150722.txt,1.0
2457225.7462704,2457225.7462704,2015-07-22,20150722,SXD,1.528258,1.5282579999999997e-06,196166130326162.25,,,,0.0037645216,0.00015865111,0,no,SpeX Spectrograph,ShortXD,merged_v346nor_sxd_20150722.txt,1.0
2457225.7462704,2457225.7462704,2015-07-22,20150722,SXD,1.5285275,1.5285274999999999e-06,196131543593425.72,,,,0.0034896794,0.00017386916,0,no,SpeX Spectrograph,ShortXD,merged_v346nor_sxd_20150722.txt,1.0
2457225.7462704,2457225.7462704,2015-07-22,20150722,SXD,1.528797,1.5287969999999998e-06,196096969054753.53,,,,0.0036182529,0.00017605706,0,no,SpeX Spectrograph,ShortXD,merged_v346nor_sxd_20150722.txt,1.0
2457225.7462704,2457225.7462704,2015-07-22,20150722,SXD,1.5290666,1.5290665999999999e-06,196062393881339.12,,,,0.0038083068,0.00017085159,0,no,SpeX Spectrograph,ShortXD,merged_v346nor_sxd_20150722.txt,1.0
2457225.7462704,2457225.7462704,2015-07-22,20150722,SXD,1.5293361,1.5293361e-06,196027843715975.84,,,,0.0035301507,0.00013617978,0,no,SpeX Spectrograph,ShortXD,merged_v346nor_sxd_20150722.txt,1.0
2457225.7462704,2457225.7462704,2015-07-22,20150722,SXD,1.5296056,1.5296056e-06,195993305725345.16,,,,0.0037779792,9.7519631e-05,0,no,SpeX Spectrograph,ShortXD,merged_v346nor_sxd_20150722.txt,1.0
2457225.7462704,2457225.7462704,2015-07-22,20150722,SXD,1.5298752,1.5298752e-06,195958767094204.8,,,,0.0037377945,8.3549327e-05,0,no,SpeX Spectrograph,ShortXD,merged_v346nor_sxd_20150722.txt,1.0
2457225.7462704,2457225.7462704,2015-07-22,20150722,SXD,1.5301447,1.5301447e-06,195924253438253.28,,,,0.0038481492,8.2490165e-05,0,no,SpeX Spectrograph,ShortXD,merged_v346nor_sxd_20150722.txt,1.0
2457225.7462704,2457225.7462704,2015-07-22,20150722,SXD,1.5304142,1.5304142e-06,195889751937743.38,,,,0.0035980945,8.2289873e-05,0,no,SpeX Spectrograph,ShortXD,merged_v346nor_sxd_20150722.txt,1.0
2457225.7462704,2457225.7462704,2015-07-22,20150722,SXD,1.5306838,1.5306838e-06,195855249790975.78,,,,0.0038204968,8.3890707e-05,0,no,SpeX Spectrograph,ShortXD,merged_v346nor_sxd_20150722.txt,1.0
2457225.7462704,2457225.7462704,2015-07-22,20150722,SXD,1.5309532,1.5309531999999999e-06,195820785377371.44,,,,0.0038479501,8.5993997e-05,0,no,SpeX Spectrograph,ShortXD,merged_v346nor_sxd_20150722.txt,1.0
2457225.7462704,2457225.7462704,2015-07-22,20150722,SXD,1.5312227,1.5312227e-06,195786320304682.0,,,,0.0038174957,8.5676642e-05,0,no,SpeX Spectrograph,ShortXD,merged_v346nor_sxd_20150722.txt,1.0
2457225.7462704,2457225.7462704,2015-07-22,20150722,SXD,1.5314922,1.5314922e-06,195751867361779.6,,,,0.003820932,8.5943502e-05,0,no,SpeX Spectrograph,ShortXD,merged_v346nor_sxd_20150722.txt,1.0
2457225.7462704,2457225.7462704,2015-07-22,20150722,SXD,1.5317618,1.5317617999999998e-06,195717413764986.2,,,,0.0038253784,8.8533045e-05,0,no,SpeX Spectrograph,ShortXD,merged_v346nor_sxd_20150722.txt,1.0
2457225.7462704,2457225.7462704,2015-07-22,20150722,SXD,1.5320313,1.5320313e-06,195682985066950.0,,,,0.0036055623,8.9421512e-05,0,no,SpeX Spectrograph,ShortXD,merged_v346nor_sxd_20150722.txt,1.0
2457225.7462704,2457225.7462704,2015-07-22,20150722,SXD,1.5323007,1.5323007e-06,195648581247792.94,,,,0.0037853289,0.00012271131,0,no,SpeX Spectrograph,ShortXD,merged_v346nor_sxd_20150722.txt,1.0
2457225.7462704,2457225.7462704,2015-07-22,20150722,SXD,1.5325702,1.5325702e-06,195614176760059.66,,,,0.0038148311,0.00021121684,0,no,SpeX Spectrograph,ShortXD,merged_v346nor_sxd_20150722.txt,1.0
2457225.7462704,2457225.7462704,2015-07-22,20150722,SXD,1.5328398,1.5328398e-06,195579771610836.3,,,,0.0046416195,0.00027417496,0,no,SpeX Spectrograph,ShortXD,merged_v346nor_sxd_20150722.txt,1.0
2457225.7462704,2457225.7462704,2015-07-22,20150722,SXD,1.5331092,1.5331092e-06,195545404071673.44,,,,0.0047348263,0.00028741805,0,no,SpeX Spectrograph,ShortXD,merged_v346nor_sxd_20150722.txt,1.0
2457225.7462704,2457225.7462704,2015-07-22,20150722,SXD,1.5333787,1.5333787e-06,195511035858265.16,,,,0.0046148663,0.0002885827,0,no,SpeX Spectrograph,ShortXD,merged_v346nor_sxd_20150722.txt,1.0
2457225.7462704,2457225.7462704,2015-07-22,20150722,SXD,1.5336481,1.5336480999999998e-06,195476692469413.3,,,,0.0049923309,0.00026054986,0,no,SpeX Spectrograph,ShortXD,merged_v346nor_sxd_20150722.txt,1.0
2457225.7462704,2457225.7462704,2015-07-22,20150722,SXD,1.5339177,1.5339176999999999e-06,195442335661163.6,,,,0.0044789393,0.00017007854,0,no,SpeX Spectrograph,ShortXD,merged_v346nor_sxd_20150722.txt,1.0
2457225.7462704,2457225.7462704,2015-07-22,20150722,SXD,1.5341871,1.5341870999999999e-06,195408016401650.12,,,,0.0042906911,0.00011296887,0,no,SpeX Spectrograph,ShortXD,merged_v346nor_sxd_20150722.txt,1.0
2457225.7462704,2457225.7462704,2015-07-22,20150722,SXD,1.5344566,1.5344565999999998e-06,195373696460362.6,,,,0.0039603636,9.6729062e-05,0,no,SpeX Spectrograph,ShortXD,merged_v346nor_sxd_20150722.txt,1.0
2457225.7462704,2457225.7462704,2015-07-22,20150722,SXD,1.534726,1.534726e-06,195339401300297.25,,,,0.0038953589,9.3115144e-05,0,no,SpeX Spectrograph,ShortXD,merged_v346nor_sxd_20150722.txt,1.0
2457225.7462704,2457225.7462704,2015-07-22,20150722,SXD,1.5349956,1.5349956e-06,195305092731210.44,,,,0.0037487741,9.463953e-05,0,no,SpeX Spectrograph,ShortXD,merged_v346nor_sxd_20150722.txt,1.0
2457225.7462704,2457225.7462704,2015-07-22,20150722,SXD,1.535265,1.535265e-06,195270821649682.62,,,,0.0037654999,8.9668465e-05,0,no,SpeX Spectrograph,ShortXD,merged_v346nor_sxd_20150722.txt,1.0
2457225.7462704,2457225.7462704,2015-07-22,20150722,SXD,1.5355345,1.5355345e-06,195236549878885.8,,,,0.0038321533,8.4204206e-05,0,no,SpeX Spectrograph,ShortXD,merged_v346nor_sxd_20150722.txt,1.0
2457225.7462704,2457225.7462704,2015-07-22,20150722,SXD,1.5358039,1.5358039000000001e-06,195202302846086.0,,,,0.0039337068,8.0782069e-05,0,no,SpeX Spectrograph,ShortXD,merged_v346nor_sxd_20150722.txt,1.0
2457225.7462704,2457225.7462704,2015-07-22,20150722,SXD,1.5360733,1.5360733e-06,195168067825929.94,,,,0.003894587,7.926533e-05,0,no,SpeX Spectrograph,ShortXD,merged_v346nor_sxd_20150722.txt,1.0
2457225.7462704,2457225.7462704,2015-07-22,20150722,SXD,1.5363429,1.5363429e-06,195133819409716.4,,,,0.0039147525,7.8978577e-05,0,no,SpeX Spectrograph,ShortXD,merged_v346nor_sxd_20150722.txt,1.0
2457225.7462704,2457225.7462704,2015-07-22,20150722,SXD,1.5366123,1.5366123e-06,195099608404800.62,,,,0.0037969619,8.0440383e-05,0,no,SpeX Spectrograph,ShortXD,merged_v346nor_sxd_20150722.txt,1.0
2457225.7462704,2457225.7462704,2015-07-22,20150722,SXD,1.5368817,1.5368816999999997e-06,195065409393579.25,,,,0.0037751098,8.4826694e-05,0,no,SpeX Spectrograph,ShortXD,merged_v346nor_sxd_20150722.txt,1.0
2457225.7462704,2457225.7462704,2015-07-22,20150722,SXD,1.5371511,1.5371511e-06,195031222369746.22,,,,0.0038590902,8.8211127e-05,0,no,SpeX Spectrograph,ShortXD,merged_v346nor_sxd_20150722.txt,1.0
2457225.7462704,2457225.7462704,2015-07-22,20150722,SXD,1.5374206,1.5374205999999999e-06,194997034643610.22,,,,0.0038482514,9.1420043e-05,0,no,SpeX Spectrograph,ShortXD,merged_v346nor_sxd_20150722.txt,1.0
2457225.7462704,2457225.7462704,2015-07-22,20150722,SXD,1.53769,1.5376899999999998e-06,194962871580097.44,,,,0.0037941125,9.1060887e-05,0,no,SpeX Spectrograph,ShortXD,merged_v346nor_sxd_20150722.txt,1.0
2457225.7462704,2457225.7462704,2015-07-22,20150722,SXD,1.5379595,1.5379594999999998e-06,194928707810576.3,,,,0.0037182055,9.0388596e-05,0,no,SpeX Spectrograph,ShortXD,merged_v346nor_sxd_20150722.txt,1.0
2457225.7462704,2457225.7462704,2015-07-22,20150722,SXD,1.5382289,1.5382289e-06,194894568682203.28,,,,0.0037818111,8.8214802e-05,0,no,SpeX Spectrograph,ShortXD,merged_v346nor_sxd_20150722.txt,1.0
2457225.7462704,2457225.7462704,2015-07-22,20150722,SXD,1.5384983,1.5384983e-06,194860441509750.12,,,,0.003816233,9.1303991e-05,0,no,SpeX Spectrograph,ShortXD,merged_v346nor_sxd_20150722.txt,1.0
2457225.7462704,2457225.7462704,2015-07-22,20150722,SXD,1.5387677,1.5387677e-06,194826326286937.28,,,,0.0040269974,0.00011678247,0,no,SpeX Spectrograph,ShortXD,merged_v346nor_sxd_20150722.txt,1.0
2457225.7462704,2457225.7462704,2015-07-22,20150722,SXD,1.5390371,1.5390371e-06,194792223007489.56,,,,0.0040458227,0.000148733,0,no,SpeX Spectrograph,ShortXD,merged_v346nor_sxd_20150722.txt,1.0
2457225.7462704,2457225.7462704,2015-07-22,20150722,SXD,1.5393065,1.5393064999999999e-06,194758131665136.22,,,,0.0040559466,0.0001589883,0,no,SpeX Spectrograph,ShortXD,merged_v346nor_sxd_20150722.txt,1.0
2457225.7462704,2457225.7462704,2015-07-22,20150722,SXD,1.5395759,1.5395758999999999e-06,194724052253610.9,,,,0.0040306523,0.00016738936,0,no,SpeX Spectrograph,ShortXD,merged_v346nor_sxd_20150722.txt,1.0
2457225.7462704,2457225.7462704,2015-07-22,20150722,SXD,1.5398453,1.5398453e-06,194689984766651.56,,,,0.0041799839,0.00015486563,0,no,SpeX Spectrograph,ShortXD,merged_v346nor_sxd_20150722.txt,1.0
2457225.7462704,2457225.7462704,2015-07-22,20150722,SXD,1.5401148,1.5401148e-06,194655916558947.44,,,,0.0039109574,0.00012562753,0,no,SpeX Spectrograph,ShortXD,merged_v346nor_sxd_20150722.txt,1.0
2457225.7462704,2457225.7462704,2015-07-22,20150722,SXD,1.5403842,1.5403842e-06,194621872906772.22,,,,0.0038930767,9.6947508e-05,0,no,SpeX Spectrograph,ShortXD,merged_v346nor_sxd_20150722.txt,1.0
2457225.7462704,2457225.7462704,2015-07-22,20150722,SXD,1.5406536,1.5406536e-06,194587841160401.03,,,,0.0038028068,9.090222e-05,0,no,SpeX Spectrograph,ShortXD,merged_v346nor_sxd_20150722.txt,1.0
2457225.7462704,2457225.7462704,2015-07-22,20150722,SXD,1.5409229,1.5409229e-06,194553833939387.88,,,,0.0040136217,8.8462759e-05,0,no,SpeX Spectrograph,ShortXD,merged_v346nor_sxd_20150722.txt,1.0
2457225.7462704,2457225.7462704,2015-07-22,20150722,SXD,1.5411923,1.5411923e-06,194519825981482.0,,,,0.0040144245,8.7716377e-05,0,no,SpeX Spectrograph,ShortXD,merged_v346nor_sxd_20150722.txt,1.0
2457225.7462704,2457225.7462704,2015-07-22,20150722,SXD,1.5414617,1.5414617e-06,194485829910662.06,,,,0.0040523293,8.7022003e-05,0,no,SpeX Spectrograph,ShortXD,merged_v346nor_sxd_20150722.txt,1.0
2457225.7462704,2457225.7462704,2015-07-22,20150722,SXD,1.5417311,1.5417311e-06,194451845720696.7,,,,0.0038694106,8.5327461e-05,0,no,SpeX Spectrograph,ShortXD,merged_v346nor_sxd_20150722.txt,1.0
2457225.7462704,2457225.7462704,2015-07-22,20150722,SXD,1.5420005,1.5420005000000001e-06,194417873405358.8,,,,0.0039661084,8.8115339e-05,0,no,SpeX Spectrograph,ShortXD,merged_v346nor_sxd_20150722.txt,1.0
2457225.7462704,2457225.7462704,2015-07-22,20150722,SXD,1.5422698,1.5422697999999998e-06,194383925562181.2,,,,0.0038488857,0.00011310654,0,no,SpeX Spectrograph,ShortXD,merged_v346nor_sxd_20150722.txt,1.0
2457225.7462704,2457225.7462704,2015-07-22,20150722,SXD,1.5425392,1.5425392e-06,194349976973032.53,,,,0.0041301274,0.00017383206,0,no,SpeX Spectrograph,ShortXD,merged_v346nor_sxd_20150722.txt,1.0
2457225.7462704,2457225.7462704,2015-07-22,20150722,SXD,1.5428087,1.5428086999999999e-06,194316027644905.06,,,,0.0041813217,0.00022170307,0,no,SpeX Spectrograph,ShortXD,merged_v346nor_sxd_20150722.txt,1.0
2457225.7462704,2457225.7462704,2015-07-22,20150722,SXD,1.5430779,1.5430778999999998e-06,194282127947007.75,,,,0.0038866044,0.00023263709,0,no,SpeX Spectrograph,ShortXD,merged_v346nor_sxd_20150722.txt,1.0
2457225.7462704,2457225.7462704,2015-07-22,20150722,SXD,1.5433474,1.5433474e-06,194248202316600.94,,,,0.0042461669,0.00023149715,0,no,SpeX Spectrograph,ShortXD,merged_v346nor_sxd_20150722.txt,1.0
2457225.7462704,2457225.7462704,2015-07-22,20150722,SXD,1.5436167,1.5436167e-06,194214313695880.6,,,,0.0041562719,0.00021737647,0,no,SpeX Spectrograph,ShortXD,merged_v346nor_sxd_20150722.txt,1.0
2457225.7462704,2457225.7462704,2015-07-22,20150722,SXD,1.5438861,1.5438861e-06,194180424320161.97,,,,0.0041317153,0.00014250143,0,no,SpeX Spectrograph,ShortXD,merged_v346nor_sxd_20150722.txt,1.0
2457225.7462704,2457225.7462704,2015-07-22,20150722,SXD,1.5441554,1.5441554e-06,194146559342408.16,,,,0.0039864597,9.7491917e-05,0,no,SpeX Spectrograph,ShortXD,merged_v346nor_sxd_20150722.txt,1.0
2457225.7462704,2457225.7462704,2015-07-22,20150722,SXD,1.5444248,1.5444248e-06,194112693606059.7,,,,0.0037957919,8.4281826e-05,0,no,SpeX Spectrograph,ShortXD,merged_v346nor_sxd_20150722.txt,1.0
2457225.7462704,2457225.7462704,2015-07-22,20150722,SXD,1.5446941,1.5446941e-06,194078852246538.66,,,,0.0041326932,8.0503632e-05,0,no,SpeX Spectrograph,ShortXD,merged_v346nor_sxd_20150722.txt,1.0
2457225.7462704,2457225.7462704,2015-07-22,20150722,SXD,1.5449635,1.5449634999999998e-06,194045010124834.7,,,,0.0040379502,7.9894999e-05,0,no,SpeX Spectrograph,ShortXD,merged_v346nor_sxd_20150722.txt,1.0
2457225.7462704,2457225.7462704,2015-07-22,20150722,SXD,1.5452328,1.5452327999999998e-06,194011192358847.2,,,,0.0042021177,7.988789e-05,0,no,SpeX Spectrograph,ShortXD,merged_v346nor_sxd_20150722.txt,1.0
2457225.7462704,2457225.7462704,2015-07-22,20150722,SXD,1.5455022,1.5455022e-06,193977373827096.47,,,,0.0042075505,8.1582089e-05,0,no,SpeX Spectrograph,ShortXD,merged_v346nor_sxd_20150722.txt,1.0
2457225.7462704,2457225.7462704,2015-07-22,20150722,SXD,1.5457715,1.5457715e-06,193943579629977.66,,,,0.0043618144,8.5640218e-05,0,no,SpeX Spectrograph,ShortXD,merged_v346nor_sxd_20150722.txt,1.0
2457225.7462704,2457225.7462704,2015-07-22,20150722,SXD,1.5460408,1.5460408e-06,193909797205869.34,,,,0.0042035375,8.6053165e-05,0,no,SpeX Spectrograph,ShortXD,merged_v346nor_sxd_20150722.txt,1.0
2457225.7462704,2457225.7462704,2015-07-22,20150722,SXD,1.5463101,1.5463101e-06,193876026548620.5,,,,0.0041548777,8.7404034e-05,0,no,SpeX Spectrograph,ShortXD,merged_v346nor_sxd_20150722.txt,1.0
2457225.7462704,2457225.7462704,2015-07-22,20150722,SXD,1.5465795,1.5465795e-06,193842255118472.75,,,,0.0041542272,8.7566958e-05,0,no,SpeX Spectrograph,ShortXD,merged_v346nor_sxd_20150722.txt,1.0
2457225.7462704,2457225.7462704,2015-07-22,20150722,SXD,1.5468488,1.5468488e-06,193808507980870.53,,,,0.0042170137,8.5882821e-05,0,no,SpeX Spectrograph,ShortXD,merged_v346nor_sxd_20150722.txt,1.0
2457225.7462704,2457225.7462704,2015-07-22,20150722,SXD,1.5471181,1.5471181e-06,193774772591698.06,,,,0.004107676,8.4490472e-05,0,no,SpeX Spectrograph,ShortXD,merged_v346nor_sxd_20150722.txt,1.0
2457225.7462704,2457225.7462704,2015-07-22,20150722,SXD,1.5473874,1.5473874e-06,193741048944821.44,,,,0.0041773696,8.4489911e-05,0,no,SpeX Spectrograph,ShortXD,merged_v346nor_sxd_20150722.txt,1.0
2457225.7462704,2457225.7462704,2015-07-22,20150722,SXD,1.5476568,1.5476567999999998e-06,193707324517942.25,,,,0.0039699227,8.318013e-05,0,no,SpeX Spectrograph,ShortXD,merged_v346nor_sxd_20150722.txt,1.0
2457225.7462704,2457225.7462704,2015-07-22,20150722,SXD,1.5479261,1.5479260999999998e-06,193673624341627.2,,,,0.0041924706,8.2183637e-05,0,no,SpeX Spectrograph,ShortXD,merged_v346nor_sxd_20150722.txt,1.0
2457225.7462704,2457225.7462704,2015-07-22,20150722,SXD,1.5481954,1.5481953999999999e-06,193639935889229.5,,,,0.0041141524,8.4575418e-05,0,no,SpeX Spectrograph,ShortXD,merged_v346nor_sxd_20150722.txt,1.0
2457225.7462704,2457225.7462704,2015-07-22,20150722,SXD,1.5484647,1.5484647e-06,193606259154632.34,,,,0.004023178,8.6936328e-05,0,no,SpeX Spectrograph,ShortXD,merged_v346nor_sxd_20150722.txt,1.0
2457225.7462704,2457225.7462704,2015-07-22,20150722,SXD,1.5487339,1.5487338999999998e-06,193572606630487.03,,,,0.0043171179,8.7023618e-05,0,no,SpeX Spectrograph,ShortXD,merged_v346nor_sxd_20150722.txt,1.0
2457225.7462704,2457225.7462704,2015-07-22,20150722,SXD,1.5490032,1.5490031999999999e-06,193538953308811.78,,,,0.0041349181,8.8062225e-05,0,no,SpeX Spectrograph,ShortXD,merged_v346nor_sxd_20150722.txt,1.0
2457225.7462704,2457225.7462704,2015-07-22,20150722,SXD,1.5492725,1.5492725e-06,193505311686614.22,,,,0.0042310609,9.1499962e-05,0,no,SpeX Spectrograph,ShortXD,merged_v346nor_sxd_20150722.txt,1.0
2457225.7462704,2457225.7462704,2015-07-22,20150722,SXD,1.5495418,1.5495418e-06,193471681757794.47,,,,0.0042604897,0.00010009498,0,no,SpeX Spectrograph,ShortXD,merged_v346nor_sxd_20150722.txt,1.0
2457225.7462704,2457225.7462704,2015-07-22,20150722,SXD,1.5498111,1.5498111e-06,193438063516256.9,,,,0.0041954117,0.00010413282,0,no,SpeX Spectrograph,ShortXD,merged_v346nor_sxd_20150722.txt,1.0
2457225.7462704,2457225.7462704,2015-07-22,20150722,SXD,1.5500804,1.5500803999999998e-06,193404456955910.2,,,,0.0042292653,0.00011016482,0,no,SpeX Spectrograph,ShortXD,merged_v346nor_sxd_20150722.txt,1.0
2457225.7462704,2457225.7462704,2015-07-22,20150722,SXD,1.5503497,1.5503496999999999e-06,193370862070667.03,,,,0.0039305668,0.00012659325,0,no,SpeX Spectrograph,ShortXD,merged_v346nor_sxd_20150722.txt,1.0
2457225.7462704,2457225.7462704,2015-07-22,20150722,SXD,1.550619,1.550619e-06,193337278854444.6,,,,0.0038758973,0.00013255581,0,no,SpeX Spectrograph,ShortXD,merged_v346nor_sxd_20150722.txt,1.0
2457225.7462704,2457225.7462704,2015-07-22,20150722,SXD,1.5508883,1.5508883e-06,193303707301164.12,,,,0.0042418004,0.00012998284,0,no,SpeX Spectrograph,ShortXD,merged_v346nor_sxd_20150722.txt,1.0
2457225.7462704,2457225.7462704,2015-07-22,20150722,SXD,1.5511575,1.5511574999999999e-06,193270159864488.3,,,,0.0040340195,0.00013209849,0,no,SpeX Spectrograph,ShortXD,merged_v346nor_sxd_20150722.txt,1.0
2457225.7462704,2457225.7462704,2015-07-22,20150722,SXD,1.5514268,1.5514268e-06,193236611614547.34,,,,0.0042909896,0.00012586995,0,no,SpeX Spectrograph,ShortXD,merged_v346nor_sxd_20150722.txt,1.0
2457225.7462704,2457225.7462704,2015-07-22,20150722,SXD,1.5516961,1.5516961e-06,193203075009339.78,,,,0.0041669146,0.0001057741,0,no,SpeX Spectrograph,ShortXD,merged_v346nor_sxd_20150722.txt,1.0
2457225.7462704,2457225.7462704,2015-07-22,20150722,SXD,1.5519654,1.5519654e-06,193169550042803.78,,,,0.0041331993,9.7820106e-05,0,no,SpeX Spectrograph,ShortXD,merged_v346nor_sxd_20150722.txt,1.0
2457225.7462704,2457225.7462704,2015-07-22,20150722,SXD,1.5522345,1.5522345e-06,193136061593786.25,,,,0.0041643819,9.0757429e-05,0,no,SpeX Spectrograph,ShortXD,merged_v346nor_sxd_20150722.txt,1.0
2457225.7462704,2457225.7462704,2015-07-22,20150722,SXD,1.5525038,1.5525038e-06,193102559877792.25,,,,0.0043352442,8.34655e-05,0,no,SpeX Spectrograph,ShortXD,merged_v346nor_sxd_20150722.txt,1.0
2457225.7462704,2457225.7462704,2015-07-22,20150722,SXD,1.5527731,1.5527731e-06,193069069782313.97,,,,0.0042310045,8.2203769e-05,0,no,SpeX Spectrograph,ShortXD,merged_v346nor_sxd_20150722.txt,1.0
2457225.7462704,2457225.7462704,2015-07-22,20150722,SXD,1.5530423,1.5530423e-06,193035603730819.2,,,,0.0043261079,9.0609326e-05,0,no,SpeX Spectrograph,ShortXD,merged_v346nor_sxd_20150722.txt,1.0
2457225.7462704,2457225.7462704,2015-07-22,20150722,SXD,1.5533116,1.5533116e-06,193002136853931.94,,,,0.0042613097,0.00012288155,0,no,SpeX Spectrograph,ShortXD,merged_v346nor_sxd_20150722.txt,1.0
2457225.7462704,2457225.7462704,2015-07-22,20150722,SXD,1.5535809,1.5535809e-06,192968681579440.12,,,,0.0042918152,0.00015861752,0,no,SpeX Spectrograph,ShortXD,merged_v346nor_sxd_20150722.txt,1.0
2457225.7462704,2457225.7462704,2015-07-22,20150722,SXD,1.5538501,1.5538500999999999e-06,192935250317903.9,,,,0.0043368461,0.0001795133,0,no,SpeX Spectrograph,ShortXD,merged_v346nor_sxd_20150722.txt,1.0
2457225.7462704,2457225.7462704,2015-07-22,20150722,SXD,1.5541193,1.5541193e-06,192901830638098.38,,,,0.0044455267,0.00019720207,0,no,SpeX Spectrograph,ShortXD,merged_v346nor_sxd_20150722.txt,1.0
2457225.7462704,2457225.7462704,2015-07-22,20150722,SXD,1.5543885,1.5543884999999999e-06,192868422534006.16,,,,0.0040060701,0.00019497813,0,no,SpeX Spectrograph,ShortXD,merged_v346nor_sxd_20150722.txt,1.0
2457225.7462704,2457225.7462704,2015-07-22,20150722,SXD,1.5546578,1.5546578e-06,192835013595918.03,,,,0.0039680013,0.00017733582,0,no,SpeX Spectrograph,ShortXD,merged_v346nor_sxd_20150722.txt,1.0
2457225.7462704,2457225.7462704,2015-07-22,20150722,SXD,1.554927,1.5549269999999998e-06,192801628629511.25,,,,0.0043699197,0.00014084662,0,no,SpeX Spectrograph,ShortXD,merged_v346nor_sxd_20150722.txt,1.0
2457225.7462704,2457225.7462704,2015-07-22,20150722,SXD,1.5551963,1.5551962999999999e-06,192768242825680.6,,,,0.0043599014,0.00011230161,0,no,SpeX Spectrograph,ShortXD,merged_v346nor_sxd_20150722.txt,1.0
2457225.7462704,2457225.7462704,2015-07-22,20150722,SXD,1.5554655,1.5554655e-06,192734880972930.62,,,,0.004202751,8.7968649e-05,0,no,SpeX Spectrograph,ShortXD,merged_v346nor_sxd_20150722.txt,1.0
2457225.7462704,2457225.7462704,2015-07-22,20150722,SXD,1.5557348,1.5557347999999998e-06,192701518279336.6,,,,0.0041836551,8.243871e-05,0,no,SpeX Spectrograph,ShortXD,merged_v346nor_sxd_20150722.txt,1.0
2457225.7462704,2457225.7462704,2015-07-22,20150722,SXD,1.5560039,1.5560039e-06,192668191898490.75,,,,0.0042147744,8.6344495e-05,0,no,SpeX Spectrograph,ShortXD,merged_v346nor_sxd_20150722.txt,1.0
2457225.7462704,2457225.7462704,2015-07-22,20150722,SXD,1.5562731,1.5562731e-06,192634864664820.06,,,,0.0041688806,9.1641043e-05,0,no,SpeX Spectrograph,ShortXD,merged_v346nor_sxd_20150722.txt,1.0
2457225.7462704,2457225.7462704,2015-07-22,20150722,SXD,1.5565424,1.5565424000000001e-06,192601536585190.34,,,,0.0042442642,0.00010547364,0,no,SpeX Spectrograph,ShortXD,merged_v346nor_sxd_20150722.txt,1.0
2457225.7462704,2457225.7462704,2015-07-22,20150722,SXD,1.5568116,1.5568116e-06,192568232405257.0,,,,0.0041958285,0.00011016017,0,no,SpeX Spectrograph,ShortXD,merged_v346nor_sxd_20150722.txt,1.0
2457225.7462704,2457225.7462704,2015-07-22,20150722,SXD,1.5570807,1.5570807e-06,192534952106207.47,,,,0.004147436,0.00011113763,0,no,SpeX Spectrograph,ShortXD,merged_v346nor_sxd_20150722.txt,1.0
2457225.7462704,2457225.7462704,2015-07-22,20150722,SXD,1.5573499,1.5573498999999999e-06,192501670947550.1,,,,0.0041249618,0.00010888874,0,no,SpeX Spectrograph,ShortXD,merged_v346nor_sxd_20150722.txt,1.0
2457225.7462704,2457225.7462704,2015-07-22,20150722,SXD,1.5576192,1.5576192e-06,192468388936140.5,,,,0.0042334651,9.6686395e-05,0,no,SpeX Spectrograph,ShortXD,merged_v346nor_sxd_20150722.txt,1.0
2457225.7462704,2457225.7462704,2015-07-22,20150722,SXD,1.5578884,1.5578883999999998e-06,192435130783437.4,,,,0.0042190454,8.4879131e-05,0,no,SpeX Spectrograph,ShortXD,merged_v346nor_sxd_20150722.txt,1.0
2457225.7462704,2457225.7462704,2015-07-22,20150722,SXD,1.5581576,1.5581576e-06,192401884122633.06,,,,0.0042879186,8.2665487e-05,0,no,SpeX Spectrograph,ShortXD,merged_v346nor_sxd_20150722.txt,1.0
2457225.7462704,2457225.7462704,2015-07-22,20150722,SXD,1.5584267,1.5584267e-06,192368661291544.84,,,,0.0043425378,8.3214472e-05,0,no,SpeX Spectrograph,ShortXD,merged_v346nor_sxd_20150722.txt,1.0
2457225.7462704,2457225.7462704,2015-07-22,20150722,SXD,1.5586959,1.5586959e-06,192335437592413.0,,,,0.0041768388,8.7161228e-05,0,no,SpeX Spectrograph,ShortXD,merged_v346nor_sxd_20150722.txt,1.0
2457225.7462704,2457225.7462704,2015-07-22,20150722,SXD,1.5589651,1.5589650999999998e-06,192302225367328.62,,,,0.0044226074,0.00011827541,0,no,SpeX Spectrograph,ShortXD,merged_v346nor_sxd_20150722.txt,1.0
2457225.7462704,2457225.7462704,2015-07-22,20150722,SXD,1.5592343,1.5592343e-06,192269024610348.8,,,,0.0044668308,0.00016576643,0,no,SpeX Spectrograph,ShortXD,merged_v346nor_sxd_20150722.txt,1.0
2457225.7462704,2457225.7462704,2015-07-22,20150722,SXD,1.5595034,1.5595034000000001e-06,192235847642268.7,,,,0.0043222024,0.00018497564,0,no,SpeX Spectrograph,ShortXD,merged_v346nor_sxd_20150722.txt,1.0
2457225.7462704,2457225.7462704,2015-07-22,20150722,SXD,1.5597726,1.5597726e-06,192202669799431.03,,,,0.0044791177,0.00018771931,0,no,SpeX Spectrograph,ShortXD,merged_v346nor_sxd_20150722.txt,1.0
2457225.7462704,2457225.7462704,2015-07-22,20150722,SXD,1.5600418,1.5600418e-06,192169503406895.9,,,,0.0045650643,0.00018134345,0,no,SpeX Spectrograph,ShortXD,merged_v346nor_sxd_20150722.txt,1.0
2457225.7462704,2457225.7462704,2015-07-22,20150722,SXD,1.560311,1.560311e-06,192136348458736.75,,,,0.0043487954,0.00014556652,0,no,SpeX Spectrograph,ShortXD,merged_v346nor_sxd_20150722.txt,1.0
2457225.7462704,2457225.7462704,2015-07-22,20150722,SXD,1.5605801,1.5605800999999997e-06,192103217258761.7,,,,0.0045310222,0.00010078813,0,no,SpeX Spectrograph,ShortXD,merged_v346nor_sxd_20150722.txt,1.0
2457225.7462704,2457225.7462704,2015-07-22,20150722,SXD,1.5608493,1.5608493e-06,192070085177345.44,,,,0.0042137438,8.7290384e-05,0,no,SpeX Spectrograph,ShortXD,merged_v346nor_sxd_20150722.txt,1.0
2457225.7462704,2457225.7462704,2015-07-22,20150722,SXD,1.5611185,1.5611185e-06,192036964522552.28,,,,0.0044767512,8.3644227e-05,0,no,SpeX Spectrograph,ShortXD,merged_v346nor_sxd_20150722.txt,1.0
2457225.7462704,2457225.7462704,2015-07-22,20150722,SXD,1.5613877,1.5613877e-06,192003855288471.9,,,,0.0044291336,8.4653555e-05,0,no,SpeX Spectrograph,ShortXD,merged_v346nor_sxd_20150722.txt,1.0
2457225.7462704,2457225.7462704,2015-07-22,20150722,SXD,1.5616568,1.5616567999999998e-06,191970769761960.53,,,,0.0044283443,8.4029256e-05,0,no,SpeX Spectrograph,ShortXD,merged_v346nor_sxd_20150722.txt,1.0
2457225.7462704,2457225.7462704,2015-07-22,20150722,SXD,1.561926,1.561926e-06,191937683347354.5,,,,0.0045215287,8.4342719e-05,0,no,SpeX Spectrograph,ShortXD,merged_v346nor_sxd_20150722.txt,1.0
2457225.7462704,2457225.7462704,2015-07-22,20150722,SXD,1.5621951,1.5621951e-06,191904620620049.3,,,,0.0045354469,8.965368e-05,0,no,SpeX Spectrograph,ShortXD,merged_v346nor_sxd_20150722.txt,1.0
2457225.7462704,2457225.7462704,2015-07-22,20150722,SXD,1.5624642,1.5624641999999998e-06,191871569281395.4,,,,0.0043878448,0.00011723324,0,no,SpeX Spectrograph,ShortXD,merged_v346nor_sxd_20150722.txt,1.0
2457225.7462704,2457225.7462704,2015-07-22,20150722,SXD,1.5627334,1.5627334e-06,191838517049677.2,,,,0.0045298813,0.00014099672,0,no,SpeX Spectrograph,ShortXD,merged_v346nor_sxd_20150722.txt,1.0
2457225.7462704,2457225.7462704,2015-07-22,20150722,SXD,1.5630026,1.5630025999999998e-06,191805476203302.56,,,,0.0042864452,0.0001478544,0,no,SpeX Spectrograph,ShortXD,merged_v346nor_sxd_20150722.txt,1.0
2457225.7462704,2457225.7462704,2015-07-22,20150722,SXD,1.5632716,1.5632715999999998e-06,191772471271147.03,,,,0.0044728518,0.00014765088,0,no,SpeX Spectrograph,ShortXD,merged_v346nor_sxd_20150722.txt,1.0
2457225.7462704,2457225.7462704,2015-07-22,20150722,SXD,1.5635408,1.5635408e-06,191739453169370.47,,,,0.0045463354,0.00013949838,0,no,SpeX Spectrograph,ShortXD,merged_v346nor_sxd_20150722.txt,1.0
2457225.7462704,2457225.7462704,2015-07-22,20150722,SXD,1.56381,1.5638099999999998e-06,191706446435308.66,,,,0.0045165941,0.00010712833,0,no,SpeX Spectrograph,ShortXD,merged_v346nor_sxd_20150722.txt,1.0
2457225.7462704,2457225.7462704,2015-07-22,20150722,SXD,1.564079,1.5640789999999998e-06,191673475572525.44,,,,0.0046199765,9.10284e-05,0,no,SpeX Spectrograph,ShortXD,merged_v346nor_sxd_20150722.txt,1.0
2457225.7462704,2457225.7462704,2015-07-22,20150722,SXD,1.5643482,1.5643482e-06,191640491547853.62,,,,0.0045991652,8.9415778e-05,0,no,SpeX Spectrograph,ShortXD,merged_v346nor_sxd_20150722.txt,1.0
2457225.7462704,2457225.7462704,2015-07-22,20150722,SXD,1.5646174,1.5646173999999998e-06,191607518873304.12,,,,0.0044294735,0.00011575854,0,no,SpeX Spectrograph,ShortXD,merged_v346nor_sxd_20150722.txt,1.0
2457225.7462704,2457225.7462704,2015-07-22,20150722,SXD,1.5648865,1.5648865e-06,191574569785093.03,,,,0.0044216919,0.0001818325,0,no,SpeX Spectrograph,ShortXD,merged_v346nor_sxd_20150722.txt,1.0
2457225.7462704,2457225.7462704,2015-07-22,20150722,SXD,1.5651556,1.5651556e-06,191541632026873.25,,,,0.004401206,0.00021922958,0,no,SpeX Spectrograph,ShortXD,merged_v346nor_sxd_20150722.txt,1.0
2457225.7462704,2457225.7462704,2015-07-22,20150722,SXD,1.5654247,1.5654247e-06,191508705592801.75,,,,0.0047760573,0.00022907455,0,no,SpeX Spectrograph,ShortXD,merged_v346nor_sxd_20150722.txt,1.0
2457225.7462704,2457225.7462704,2015-07-22,20150722,SXD,1.5656939,1.5656939e-06,191475778247587.22,,,,0.0045378711,0.00023167435,0,no,SpeX Spectrograph,ShortXD,merged_v346nor_sxd_20150722.txt,1.0
2457225.7462704,2457225.7462704,2015-07-22,20150722,SXD,1.5659629,1.5659628999999998e-06,191442886673752.0,,,,0.0045370655,0.0001992973,0,no,SpeX Spectrograph,ShortXD,merged_v346nor_sxd_20150722.txt,1.0
2457225.7462704,2457225.7462704,2015-07-22,20150722,SXD,1.566232,1.566232e-06,191409994177107.88,,,,0.0043965345,0.00013365841,0,no,SpeX Spectrograph,ShortXD,merged_v346nor_sxd_20150722.txt,1.0
2457225.7462704,2457225.7462704,2015-07-22,20150722,SXD,1.5665011,1.5665011e-06,191377112981280.4,,,,0.0046002371,9.7196295e-05,0,no,SpeX Spectrograph,ShortXD,merged_v346nor_sxd_20150722.txt,1.0
2457225.7462704,2457225.7462704,2015-07-22,20150722,SXD,1.5667702,1.5667701999999999e-06,191344243080446.66,,,,0.0046483944,8.5880019e-05,0,no,SpeX Spectrograph,ShortXD,merged_v346nor_sxd_20150722.txt,1.0
2457225.7462704,2457225.7462704,2015-07-22,20150722,SXD,1.5670394,1.5670394e-06,191311372260327.34,,,,0.0047214222,8.3361141e-05,0,no,SpeX Spectrograph,ShortXD,merged_v346nor_sxd_20150722.txt,1.0
2457225.7462704,2457225.7462704,2015-07-22,20150722,SXD,1.5673084,1.5673083999999998e-06,191278537140488.78,,,,0.0045974227,8.1939579e-05,0,no,SpeX Spectrograph,ShortXD,merged_v346nor_sxd_20150722.txt,1.0
2457225.7462704,2457225.7462704,2015-07-22,20150722,SXD,1.5675775,1.5675775e-06,191245701089738.78,,,,0.0045392509,8.5210639e-05,0,no,SpeX Spectrograph,ShortXD,merged_v346nor_sxd_20150722.txt,1.0
2457225.7462704,2457225.7462704,2015-07-22,20150722,SXD,1.5678467,1.5678467e-06,191212864114839.78,,,,0.0045673526,8.7816647e-05,0,no,SpeX Spectrograph,ShortXD,merged_v346nor_sxd_20150722.txt,1.0
2457225.7462704,2457225.7462704,2015-07-22,20150722,SXD,1.5681157,1.5681156999999998e-06,191180062797662.22,,,,0.0044645211,8.8752582e-05,0,no,SpeX Spectrograph,ShortXD,merged_v346nor_sxd_20150722.txt,1.0
2457225.7462704,2457225.7462704,2015-07-22,20150722,SXD,1.5683848,1.5683848e-06,191147260544733.66,,,,0.0045873793,8.8393906e-05,0,no,SpeX Spectrograph,ShortXD,merged_v346nor_sxd_20150722.txt,1.0
2457225.7462704,2457225.7462704,2015-07-22,20150722,SXD,1.5686538,1.5686538e-06,191114481729493.16,,,,0.004345777,8.8774264e-05,0,no,SpeX Spectrograph,ShortXD,merged_v346nor_sxd_20150722.txt,1.0
2457225.7462704,2457225.7462704,2015-07-22,20150722,SXD,1.5689229,1.5689229e-06,191081701975285.1,,,,0.00445025,8.7981301e-05,0,no,SpeX Spectrograph,ShortXD,merged_v346nor_sxd_20150722.txt,1.0
2457225.7462704,2457225.7462704,2015-07-22,20150722,SXD,1.5691921,1.5691920999999999e-06,191048921288859.44,,,,0.0043596248,8.9461872e-05,0,no,SpeX Spectrograph,ShortXD,merged_v346nor_sxd_20150722.txt,1.0
2457225.7462704,2457225.7462704,2015-07-22,20150722,SXD,1.5694611,1.5694610999999999e-06,191016176189393.94,,,,0.0045359377,0.00010443767,0,no,SpeX Spectrograph,ShortXD,merged_v346nor_sxd_20150722.txt,1.0
2457225.7462704,2457225.7462704,2015-07-22,20150722,SXD,1.5697302,1.5697301999999998e-06,190983430146148.7,,,,0.0044294773,0.0001296421,0,no,SpeX Spectrograph,ShortXD,merged_v346nor_sxd_20150722.txt,1.0
2457225.7462704,2457225.7462704,2015-07-22,20150722,SXD,1.5699992,1.5699992e-06,190950707490806.34,,,,0.00435752,0.00013841053,0,no,SpeX Spectrograph,ShortXD,merged_v346nor_sxd_20150722.txt,1.0
2457225.7462704,2457225.7462704,2015-07-22,20150722,SXD,1.5702683,1.5702682999999998e-06,190917983888485.84,,,,0.0043732123,0.00014005754,0,no,SpeX Spectrograph,ShortXD,merged_v346nor_sxd_20150722.txt,1.0
2457225.7462704,2457225.7462704,2015-07-22,20150722,SXD,1.5705373,1.5705373e-06,190885283654199.1,,,,0.0043505016,0.00013902718,0,no,SpeX Spectrograph,ShortXD,merged_v346nor_sxd_20150722.txt,1.0
2457225.7462704,2457225.7462704,2015-07-22,20150722,SXD,1.5708064,1.5708063999999998e-06,190852582469742.97,,,,0.0044626119,0.00012090406,0,no,SpeX Spectrograph,ShortXD,merged_v346nor_sxd_20150722.txt,1.0
2457225.7462704,2457225.7462704,2015-07-22,20150722,SXD,1.5710754,1.5710754e-06,190819904633475.9,,,,0.0042563039,0.00010052139,0,no,SpeX Spectrograph,ShortXD,merged_v346nor_sxd_20150722.txt,1.0
2457225.7462704,2457225.7462704,2015-07-22,20150722,SXD,1.5713445,1.5713445e-06,190787225843855.38,,,,0.0044865906,9.6361422e-05,0,no,SpeX Spectrograph,ShortXD,merged_v346nor_sxd_20150722.txt,1.0
2457225.7462704,2457225.7462704,2015-07-22,20150722,SXD,1.5716136,1.5716136e-06,190754558245105.56,,,,0.0045162053,9.7148411e-05,0,no,SpeX Spectrograph,ShortXD,merged_v346nor_sxd_20150722.txt,1.0
2457225.7462704,2457225.7462704,2015-07-22,20150722,SXD,1.5718826,1.5718826e-06,190721913964821.56,,,,0.0044951215,9.8773089e-05,0,no,SpeX Spectrograph,ShortXD,merged_v346nor_sxd_20150722.txt,1.0
2457225.7462704,2457225.7462704,2015-07-22,20150722,SXD,1.5721517,1.5721516999999999e-06,190689268726421.25,,,,0.0045853741,0.00010114316,0,no,SpeX Spectrograph,ShortXD,merged_v346nor_sxd_20150722.txt,1.0
2457225.7462704,2457225.7462704,2015-07-22,20150722,SXD,1.5724207,1.5724206999999999e-06,190656646786702.84,,,,0.0045163133,0.0001009571,0,no,SpeX Spectrograph,ShortXD,merged_v346nor_sxd_20150722.txt,1.0
2457225.7462704,2457225.7462704,2015-07-22,20150722,SXD,1.5726898,1.5726898e-06,190624023885702.06,,,,0.0046237404,0.00010169961,0,no,SpeX Spectrograph,ShortXD,merged_v346nor_sxd_20150722.txt,1.0
2457225.7462704,2457225.7462704,2015-07-22,20150722,SXD,1.5729587,1.5729587e-06,190591436380370.3,,,,0.0046225442,0.00010322199,0,no,SpeX Spectrograph,ShortXD,merged_v346nor_sxd_20150722.txt,1.0
2457225.7462704,2457225.7462704,2015-07-22,20150722,SXD,1.5732278,1.5732277999999999e-06,190558835789705.75,,,,0.0045635253,0.00010349156,0,no,SpeX Spectrograph,ShortXD,merged_v346nor_sxd_20150722.txt,1.0
2457225.7462704,2457225.7462704,2015-07-22,20150722,SXD,1.5734968,1.5734967999999999e-06,190526258458231.38,,,,0.004760724,0.00011049232,0,no,SpeX Spectrograph,ShortXD,merged_v346nor_sxd_20150722.txt,1.0
2457225.7462704,2457225.7462704,2015-07-22,20150722,SXD,1.5737659,1.5737658999999998e-06,190493680159164.75,,,,0.0049219728,0.00010748838,0,no,SpeX Spectrograph,ShortXD,merged_v346nor_sxd_20150722.txt,1.0
2457225.7462704,2457225.7462704,2015-07-22,20150722,SXD,1.5740348,1.5740348e-06,190461137199762.06,,,,0.0050236508,0.00010755428,0,no,SpeX Spectrograph,ShortXD,merged_v346nor_sxd_20150722.txt,1.0
2457225.7462704,2457225.7462704,2015-07-22,20150722,SXD,1.5743039,1.5743039e-06,190428581165301.06,,,,0.0049767704,0.00010613215,0,no,SpeX Spectrograph,ShortXD,merged_v346nor_sxd_20150722.txt,1.0
2457225.7462704,2457225.7462704,2015-07-22,20150722,SXD,1.5745729,1.5745728999999999e-06,190396048350635.28,,,,0.005041983,0.00010523934,0,no,SpeX Spectrograph,ShortXD,merged_v346nor_sxd_20150722.txt,1.0
2457225.7462704,2457225.7462704,2015-07-22,20150722,SXD,1.574842,1.574842e-06,190363514562095.75,,,,0.0048275548,0.00010319721,0,no,SpeX Spectrograph,ShortXD,merged_v346nor_sxd_20150722.txt,1.0
2457225.7462704,2457225.7462704,2015-07-22,20150722,SXD,1.5751109,1.5751109000000001e-06,190331016057345.53,,,,0.0049015749,0.00010280767,0,no,SpeX Spectrograph,ShortXD,merged_v346nor_sxd_20150722.txt,1.0
2457225.7462704,2457225.7462704,2015-07-22,20150722,SXD,1.57538,1.5753799999999999e-06,190298504487806.12,,,,0.0049003367,0.00010347294,0,no,SpeX Spectrograph,ShortXD,merged_v346nor_sxd_20150722.txt,1.0
2457225.7462704,2457225.7462704,2015-07-22,20150722,SXD,1.5756489,1.5756489e-06,190266028174170.03,,,,0.0049600634,0.00010636176,0,no,SpeX Spectrograph,ShortXD,merged_v346nor_sxd_20150722.txt,1.0
2457225.7462704,2457225.7462704,2015-07-22,20150722,SXD,1.575918,1.5759179999999999e-06,190233538800876.72,,,,0.0048357872,0.00010806249,0,no,SpeX Spectrograph,ShortXD,merged_v346nor_sxd_20150722.txt,1.0
2457225.7462704,2457225.7462704,2015-07-22,20150722,SXD,1.576187,1.576187e-06,190201072588468.25,,,,0.0048545534,0.00011791172,0,no,SpeX Spectrograph,ShortXD,merged_v346nor_sxd_20150722.txt,1.0
2457225.7462704,2457225.7462704,2015-07-22,20150722,SXD,1.576456,1.576456e-06,190168617455863.03,,,,0.0047273128,0.00011500676,0,no,SpeX Spectrograph,ShortXD,merged_v346nor_sxd_20150722.txt,1.0
2457225.7462704,2457225.7462704,2015-07-22,20150722,SXD,1.576725,1.576725e-06,190136173397390.16,,,,0.0048899255,0.00010954183,0,no,SpeX Spectrograph,ShortXD,merged_v346nor_sxd_20150722.txt,1.0
2457225.7462704,2457225.7462704,2015-07-22,20150722,SXD,1.5769939,1.5769938999999998e-06,190103752462200.4,,,,0.0049541658,0.00010966016,0,no,SpeX Spectrograph,ShortXD,merged_v346nor_sxd_20150722.txt,1.0
2457225.7462704,2457225.7462704,2015-07-22,20150722,SXD,1.577263,1.577263e-06,190071318480177.38,,,,0.0051684766,0.00010925187,0,no,SpeX Spectrograph,ShortXD,merged_v346nor_sxd_20150722.txt,1.0
2457225.7462704,2457225.7462704,2015-07-22,20150722,SXD,1.5775319,1.5775319e-06,190038919656711.84,,,,0.0052578812,0.00011476935,0,no,SpeX Spectrograph,ShortXD,merged_v346nor_sxd_20150722.txt,1.0
2457225.7462704,2457225.7462704,2015-07-22,20150722,SXD,1.5778009,1.5778008999999998e-06,190006519834029.78,,,,0.0050443597,0.00012323195,0,no,SpeX Spectrograph,ShortXD,merged_v346nor_sxd_20150722.txt,1.0
2457225.7462704,2457225.7462704,2015-07-22,20150722,SXD,1.5780699,1.5780699e-06,189974131057185.75,,,,0.0051196418,0.00011760342,0,no,SpeX Spectrograph,ShortXD,merged_v346nor_sxd_20150722.txt,1.0
2457225.7462704,2457225.7462704,2015-07-22,20150722,SXD,1.5783389,1.5783389e-06,189941753320532.1,,,,0.0049793273,0.00011518649,0,no,SpeX Spectrograph,ShortXD,merged_v346nor_sxd_20150722.txt,1.0
2457225.7462704,2457225.7462704,2015-07-22,20150722,SXD,1.5786079,1.5786078999999999e-06,189909386618425.03,,,,0.0049153203,0.0001095332,0,no,SpeX Spectrograph,ShortXD,merged_v346nor_sxd_20150722.txt,1.0
2457225.7462704,2457225.7462704,2015-07-22,20150722,SXD,1.5788769,1.5788768999999999e-06,189877030945224.44,,,,0.0049498696,0.00010801842,0,no,SpeX Spectrograph,ShortXD,merged_v346nor_sxd_20150722.txt,1.0
2457225.7462704,2457225.7462704,2015-07-22,20150722,SXD,1.5791458,1.5791458e-06,189844698317280.16,,,,0.0052030012,0.00010704416,0,no,SpeX Spectrograph,ShortXD,merged_v346nor_sxd_20150722.txt,1.0
2457225.7462704,2457225.7462704,2015-07-22,20150722,SXD,1.5794147,1.5794147e-06,189812376698785.94,,,,0.0049445359,0.00010971188,0,no,SpeX Spectrograph,ShortXD,merged_v346nor_sxd_20150722.txt,1.0
2457225.7462704,2457225.7462704,2015-07-22,20150722,SXD,1.5796838,1.5796838e-06,189780042056517.9,,,,0.0049853413,0.00012388304,0,no,SpeX Spectrograph,ShortXD,merged_v346nor_sxd_20150722.txt,1.0
2457225.7462704,2457225.7462704,2015-07-22,20150722,SXD,1.5799527,1.5799526999999999e-06,189747742448239.12,,,,0.0049083242,0.00014373653,0,no,SpeX Spectrograph,ShortXD,merged_v346nor_sxd_20150722.txt,1.0
2457225.7462704,2457225.7462704,2015-07-22,20150722,SXD,1.5802217,1.5802217e-06,189715441826928.44,,,,0.0049189995,0.0001626474,0,no,SpeX Spectrograph,ShortXD,merged_v346nor_sxd_20150722.txt,1.0
2457225.7462704,2457225.7462704,2015-07-22,20150722,SXD,1.5804906,1.5804906e-06,189683164202305.28,,,,0.0051215924,0.00017847461,0,no,SpeX Spectrograph,ShortXD,merged_v346nor_sxd_20150722.txt,1.0
2457225.7462704,2457225.7462704,2015-07-22,20150722,SXD,1.5807595,1.5807595e-06,189650897559053.1,,,,0.0053530708,0.00017515291,0,no,SpeX Spectrograph,ShortXD,merged_v346nor_sxd_20150722.txt,1.0
2457225.7462704,2457225.7462704,2015-07-22,20150722,SXD,1.5810286,1.5810286e-06,189618617904824.75,,,,0.0051611834,0.00016380288,0,no,SpeX Spectrograph,ShortXD,merged_v346nor_sxd_20150722.txt,1.0
2457225.7462704,2457225.7462704,2015-07-22,20150722,SXD,1.5812975,1.5812975e-06,189586373215666.25,,,,0.0054147062,0.00014169376,0,no,SpeX Spectrograph,ShortXD,merged_v346nor_sxd_20150722.txt,1.0
2457225.7462704,2457225.7462704,2015-07-22,20150722,SXD,1.5815665,1.5815665e-06,189554127505862.06,,,,0.004861339,0.00011260726,0,no,SpeX Spectrograph,ShortXD,merged_v346nor_sxd_20150722.txt,1.0
2457225.7462704,2457225.7462704,2015-07-22,20150722,SXD,1.5818354,1.5818354e-06,189521904744324.22,,,,0.0051639006,0.00010064486,0,no,SpeX Spectrograph,ShortXD,merged_v346nor_sxd_20150722.txt,1.0
2457225.7462704,2457225.7462704,2015-07-22,20150722,SXD,1.5821043,1.5821042999999998e-06,189489692936173.72,,,,0.0051050978,0.00010808506,0,no,SpeX Spectrograph,ShortXD,merged_v346nor_sxd_20150722.txt,1.0
2457225.7462704,2457225.7462704,2015-07-22,20150722,SXD,1.5823733,1.5823733e-06,189457480102830.34,,,,0.0054173977,0.00015615929,0,no,SpeX Spectrograph,ShortXD,merged_v346nor_sxd_20150722.txt,1.0
2457225.7462704,2457225.7462704,2015-07-22,20150722,SXD,1.5826422,1.5826421999999999e-06,189425290188774.22,,,,0.0051619117,0.00026614097,0,no,SpeX Spectrograph,ShortXD,merged_v346nor_sxd_20150722.txt,1.0
2457225.7462704,2457225.7462704,2015-07-22,20150722,SXD,1.5829111,1.5829111e-06,189393111211362.4,,,,0.0055229403,0.00036228501,0,no,SpeX Spectrograph,ShortXD,merged_v346nor_sxd_20150722.txt,1.0
2457225.7462704,2457225.7462704,2015-07-22,20150722,SXD,1.5831801,1.5831801e-06,189360931204226.22,,,,0.0051186411,0.00035980972,0,no,SpeX Spectrograph,ShortXD,merged_v346nor_sxd_20150722.txt,1.0
2457225.7462704,2457225.7462704,2015-07-22,20150722,SXD,1.583449,1.583449e-06,189328774087450.88,,,,0.0051211435,0.00036029512,0,no,SpeX Spectrograph,ShortXD,merged_v346nor_sxd_20150722.txt,1.0
2457225.7462704,2457225.7462704,2015-07-22,20150722,SXD,1.5837179,1.5837179e-06,189296627890611.1,,,,0.0051608314,0.00033339465,0,no,SpeX Spectrograph,ShortXD,merged_v346nor_sxd_20150722.txt,1.0
2457225.7462704,2457225.7462704,2015-07-22,20150722,SXD,1.5839869,1.5839869e-06,189264480659530.72,,,,0.0049992581,0.00023456533,0,no,SpeX Spectrograph,ShortXD,merged_v346nor_sxd_20150722.txt,1.0
2457225.7462704,2457225.7462704,2015-07-22,20150722,SXD,1.5842558,1.5842558e-06,189232356289937.53,,,,0.0048828693,0.00021539722,0,no,SpeX Spectrograph,ShortXD,merged_v346nor_sxd_20150722.txt,1.0
2457225.7462704,2457225.7462704,2015-07-22,20150722,SXD,1.5845246,1.5845246e-06,189200254764110.34,,,,0.005035664,0.00022478407,0,no,SpeX Spectrograph,ShortXD,merged_v346nor_sxd_20150722.txt,1.0
2457225.7462704,2457225.7462704,2015-07-22,20150722,SXD,1.5847936,1.5847936e-06,189168140254983.38,,,,0.0048748106,0.00022347813,0,no,SpeX Spectrograph,ShortXD,merged_v346nor_sxd_20150722.txt,1.0
2457225.7462704,2457225.7462704,2015-07-22,20150722,SXD,1.5850625,1.5850625e-06,189136048578526.1,,,,0.0049520191,0.00021359233,0,no,SpeX Spectrograph,ShortXD,merged_v346nor_sxd_20150722.txt,1.0
2457225.7462704,2457225.7462704,2015-07-22,20150722,SXD,1.5853314,1.5853314e-06,189103967788690.75,,,,0.0051094647,0.0001762491,0,no,SpeX Spectrograph,ShortXD,merged_v346nor_sxd_20150722.txt,1.0
2457225.7462704,2457225.7462704,2015-07-22,20150722,SXD,1.5856004,1.5856003999999999e-06,189071885955629.2,,,,0.0050267163,0.00012372479,0,no,SpeX Spectrograph,ShortXD,merged_v346nor_sxd_20150722.txt,1.0
2457225.7462704,2457225.7462704,2015-07-22,20150722,SXD,1.5858692,1.5858692e-06,189039838846734.66,,,,0.0052415906,0.00011268208,0,no,SpeX Spectrograph,ShortXD,merged_v346nor_sxd_20150722.txt,1.0
2457225.7462704,2457225.7462704,2015-07-22,20150722,SXD,1.5861381,1.5861381e-06,189007790683547.66,,,,0.0050471439,0.00011919589,0,no,SpeX Spectrograph,ShortXD,merged_v346nor_sxd_20150722.txt,1.0
2457225.7462704,2457225.7462704,2015-07-22,20150722,SXD,1.5864071,1.5864070999999999e-06,188975741472664.88,,,,0.0050583044,0.00013984965,0,no,SpeX Spectrograph,ShortXD,merged_v346nor_sxd_20150722.txt,1.0
2457225.7462704,2457225.7462704,2015-07-22,20150722,SXD,1.586676,1.586676e-06,188943715036970.38,,,,0.0050909063,0.00014713334,0,no,SpeX Spectrograph,ShortXD,merged_v346nor_sxd_20150722.txt,1.0
2457225.7462704,2457225.7462704,2015-07-22,20150722,SXD,1.5869448,1.5869447999999999e-06,188911711358832.4,,,,0.005087194,0.00014815292,0,no,SpeX Spectrograph,ShortXD,merged_v346nor_sxd_20150722.txt,1.0
2457225.7462704,2457225.7462704,2015-07-22,20150722,SXD,1.5872138,1.5872138e-06,188879694720396.22,,,,0.0052740071,0.00014340509,0,no,SpeX Spectrograph,ShortXD,merged_v346nor_sxd_20150722.txt,1.0
2457225.7462704,2457225.7462704,2015-07-22,20150722,SXD,1.5874826,1.5874825999999998e-06,188847712724536.34,,,,0.0053163106,0.00012476055,0,no,SpeX Spectrograph,ShortXD,merged_v346nor_sxd_20150722.txt,1.0
2457225.7462704,2457225.7462704,2015-07-22,20150722,SXD,1.5877515,1.5877515e-06,188815729665504.97,,,,0.0051493072,0.00011082549,0,no,SpeX Spectrograph,ShortXD,merged_v346nor_sxd_20150722.txt,1.0
2457225.7462704,2457225.7462704,2015-07-22,20150722,SXD,1.5880204,1.5880204e-06,188783757437876.75,,,,0.0052298745,9.8383847e-05,0,no,SpeX Spectrograph,ShortXD,merged_v346nor_sxd_20150722.txt,1.0
2457225.7462704,2457225.7462704,2015-07-22,20150722,SXD,1.5882893,1.5882893e-06,188751796036150.34,,,,0.0051904791,9.8055963e-05,0,no,SpeX Spectrograph,ShortXD,merged_v346nor_sxd_20150722.txt,1.0
2457225.7462704,2457225.7462704,2015-07-22,20150722,SXD,1.5885582,1.5885582e-06,188719845454828.16,,,,0.0052325176,9.8862343e-05,0,no,SpeX Spectrograph,ShortXD,merged_v346nor_sxd_20150722.txt,1.0
2457225.7462704,2457225.7462704,2015-07-22,20150722,SXD,1.588827,1.5888269999999998e-06,188687917564341.5,,,,0.0051817079,0.00010017012,0,no,SpeX Spectrograph,ShortXD,merged_v346nor_sxd_20150722.txt,1.0
2457225.7462704,2457225.7462704,2015-07-22,20150722,SXD,1.589096,1.589096e-06,188655976731424.66,,,,0.0052290154,0.00010724585,0,no,SpeX Spectrograph,ShortXD,merged_v346nor_sxd_20150722.txt,1.0
2457225.7462704,2457225.7462704,2015-07-22,20150722,SXD,1.5893648,1.5893648e-06,188624070446256.28,,,,0.0051742475,0.00011207446,0,no,SpeX Spectrograph,ShortXD,merged_v346nor_sxd_20150722.txt,1.0
2457225.7462704,2457225.7462704,2015-07-22,20150722,SXD,1.5896337,1.5896337e-06,188592163087634.6,,,,0.0052121552,0.00011382903,0,no,SpeX Spectrograph,ShortXD,merged_v346nor_sxd_20150722.txt,1.0
2457225.7462704,2457225.7462704,2015-07-22,20150722,SXD,1.5899025,1.5899025e-06,188560278381850.47,,,,0.0051548756,0.00011263345,0,no,SpeX Spectrograph,ShortXD,merged_v346nor_sxd_20150722.txt,1.0
2457225.7462704,2457225.7462704,2015-07-22,20150722,SXD,1.5901713,1.5901713e-06,188528404455545.16,,,,0.0051808525,0.00010534815,0,no,SpeX Spectrograph,ShortXD,merged_v346nor_sxd_20150722.txt,1.0
2457225.7462704,2457225.7462704,2015-07-22,20150722,SXD,1.5904403,1.5904403e-06,188496517599560.34,,,,0.0051217172,9.6016724e-05,0,no,SpeX Spectrograph,ShortXD,merged_v346nor_sxd_20150722.txt,1.0
2457225.7462704,2457225.7462704,2015-07-22,20150722,SXD,1.5907091,1.5907090999999998e-06,188464665223830.06,,,,0.0052059432,9.2673894e-05,0,no,SpeX Spectrograph,ShortXD,merged_v346nor_sxd_20150722.txt,1.0
2457225.7462704,2457225.7462704,2015-07-22,20150722,SXD,1.5909779,1.5909779e-06,188432823611189.06,,,,0.0053184903,9.1778464e-05,0,no,SpeX Spectrograph,ShortXD,merged_v346nor_sxd_20150722.txt,1.0
2457225.7462704,2457225.7462704,2015-07-22,20150722,SXD,1.5912468,1.5912467999999998e-06,188400980916348.12,,,,0.0054191672,9.3621013e-05,0,no,SpeX Spectrograph,ShortXD,merged_v346nor_sxd_20150722.txt,1.0
2457225.7462704,2457225.7462704,2015-07-22,20150722,SXD,1.5915157,1.5915157e-06,188369148981690.88,,,,0.0053535211,9.4493029e-05,0,no,SpeX Spectrograph,ShortXD,merged_v346nor_sxd_20150722.txt,1.0
2457225.7462704,2457225.7462704,2015-07-22,20150722,SXD,1.5917845,1.5917844999999998e-06,188337339633599.9,,,,0.0052156905,9.4677758e-05,0,no,SpeX Spectrograph,ShortXD,merged_v346nor_sxd_20150722.txt,1.0
2457225.7462704,2457225.7462704,2015-07-22,20150722,SXD,1.5920534,1.5920534e-06,188305529198957.78,,,,0.0053767427,0.0001010214,0,no,SpeX Spectrograph,ShortXD,merged_v346nor_sxd_20150722.txt,1.0
2457225.7462704,2457225.7462704,2015-07-22,20150722,SXD,1.5923222,1.5923221999999998e-06,188273741331999.28,,,,0.0051968182,9.3070448e-05,0,no,SpeX Spectrograph,ShortXD,merged_v346nor_sxd_20150722.txt,1.0
2457225.7462704,2457225.7462704,2015-07-22,20150722,SXD,1.592591,1.592591e-06,188241964195452.56,,,,0.0052581108,9.3114788e-05,0,no,SpeX Spectrograph,ShortXD,merged_v346nor_sxd_20150722.txt,1.0
2457225.7462704,2457225.7462704,2015-07-22,20150722,SXD,1.5928599,1.5928599e-06,188210185968018.9,,,,0.0052219876,9.4866657e-05,0,no,SpeX Spectrograph,ShortXD,merged_v346nor_sxd_20150722.txt,1.0
2457225.7462704,2457225.7462704,2015-07-22,20150722,SXD,1.5931287,1.5931287e-06,188178430279989.3,,,,0.0053744363,9.4297357e-05,0,no,SpeX Spectrograph,ShortXD,merged_v346nor_sxd_20150722.txt,1.0
2457225.7462704,2457225.7462704,2015-07-22,20150722,SXD,1.5933975,1.5933974999999999e-06,188146685306083.4,,,,0.0052526002,8.8567867e-05,0,no,SpeX Spectrograph,ShortXD,merged_v346nor_sxd_20150722.txt,1.0
2457225.7462704,2457225.7462704,2015-07-22,20150722,SXD,1.5936664,1.5936664e-06,188114939236969.56,,,,0.0051524723,8.8660141e-05,0,no,SpeX Spectrograph,ShortXD,merged_v346nor_sxd_20150722.txt,1.0
2457225.7462704,2457225.7462704,2015-07-22,20150722,SXD,1.5939353,1.5939353e-06,188083203879103.5,,,,0.0051808218,8.6675274e-05,0,no,SpeX Spectrograph,ShortXD,merged_v346nor_sxd_20150722.txt,1.0
2457225.7462704,2457225.7462704,2015-07-22,20150722,SXD,1.5942041,1.5942041e-06,188051491023012.7,,,,0.0053611253,8.6467568e-05,0,no,SpeX Spectrograph,ShortXD,merged_v346nor_sxd_20150722.txt,1.0
2457225.7462704,2457225.7462704,2015-07-22,20150722,SXD,1.5944729,1.5944728999999999e-06,188019788859377.94,,,,0.005334978,8.5117812e-05,0,no,SpeX Spectrograph,ShortXD,merged_v346nor_sxd_20150722.txt,1.0
2457225.7462704,2457225.7462704,2015-07-22,20150722,SXD,1.5947417,1.5947416999999998e-06,187988097382792.47,,,,0.0053057605,8.6724824e-05,0,no,SpeX Spectrograph,ShortXD,merged_v346nor_sxd_20150722.txt,1.0
2457225.7462704,2457225.7462704,2015-07-22,20150722,SXD,1.5950105,1.5950105e-06,187956416587853.2,,,,0.0054203514,8.7938133e-05,0,no,SpeX Spectrograph,ShortXD,merged_v346nor_sxd_20150722.txt,1.0
2457225.7462704,2457225.7462704,2015-07-22,20150722,SXD,1.5952793,1.5952793e-06,187924746469160.6,,,,0.0055247103,8.8290733e-05,0,no,SpeX Spectrograph,ShortXD,merged_v346nor_sxd_20150722.txt,1.0
2457225.7462704,2457225.7462704,2015-07-22,20150722,SXD,1.5955482,1.5955482e-06,187893075245235.47,,,,0.0054013361,8.6806285e-05,0,no,SpeX Spectrograph,ShortXD,merged_v346nor_sxd_20150722.txt,1.0
2457225.7462704,2457225.7462704,2015-07-22,20150722,SXD,1.595817,1.5958169999999999e-06,187861426466819.22,,,,0.0053337235,8.8655775e-05,0,no,SpeX Spectrograph,ShortXD,merged_v346nor_sxd_20150722.txt,1.0
2457225.7462704,2457225.7462704,2015-07-22,20150722,SXD,1.5960858,1.5960858e-06,187829788348471.0,,,,0.0054451297,9.0436326e-05,0,no,SpeX Spectrograph,ShortXD,merged_v346nor_sxd_20150722.txt,1.0
2457225.7462704,2457225.7462704,2015-07-22,20150722,SXD,1.5963546,1.5963546e-06,187798160884805.94,,,,0.0054815137,0.00010749541,0,no,SpeX Spectrograph,ShortXD,merged_v346nor_sxd_20150722.txt,1.0
2457225.7462704,2457225.7462704,2015-07-22,20150722,SXD,1.5966233,1.5966233e-06,187766555830670.9,,,,0.0054822154,0.00014491701,0,no,SpeX Spectrograph,ShortXD,merged_v346nor_sxd_20150722.txt,1.0
2457225.7462704,2457225.7462704,2015-07-22,20150722,SXD,1.5968921,1.5968921e-06,187734949656272.94,,,,0.0052978131,0.00017279839,0,no,SpeX Spectrograph,ShortXD,merged_v346nor_sxd_20150722.txt,1.0
2457225.7462704,2457225.7462704,2015-07-22,20150722,SXD,1.5971609,1.5971609e-06,187703354120427.06,,,,0.0052394038,0.00017675014,0,no,SpeX Spectrograph,ShortXD,merged_v346nor_sxd_20150722.txt,1.0
2457225.7462704,2457225.7462704,2015-07-22,20150722,SXD,1.5974298,1.5974297999999998e-06,187671757469404.94,,,,0.005430927,0.0001754159,0,no,SpeX Spectrograph,ShortXD,merged_v346nor_sxd_20150722.txt,1.0
2457225.7462704,2457225.7462704,2015-07-22,20150722,SXD,1.5976986,1.5976986e-06,187640183198508.16,,,,0.0052674608,0.00015812811,0,no,SpeX Spectrograph,ShortXD,merged_v346nor_sxd_20150722.txt,1.0
2457225.7462704,2457225.7462704,2015-07-22,20150722,SXD,1.5979674,1.5979673999999999e-06,187608619550060.9,,,,0.0053985137,0.00011308832,0,no,SpeX Spectrograph,ShortXD,merged_v346nor_sxd_20150722.txt,1.0
2457225.7462704,2457225.7462704,2015-07-22,20150722,SXD,1.5982361,1.5982360999999999e-06,187577078255209.0,,,,0.0056211324,9.3468901e-05,0,no,SpeX Spectrograph,ShortXD,merged_v346nor_sxd_20150722.txt,1.0
2457225.7462704,2457225.7462704,2015-07-22,20150722,SXD,1.5985049,1.5985049e-06,187545535831638.7,,,,0.005518951,9.0432433e-05,0,no,SpeX Spectrograph,ShortXD,merged_v346nor_sxd_20150722.txt,1.0
2457225.7462704,2457225.7462704,2015-07-22,20150722,SXD,1.5987737,1.5987737e-06,187514004014451.84,,,,0.0057580639,8.8235109e-05,0,no,SpeX Spectrograph,ShortXD,merged_v346nor_sxd_20150722.txt,1.0
2457225.7462704,2457225.7462704,2015-07-22,20150722,SXD,1.5990425,1.5990424999999999e-06,187482482798299.62,,,,0.0059635644,8.7847839e-05,0,no,SpeX Spectrograph,ShortXD,merged_v346nor_sxd_20150722.txt,1.0
2457225.7462704,2457225.7462704,2015-07-22,20150722,SXD,1.5993112,1.5993112e-06,187450983898568.3,,,,0.0062019909,8.9721689e-05,0,no,SpeX Spectrograph,ShortXD,merged_v346nor_sxd_20150722.txt,1.0
2457225.7462704,2457225.7462704,2015-07-22,20150722,SXD,1.59958,1.59958e-06,187419483864514.44,,,,0.0060376176,9.0539659e-05,0,no,SpeX Spectrograph,ShortXD,merged_v346nor_sxd_20150722.txt,1.0
2457225.7462704,2457225.7462704,2015-07-22,20150722,SXD,1.5998489,1.5998488999999998e-06,187387982702616.5,,,,0.0062559061,9.0624257e-05,0,no,SpeX Spectrograph,ShortXD,merged_v346nor_sxd_20150722.txt,1.0
2457225.7462704,2457225.7462704,2015-07-22,20150722,SXD,1.6001176,1.6001175999999998e-06,187356515546107.38,,,,0.0059251455,8.866311e-05,0,no,SpeX Spectrograph,ShortXD,merged_v346nor_sxd_20150722.txt,1.0
2457225.7462704,2457225.7462704,2015-07-22,20150722,SXD,1.6003864,1.6003864e-06,187325047251088.88,,,,0.0057029058,8.9487396e-05,0,no,SpeX Spectrograph,ShortXD,merged_v346nor_sxd_20150722.txt,1.0
2457225.7462704,2457225.7462704,2015-07-22,20150722,SXD,1.6006551,1.6006551e-06,187293601226147.97,,,,0.0054972451,9.0260241e-05,0,no,SpeX Spectrograph,ShortXD,merged_v346nor_sxd_20150722.txt,1.0
2457225.7462704,2457225.7462704,2015-07-22,20150722,SXD,1.6009239,1.6009238999999999e-06,187262154059915.03,,,,0.0056966236,9.3390263e-05,0,no,SpeX Spectrograph,ShortXD,merged_v346nor_sxd_20150722.txt,1.0
2457225.7462704,2457225.7462704,2015-07-22,20150722,SXD,1.6011926,1.6011926e-06,187230729145263.34,,,,0.0055584777,9.6304961e-05,0,no,SpeX Spectrograph,ShortXD,merged_v346nor_sxd_20150722.txt,1.0
2457225.7462704,2457225.7462704,2015-07-22,20150722,SXD,1.6014614,1.6014614e-06,187199303086543.34,,,,0.0055612377,9.5997173e-05,0,no,SpeX Spectrograph,ShortXD,merged_v346nor_sxd_20150722.txt,1.0
2457225.7462704,2457225.7462704,2015-07-22,20150722,SXD,1.6017302,1.6017302e-06,187167887575572.97,,,,0.0056318692,0.00010044147,0,no,SpeX Spectrograph,ShortXD,merged_v346nor_sxd_20150722.txt,1.0
2457225.7462704,2457225.7462704,2015-07-22,20150722,SXD,1.6019989,1.6019989e-06,187136494288479.25,,,,0.0056961072,0.00011264154,0,no,SpeX Spectrograph,ShortXD,merged_v346nor_sxd_20150722.txt,1.0
2457225.7462704,2457225.7462704,2015-07-22,20150722,SXD,1.6022676,1.6022675999999999e-06,187105111530683.16,,,,0.0057057268,0.0001797349,0,no,SpeX Spectrograph,ShortXD,merged_v346nor_sxd_20150722.txt,1.0
2457225.7462704,2457225.7462704,2015-07-22,20150722,SXD,1.6025364,1.6025363999999998e-06,187073727623285.22,,,,0.0058308393,0.00029218337,0,no,SpeX Spectrograph,ShortXD,merged_v346nor_sxd_20150722.txt,1.0
2457225.7462704,2457225.7462704,2015-07-22,20150722,SXD,1.6028051,1.6028051e-06,187042365912112.47,,,,0.0057049929,0.00033481646,0,no,SpeX Spectrograph,ShortXD,merged_v346nor_sxd_20150722.txt,1.0
2457225.7462704,2457225.7462704,2015-07-22,20150722,SXD,1.603074,1.603074e-06,187010991382805.78,,,,0.0058724936,0.00033586693,0,no,SpeX Spectrograph,ShortXD,merged_v346nor_sxd_20150722.txt,1.0
2457225.7462704,2457225.7462704,2015-07-22,20150722,SXD,1.6033427,1.6033426999999999e-06,186979650701001.12,,,,0.0046033612,0.0003464889,0,no,SpeX Spectrograph,ShortXD,merged_v346nor_sxd_20150722.txt,1.0
2457225.7462704,2457225.7462704,2015-07-22,20150722,SXD,1.6036114,1.6036113999999998e-06,186948320522041.72,,,,0.0057378141,0.00028533908,0,no,SpeX Spectrograph,ShortXD,merged_v346nor_sxd_20150722.txt,1.0
2457225.7462704,2457225.7462704,2015-07-22,20150722,SXD,1.6038802,1.6038802e-06,186916989186598.84,,,,0.0056219646,0.00015980254,0,no,SpeX Spectrograph,ShortXD,merged_v346nor_sxd_20150722.txt,1.0
2457225.7462704,2457225.7462704,2015-07-22,20150722,SXD,1.6041489,1.6041489e-06,186885680001401.38,,,,0.0056160982,0.00011737082,0,no,SpeX Spectrograph,ShortXD,merged_v346nor_sxd_20150722.txt,1.0
2457225.7462704,2457225.7462704,2015-07-22,20150722,SXD,1.6044176,1.6044176e-06,186854381303221.8,,,,0.0056926678,0.00010850563,0,no,SpeX Spectrograph,ShortXD,merged_v346nor_sxd_20150722.txt,1.0
2457225.7462704,2457225.7462704,2015-07-22,20150722,SXD,1.6046864,1.6046864e-06,186823081444449.2,,,,0.005675429,0.00010209063,0,no,SpeX Spectrograph,ShortXD,merged_v346nor_sxd_20150722.txt,1.0
2457225.7462704,2457225.7462704,2015-07-22,20150722,SXD,1.6049551,1.6049550999999998e-06,186791803708402.8,,,,0.0056800172,9.9405232e-05,0,no,SpeX Spectrograph,ShortXD,merged_v346nor_sxd_20150722.txt,1.0
2457225.7462704,2457225.7462704,2015-07-22,20150722,SXD,1.6052238,1.6052238e-06,186760536443578.78,,,,0.0056302454,9.932313e-05,0,no,SpeX Spectrograph,ShortXD,merged_v346nor_sxd_20150722.txt,1.0
2457225.7462704,2457225.7462704,2015-07-22,20150722,SXD,1.6054925,1.6054924999999998e-06,186729279644719.62,,,,0.0057417736,9.9440847e-05,0,no,SpeX Spectrograph,ShortXD,merged_v346nor_sxd_20150722.txt,1.0
2457225.7462704,2457225.7462704,2015-07-22,20150722,SXD,1.6057613,1.6057613e-06,186698021679810.06,,,,0.0056391302,9.8669989e-05,0,no,SpeX Spectrograph,ShortXD,merged_v346nor_sxd_20150722.txt,1.0
2457225.7462704,2457225.7462704,2015-07-22,20150722,SXD,1.60603,1.60603e-06,186666785801012.44,,,,0.0057458403,9.9268836e-05,0,no,SpeX Spectrograph,ShortXD,merged_v346nor_sxd_20150722.txt,1.0
2457225.7462704,2457225.7462704,2015-07-22,20150722,SXD,1.6062987,1.6062987e-06,186635560372426.38,,,,0.0060094837,9.5609365e-05,0,no,SpeX Spectrograph,ShortXD,merged_v346nor_sxd_20150722.txt,1.0
2457225.7462704,2457225.7462704,2015-07-22,20150722,SXD,1.6065674,1.6065674000000001e-06,186604345388808.44,,,,0.0055886428,0.00010081241,0,no,SpeX Spectrograph,ShortXD,merged_v346nor_sxd_20150722.txt,1.0
2457225.7462704,2457225.7462704,2015-07-22,20150722,SXD,1.6068361,1.6068360999999999e-06,186573140844918.78,,,,0.0057973303,0.00010100023,0,no,SpeX Spectrograph,ShortXD,merged_v346nor_sxd_20150722.txt,1.0
2457225.7462704,2457225.7462704,2015-07-22,20150722,SXD,1.6071048,1.6071047999999999e-06,186541946735520.94,,,,0.0056661805,0.00012320474,0,no,SpeX Spectrograph,ShortXD,merged_v346nor_sxd_20150722.txt,1.0
2457225.7462704,2457225.7462704,2015-07-22,20150722,SXD,1.6073735,1.6073734999999999e-06,186510763055381.97,,,,0.0060039391,0.00017967689,0,no,SpeX Spectrograph,ShortXD,merged_v346nor_sxd_20150722.txt,1.0
2457225.7462704,2457225.7462704,2015-07-22,20150722,SXD,1.6076422,1.6076421999999998e-06,186479589799272.53,,,,0.0060862489,0.00020936487,0,no,SpeX Spectrograph,ShortXD,merged_v346nor_sxd_20150722.txt,1.0
2457225.7462704,2457225.7462704,2015-07-22,20150722,SXD,1.607911,1.607911e-06,186448415366273.38,,,,0.0060379338,0.00021364237,0,no,SpeX Spectrograph,ShortXD,merged_v346nor_sxd_20150722.txt,1.0
2457225.7462704,2457225.7462704,2015-07-22,20150722,SXD,1.6081797,1.6081797e-06,186417262946423.22,,,,0.006105978,0.00021289547,0,no,SpeX Spectrograph,ShortXD,merged_v346nor_sxd_20150722.txt,1.0
2457225.7462704,2457225.7462704,2015-07-22,20150722,SXD,1.6084484,1.6084483999999997e-06,186386120934933.34,,,,0.0059263324,0.00018191493,0,no,SpeX Spectrograph,ShortXD,merged_v346nor_sxd_20150722.txt,1.0
2457225.7462704,2457225.7462704,2015-07-22,20150722,SXD,1.6087171,1.6087171e-06,186354989326588.25,,,,0.0056411624,0.0001231479,0,no,SpeX Spectrograph,ShortXD,merged_v346nor_sxd_20150722.txt,1.0
2457225.7462704,2457225.7462704,2015-07-22,20150722,SXD,1.6089858,1.6089858e-06,186323868116176.06,,,,0.0058807852,0.00010275433,0,no,SpeX Spectrograph,ShortXD,merged_v346nor_sxd_20150722.txt,1.0
2457225.7462704,2457225.7462704,2015-07-22,20150722,SXD,1.6092544,1.6092544e-06,186292768874828.0,,,,0.0056643519,9.7684169e-05,0,no,SpeX Spectrograph,ShortXD,merged_v346nor_sxd_20150722.txt,1.0
2457225.7462704,2457225.7462704,2015-07-22,20150722,SXD,1.6095231,1.6095231e-06,186261668440794.7,,,,0.0057230475,9.9524339e-05,0,no,SpeX Spectrograph,ShortXD,merged_v346nor_sxd_20150722.txt,1.0
2457225.7462704,2457225.7462704,2015-07-22,20150722,SXD,1.6097918,1.6097918e-06,186230578389081.12,,,,0.0057397382,9.5226002e-05,0,no,SpeX Spectrograph,ShortXD,merged_v346nor_sxd_20150722.txt,1.0
2457225.7462704,2457225.7462704,2015-07-22,20150722,SXD,1.6100605,1.6100605e-06,186199498714489.3,,,,0.0057280394,9.4791583e-05,0,no,SpeX Spectrograph,ShortXD,merged_v346nor_sxd_20150722.txt,1.0
2457225.7462704,2457225.7462704,2015-07-22,20150722,SXD,1.6103292,1.6103292e-06,186168429411824.62,,,,0.00563358,9.4766903e-05,0,no,SpeX Spectrograph,ShortXD,merged_v346nor_sxd_20150722.txt,1.0
2457225.7462704,2457225.7462704,2015-07-22,20150722,SXD,1.6105978,1.6105978e-06,186137382032932.12,,,,0.0056266161,9.4074676e-05,0,no,SpeX Spectrograph,ShortXD,merged_v346nor_sxd_20150722.txt,1.0
2457225.7462704,2457225.7462704,2015-07-22,20150722,SXD,1.6108665,1.6108665e-06,186106333454696.6,,,,0.0056691119,9.3767536e-05,0,no,SpeX Spectrograph,ShortXD,merged_v346nor_sxd_20150722.txt,1.0
2457225.7462704,2457225.7462704,2015-07-22,20150722,SXD,1.6111352,1.6111352000000001e-06,186075295232827.12,,,,0.0057799141,9.7064876e-05,0,no,SpeX Spectrograph,ShortXD,merged_v346nor_sxd_20150722.txt,1.0
2457225.7462704,2457225.7462704,2015-07-22,20150722,SXD,1.6114038,1.6114038e-06,186044278907620.8,,,,0.0057743434,0.0001024481,0,no,SpeX Spectrograph,ShortXD,merged_v346nor_sxd_20150722.txt,1.0
2457225.7462704,2457225.7462704,2015-07-22,20150722,SXD,1.6116725,1.6116725e-06,186013261379095.3,,,,0.0059828903,0.00010998858,0,no,SpeX Spectrograph,ShortXD,merged_v346nor_sxd_20150722.txt,1.0
2457225.7462704,2457225.7462704,2015-07-22,20150722,SXD,1.6119412,1.6119412e-06,185982254191406.0,,,,0.0057412093,0.00014485336,0,no,SpeX Spectrograph,ShortXD,merged_v346nor_sxd_20150722.txt,1.0
2457225.7462704,2457225.7462704,2015-07-22,20150722,SXD,1.6122099,1.6122099e-06,185951257339382.44,,,,0.0064029889,0.00024924736,0,no,SpeX Spectrograph,ShortXD,merged_v346nor_sxd_20150722.txt,1.0
2457225.7462704,2457225.7462704,2015-07-22,20150722,SXD,1.6124785,1.6124785e-06,185920282347950.7,,,,0.0063251746,0.00031759054,0,no,SpeX Spectrograph,ShortXD,merged_v346nor_sxd_20150722.txt,1.0
2457225.7462704,2457225.7462704,2015-07-22,20150722,SXD,1.6127472,1.6127472e-06,185889306147919.53,,,,0.0061079012,0.0003272825,0,no,SpeX Spectrograph,ShortXD,merged_v346nor_sxd_20150722.txt,1.0
2457225.7462704,2457225.7462704,2015-07-22,20150722,SXD,1.6130159,1.6130159e-06,185858340268065.56,,,,0.0057960134,0.00032672301,0,no,SpeX Spectrograph,ShortXD,merged_v346nor_sxd_20150722.txt,1.0
2457225.7462704,2457225.7462704,2015-07-22,20150722,SXD,1.6132845,1.6132845e-06,185827396221807.12,,,,0.0060231583,0.00028695771,0,no,SpeX Spectrograph,ShortXD,merged_v346nor_sxd_20150722.txt,1.0
2457225.7462704,2457225.7462704,2015-07-22,20150722,SXD,1.6135532,1.6135531999999997e-06,185796450963005.16,,,,0.0056233271,0.00017640302,0,no,SpeX Spectrograph,ShortXD,merged_v346nor_sxd_20150722.txt,1.0
2457225.7462704,2457225.7462704,2015-07-22,20150722,SXD,1.6138219,1.6138219e-06,185765516008922.7,,,,0.0059182798,0.00011350413,0,no,SpeX Spectrograph,ShortXD,merged_v346nor_sxd_20150722.txt,1.0
2457225.7462704,2457225.7462704,2015-07-22,20150722,SXD,1.6140904,1.6140904e-06,185734614368563.25,,,,0.0057137748,0.00010018495,0,no,SpeX Spectrograph,ShortXD,merged_v346nor_sxd_20150722.txt,1.0
2457225.7462704,2457225.7462704,2015-07-22,20150722,SXD,1.6143591,1.6143590999999998e-06,185703700000823.88,,,,0.0059026312,9.6847631e-05,0,no,SpeX Spectrograph,ShortXD,merged_v346nor_sxd_20150722.txt,1.0
2457225.7462704,2457225.7462704,2015-07-22,20150722,SXD,1.6146277,1.6146276999999999e-06,185672807421797.62,,,,0.00596934,9.6808602e-05,0,no,SpeX Spectrograph,ShortXD,merged_v346nor_sxd_20150722.txt,1.0
2457225.7462704,2457225.7462704,2015-07-22,20150722,SXD,1.6148964,1.6148963999999998e-06,185641913623685.1,,,,0.0059760706,9.4103234e-05,0,no,SpeX Spectrograph,ShortXD,merged_v346nor_sxd_20150722.txt,1.0
2457225.7462704,2457225.7462704,2015-07-22,20150722,SXD,1.615165,1.6151649999999999e-06,185611041596369.44,,,,0.0059817168,9.4508956e-05,0,no,SpeX Spectrograph,ShortXD,merged_v346nor_sxd_20150722.txt,1.0
2457225.7462704,2457225.7462704,2015-07-22,20150722,SXD,1.6154337,1.6154337e-06,185580168347360.8,,,,0.0060964175,0.00010130999,0,no,SpeX Spectrograph,ShortXD,merged_v346nor_sxd_20150722.txt,1.0
2457225.7462704,2457225.7462704,2015-07-22,20150722,SXD,1.6157024,1.6157023999999999e-06,185549305367127.03,,,,0.0060285553,0.00010415154,0,no,SpeX Spectrograph,ShortXD,merged_v346nor_sxd_20150722.txt,1.0
2457225.7462704,2457225.7462704,2015-07-22,20150722,SXD,1.615971,1.615971e-06,185518464130853.84,,,,0.0060145888,0.00010290452,0,no,SpeX Spectrograph,ShortXD,merged_v346nor_sxd_20150722.txt,1.0
2457225.7462704,2457225.7462704,2015-07-22,20150722,SXD,1.6162395,1.6162395e-06,185487644621975.88,,,,0.0061064754,0.00010283184,0,no,SpeX Spectrograph,ShortXD,merged_v346nor_sxd_20150722.txt,1.0
2457225.7462704,2457225.7462704,2015-07-22,20150722,SXD,1.6165082,1.6165081999999998e-06,185456812405900.6,,,,0.006104691,9.7797347e-05,0,no,SpeX Spectrograph,ShortXD,merged_v346nor_sxd_20150722.txt,1.0
2457225.7462704,2457225.7462704,2015-07-22,20150722,SXD,1.6167768,1.6167768e-06,185426001907004.1,,,,0.0060078809,9.4625422e-05,0,no,SpeX Spectrograph,ShortXD,merged_v346nor_sxd_20150722.txt,1.0
2457225.7462704,2457225.7462704,2015-07-22,20150722,SXD,1.6170455,1.6170454999999998e-06,185395190178631.34,,,,0.0059452699,9.5005053e-05,0,no,SpeX Spectrograph,ShortXD,merged_v346nor_sxd_20150722.txt,1.0
2457225.7462704,2457225.7462704,2015-07-22,20150722,SXD,1.6173141,1.6173140999999999e-06,185364400149606.1,,,,0.0059122629,9.3345763e-05,0,no,SpeX Spectrograph,ShortXD,merged_v346nor_sxd_20150722.txt,1.0
2457225.7462704,2457225.7462704,2015-07-22,20150722,SXD,1.6175827,1.6175827e-06,185333620345964.4,,,,0.006105802,9.5367643e-05,0,no,SpeX Spectrograph,ShortXD,merged_v346nor_sxd_20150722.txt,1.0
2457225.7462704,2457225.7462704,2015-07-22,20150722,SXD,1.6178514,1.6178513999999999e-06,185302839308974.88,,,,0.0061116721,9.3694951e-05,0,no,SpeX Spectrograph,ShortXD,merged_v346nor_sxd_20150722.txt,1.0
2457225.7462704,2457225.7462704,2015-07-22,20150722,SXD,1.61812,1.61812e-06,185272079944627.1,,,,0.0060729105,9.3318042e-05,0,no,SpeX Spectrograph,ShortXD,merged_v346nor_sxd_20150722.txt,1.0
2457225.7462704,2457225.7462704,2015-07-22,20150722,SXD,1.6183885,1.6183885e-06,185241342236428.4,,,,0.0062903599,9.8122975e-05,0,no,SpeX Spectrograph,ShortXD,merged_v346nor_sxd_20150722.txt,1.0
2457225.7462704,2457225.7462704,2015-07-22,20150722,SXD,1.6186572,1.6186571999999998e-06,185210591841187.88,,,,0.0060315309,0.00012064273,0,no,SpeX Spectrograph,ShortXD,merged_v346nor_sxd_20150722.txt,1.0
2457225.7462704,2457225.7462704,2015-07-22,20150722,SXD,1.6189258,1.6189257999999999e-06,185179863091934.2,,,,0.0061748167,0.00016502185,0,no,SpeX Spectrograph,ShortXD,merged_v346nor_sxd_20150722.txt,1.0
2457225.7462704,2457225.7462704,2015-07-22,20150722,SXD,1.6191944,1.6191944e-06,185149144537555.22,,,,0.0061236648,0.00018199516,0,no,SpeX Spectrograph,ShortXD,merged_v346nor_sxd_20150722.txt,1.0
2457225.7462704,2457225.7462704,2015-07-22,20150722,SXD,1.619463,1.619463e-06,185118436172978.34,,,,0.0063235909,0.00018371252,0,no,SpeX Spectrograph,ShortXD,merged_v346nor_sxd_20150722.txt,1.0
2457225.7462704,2457225.7462704,2015-07-22,20150722,SXD,1.6197317,1.6197317e-06,185087726566072.66,,,,0.0057551372,0.00017833979,0,no,SpeX Spectrograph,ShortXD,merged_v346nor_sxd_20150722.txt,1.0
2457225.7462704,2457225.7462704,2015-07-22,20150722,SXD,1.6200002,1.6200001999999998e-06,185057049992956.8,,,,0.0061573517,0.00014964199,0,no,SpeX Spectrograph,ShortXD,merged_v346nor_sxd_20150722.txt,1.0
2457225.7462704,2457225.7462704,2015-07-22,20150722,SXD,1.6202688,1.6202688e-06,185026372167383.56,,,,0.0060565644,0.00011351656,0,no,SpeX Spectrograph,ShortXD,merged_v346nor_sxd_20150722.txt,1.0
2457225.7462704,2457225.7462704,2015-07-22,20150722,SXD,1.6205374,1.6205374e-06,184995704511355.3,,,,0.0062722024,0.00010170715,0,no,SpeX Spectrograph,ShortXD,merged_v346nor_sxd_20150722.txt,1.0
2457225.7462704,2457225.7462704,2015-07-22,20150722,SXD,1.620806,1.620806e-06,184965047019816.06,,,,0.0058581233,9.9379402e-05,0,no,SpeX Spectrograph,ShortXD,merged_v346nor_sxd_20150722.txt,1.0
2457225.7462704,2457225.7462704,2015-07-22,20150722,SXD,1.6210747,1.6210747e-06,184934388279577.75,,,,0.0061433683,0.00010472682,0,no,SpeX Spectrograph,ShortXD,merged_v346nor_sxd_20150722.txt,1.0
2457225.7462704,2457225.7462704,2015-07-22,20150722,SXD,1.6213433,1.6213432999999998e-06,184903751105641.88,,,,0.0059108394,9.9035606e-05,0,no,SpeX Spectrograph,ShortXD,merged_v346nor_sxd_20150722.txt,1.0
2457225.7462704,2457225.7462704,2015-07-22,20150722,SXD,1.6216118,1.6216117999999999e-06,184873135481623.9,,,,0.0059784637,0.00010158023,0,no,SpeX Spectrograph,ShortXD,merged_v346nor_sxd_20150722.txt,1.0
2457225.7462704,2457225.7462704,2015-07-22,20150722,SXD,1.6218804,1.6218804e-06,184842518597548.88,,,,0.0061200024,0.00010339959,0,no,SpeX Spectrograph,ShortXD,merged_v346nor_sxd_20150722.txt,1.0
2457225.7462704,2457225.7462704,2015-07-22,20150722,SXD,1.622149,1.622149e-06,184811911852733.62,,,,0.0063334042,0.00010705637,0,no,SpeX Spectrograph,ShortXD,merged_v346nor_sxd_20150722.txt,1.0
2457225.7462704,2457225.7462704,2015-07-22,20150722,SXD,1.6224176,1.6224175999999998e-06,184781315242142.38,,,,0.0060453801,0.00011328346,0,no,SpeX Spectrograph,ShortXD,merged_v346nor_sxd_20150722.txt,1.0
2457225.7462704,2457225.7462704,2015-07-22,20150722,SXD,1.6226861,1.6226861e-06,184750740146230.38,,,,0.0063605625,0.00015023086,0,no,SpeX Spectrograph,ShortXD,merged_v346nor_sxd_20150722.txt,1.0
2457225.7462704,2457225.7462704,2015-07-22,20150722,SXD,1.6229547,1.6229547e-06,184720163785224.56,,,,0.0058823936,0.00022413753,0,no,SpeX Spectrograph,ShortXD,merged_v346nor_sxd_20150722.txt,1.0
2457225.7462704,2457225.7462704,2015-07-22,20150722,SXD,1.6232233,1.6232233e-06,184689597543357.1,,,,0.0062365914,0.00026109992,0,no,SpeX Spectrograph,ShortXD,merged_v346nor_sxd_20150722.txt,1.0
2457225.7462704,2457225.7462704,2015-07-22,20150722,SXD,1.6234919,1.6234919e-06,184659041415605.47,,,,0.0060677161,0.00026173939,0,no,SpeX Spectrograph,ShortXD,merged_v346nor_sxd_20150722.txt,1.0
2457225.7462704,2457225.7462704,2015-07-22,20150722,SXD,1.6237605,1.6237604999999999e-06,184628495396950.5,,,,0.0059416262,0.00025413433,0,no,SpeX Spectrograph,ShortXD,merged_v346nor_sxd_20150722.txt,1.0
2457225.7462704,2457225.7462704,2015-07-22,20150722,SXD,1.624029,1.6240289999999998e-06,184597970849042.75,,,,0.006388362,0.0002155446,0,no,SpeX Spectrograph,ShortXD,merged_v346nor_sxd_20150722.txt,1.0
2457225.7462704,2457225.7462704,2015-07-22,20150722,SXD,1.6242976,1.6242976e-06,184567445029777.78,,,,0.0060441843,0.00014314603,0,no,SpeX Spectrograph,ShortXD,merged_v346nor_sxd_20150722.txt,1.0
2457225.7462704,2457225.7462704,2015-07-22,20150722,SXD,1.6245662,1.6245662e-06,184536929304573.72,,,,0.0059770914,0.00011408173,0,no,SpeX Spectrograph,ShortXD,merged_v346nor_sxd_20150722.txt,1.0
2457225.7462704,2457225.7462704,2015-07-22,20150722,SXD,1.6248347,1.6248347e-06,184506435023821.2,,,,0.0060763927,0.00011082453,0,no,SpeX Spectrograph,ShortXD,merged_v346nor_sxd_20150722.txt,1.0
2457225.7462704,2457225.7462704,2015-07-22,20150722,SXD,1.6251032,1.6251032e-06,184475950819615.62,,,,0.0059893974,0.00010598409,0,no,SpeX Spectrograph,ShortXD,merged_v346nor_sxd_20150722.txt,1.0
2457225.7462704,2457225.7462704,2015-07-22,20150722,SXD,1.6253718,1.6253718e-06,184445465339068.9,,,,0.0059323367,0.00010336757,0,no,SpeX Spectrograph,ShortXD,merged_v346nor_sxd_20150722.txt,1.0
2457225.7462704,2457225.7462704,2015-07-22,20150722,SXD,1.6256404,1.6256404e-06,184414989932582.88,,,,0.0060370197,0.0001024985,0,no,SpeX Spectrograph,ShortXD,merged_v346nor_sxd_20150722.txt,1.0
2457225.7462704,2457225.7462704,2015-07-22,20150722,SXD,1.625909,1.625909e-06,184384524595164.9,,,,0.0061000325,0.00010206949,0,no,SpeX Spectrograph,ShortXD,merged_v346nor_sxd_20150722.txt,1.0
2457225.7462704,2457225.7462704,2015-07-22,20150722,SXD,1.6261775,1.6261775e-06,184354080658476.72,,,,0.0060636685,0.0001018658,0,no,SpeX Spectrograph,ShortXD,merged_v346nor_sxd_20150722.txt,1.0
2457225.7462704,2457225.7462704,2015-07-22,20150722,SXD,1.626446,1.626446e-06,184323646773394.25,,,,0.0061386102,0.00010338339,0,no,SpeX Spectrograph,ShortXD,merged_v346nor_sxd_20150722.txt,1.0
2457225.7462704,2457225.7462704,2015-07-22,20150722,SXD,1.6267146,1.6267145999999998e-06,184293211605772.78,,,,0.0061797085,0.00010561843,0,no,SpeX Spectrograph,ShortXD,merged_v346nor_sxd_20150722.txt,1.0
2457225.7462704,2457225.7462704,2015-07-22,20150722,SXD,1.6269832,1.6269831999999999e-06,184262786487285.2,,,,0.0061070197,0.00011054272,0,no,SpeX Spectrograph,ShortXD,merged_v346nor_sxd_20150722.txt,1.0
2457225.7462704,2457225.7462704,2015-07-22,20150722,SXD,1.6272517,1.6272517e-06,184232382734643.94,,,,0.0060974299,0.00012332626,0,no,SpeX Spectrograph,ShortXD,merged_v346nor_sxd_20150722.txt,1.0
2457225.7462704,2457225.7462704,2015-07-22,20150722,SXD,1.6275202,1.6275201999999999e-06,184201989013715.47,,,,0.0064262566,0.00013014323,0,no,SpeX Spectrograph,ShortXD,merged_v346nor_sxd_20150722.txt,1.0
2457225.7462704,2457225.7462704,2015-07-22,20150722,SXD,1.6277888,1.6277888e-06,184171594005315.7,,,,0.0062452517,0.0001189446,0,no,SpeX Spectrograph,ShortXD,merged_v346nor_sxd_20150722.txt,1.0
2457225.7462704,2457225.7462704,2015-07-22,20150722,SXD,1.6280574,1.6280574e-06,184141209026168.25,,,,0.0064252629,0.00011487344,0,no,SpeX Spectrograph,ShortXD,merged_v346nor_sxd_20150722.txt,1.0
2457225.7462704,2457225.7462704,2015-07-22,20150722,SXD,1.6283258,1.6283258e-06,184110856684823.16,,,,0.0063925269,0.00010561603,0,no,SpeX Spectrograph,ShortXD,merged_v346nor_sxd_20150722.txt,1.0
2457225.7462704,2457225.7462704,2015-07-22,20150722,SXD,1.6285944,1.6285944e-06,184080491741835.78,,,,0.006524716,0.00010072281,0,no,SpeX Spectrograph,ShortXD,merged_v346nor_sxd_20150722.txt,1.0
2457225.7462704,2457225.7462704,2015-07-22,20150722,SXD,1.6288629,1.6288628999999999e-06,184050148112526.84,,,,0.0063723335,9.3881448e-05,0,no,SpeX Spectrograph,ShortXD,merged_v346nor_sxd_20150722.txt,1.0
2457225.7462704,2457225.7462704,2015-07-22,20150722,SXD,1.6291314,1.6291313999999998e-06,184019814485191.34,,,,0.0065300721,9.4471463e-05,0,no,SpeX Spectrograph,ShortXD,merged_v346nor_sxd_20150722.txt,1.0
2457225.7462704,2457225.7462704,2015-07-22,20150722,SXD,1.6294,1.6293999999999998e-06,183989479563029.34,,,,0.0066815959,9.8867255e-05,0,no,SpeX Spectrograph,ShortXD,merged_v346nor_sxd_20150722.txt,1.0
2457225.7462704,2457225.7462704,2015-07-22,20150722,SXD,1.6296685,1.6296685e-06,183959165928530.88,,,,0.0061717825,0.00010767513,0,no,SpeX Spectrograph,ShortXD,merged_v346nor_sxd_20150722.txt,1.0
2457225.7462704,2457225.7462704,2015-07-22,20150722,SXD,1.6299371,1.6299371e-06,183928850996765.47,,,,0.0061448989,0.00011326336,0,no,SpeX Spectrograph,ShortXD,merged_v346nor_sxd_20150722.txt,1.0
2457225.7462704,2457225.7462704,2015-07-22,20150722,SXD,1.6302055,1.6302055e-06,183898568616042.6,,,,0.0063236821,0.00012335519,0,no,SpeX Spectrograph,ShortXD,merged_v346nor_sxd_20150722.txt,1.0
2457225.7462704,2457225.7462704,2015-07-22,20150722,SXD,1.6304741,1.6304741e-06,183868273651203.66,,,,0.0064081545,0.00012121836,0,no,SpeX Spectrograph,ShortXD,merged_v346nor_sxd_20150722.txt,1.0
2457225.7462704,2457225.7462704,2015-07-22,20150722,SXD,1.6307425,1.6307425e-06,183838011212683.8,,,,0.0064549805,0.00012552536,0,no,SpeX Spectrograph,ShortXD,merged_v346nor_sxd_20150722.txt,1.0
2457225.7462704,2457225.7462704,2015-07-22,20150722,SXD,1.6310111,1.6310111e-06,183807736195051.03,,,,0.0065227905,0.00014218033,0,no,SpeX Spectrograph,ShortXD,merged_v346nor_sxd_20150722.txt,1.0
2457225.7462704,2457225.7462704,2015-07-22,20150722,SXD,1.6312796,1.6312796e-06,183777482413192.7,,,,0.0066702487,0.00016262836,0,no,SpeX Spectrograph,ShortXD,merged_v346nor_sxd_20150722.txt,1.0
2457225.7462704,2457225.7462704,2015-07-22,20150722,SXD,1.6315482,1.6315482e-06,183747227326780.78,,,,0.006427716,0.00016096361,0,no,SpeX Spectrograph,ShortXD,merged_v346nor_sxd_20150722.txt,1.0
2457225.7462704,2457225.7462704,2015-07-22,20150722,SXD,1.6318166,1.6318166e-06,183717004717319.34,,,,0.0064149508,0.00016034058,0,no,SpeX Spectrograph,ShortXD,merged_v346nor_sxd_20150722.txt,1.0
2457225.7462704,2457225.7462704,2015-07-22,20150722,SXD,1.6320852,1.6320852e-06,183686769538747.12,,,,0.0065309345,0.0001517217,0,no,SpeX Spectrograph,ShortXD,merged_v346nor_sxd_20150722.txt,1.0
2457225.7462704,2457225.7462704,2015-07-22,20150722,SXD,1.6323537,1.6323536999999998e-06,183656555561457.06,,,,0.0061343685,0.00012362751,0,no,SpeX Spectrograph,ShortXD,merged_v346nor_sxd_20150722.txt,1.0
2457225.7462704,2457225.7462704,2015-07-22,20150722,SXD,1.6326221,1.6326221e-06,183626362769436.97,,,,0.0064327638,9.9718382e-05,0,no,SpeX Spectrograph,ShortXD,merged_v346nor_sxd_20150722.txt,1.0
2457225.7462704,2457225.7462704,2015-07-22,20150722,SXD,1.6328907,1.6328906999999998e-06,183596157415802.56,,,,0.0065700198,9.7377211e-05,0,no,SpeX Spectrograph,ShortXD,merged_v346nor_sxd_20150722.txt,1.0
2457225.7462704,2457225.7462704,2015-07-22,20150722,SXD,1.6331592,1.6331592e-06,183565973237636.62,,,,0.0065676984,9.945222e-05,0,no,SpeX Spectrograph,ShortXD,merged_v346nor_sxd_20150722.txt,1.0
2457225.7462704,2457225.7462704,2015-07-22,20150722,SXD,1.6334276,1.6334276e-06,183535810218953.06,,,,0.0067268061,0.00011006853,0,no,SpeX Spectrograph,ShortXD,merged_v346nor_sxd_20150722.txt,1.0
2457225.7462704,2457225.7462704,2015-07-22,20150722,SXD,1.6336962,1.6336962e-06,183505634646147.8,,,,0.006590785,0.00012332588,0,no,SpeX Spectrograph,ShortXD,merged_v346nor_sxd_20150722.txt,1.0
2457225.7462704,2457225.7462704,2015-07-22,20150722,SXD,1.6339647,1.6339646999999998e-06,183475480223042.78,,,,0.0067965686,0.00012984432,0,no,SpeX Spectrograph,ShortXD,merged_v346nor_sxd_20150722.txt,1.0
2457225.7462704,2457225.7462704,2015-07-22,20150722,SXD,1.6342331,1.6342331e-06,183445346933677.94,,,,0.0062778401,0.00014258482,0,no,SpeX Spectrograph,ShortXD,merged_v346nor_sxd_20150722.txt,1.0
2457225.7462704,2457225.7462704,2015-07-22,20150722,SXD,1.6345017,1.6345016999999998e-06,183415201097680.12,,,,0.0065973052,0.00017989466,0,no,SpeX Spectrograph,ShortXD,merged_v346nor_sxd_20150722.txt,1.0
2457225.7462704,2457225.7462704,2015-07-22,20150722,SXD,1.6347702,1.6347702e-06,183385076385659.6,,,,0.0065360591,0.00020159996,0,no,SpeX Spectrograph,ShortXD,merged_v346nor_sxd_20150722.txt,1.0
2457225.7462704,2457225.7462704,2015-07-22,20150722,SXD,1.6350386,1.6350385999999999e-06,183354972781682.34,,,,0.0065845903,0.00020260144,0,no,SpeX Spectrograph,ShortXD,merged_v346nor_sxd_20150722.txt,1.0
2457225.7462704,2457225.7462704,2015-07-22,20150722,SXD,1.6353071,1.6353070999999997e-06,183324867848980.8,,,,0.0068611759,0.00020681207,0,no,SpeX Spectrograph,ShortXD,merged_v346nor_sxd_20150722.txt,1.0
2457225.7462704,2457225.7462704,2015-07-22,20150722,SXD,1.6355755,1.6355755e-06,183294784007219.5,,,,0.0066957609,0.00018917385,0,no,SpeX Spectrograph,ShortXD,merged_v346nor_sxd_20150722.txt,1.0
2457225.7462704,2457225.7462704,2015-07-22,20150722,SXD,1.6358441,1.6358440999999997e-06,183264687631296.94,,,,0.0065606078,0.00014727117,0,no,SpeX Spectrograph,ShortXD,merged_v346nor_sxd_20150722.txt,1.0
2457225.7462704,2457225.7462704,2015-07-22,20150722,SXD,1.6361126,1.6361125999999999e-06,183234612336583.7,,,,0.0067387605,0.00013359576,0,no,SpeX Spectrograph,ShortXD,merged_v346nor_sxd_20150722.txt,1.0
2457225.7462704,2457225.7462704,2015-07-22,20150722,SXD,1.636381,1.636381e-06,183204558107188.97,,,,0.0064972779,0.00012344317,0,no,SpeX Spectrograph,ShortXD,merged_v346nor_sxd_20150722.txt,1.0
2457225.7462704,2457225.7462704,2015-07-22,20150722,SXD,1.6366495,1.6366495e-06,183174502543152.97,,,,0.0066859107,0.00012001432,0,no,SpeX Spectrograph,ShortXD,merged_v346nor_sxd_20150722.txt,1.0
2457225.7462704,2457225.7462704,2015-07-22,20150722,SXD,1.6369179,1.6369178999999999e-06,183144468027382.44,,,,0.0065742298,0.00010906001,0,no,SpeX Spectrograph,ShortXD,merged_v346nor_sxd_20150722.txt,1.0
2457225.7462704,2457225.7462704,2015-07-22,20150722,SXD,1.6371864,1.6371864e-06,183114432174613.72,,,,0.006503975,0.00010458937,0,no,SpeX Spectrograph,ShortXD,merged_v346nor_sxd_20150722.txt,1.0
2457225.7462704,2457225.7462704,2015-07-22,20150722,SXD,1.6374549,1.6374548999999999e-06,183084406172041.75,,,,0.0066635711,0.00010368498,0,no,SpeX Spectrograph,ShortXD,merged_v346nor_sxd_20150722.txt,1.0
2457225.7462704,2457225.7462704,2015-07-22,20150722,SXD,1.6377233,1.6377232999999998e-06,183054401192191.66,,,,0.006534996,0.00010297015,0,no,SpeX Spectrograph,ShortXD,merged_v346nor_sxd_20150722.txt,1.0
2457225.7462704,2457225.7462704,2015-07-22,20150722,SXD,1.6379919,1.6379919e-06,183024383698112.28,,,,0.0064805206,0.00011351573,0,no,SpeX Spectrograph,ShortXD,merged_v346nor_sxd_20150722.txt,1.0
2457225.7462704,2457225.7462704,2015-07-22,20150722,SXD,1.6382604,1.6382604e-06,182994387217074.9,,,,0.0066913948,0.00015149685,0,no,SpeX Spectrograph,ShortXD,merged_v346nor_sxd_20150722.txt,1.0
2457225.7462704,2457225.7462704,2015-07-22,20150722,SXD,1.6385288,1.6385288e-06,182964411733257.3,,,,0.0064515062,0.00016100689,0,no,SpeX Spectrograph,ShortXD,merged_v346nor_sxd_20150722.txt,1.0
2457225.7462704,2457225.7462704,2015-07-22,20150722,SXD,1.6387973,1.6387973e-06,182934434905402.88,,,,0.0065725818,0.0001668109,0,no,SpeX Spectrograph,ShortXD,merged_v346nor_sxd_20150722.txt,1.0
2457225.7462704,2457225.7462704,2015-07-22,20150722,SXD,1.6390657,1.6390656999999998e-06,182904479057794.97,,,,0.0063596726,0.00017063017,0,no,SpeX Spectrograph,ShortXD,merged_v346nor_sxd_20150722.txt,1.0
2457225.7462704,2457225.7462704,2015-07-22,20150722,SXD,1.6393342,1.6393341999999999e-06,182874521863815.22,,,,0.0064549525,0.00014562339,0,no,SpeX Spectrograph,ShortXD,merged_v346nor_sxd_20150722.txt,1.0
2457225.7462704,2457225.7462704,2015-07-22,20150722,SXD,1.6396027,1.6396027e-06,182844574481366.75,,,,0.006717206,0.00011525813,0,no,SpeX Spectrograph,ShortXD,merged_v346nor_sxd_20150722.txt,1.0
2457225.7462704,2457225.7462704,2015-07-22,20150722,SXD,1.639871,1.639871e-06,182814659201851.84,,,,0.0062912339,0.00010311385,0,no,SpeX Spectrograph,ShortXD,merged_v346nor_sxd_20150722.txt,1.0
2457225.7462704,2457225.7462704,2015-07-22,20150722,SXD,1.6401395,1.6401395000000001e-06,182784731420711.47,,,,0.0064261267,0.00010563006,0,no,SpeX Spectrograph,ShortXD,merged_v346nor_sxd_20150722.txt,1.0
2457225.7462704,2457225.7462704,2015-07-22,20150722,SXD,1.6404079,1.6404078999999999e-06,182754824577472.5,,,,0.0061393613,0.00010061953,0,no,SpeX Spectrograph,ShortXD,merged_v346nor_sxd_20150722.txt,1.0
2457225.7462704,2457225.7462704,2015-07-22,20150722,SXD,1.6406764,1.6406764e-06,182724916382048.28,,,,0.0064220307,0.0001097303,0,no,SpeX Spectrograph,ShortXD,merged_v346nor_sxd_20150722.txt,1.0
2457225.7462704,2457225.7462704,2015-07-22,20150722,SXD,1.6409448,1.6409448e-06,182695029107621.44,,,,0.0063989093,0.00012593383,0,no,SpeX Spectrograph,ShortXD,merged_v346nor_sxd_20150722.txt,1.0
2457225.7462704,2457225.7462704,2015-07-22,20150722,SXD,1.6412133,1.6412132999999998e-06,182665140478693.44,,,,0.0065064994,0.00013240392,0,no,SpeX Spectrograph,ShortXD,merged_v346nor_sxd_20150722.txt,1.0
2457225.7462704,2457225.7462704,2015-07-22,20150722,SXD,1.6414818,1.6414818e-06,182635261627634.25,,,,0.0068623116,0.00013338951,0,no,SpeX Spectrograph,ShortXD,merged_v346nor_sxd_20150722.txt,1.0
2457225.7462704,2457225.7462704,2015-07-22,20150722,SXD,1.6417502,1.6417501999999999e-06,182605403672251.75,,,,0.0064565428,0.00012990129,0,no,SpeX Spectrograph,ShortXD,merged_v346nor_sxd_20150722.txt,1.0
2457225.7462704,2457225.7462704,2015-07-22,20150722,SXD,1.6420186,1.6420186e-06,182575555477873.38,,,,0.0067892075,0.00011748417,0,no,SpeX Spectrograph,ShortXD,merged_v346nor_sxd_20150722.txt,1.0
2457225.7462704,2457225.7462704,2015-07-22,20150722,SXD,1.642287,1.642287e-06,182545717039713.53,,,,0.0064679198,0.00010372705,0,no,SpeX Spectrograph,ShortXD,merged_v346nor_sxd_20150722.txt,1.0
2457225.7462704,2457225.7462704,2015-07-22,20150722,SXD,1.6425555,1.6425554999999999e-06,182515877241286.53,,,,0.0067621414,0.00010084832,0,no,SpeX Spectrograph,ShortXD,merged_v346nor_sxd_20150722.txt,1.0
2457225.7462704,2457225.7462704,2015-07-22,20150722,SXD,1.6428239,1.6428238999999998e-06,182486058304849.38,,,,0.007712869,0.00010509887,0,no,SpeX Spectrograph,ShortXD,merged_v346nor_sxd_20150722.txt,1.0
2457225.7462704,2457225.7462704,2015-07-22,20150722,SXD,1.6430924,1.6430924e-06,182456238005848.0,,,,0.0098166643,0.00011714757,0,no,SpeX Spectrograph,ShortXD,merged_v346nor_sxd_20150722.txt,1.0
2457225.7462704,2457225.7462704,2015-07-22,20150722,SXD,1.6433607,1.6433606999999998e-06,182426449652836.44,,,,0.011701366,0.00014275614,0,no,SpeX Spectrograph,ShortXD,merged_v346nor_sxd_20150722.txt,1.0
2457225.7462704,2457225.7462704,2015-07-22,20150722,SXD,1.6436292,1.6436291999999999e-06,182396648830527.0,,,,0.012306857,0.00019606324,0,no,SpeX Spectrograph,ShortXD,merged_v346nor_sxd_20150722.txt,1.0
2457225.7462704,2457225.7462704,2015-07-22,20150722,SXD,1.6438977,1.6438976999999998e-06,182366857743033.56,,,,0.011423563,0.00022118822,0,no,SpeX Spectrograph,ShortXD,merged_v346nor_sxd_20150722.txt,1.0
2457225.7462704,2457225.7462704,2015-07-22,20150722,SXD,1.644166,1.644166e-06,182337098565473.3,,,,0.0096951975,0.00022570761,0,no,SpeX Spectrograph,ShortXD,merged_v346nor_sxd_20150722.txt,1.0
2457225.7462704,2457225.7462704,2015-07-22,20150722,SXD,1.6444345,1.6444344999999999e-06,182307326926064.88,,,,0.0079787029,0.00022499052,0,no,SpeX Spectrograph,ShortXD,merged_v346nor_sxd_20150722.txt,1.0
2457225.7462704,2457225.7462704,2015-07-22,20150722,SXD,1.6447029,1.6447028999999998e-06,182277576089882.28,,,,0.0071601435,0.00019825601,0,no,SpeX Spectrograph,ShortXD,merged_v346nor_sxd_20150722.txt,1.0
2457225.7462704,2457225.7462704,2015-07-22,20150722,SXD,1.6449713,1.6449712999999998e-06,182247834962227.03,,,,0.007063813,0.00014993867,0,no,SpeX Spectrograph,ShortXD,merged_v346nor_sxd_20150722.txt,1.0
2457225.7462704,2457225.7462704,2015-07-22,20150722,SXD,1.6452397,1.6452397e-06,182218103538347.62,,,,0.0070806099,0.00012917905,0,no,SpeX Spectrograph,ShortXD,merged_v346nor_sxd_20150722.txt,1.0
2457225.7462704,2457225.7462704,2015-07-22,20150722,SXD,1.6455082,1.6455082e-06,182188370741634.72,,,,0.0071720076,0.00011589122,0,no,SpeX Spectrograph,ShortXD,merged_v346nor_sxd_20150722.txt,1.0
2457225.7462704,2457225.7462704,2015-07-22,20150722,SXD,1.6457765,1.6457764999999999e-06,182158669782926.2,,,,0.0070314533,0.00011163385,0,no,SpeX Spectrograph,ShortXD,merged_v346nor_sxd_20150722.txt,1.0
2457225.7462704,2457225.7462704,2015-07-22,20150722,SXD,1.646045,1.646045e-06,182128956377255.78,,,,0.0070746364,0.00010872672,0,no,SpeX Spectrograph,ShortXD,merged_v346nor_sxd_20150722.txt,1.0
2457225.7462704,2457225.7462704,2015-07-22,20150722,SXD,1.6463133,1.6463133e-06,182099274785668.06,,,,0.0071925237,0.00010964988,0,no,SpeX Spectrograph,ShortXD,merged_v346nor_sxd_20150722.txt,1.0
2457225.7462704,2457225.7462704,2015-07-22,20150722,SXD,1.6465818,1.6465818e-06,182069580752076.8,,,,0.007017843,0.000109688,0,no,SpeX Spectrograph,ShortXD,merged_v346nor_sxd_20150722.txt,1.0
2457225.7462704,2457225.7462704,2015-07-22,20150722,SXD,1.6468501,1.6468500999999999e-06,182039918508673.03,,,,0.0069165844,0.00012253637,0,no,SpeX Spectrograph,ShortXD,merged_v346nor_sxd_20150722.txt,1.0
2457225.7462704,2457225.7462704,2015-07-22,20150722,SXD,1.6471186,1.6471186e-06,182010243828222.22,,,,0.0069455323,0.00015479708,0,no,SpeX Spectrograph,ShortXD,merged_v346nor_sxd_20150722.txt,1.0
2457225.7462704,2457225.7462704,2015-07-22,20150722,SXD,1.6473869,1.6473869e-06,181980600914090.06,,,,0.0071543572,0.00018653965,0,no,SpeX Spectrograph,ShortXD,merged_v346nor_sxd_20150722.txt,1.0
2457225.7462704,2457225.7462704,2015-07-22,20150722,SXD,1.6476554,1.6476554000000001e-06,181950945567865.7,,,,0.0067443261,0.00019841988,0,no,SpeX Spectrograph,ShortXD,merged_v346nor_sxd_20150722.txt,1.0
2457225.7462704,2457225.7462704,2015-07-22,20150722,SXD,1.6479237,1.6479237e-06,181921321964117.66,,,,0.0069646281,0.00019814177,0,no,SpeX Spectrograph,ShortXD,merged_v346nor_sxd_20150722.txt,1.0
2457225.7462704,2457225.7462704,2015-07-22,20150722,SXD,1.6481922,1.6481921999999998e-06,181891685933230.38,,,,0.0069151227,0.00018274107,0,no,SpeX Spectrograph,ShortXD,merged_v346nor_sxd_20150722.txt,1.0
2457225.7462704,2457225.7462704,2015-07-22,20150722,SXD,1.6484605,1.6484605e-06,181862081621003.34,,,,0.0069485381,0.00014538263,0,no,SpeX Spectrograph,ShortXD,merged_v346nor_sxd_20150722.txt,1.0
2457225.7462704,2457225.7462704,2015-07-22,20150722,SXD,1.648729,1.6487289999999997e-06,181832464886588.44,,,,0.0070052436,0.00011667637,0,no,SpeX Spectrograph,ShortXD,merged_v346nor_sxd_20150722.txt,1.0
2457225.7462704,2457225.7462704,2015-07-22,20150722,SXD,1.6489973,1.6489973e-06,181802879847044.03,,,,0.0069133397,0.00011288561,0,no,SpeX Spectrograph,ShortXD,merged_v346nor_sxd_20150722.txt,1.0
2457225.7462704,2457225.7462704,2015-07-22,20150722,SXD,1.6492658,1.6492657999999998e-06,181773282390261.2,,,,0.0069601932,0.00012273033,0,no,SpeX Spectrograph,ShortXD,merged_v346nor_sxd_20150722.txt,1.0
2457225.7462704,2457225.7462704,2015-07-22,20150722,SXD,1.6495341,1.6495340999999999e-06,181743716604585.53,,,,0.0068638525,0.00017637141,0,no,SpeX Spectrograph,ShortXD,merged_v346nor_sxd_20150722.txt,1.0
2457225.7462704,2457225.7462704,2015-07-22,20150722,SXD,1.6498024,1.6498023999999999e-06,181714160435213.34,,,,0.0070652696,0.00022457184,0,no,SpeX Spectrograph,ShortXD,merged_v346nor_sxd_20150722.txt,1.0
2457225.7462704,2457225.7462704,2015-07-22,20150722,SXD,1.6500709,1.6500709e-06,181684591856022.7,,,,0.0070026442,0.00023633949,0,no,SpeX Spectrograph,ShortXD,merged_v346nor_sxd_20150722.txt,1.0
2457225.7462704,2457225.7462704,2015-07-22,20150722,SXD,1.6503392,1.6503391999999998e-06,181655054912347.75,,,,0.0069150901,0.0002371626,0,no,SpeX Spectrograph,ShortXD,merged_v346nor_sxd_20150722.txt,1.0
2457225.7462704,2457225.7462704,2015-07-22,20150722,SXD,1.6506076,1.6506076e-06,181625516567353.75,,,,0.0070561618,0.00022177075,0,no,SpeX Spectrograph,ShortXD,merged_v346nor_sxd_20150722.txt,1.0
2457225.7462704,2457225.7462704,2015-07-22,20150722,SXD,1.650876,1.650876e-06,181595987827068.78,,,,0.0068734949,0.0001611785,0,no,SpeX Spectrograph,ShortXD,merged_v346nor_sxd_20150722.txt,1.0
2457225.7462704,2457225.7462704,2015-07-22,20150722,SXD,1.6511444,1.6511443999999999e-06,181566468686809.0,,,,0.0070290482,0.00011996987,0,no,SpeX Spectrograph,ShortXD,merged_v346nor_sxd_20150722.txt,1.0
2457225.7462704,2457225.7462704,2015-07-22,20150722,SXD,1.6514127,1.6514127e-06,181536970134721.62,,,,0.0068320348,0.00010713543,0,no,SpeX Spectrograph,ShortXD,merged_v346nor_sxd_20150722.txt,1.0
2457225.7462704,2457225.7462704,2015-07-22,20150722,SXD,1.6516812,1.6516812e-06,181507459187644.7,,,,0.006854489,0.0001044294,0,no,SpeX Spectrograph,ShortXD,merged_v346nor_sxd_20150722.txt,1.0
2457225.7462704,2457225.7462704,2015-07-22,20150722,SXD,1.6519495,1.6519494999999998e-06,181477979805072.75,,,,0.0069222604,0.0001016312,0,no,SpeX Spectrograph,ShortXD,merged_v346nor_sxd_20150722.txt,1.0
2457225.7462704,2457225.7462704,2015-07-22,20150722,SXD,1.6522179,1.6522178999999997e-06,181448499014567.06,,,,0.0068536755,0.00010214407,0,no,SpeX Spectrograph,ShortXD,merged_v346nor_sxd_20150722.txt,1.0
2457225.7462704,2457225.7462704,2015-07-22,20150722,SXD,1.6524862,1.6524862e-06,181419038779264.84,,,,0.0068818685,0.00010269508,0,no,SpeX Spectrograph,ShortXD,merged_v346nor_sxd_20150722.txt,1.0
2457225.7462704,2457225.7462704,2015-07-22,20150722,SXD,1.6527547,1.6527546999999999e-06,181389566158849.84,,,,0.0067063393,0.00010374572,0,no,SpeX Spectrograph,ShortXD,merged_v346nor_sxd_20150722.txt,1.0
2457225.7462704,2457225.7462704,2015-07-22,20150722,SXD,1.653023,1.6530229999999999e-06,181360125055731.25,,,,0.0065493146,0.00010506026,0,no,SpeX Spectrograph,ShortXD,merged_v346nor_sxd_20150722.txt,1.0
2457225.7462704,2457225.7462704,2015-07-22,20150722,SXD,1.6532913,1.6532913e-06,181330693508155.53,,,,0.0065937149,0.00010575224,0,no,SpeX Spectrograph,ShortXD,merged_v346nor_sxd_20150722.txt,1.0
2457225.7462704,2457225.7462704,2015-07-22,20150722,SXD,1.6535597,1.6535596999999999e-06,181301260547169.84,,,,0.0066715311,0.00010822688,0,no,SpeX Spectrograph,ShortXD,merged_v346nor_sxd_20150722.txt,1.0
2457225.7462704,2457225.7462704,2015-07-22,20150722,SXD,1.653828,1.653828e-06,181271848100286.12,,,,0.0068048327,0.00010911595,0,no,SpeX Spectrograph,ShortXD,merged_v346nor_sxd_20150722.txt,1.0
2457225.7462704,2457225.7462704,2015-07-22,20150722,SXD,1.6540964,1.6540964e-06,181242434237811.03,,,,0.0069468846,0.00011285909,0,no,SpeX Spectrograph,ShortXD,merged_v346nor_sxd_20150722.txt,1.0
2457225.7462704,2457225.7462704,2015-07-22,20150722,SXD,1.6543648,1.6543648e-06,181213029919398.7,,,,0.0068458235,0.00011540084,0,no,SpeX Spectrograph,ShortXD,merged_v346nor_sxd_20150722.txt,1.0
2457225.7462704,2457225.7462704,2015-07-22,20150722,SXD,1.6546332,1.6546331999999997e-06,181183635140404.56,,,,0.0068315333,0.00013066686,0,no,SpeX Spectrograph,ShortXD,merged_v346nor_sxd_20150722.txt,1.0
2457225.7462704,2457225.7462704,2015-07-22,20150722,SXD,1.6549015,1.6549015e-06,181154260842714.8,,,,0.0069074454,0.00015648094,0,no,SpeX Spectrograph,ShortXD,merged_v346nor_sxd_20150722.txt,1.0
2457225.7462704,2457225.7462704,2015-07-22,20150722,SXD,1.6551698,1.6551697999999998e-06,181124896068065.06,,,,0.0067579397,0.00016444035,0,no,SpeX Spectrograph,ShortXD,merged_v346nor_sxd_20150722.txt,1.0
2457225.7462704,2457225.7462704,2015-07-22,20150722,SXD,1.6554382,1.6554382e-06,181095529872392.72,,,,0.0067833457,0.00017259424,0,no,SpeX Spectrograph,ShortXD,merged_v346nor_sxd_20150722.txt,1.0
2457225.7462704,2457225.7462704,2015-07-22,20150722,SXD,1.6557065,1.6557065e-06,181066184133480.2,,,,0.0068080639,0.00016077766,0,no,SpeX Spectrograph,ShortXD,merged_v346nor_sxd_20150722.txt,1.0
2457225.7462704,2457225.7462704,2015-07-22,20150722,SXD,1.6559749,1.6559749e-06,181036836971381.66,,,,0.0067660934,0.00013635145,0,no,SpeX Spectrograph,ShortXD,merged_v346nor_sxd_20150722.txt,1.0
2457225.7462704,2457225.7462704,2015-07-22,20150722,SXD,1.6562432,1.6562432e-06,181007510249702.47,,,,0.007010974,0.00011364702,0,no,SpeX Spectrograph,ShortXD,merged_v346nor_sxd_20150722.txt,1.0
2457225.7462704,2457225.7462704,2015-07-22,20150722,SXD,1.6565115,1.6565115e-06,180978193027938.53,,,,0.0068891924,0.00010850893,0,no,SpeX Spectrograph,ShortXD,merged_v346nor_sxd_20150722.txt,1.0
2457225.7462704,2457225.7462704,2015-07-22,20150722,SXD,1.6567799,1.6567799e-06,180948874379753.16,,,,0.0070662326,0.00010716806,0,no,SpeX Spectrograph,ShortXD,merged_v346nor_sxd_20150722.txt,1.0
2457225.7462704,2457225.7462704,2015-07-22,20150722,SXD,1.6570482,1.6570482e-06,180919576147513.4,,,,0.0071530752,0.00010922021,0,no,SpeX Spectrograph,ShortXD,merged_v346nor_sxd_20150722.txt,1.0
2457225.7462704,2457225.7462704,2015-07-22,20150722,SXD,1.6573166,1.6573165999999999e-06,180890276486701.47,,,,0.0072276983,0.00011242613,0,no,SpeX Spectrograph,ShortXD,merged_v346nor_sxd_20150722.txt,1.0
2457225.7462704,2457225.7462704,2015-07-22,20150722,SXD,1.6575849,1.6575848999999999e-06,180860997225541.8,,,,0.0066512953,0.00010342724,0,no,SpeX Spectrograph,ShortXD,merged_v346nor_sxd_20150722.txt,1.0
2457225.7462704,2457225.7462704,2015-07-22,20150722,SXD,1.6578532,1.6578531999999999e-06,180831727441247.53,,,,0.0069544697,0.00010735085,0,no,SpeX Spectrograph,ShortXD,merged_v346nor_sxd_20150722.txt,1.0
2457225.7462704,2457225.7462704,2015-07-22,20150722,SXD,1.6581216,1.6581216e-06,180802456225164.66,,,,0.0069258981,0.00011063281,0,no,SpeX Spectrograph,ShortXD,merged_v346nor_sxd_20150722.txt,1.0
2457225.7462704,2457225.7462704,2015-07-22,20150722,SXD,1.6583899,1.6583898999999999e-06,180773205384330.94,,,,0.0071894801,0.00011186728,0,no,SpeX Spectrograph,ShortXD,merged_v346nor_sxd_20150722.txt,1.0
2457225.7462704,2457225.7462704,2015-07-22,20150722,SXD,1.6586583,1.6586582999999998e-06,180743953109570.56,,,,0.0068667126,0.00011261614,0,no,SpeX Spectrograph,ShortXD,merged_v346nor_sxd_20150722.txt,1.0
2457225.7462704,2457225.7462704,2015-07-22,20150722,SXD,1.6589266,1.6589266e-06,180714721193812.9,,,,0.0069343518,0.00011317919,0,no,SpeX Spectrograph,ShortXD,merged_v346nor_sxd_20150722.txt,1.0
2457225.7462704,2457225.7462704,2015-07-22,20150722,SXD,1.6591948,1.6591948e-06,180685509621896.12,,,,0.0073100408,0.00011013232,0,no,SpeX Spectrograph,ShortXD,merged_v346nor_sxd_20150722.txt,1.0
2457225.7462704,2457225.7462704,2015-07-22,20150722,SXD,1.6594632,1.6594631999999999e-06,180656285719382.03,,,,0.007086637,0.00010299541,0,no,SpeX Spectrograph,ShortXD,merged_v346nor_sxd_20150722.txt,1.0
2457225.7462704,2457225.7462704,2015-07-22,20150722,SXD,1.6597315,1.6597314999999999e-06,180627082151540.78,,,,0.0069647348,0.00010227211,0,no,SpeX Spectrograph,ShortXD,merged_v346nor_sxd_20150722.txt,1.0
2457225.7462704,2457225.7462704,2015-07-22,20150722,SXD,1.6599998,1.6599998e-06,180597888023841.94,,,,0.0070932456,0.00010346439,0,no,SpeX Spectrograph,ShortXD,merged_v346nor_sxd_20150722.txt,1.0
2457225.7462704,2457225.7462704,2015-07-22,20150722,SXD,1.6602682,1.6602681999999999e-06,180568692455833.34,,,,0.0071755275,0.00010766559,0,no,SpeX Spectrograph,ShortXD,merged_v346nor_sxd_20150722.txt,1.0
2457225.7462704,2457225.7462704,2015-07-22,20150722,SXD,1.6605365,1.6605365e-06,180539517198206.72,,,,0.0072541856,0.00011332762,0,no,SpeX Spectrograph,ShortXD,merged_v346nor_sxd_20150722.txt,1.0
2457225.7462704,2457225.7462704,2015-07-22,20150722,SXD,1.6608047,1.6608046999999997e-06,180510362235848.72,,,,0.0071633398,0.00011907123,0,no,SpeX Spectrograph,ShortXD,merged_v346nor_sxd_20150722.txt,1.0
2457225.7462704,2457225.7462704,2015-07-22,20150722,SXD,1.6610731,1.6610731e-06,180481194957645.16,,,,0.0071230191,0.00012226995,0,no,SpeX Spectrograph,ShortXD,merged_v346nor_sxd_20150722.txt,1.0
2457225.7462704,2457225.7462704,2015-07-22,20150722,SXD,1.6613414,1.6613414e-06,180452047965577.72,,,,0.0069499183,0.00011925682,0,no,SpeX Spectrograph,ShortXD,merged_v346nor_sxd_20150722.txt,1.0
2457225.7462704,2457225.7462704,2015-07-22,20150722,SXD,1.6616098,1.6616097999999999e-06,180422899527915.66,,,,0.0069860457,0.00011363348,0,no,SpeX Spectrograph,ShortXD,merged_v346nor_sxd_20150722.txt,1.0
2457225.7462704,2457225.7462704,2015-07-22,20150722,SXD,1.661878,1.661878e-06,180393782215060.3,,,,0.0070654228,0.00010604331,0,no,SpeX Spectrograph,ShortXD,merged_v346nor_sxd_20150722.txt,1.0
2457225.7462704,2457225.7462704,2015-07-22,20150722,SXD,1.6621463,1.6621463e-06,180364663447495.56,,,,0.0070089782,0.00010226501,0,no,SpeX Spectrograph,ShortXD,merged_v346nor_sxd_20150722.txt,1.0
2457225.7462704,2457225.7462704,2015-07-22,20150722,SXD,1.6624147,1.6624147e-06,180335543231180.53,,,,0.0073569408,0.00010622277,0,no,SpeX Spectrograph,ShortXD,merged_v346nor_sxd_20150722.txt,1.0
2457225.7462704,2457225.7462704,2015-07-22,20150722,SXD,1.662683,1.662683e-06,180306443260681.7,,,,0.0070831669,0.00010665134,0,no,SpeX Spectrograph,ShortXD,merged_v346nor_sxd_20150722.txt,1.0
2457225.7462704,2457225.7462704,2015-07-22,20150722,SXD,1.6629512,1.6629511999999998e-06,180277363520950.0,,,,0.0074610552,0.00010541605,0,no,SpeX Spectrograph,ShortXD,merged_v346nor_sxd_20150722.txt,1.0
2457225.7462704,2457225.7462704,2015-07-22,20150722,SXD,1.6632196,1.6632195999999998e-06,180248271485016.2,,,,0.0075459061,0.00010429163,0,no,SpeX Spectrograph,ShortXD,merged_v346nor_sxd_20150722.txt,1.0
2457225.7462704,2457225.7462704,2015-07-22,20150722,SXD,1.6634879,1.6634879e-06,180219199670764.06,,,,0.0076965769,0.00010429227,0,no,SpeX Spectrograph,ShortXD,merged_v346nor_sxd_20150722.txt,1.0
2457225.7462704,2457225.7462704,2015-07-22,20150722,SXD,1.6637561,1.6637561e-06,180190148063168.62,,,,0.0079097738,0.00010628187,0,no,SpeX Spectrograph,ShortXD,merged_v346nor_sxd_20150722.txt,1.0
2457225.7462704,2457225.7462704,2015-07-22,20150722,SXD,1.6640245,1.6640245e-06,180161084166729.5,,,,0.0078114262,0.00010715322,0,no,SpeX Spectrograph,ShortXD,merged_v346nor_sxd_20150722.txt,1.0
2457225.7462704,2457225.7462704,2015-07-22,20150722,SXD,1.6642928,1.6642927999999998e-06,180132040467879.22,,,,0.0077555482,0.00010463763,0,no,SpeX Spectrograph,ShortXD,merged_v346nor_sxd_20150722.txt,1.0
2457225.7462704,2457225.7462704,2015-07-22,20150722,SXD,1.664561,1.6645609999999999e-06,180103016951616.7,,,,0.0075529944,0.00010483553,0,no,SpeX Spectrograph,ShortXD,merged_v346nor_sxd_20150722.txt,1.0
2457225.7462704,2457225.7462704,2015-07-22,20150722,SXD,1.6648294,1.6648293999999998e-06,180073981153864.78,,,,0.0073733618,0.00010469317,0,no,SpeX Spectrograph,ShortXD,merged_v346nor_sxd_20150722.txt,1.0
2457225.7462704,2457225.7462704,2015-07-22,20150722,SXD,1.6650976,1.6650976e-06,180044976342527.9,,,,0.0069107963,0.00010551503,0,no,SpeX Spectrograph,ShortXD,merged_v346nor_sxd_20150722.txt,1.0
2457225.7462704,2457225.7462704,2015-07-22,20150722,SXD,1.6653659,1.6653659e-06,180015970063996.16,,,,0.0069569983,0.00011087507,0,no,SpeX Spectrograph,ShortXD,merged_v346nor_sxd_20150722.txt,1.0
2457225.7462704,2457225.7462704,2015-07-22,20150722,SXD,1.6656342,1.6656342e-06,179986973130114.66,,,,0.007233466,0.00011736481,0,no,SpeX Spectrograph,ShortXD,merged_v346nor_sxd_20150722.txt,1.0
2457225.7462704,2457225.7462704,2015-07-22,20150722,SXD,1.6659025,1.6659025e-06,179957985536368.44,,,,0.007434417,0.00012123569,0,no,SpeX Spectrograph,ShortXD,merged_v346nor_sxd_20150722.txt,1.0
2457225.7462704,2457225.7462704,2015-07-22,20150722,SXD,1.6661708,1.6661707999999998e-06,179929007278245.44,,,,0.007451436,0.00012453154,0,no,SpeX Spectrograph,ShortXD,merged_v346nor_sxd_20150722.txt,1.0
2457225.7462704,2457225.7462704,2015-07-22,20150722,SXD,1.6664391,1.6664391e-06,179900038351236.47,,,,0.0075854072,0.00011815545,0,no,SpeX Spectrograph,ShortXD,merged_v346nor_sxd_20150722.txt,1.0
2457225.7462704,2457225.7462704,2015-07-22,20150722,SXD,1.6667074,1.6667073999999998e-06,179871078750835.34,,,,0.0074561434,0.00011560995,0,no,SpeX Spectrograph,ShortXD,merged_v346nor_sxd_20150722.txt,1.0
2457225.7462704,2457225.7462704,2015-07-22,20150722,SXD,1.6669756,1.6669755999999999e-06,179842139261066.6,,,,0.0076796398,0.0001135749,0,no,SpeX Spectrograph,ShortXD,merged_v346nor_sxd_20150722.txt,1.0
2457225.7462704,2457225.7462704,2015-07-22,20150722,SXD,1.667244,1.6672439999999998e-06,179813187511845.9,,,,0.007749754,0.00011822426,0,no,SpeX Spectrograph,ShortXD,merged_v346nor_sxd_20150722.txt,1.0
2457225.7462704,2457225.7462704,2015-07-22,20150722,SXD,1.6675122,1.6675122e-06,179784266645845.25,,,,0.0075722225,0.00011683997,0,no,SpeX Spectrograph,ShortXD,merged_v346nor_sxd_20150722.txt,1.0
2457225.7462704,2457225.7462704,2015-07-22,20150722,SXD,1.6677804,1.6677804e-06,179755355081520.3,,,,0.0079655452,0.000117076,0,no,SpeX Spectrograph,ShortXD,merged_v346nor_sxd_20150722.txt,1.0
2457225.7462704,2457225.7462704,2015-07-22,20150722,SXD,1.6680487,1.6680486999999998e-06,179726442039731.84,,,,0.0074758697,0.00012872767,0,no,SpeX Spectrograph,ShortXD,merged_v346nor_sxd_20150722.txt,1.0
2457225.7462704,2457225.7462704,2015-07-22,20150722,SXD,1.668317,1.668317e-06,179697538297577.75,,,,0.0074108536,0.00018409867,0,no,SpeX Spectrograph,ShortXD,merged_v346nor_sxd_20150722.txt,1.0
2457225.7462704,2457225.7462704,2015-07-22,20150722,SXD,1.6685853,1.6685852999999998e-06,179668643850572.12,,,,0.0073921466,0.00030219945,0,no,SpeX Spectrograph,ShortXD,merged_v346nor_sxd_20150722.txt,1.0
2457225.7462704,2457225.7462704,2015-07-22,20150722,SXD,1.6688535,1.6688535e-06,179639769458493.53,,,,0.0073401062,0.00038357486,0,no,SpeX Spectrograph,ShortXD,merged_v346nor_sxd_20150722.txt,1.0
2457225.7462704,2457225.7462704,2015-07-22,20150722,SXD,1.6691219,1.6691218999999999e-06,179610882824076.56,,,,0.0080572739,0.00039726161,0,no,SpeX Spectrograph,ShortXD,merged_v346nor_sxd_20150722.txt,1.0
2457225.7462704,2457225.7462704,2015-07-22,20150722,SXD,1.6693901,1.6693901e-06,179582026992971.88,,,,0.0077131363,0.00038510168,0,no,SpeX Spectrograph,ShortXD,merged_v346nor_sxd_20150722.txt,1.0
2457225.7462704,2457225.7462704,2015-07-22,20150722,SXD,1.6696583,1.6696583e-06,179553180432187.84,,,,0.0077252872,0.00034470719,0,no,SpeX Spectrograph,ShortXD,merged_v346nor_sxd_20150722.txt,1.0
2457225.7462704,2457225.7462704,2015-07-22,20150722,SXD,1.6699266,1.6699265999999998e-06,179524332386824.7,,,,0.0071965307,0.00024424921,0,no,SpeX Spectrograph,ShortXD,merged_v346nor_sxd_20150722.txt,1.0
2457225.7462704,2457225.7462704,2015-07-22,20150722,SXD,1.6701949,1.6701949e-06,179495493609757.75,,,,0.0075070476,0.00020630987,0,no,SpeX Spectrograph,ShortXD,merged_v346nor_sxd_20150722.txt,1.0
2457225.7462704,2457225.7462704,2015-07-22,20150722,SXD,1.6704631,1.6704631000000001e-06,179466674840048.84,,,,0.0080487765,0.00024266219,0,no,SpeX Spectrograph,ShortXD,merged_v346nor_sxd_20150722.txt,1.0
2457225.7462704,2457225.7462704,2015-07-22,20150722,SXD,1.6707314,1.6707314e-06,179437854582729.47,,,,0.0079731587,0.00025028951,0,no,SpeX Spectrograph,ShortXD,merged_v346nor_sxd_20150722.txt,1.0
2457225.7462704,2457225.7462704,2015-07-22,20150722,SXD,1.6709996,1.6709996e-06,179409054316948.97,,,,0.0073214578,0.00024392123,0,no,SpeX Spectrograph,ShortXD,merged_v346nor_sxd_20150722.txt,1.0
2457225.7462704,2457225.7462704,2015-07-22,20150722,SXD,1.6712679,1.6712678999999998e-06,179380252561543.28,,,,0.0075406572,0.00022955061,0,no,SpeX Spectrograph,ShortXD,merged_v346nor_sxd_20150722.txt,1.0
2457225.7462704,2457225.7462704,2015-07-22,20150722,SXD,1.6715362,1.6715362e-06,179351460052136.47,,,,0.0075987284,0.00017120272,0,no,SpeX Spectrograph,ShortXD,merged_v346nor_sxd_20150722.txt,1.0
2457225.7462704,2457225.7462704,2015-07-22,20150722,SXD,1.6718044,1.6718044000000001e-06,179322687510572.4,,,,0.0075831544,0.00013205876,0,no,SpeX Spectrograph,ShortXD,merged_v346nor_sxd_20150722.txt,1.0
2457225.7462704,2457225.7462704,2015-07-22,20150722,SXD,1.6720726,1.6720725999999998e-06,179293924199224.38,,,,0.0076230168,0.00012704906,0,no,SpeX Spectrograph,ShortXD,merged_v346nor_sxd_20150722.txt,1.0
2457225.7462704,2457225.7462704,2015-07-22,20150722,SXD,1.6723409,1.6723409e-06,179265159394235.94,,,,0.0078230193,0.00013118281,0,no,SpeX Spectrograph,ShortXD,merged_v346nor_sxd_20150722.txt,1.0
2457225.7462704,2457225.7462704,2015-07-22,20150722,SXD,1.6726092,1.6726091999999998e-06,179236403817460.78,,,,0.0077437693,0.00015013786,0,no,SpeX Spectrograph,ShortXD,merged_v346nor_sxd_20150722.txt,1.0
2457225.7462704,2457225.7462704,2015-07-22,20150722,SXD,1.6728774,1.6728773999999999e-06,179207668176998.53,,,,0.0078560635,0.00016791429,0,no,SpeX Spectrograph,ShortXD,merged_v346nor_sxd_20150722.txt,1.0
2457225.7462704,2457225.7462704,2015-07-22,20150722,SXD,1.6731457,1.6731457e-06,179178931039896.88,,,,0.007466008,0.00016835584,0,no,SpeX Spectrograph,ShortXD,merged_v346nor_sxd_20150722.txt,1.0
2457225.7462704,2457225.7462704,2015-07-22,20150722,SXD,1.6734139,1.6734138999999997e-06,179150213823370.3,,,,0.0079037538,0.00016819044,0,no,SpeX Spectrograph,ShortXD,merged_v346nor_sxd_20150722.txt,1.0
2457225.7462704,2457225.7462704,2015-07-22,20150722,SXD,1.6736821,1.6736820999999998e-06,179121505810452.3,,,,0.0077078701,0.00015672491,0,no,SpeX Spectrograph,ShortXD,merged_v346nor_sxd_20150722.txt,1.0
2457225.7462704,2457225.7462704,2015-07-22,20150722,SXD,1.6739503,1.6739503e-06,179092806996719.1,,,,0.0077264882,0.00014400228,0,no,SpeX Spectrograph,ShortXD,merged_v346nor_sxd_20150722.txt,1.0
2457225.7462704,2457225.7462704,2015-07-22,20150722,SXD,1.6742187,1.6742186999999999e-06,179064095986981.88,,,,0.0078388788,0.00011705556,0,no,SpeX Spectrograph,ShortXD,merged_v346nor_sxd_20150722.txt,1.0
2457225.7462704,2457225.7462704,2015-07-22,20150722,SXD,1.6744869,1.6744869e-06,179035415565209.88,,,,0.0078618117,0.00011480675,0,no,SpeX Spectrograph,ShortXD,merged_v346nor_sxd_20150722.txt,1.0
2457225.7462704,2457225.7462704,2015-07-22,20150722,SXD,1.6747551,1.6747551e-06,179006744329364.94,,,,0.0078901537,0.00011771714,0,no,SpeX Spectrograph,ShortXD,merged_v346nor_sxd_20150722.txt,1.0
2457225.7462704,2457225.7462704,2015-07-22,20150722,SXD,1.6750233,1.6750233e-06,178978082275034.62,,,,0.0078167943,0.00012094423,0,no,SpeX Spectrograph,ShortXD,merged_v346nor_sxd_20150722.txt,1.0
2457225.7462704,2457225.7462704,2015-07-22,20150722,SXD,1.6752915,1.6752915e-06,178949429397809.28,,,,0.0077420482,0.00012406762,0,no,SpeX Spectrograph,ShortXD,merged_v346nor_sxd_20150722.txt,1.0
2457225.7462704,2457225.7462704,2015-07-22,20150722,SXD,1.6755598,1.6755598e-06,178920775015012.9,,,,0.0081535885,0.00012920742,0,no,SpeX Spectrograph,ShortXD,merged_v346nor_sxd_20150722.txt,1.0
2457225.7462704,2457225.7462704,2015-07-22,20150722,SXD,1.675828,1.675828e-06,178892140482197.44,,,,0.0081208758,0.00013256285,0,no,SpeX Spectrograph,ShortXD,merged_v346nor_sxd_20150722.txt,1.0
2457225.7462704,2457225.7462704,2015-07-22,20150722,SXD,1.6760962,1.6760962e-06,178863515113273.34,,,,0.0081826122,0.00013268985,0,no,SpeX Spectrograph,ShortXD,merged_v346nor_sxd_20150722.txt,1.0
2457225.7462704,2457225.7462704,2015-07-22,20150722,SXD,1.6763644,1.6763644e-06,178834898903842.16,,,,0.0085588926,0.00013278282,0,no,SpeX Spectrograph,ShortXD,merged_v346nor_sxd_20150722.txt,1.0
2457225.7462704,2457225.7462704,2015-07-22,20150722,SXD,1.6766328,1.6766328e-06,178806270520295.22,,,,0.0091470899,0.00013045303,0,no,SpeX Spectrograph,ShortXD,merged_v346nor_sxd_20150722.txt,1.0
2457225.7462704,2457225.7462704,2015-07-22,20150722,SXD,1.676901,1.6769009999999998e-06,178777672623488.22,,,,0.008937994,0.0001252355,0,no,SpeX Spectrograph,ShortXD,merged_v346nor_sxd_20150722.txt,1.0
2457225.7462704,2457225.7462704,2015-07-22,20150722,SXD,1.6771692,1.6771691999999999e-06,178749083872992.7,,,,0.0088032354,0.00011996704,0,no,SpeX Spectrograph,ShortXD,merged_v346nor_sxd_20150722.txt,1.0
2457225.7462704,2457225.7462704,2015-07-22,20150722,SXD,1.6774374,1.6774374e-06,178720504264421.44,,,,0.0085103251,0.00011646673,0,no,SpeX Spectrograph,ShortXD,merged_v346nor_sxd_20150722.txt,1.0
2457225.7462704,2457225.7462704,2015-07-22,20150722,SXD,1.6777056,1.6777055999999998e-06,178691933793390.22,,,,0.0082985964,0.00011423763,0,no,SpeX Spectrograph,ShortXD,merged_v346nor_sxd_20150722.txt,1.0
2457225.7462704,2457225.7462704,2015-07-22,20150722,SXD,1.6779739,1.6779738999999998e-06,178663361807951.84,,,,0.0080011217,0.00011413392,0,no,SpeX Spectrograph,ShortXD,merged_v346nor_sxd_20150722.txt,1.0
2457225.7462704,2457225.7462704,2015-07-22,20150722,SXD,1.6782421,1.6782421e-06,178634809602261.8,,,,0.0081934519,0.000114493,0,no,SpeX Spectrograph,ShortXD,merged_v346nor_sxd_20150722.txt,1.0
2457225.7856901,2457225.7462704,2015-07-22,20150722,LXD,1.6782612,1.6782611999999997e-06,178632776590437.8,,,,0.007413276,0.0022943108,0,no,SpeX Spectrograph,LXD_short,merged_v346nor_lxd_20150722.txt,1.0
2457225.7856901,2457225.7462704,2015-07-22,20150722,LXD,1.6785073,1.6785073e-06,178606585744369.44,,,,0.012315411,0.0022465175,0,no,SpeX Spectrograph,LXD_short,merged_v346nor_lxd_20150722.txt,1.0
2457225.7462704,2457225.7462704,2015-07-22,20150722,SXD,1.6785103,1.6785102999999998e-06,178606266520974.0,,,,0.0080931745,0.00011519683,0,no,SpeX Spectrograph,ShortXD,merged_v346nor_sxd_20150722.txt,1.0
2457225.7856901,2457225.7462704,2015-07-22,20150722,LXD,1.6787534,1.6787533999999999e-06,178580402577293.38,,,,0.0086117033,0.0022350808,0,no,SpeX Spectrograph,LXD_short,merged_v346nor_lxd_20150722.txt,1.0
2457225.7462704,2457225.7462704,2015-07-22,20150722,SXD,1.6787784,1.6787784e-06,178577743197077.12,,,,0.0082846684,0.00011642354,0,no,SpeX Spectrograph,ShortXD,merged_v346nor_sxd_20150722.txt,1.0
2457225.7856901,2457225.7462704,2015-07-22,20150722,LXD,1.6789994,1.6789993999999999e-06,178554237720394.7,,,,0.01459557,0.0021487696,0,no,SpeX Spectrograph,LXD_short,merged_v346nor_lxd_20150722.txt,1.0
2457225.7462704,2457225.7462704,2015-07-22,20150722,SXD,1.6790466,1.6790465999999998e-06,178549218348079.22,,,,0.008315607,0.00011662045,0,no,SpeX Spectrograph,ShortXD,merged_v346nor_sxd_20150722.txt,1.0
2457225.7856901,2457225.7462704,2015-07-22,20150722,LXD,1.6792455,1.6792454999999998e-06,178528069898058.4,,,,0.01139625,0.0021274495,0,no,SpeX Spectrograph,LXD_short,merged_v346nor_lxd_20150722.txt,1.0
2457225.7462704,2457225.7462704,2015-07-22,20150722,SXD,1.6793149,1.6793149e-06,178520691979806.75,,,,0.0084452014,0.00011706787,0,no,SpeX Spectrograph,ShortXD,merged_v346nor_sxd_20150722.txt,1.0
2457225.7856901,2457225.7462704,2015-07-22,20150722,LXD,1.6794915,1.6794914999999998e-06,178501920372922.4,,,,0.0095336223,0.0021008714,0,no,SpeX Spectrograph,LXD_short,merged_v346nor_lxd_20150722.txt,1.0
2457225.7462704,2457225.7462704,2015-07-22,20150722,SXD,1.6795831,1.6795831e-06,178492185352424.66,,,,0.0080488883,0.00011881366,0,no,SpeX Spectrograph,ShortXD,merged_v346nor_sxd_20150722.txt,1.0
2457225.7856901,2457225.7462704,2015-07-22,20150722,LXD,1.6797377,1.6797377e-06,178475757256624.06,,,,0.0076536089,0.0020708009,0,no,SpeX Spectrograph,LXD_short,merged_v346nor_lxd_20150722.txt,1.0
2457225.7462704,2457225.7462704,2015-07-22,20150722,SXD,1.6798513,1.6798513e-06,178463687827607.12,,,,0.0081353514,0.00011928621,0,no,SpeX Spectrograph,ShortXD,merged_v346nor_sxd_20150722.txt,1.0
2457225.7856901,2457225.7462704,2015-07-22,20150722,LXD,1.6799837,1.6799837e-06,178449623052890.34,,,,0.0068706796,0.0020380421,0,no,SpeX Spectrograph,LXD_short,merged_v346nor_lxd_20150722.txt,1.0
2457225.7462704,2457225.7462704,2015-07-22,20150722,SXD,1.6801195,1.6801194999999998e-06,178435199400995.0,,,,0.0079723578,0.00011934457,0,no,SpeX Spectrograph,ShortXD,merged_v346nor_sxd_20150722.txt,1.0
2457225.7856901,2457225.7462704,2015-07-22,20150722,LXD,1.6802298,1.6802298e-06,178423485882704.88,,,,0.0086556282,0.0020634974,0,no,SpeX Spectrograph,LXD_short,merged_v346nor_lxd_20150722.txt,1.0
2457225.7462704,2457225.7462704,2015-07-22,20150722,SXD,1.6803877,1.6803876999999999e-06,178406720068231.88,,,,0.0080587398,0.0001190493,0,no,SpeX Spectrograph,ShortXD,merged_v346nor_sxd_20150722.txt,1.0
2457225.7856901,2457225.7462704,2015-07-22,20150722,LXD,1.6804758,1.6804758e-06,178397366983803.06,,,,0.010296353,0.0020453627,0,no,SpeX Spectrograph,LXD_short,merged_v346nor_lxd_20150722.txt,1.0
2457225.7462704,2457225.7462704,2015-07-22,20150722,SXD,1.680656,1.680656e-06,178378239211355.56,,,,0.0080438955,0.0001191418,0,no,SpeX Spectrograph,ShortXD,merged_v346nor_sxd_20150722.txt,1.0
2457225.7856901,2457225.7462704,2015-07-22,20150722,LXD,1.6807218,1.6807218e-06,178371255730722.38,,,,0.0063595646,0.0020781793,0,no,SpeX Spectrograph,LXD_short,merged_v346nor_lxd_20150722.txt,1.0
2457225.7462704,2457225.7462704,2015-07-22,20150722,SXD,1.6809242,1.6809242e-06,178349778056619.1,,,,0.0080202445,0.00011585603,0,no,SpeX Spectrograph,ShortXD,merged_v346nor_sxd_20150722.txt,1.0
2457225.7856901,2457225.7462704,2015-07-22,20150722,LXD,1.6809678,1.6809677999999997e-06,178345152120106.06,,,,0.0065034833,0.0020975363,0,no,SpeX Spectrograph,LXD_short,merged_v346nor_lxd_20150722.txt,1.0
2457225.7462704,2457225.7462704,2015-07-22,20150722,SXD,1.6811924,1.6811924e-06,178321325982677.53,,,,0.0080621457,0.00011640118,0,no,SpeX Spectrograph,ShortXD,merged_v346nor_sxd_20150722.txt,1.0
2457225.7856901,2457225.7462704,2015-07-22,20150722,LXD,1.6812139,1.6812139e-06,178319045542033.66,,,,0.0057999147,0.0020506112,0,no,SpeX Spectrograph,LXD_short,merged_v346nor_lxd_20150722.txt,1.0
2457225.7856901,2457225.7462704,2015-07-22,20150722,LXD,1.6814599,1.6814599e-06,178292957209386.94,,,,0.013483237,0.0020479539,0,no,SpeX Spectrograph,LXD_short,merged_v346nor_lxd_20150722.txt,1.0
2457225.7462704,2457225.7462704,2015-07-22,20150722,SXD,1.6814605,1.6814605e-06,178292893588639.16,,,,0.0079592383,0.00011583856,0,no,SpeX Spectrograph,ShortXD,merged_v346nor_sxd_20150722.txt,1.0
2457225.7856901,2457225.7462704,2015-07-22,20150722,LXD,1.681706,1.6817059999999999e-06,178266865908785.5,,,,0.006238474,0.0019820412,0,no,SpeX Spectrograph,LXD_short,merged_v346nor_lxd_20150722.txt,1.0
2457225.7462704,2457225.7462704,2015-07-22,20150722,SXD,1.6817287,1.6817287e-06,178264459659872.6,,,,0.008341006,0.00012146536,0,no,SpeX Spectrograph,ShortXD,merged_v346nor_sxd_20150722.txt,1.0
2457225.7856901,2457225.7462704,2015-07-22,20150722,LXD,1.6819519,1.6819519e-06,178240803437958.0,,,,0.011896925,0.0019770709,0,no,SpeX Spectrograph,LXD_short,merged_v346nor_lxd_20150722.txt,1.0
2457225.7462704,2457225.7462704,2015-07-22,20150722,SXD,1.6819969,1.6819969e-06,178236034798875.1,,,,0.0081477836,0.00011681372,0,no,SpeX Spectrograph,ShortXD,merged_v346nor_sxd_20150722.txt,1.0
2457225.7856901,2457225.7462704,2015-07-22,20150722,LXD,1.6821979,1.6821979e-06,178214737992479.97,,,,0.0052856142,0.0019190947,0,no,SpeX Spectrograph,LXD_short,merged_v346nor_lxd_20150722.txt,1.0
2457225.7462704,2457225.7462704,2015-07-22,20150722,SXD,1.6822652,1.6822652e-06,178207608407996.56,,,,0.0083193844,0.00011722731,0,no,SpeX Spectrograph,ShortXD,merged_v346nor_sxd_20150722.txt,1.0
2457225.7856901,2457225.7462704,2015-07-22,20150722,LXD,1.682444,1.682444e-06,178188669578303.94,,,,0.0093917698,0.0018941918,0,no,SpeX Spectrograph,LXD_short,merged_v346nor_lxd_20150722.txt,1.0
2457225.7462704,2457225.7462704,2015-07-22,20150722,SXD,1.6825334,1.6825334e-06,178179201672905.88,,,,0.008247273,0.00011706368,0,no,SpeX Spectrograph,ShortXD,merged_v346nor_sxd_20150722.txt,1.0
2457225.7856901,2457225.7462704,2015-07-22,20150722,LXD,1.6826899,1.6826898999999998e-06,178162629965271.7,,,,0.011219167,0.0018726757,0,no,SpeX Spectrograph,LXD_short,merged_v346nor_lxd_20150722.txt,1.0
2457225.7462704,2457225.7462704,2015-07-22,20150722,SXD,1.6828016,1.6828015999999999e-06,178150803992580.0,,,,0.0082062716,0.00011738261,0,no,SpeX Spectrograph,ShortXD,merged_v346nor_sxd_20150722.txt,1.0
2457225.7856901,2457225.7462704,2015-07-22,20150722,LXD,1.682936,1.682936e-06,178136576791987.34,,,,0.0091648223,0.001860476,0,no,SpeX Spectrograph,LXD_short,merged_v346nor_lxd_20150722.txt,1.0
2457225.7462704,2457225.7462704,2015-07-22,20150722,SXD,1.6830697,1.6830696999999998e-06,178122425945877.38,,,,0.0083661284,0.00012261127,0,no,SpeX Spectrograph,ShortXD,merged_v346nor_sxd_20150722.txt,1.0
2457225.7856901,2457225.7462704,2015-07-22,20150722,LXD,1.6831819,1.6831818999999998e-06,178110552400783.3,,,,0.01090168,0.0018650729,0,no,SpeX Spectrograph,LXD_short,merged_v346nor_lxd_20150722.txt,1.0
2457225.7462704,2457225.7462704,2015-07-22,20150722,SXD,1.6833379,1.6833378999999999e-06,178094046358725.72,,,,0.0083749257,0.00014942611,0,no,SpeX Spectrograph,ShortXD,merged_v346nor_sxd_20150722.txt,1.0
2457225.7856901,2457225.7462704,2015-07-22,20150722,LXD,1.6834279,1.6834279e-06,178084525033712.47,,,,0.0090540433,0.0018846228,0,no,SpeX Spectrograph,LXD_short,merged_v346nor_lxd_20150722.txt,1.0
2457225.7462704,2457225.7462704,2015-07-22,20150722,SXD,1.6836061,1.6836061e-06,178065675813362.75,,,,0.0079847174,0.00018108007,0,no,SpeX Spectrograph,ShortXD,merged_v346nor_sxd_20150722.txt,1.0
2457225.7856901,2457225.7462704,2015-07-22,20150722,LXD,1.6836739,1.6836739e-06,178058505272309.56,,,,0.0080612134,0.0019181288,0,no,SpeX Spectrograph,LXD_short,merged_v346nor_lxd_20150722.txt,1.0
2457225.7462704,2457225.7462704,2015-07-22,20150722,SXD,1.6838744,1.6838744e-06,178037303732392.4,,,,0.0079741841,0.00019038073,0,no,SpeX Spectrograph,ShortXD,merged_v346nor_sxd_20150722.txt,1.0
2457225.7856901,2457225.7462704,2015-07-22,20150722,LXD,1.6839198,1.6839198e-06,178032503685745.62,,,,0.011859479,0.0019257839,0,no,SpeX Spectrograph,LXD_short,merged_v346nor_lxd_20150722.txt,1.0
2457225.7462704,2457225.7462704,2015-07-22,20150722,SXD,1.6841425,1.6841425000000001e-06,178008961830723.94,,,,0.0079647424,0.00019207309,0,no,SpeX Spectrograph,ShortXD,merged_v346nor_sxd_20150722.txt,1.0
2457225.7856901,2457225.7462704,2015-07-22,20150722,LXD,1.6841658,1.6841658e-06,178006499122592.34,,,,0.011364635,0.0019329826,0,no,SpeX Spectrograph,LXD_short,merged_v346nor_lxd_20150722.txt,1.0
2457225.7462704,2457225.7462704,2015-07-22,20150722,SXD,1.6844107,1.6844106999999998e-06,177980618384815.56,,,,0.0080013052,0.00018397608,0,no,SpeX Spectrograph,ShortXD,merged_v346nor_sxd_20150722.txt,1.0
2457225.7856901,2457225.7462704,2015-07-22,20150722,LXD,1.6844118,1.6844117999999997e-06,177980502155114.34,,,,0.0094126184,0.0019051126,0,no,SpeX Spectrograph,LXD_short,merged_v346nor_lxd_20150722.txt,1.0
2457225.7856901,2457225.7462704,2015-07-22,20150722,LXD,1.6846577,1.6846577e-06,177954523343228.72,,,,0.010172847,0.0018677771,0,no,SpeX Spectrograph,LXD_short,merged_v346nor_lxd_20150722.txt,1.0
2457225.7462704,2457225.7462704,2015-07-22,20150722,SXD,1.6846789,1.6846788999999998e-06,177952283963430.7,,,,0.0082567437,0.00015155613,0,no,SpeX Spectrograph,ShortXD,merged_v346nor_sxd_20150722.txt,1.0
2457225.7856901,2457225.7462704,2015-07-22,20150722,LXD,1.6849036,1.6849035999999999e-06,177928552114198.12,,,,0.0080948258,0.0018178188,0,no,SpeX Spectrograph,LXD_short,merged_v346nor_lxd_20150722.txt,1.0
2457225.7462704,2457225.7462704,2015-07-22,20150722,SXD,1.684947,1.684947e-06,177923969121877.44,,,,0.0081206085,0.00012251519,0,no,SpeX Spectrograph,ShortXD,merged_v346nor_sxd_20150722.txt,1.0
2457225.7856901,2457225.7462704,2015-07-22,20150722,LXD,1.6851496,1.6851496e-06,177902577907623.16,,,,0.0098523851,0.0018249402,0,no,SpeX Spectrograph,LXD_short,merged_v346nor_lxd_20150722.txt,1.0
2457225.7462704,2457225.7462704,2015-07-22,20150722,SXD,1.6852152,1.6852151999999998e-06,177895652733253.3,,,,0.0080991909,0.0001163551,0,no,SpeX Spectrograph,ShortXD,merged_v346nor_sxd_20150722.txt,1.0
2457225.7856901,2457225.7462704,2015-07-22,20150722,LXD,1.6853955,1.6853955e-06,177876621837426.28,,,,0.011059878,0.0018123032,0,no,SpeX Spectrograph,LXD_short,merged_v346nor_lxd_20150722.txt,1.0
2457225.7462704,2457225.7462704,2015-07-22,20150722,SXD,1.6854835,1.6854834999999999e-06,177867334803336.88,,,,0.0079216333,0.00011694176,0,no,SpeX Spectrograph,ShortXD,merged_v346nor_sxd_20150722.txt,1.0
2457225.7856901,2457225.7462704,2015-07-22,20150722,LXD,1.6856414,1.6856413999999998e-06,177850673340130.38,,,,0.009622301,0.001798939,0,no,SpeX Spectrograph,LXD_short,merged_v346nor_lxd_20150722.txt,1.0
2457225.7462704,2457225.7462704,2015-07-22,20150722,SXD,1.6857516,1.6857515999999998e-06,177839046986519.28,,,,0.0083068023,0.00011666652,0,no,SpeX Spectrograph,ShortXD,merged_v346nor_sxd_20150722.txt,1.0
2457225.7856901,2457225.7462704,2015-07-22,20150722,LXD,1.6858873,1.6858873e-06,177824732412421.66,,,,0.011379348,0.0017801981,0,no,SpeX Spectrograph,LXD_short,merged_v346nor_lxd_20150722.txt,1.0
2457225.7462704,2457225.7462704,2015-07-22,20150722,SXD,1.6860198,1.6860197999999999e-06,177810757619809.7,,,,0.0082163215,0.00011640637,0,no,SpeX Spectrograph,ShortXD,merged_v346nor_sxd_20150722.txt,1.0
2457225.7856901,2457225.7462704,2015-07-22,20150722,LXD,1.6861333,1.6861333e-06,177798788506223.1,,,,0.0090468526,0.00176673,0,no,SpeX Spectrograph,LXD_short,merged_v346nor_lxd_20150722.txt,1.0
2457225.7462704,2457225.7462704,2015-07-22,20150722,SXD,1.686288,1.686288e-06,177782477251809.9,,,,0.0081764702,0.00011584672,0,no,SpeX Spectrograph,ShortXD,merged_v346nor_sxd_20150722.txt,1.0
2457225.7856901,2457225.7462704,2015-07-22,20150722,LXD,1.6863792,1.6863791999999998e-06,177772862710830.4,,,,0.010860333,0.0017408327,0,no,SpeX Spectrograph,LXD_short,merged_v346nor_lxd_20150722.txt,1.0
2457225.7462704,2457225.7462704,2015-07-22,20150722,SXD,1.6865561,1.6865560999999999e-06,177754216417704.72,,,,0.0080299051,0.00011657862,0,no,SpeX Spectrograph,ShortXD,merged_v346nor_sxd_20150722.txt,1.0
2457225.7856901,2457225.7462704,2015-07-22,20150722,LXD,1.6866251,1.6866251e-06,177746944475094.06,,,,0.012958056,0.0017479316,0,no,SpeX Spectrograph,LXD_short,merged_v346nor_lxd_20150722.txt,1.0
2457225.7462704,2457225.7462704,2015-07-22,20150722,SXD,1.6868243,1.6868243e-06,177725954030897.0,,,,0.0083063291,0.000117494,0,no,SpeX Spectrograph,ShortXD,merged_v346nor_sxd_20150722.txt,1.0
2457225.7856901,2457225.7462704,2015-07-22,20150722,LXD,1.6868711,1.6868711e-06,177721023260164.9,,,,0.012525154,0.0017603363,0,no,SpeX Spectrograph,LXD_short,merged_v346nor_lxd_20150722.txt,1.0
2457225.7462704,2457225.7462704,2015-07-22,20150722,SXD,1.6870925,1.6870925e-06,177697700629929.9,,,,0.0086704595,0.00012229328,0,no,SpeX Spectrograph,ShortXD,merged_v346nor_sxd_20150722.txt,1.0
2457225.7856901,2457225.7462704,2015-07-22,20150722,LXD,1.687117,1.687117e-06,177695120136896.25,,,,0.012028839,0.0017510494,0,no,SpeX Spectrograph,LXD_short,merged_v346nor_lxd_20150722.txt,1.0
2457225.7462704,2457225.7462704,2015-07-22,20150722,SXD,1.6873606,1.6873606e-06,177669466739948.78,,,,0.008873824,0.00012300024,0,no,SpeX Spectrograph,ShortXD,merged_v346nor_sxd_20150722.txt,1.0
2457225.7856901,2457225.7462704,2015-07-22,20150722,LXD,1.6873628,1.6873627999999999e-06,177669235092773.2,,,,0.009605092,0.0017676033,0,no,SpeX Spectrograph,LXD_short,merged_v346nor_lxd_20150722.txt,1.0
2457225.7856901,2457225.7462704,2015-07-22,20150722,LXD,1.6876087,1.6876087e-06,177643347062621.8,,,,0.013779413,0.0017409939,0,no,SpeX Spectrograph,LXD_short,merged_v346nor_lxd_20150722.txt,1.0
2457225.7462704,2457225.7462704,2015-07-22,20150722,SXD,1.6876289,1.6876289e-06,177641220768381.0,,,,0.008868074,0.00012438174,0,no,SpeX Spectrograph,ShortXD,merged_v346nor_sxd_20150722.txt,1.0
2457225.7856901,2457225.7462704,2015-07-22,20150722,LXD,1.6878546,1.6878546e-06,177617466575616.16,,,,0.012083074,0.0017105422,0,no,SpeX Spectrograph,LXD_short,merged_v346nor_lxd_20150722.txt,1.0
2457225.7462704,2457225.7462704,2015-07-22,20150722,SXD,1.687897,1.6878969999999999e-06,177613004821976.72,,,,0.0088640265,0.00012513011,0,no,SpeX Spectrograph,ShortXD,merged_v346nor_sxd_20150722.txt,1.0
2457225.7856901,2457225.7462704,2015-07-22,20150722,LXD,1.6881005,1.6881004999999999e-06,177591593628459.94,,,,0.011158034,0.0016882636,0,no,SpeX Spectrograph,LXD_short,merged_v346nor_lxd_20150722.txt,1.0
2457225.7462704,2457225.7462704,2015-07-22,20150722,SXD,1.6881652,1.6881652e-06,177584787318207.97,,,,0.0086385673,0.00012392784,0,no,SpeX Spectrograph,ShortXD,merged_v346nor_sxd_20150722.txt,1.0
2457225.7856901,2457225.7462704,2015-07-22,20150722,LXD,1.6883464,1.6883463999999998e-06,177565728217858.62,,,,0.011024675,0.0016847915,0,no,SpeX Spectrograph,LXD_short,merged_v346nor_lxd_20150722.txt,1.0
2457225.7462704,2457225.7462704,2015-07-22,20150722,SXD,1.6884334,1.6884334e-06,177556578778884.62,,,,0.0081591569,0.0001238305,0,no,SpeX Spectrograph,ShortXD,merged_v346nor_sxd_20150722.txt,1.0
2457225.7856901,2457225.7462704,2015-07-22,20150722,LXD,1.6885922,1.6885921999999999e-06,177539880854595.94,,,,0.011304326,0.0016779667,0,no,SpeX Spectrograph,LXD_short,merged_v346nor_lxd_20150722.txt,1.0
2457225.7462704,2457225.7462704,2015-07-22,20150722,SXD,1.6887015,1.6887015e-06,177528389712450.66,,,,0.0082831345,0.00012639284,0,no,SpeX Spectrograph,ShortXD,merged_v346nor_sxd_20150722.txt,1.0
2457225.7856901,2457225.7462704,2015-07-22,20150722,LXD,1.6888381,1.6888380999999998e-06,177514030504167.34,,,,0.012951881,0.0016503339,0,no,SpeX Spectrograph,LXD_short,merged_v346nor_lxd_20150722.txt,1.0
2457225.7462704,2457225.7462704,2015-07-22,20150722,SXD,1.6889697,1.6889696999999998e-06,177500199085868.75,,,,0.0081982389,0.00012790314,0,no,SpeX Spectrograph,ShortXD,merged_v346nor_sxd_20150722.txt,1.0
2457225.7856901,2457225.7462704,2015-07-22,20150722,LXD,1.6890839,1.6890838999999999e-06,177488198188378.94,,,,0.0095761577,0.0016427815,0,no,SpeX Spectrograph,LXD_short,merged_v346nor_lxd_20150722.txt,1.0
2457225.7462704,2457225.7462704,2015-07-22,20150722,SXD,1.6892378,1.6892377999999998e-06,177472027916969.44,,,,0.008352804,0.00013492093,0,no,SpeX Spectrograph,ShortXD,merged_v346nor_sxd_20150722.txt,1.0
2457225.7856901,2457225.7462704,2015-07-22,20150722,LXD,1.6893297,1.6893297e-06,177462373389871.72,,,,0.014291856,0.0016287897,0,no,SpeX Spectrograph,LXD_short,merged_v346nor_lxd_20150722.txt,1.0
2457225.7462704,2457225.7462704,2015-07-22,20150722,SXD,1.6895061,1.6895061e-06,177443844683366.34,,,,0.0083244052,0.0001810477,0,no,SpeX Spectrograph,ShortXD,merged_v346nor_sxd_20150722.txt,1.0
2457225.7856901,2457225.7462704,2015-07-22,20150722,LXD,1.6895757,1.6895757e-06,177436535101682.62,,,,0.0089607285,0.0016221919,0,no,SpeX Spectrograph,LXD_short,merged_v346nor_lxd_20150722.txt,1.0
2457225.7462704,2457225.7462704,2015-07-22,20150722,SXD,1.6897742,1.6897742e-06,177415691398294.53,,,,0.0078846337,0.0002933701,0,no,SpeX Spectrograph,ShortXD,merged_v346nor_sxd_20150722.txt,1.0
2457225.7856901,2457225.7462704,2015-07-22,20150722,LXD,1.6898215,1.6898215e-06,177410725334007.2,,,,0.011966856,0.0017158692,0,no,SpeX Spectrograph,LXD_short,merged_v346nor_lxd_20150722.txt,1.0
2457225.7462704,2457225.7462704,2015-07-22,20150722,SXD,1.6900424,1.6900424e-06,177387536549378.88,,,,0.0077728285,0.00035512805,0,no,SpeX Spectrograph,ShortXD,merged_v346nor_sxd_20150722.txt,1.0
2457225.7856901,2457225.7462704,2015-07-22,20150722,LXD,1.6900673,1.6900672999999999e-06,177384923073773.47,,,,0.011729613,0.001788401,0,no,SpeX Spectrograph,LXD_short,merged_v346nor_lxd_20150722.txt,1.0
2457225.7462704,2457225.7462704,2015-07-22,20150722,SXD,1.6903105,1.6903105e-06,177359401127780.97,,,,0.0085549643,0.00036968352,0,no,SpeX Spectrograph,ShortXD,merged_v346nor_sxd_20150722.txt,1.0
2457225.7856901,2457225.7462704,2015-07-22,20150722,LXD,1.6903132,1.6903132e-06,177359117825027.94,,,,0.013295323,0.0018211852,0,no,SpeX Spectrograph,LXD_short,merged_v346nor_lxd_20150722.txt,1.0
2457225.7856901,2457225.7462704,2015-07-22,20150722,LXD,1.690559,1.6905589999999999e-06,177333330572905.2,,,,0.012098555,0.0018072119,0,no,SpeX Spectrograph,LXD_short,merged_v346nor_lxd_20150722.txt,1.0
2457225.7462704,2457225.7462704,2015-07-22,20150722,SXD,1.6905787,1.6905787e-06,177331264140498.16,,,,0.0077836928,0.00036496055,0,no,SpeX Spectrograph,ShortXD,merged_v346nor_sxd_20150722.txt,1.0
2457225.7856901,2457225.7462704,2015-07-22,20150722,LXD,1.6908048,1.6908048e-06,177307550818403.16,,,,0.011433485,0.0017564106,0,no,SpeX Spectrograph,LXD_short,merged_v346nor_lxd_20150722.txt,1.0
2457225.7462704,2457225.7462704,2015-07-22,20150722,SXD,1.6908468,1.6908468000000001e-06,177303146565377.75,,,,0.008491612,0.00031436986,0,no,SpeX Spectrograph,ShortXD,merged_v346nor_sxd_20150722.txt,1.0
2457225.7856901,2457225.7462704,2015-07-22,20150722,LXD,1.6910506,1.6910506e-06,177281778558252.5,,,,0.010034707,0.0016149838,0,no,SpeX Spectrograph,LXD_short,merged_v346nor_lxd_20150722.txt,1.0
2457225.7462704,2457225.7462704,2015-07-22,20150722,SXD,1.691115,1.6911149999999998e-06,177275027422735.9,,,,0.0083262296,0.00019237022,0,no,SpeX Spectrograph,ShortXD,merged_v346nor_sxd_20150722.txt,1.0
2457225.7856901,2457225.7462704,2015-07-22,20150722,LXD,1.6912965,1.6912964999999998e-06,177256003308704.3,,,,0.010272924,0.0015351705,0,no,SpeX Spectrograph,LXD_short,merged_v346nor_lxd_20150722.txt,1.0
2457225.7462704,2457225.7462704,2015-07-22,20150722,SXD,1.6913831,1.6913831e-06,177246927677118.22,,,,0.0083593614,0.00014163533,0,no,SpeX Spectrograph,ShortXD,merged_v346nor_sxd_20150722.txt,1.0
2457225.7856901,2457225.7462704,2015-07-22,20150722,LXD,1.6915423,1.6915423e-06,177230246030501.28,,,,0.0094041824,0.0015132531,0,no,SpeX Spectrograph,LXD_short,merged_v346nor_lxd_20150722.txt,1.0
2457225.7462704,2457225.7462704,2015-07-22,20150722,SXD,1.6916513,1.6916513e-06,177218826362146.84,,,,0.0081715826,0.00012864989,0,no,SpeX Spectrograph,ShortXD,merged_v346nor_sxd_20150722.txt,1.0
2457225.7856901,2457225.7462704,2015-07-22,20150722,LXD,1.6917881,1.6917880999999999e-06,177204496236851.44,,,,0.011677878,0.0014900024,0,no,SpeX Spectrograph,LXD_short,merged_v346nor_lxd_20150722.txt,1.0
2457225.7462704,2457225.7462704,2015-07-22,20150722,SXD,1.6919194,1.6919194e-06,177190744429078.6,,,,0.007966565,0.00012257328,0,no,SpeX Spectrograph,ShortXD,merged_v346nor_sxd_20150722.txt,1.0
2457225.7856901,2457225.7462704,2015-07-22,20150722,LXD,1.6920339,1.6920339e-06,177178753924492.88,,,,0.012581594,0.0014717521,0,no,SpeX Spectrograph,LXD_short,merged_v346nor_lxd_20150722.txt,1.0
2457225.7462704,2457225.7462704,2015-07-22,20150722,SXD,1.6921875,1.6921874999999998e-06,177162671394275.2,,,,0.0081727114,0.00011945321,0,no,SpeX Spectrograph,ShortXD,merged_v346nor_sxd_20150722.txt,1.0
2457225.7856901,2457225.7462704,2015-07-22,20150722,LXD,1.6922797,1.6922797e-06,177153019090165.78,,,,0.010016852,0.0014498527,0,no,SpeX Spectrograph,LXD_short,merged_v346nor_lxd_20150722.txt,1.0
2457225.7462704,2457225.7462704,2015-07-22,20150722,SXD,1.6924558,1.6924558e-06,177134586321249.88,,,,0.0077553685,0.00011640535,0,no,SpeX Spectrograph,ShortXD,merged_v346nor_sxd_20150722.txt,1.0
2457225.7856901,2457225.7462704,2015-07-22,20150722,LXD,1.6925254,1.6925254e-06,177127302195878.44,,,,0.010288773,0.0014365827,0,no,SpeX Spectrograph,LXD_short,merged_v346nor_lxd_20150722.txt,1.0
2457225.7462704,2457225.7462704,2015-07-22,20150722,SXD,1.6927239,1.6927239e-06,177106531076922.8,,,,0.0080009047,0.00011633029,0,no,SpeX Spectrograph,ShortXD,merged_v346nor_sxd_20150722.txt,1.0
2457225.7856901,2457225.7462704,2015-07-22,20150722,LXD,1.6927712,1.6927711999999998e-06,177101582304802.94,,,,0.0085465666,0.0014228084,0,no,SpeX Spectrograph,LXD_short,merged_v346nor_lxd_20150722.txt,1.0
2457225.7462704,2457225.7462704,2015-07-22,20150722,SXD,1.6929921,1.6929921e-06,177078474258680.8,,,,0.0080035673,0.0001155742,0,no,SpeX Spectrograph,ShortXD,merged_v346nor_sxd_20150722.txt,1.0
2457225.7856901,2457225.7462704,2015-07-22,20150722,LXD,1.693017,1.693017e-06,177075869881991.75,,,,0.014557722,0.001421202,0,no,SpeX Spectrograph,LXD_short,merged_v346nor_lxd_20150722.txt,1.0
2457225.7462704,2457225.7462704,2015-07-22,20150722,SXD,1.6932602,1.6932602e-06,177050436784612.3,,,,0.0081709102,0.00011609217,0,no,SpeX Spectrograph,ShortXD,merged_v346nor_sxd_20150722.txt,1.0
2457225.7856901,2457225.7462704,2015-07-22,20150722,LXD,1.6932628,1.6932628e-06,177050164924192.53,,,,0.0096861636,0.0014183144,0,no,SpeX Spectrograph,LXD_short,merged_v346nor_lxd_20150722.txt,1.0
2457225.7856901,2457225.7462704,2015-07-22,20150722,LXD,1.6935085,1.6935085e-06,177024477881274.28,,,,0.0072972048,0.0014244422,0,no,SpeX Spectrograph,LXD_short,merged_v346nor_lxd_20150722.txt,1.0
2457225.7462704,2457225.7462704,2015-07-22,20150722,SXD,1.6935283,1.6935283e-06,177022408187687.22,,,,0.0080149006,0.00011571762,0,no,SpeX Spectrograph,ShortXD,merged_v346nor_sxd_20150722.txt,1.0
2457225.7856901,2457225.7462704,2015-07-22,20150722,LXD,1.6937543,1.6937542999999998e-06,176998787840715.75,,,,0.010107615,0.0014487696,0,no,SpeX Spectrograph,LXD_short,merged_v346nor_lxd_20150722.txt,1.0
2457225.7462704,2457225.7462704,2015-07-22,20150722,SXD,1.6937965,1.6937964999999998e-06,176994378014123.9,,,,0.0081101414,0.00011710729,0,no,SpeX Spectrograph,ShortXD,merged_v346nor_sxd_20150722.txt,1.0
2457225.7856901,2457225.7462704,2015-07-22,20150722,LXD,1.694,1.6939999999999998e-06,176973115702479.38,,,,0.0098383371,0.0014369473,0,no,SpeX Spectrograph,LXD_short,merged_v346nor_lxd_20150722.txt,1.0
2457225.7462704,2457225.7462704,2015-07-22,20150722,SXD,1.6940646,1.6940646e-06,176966367162149.56,,,,0.0079681138,0.0001186589,0,no,SpeX Spectrograph,ShortXD,merged_v346nor_sxd_20150722.txt,1.0
2457225.7856901,2457225.7462704,2015-07-22,20150722,LXD,1.6942458,1.6942458e-06,176947440566179.97,,,,0.0093082841,0.0014308079,0,no,SpeX Spectrograph,LXD_short,merged_v346nor_lxd_20150722.txt,1.0
2457225.7462704,2457225.7462704,2015-07-22,20150722,SXD,1.6943327,1.6943326999999998e-06,176938365174679.12,,,,0.0081049548,0.0001208723,0,no,SpeX Spectrograph,ShortXD,merged_v346nor_sxd_20150722.txt,1.0
2457225.7856901,2457225.7462704,2015-07-22,20150722,LXD,1.6944915,1.6944915e-06,176921783319656.7,,,,0.010637138,0.0014076318,0,no,SpeX Spectrograph,LXD_short,merged_v346nor_lxd_20150722.txt,1.0
2457225.7462704,2457225.7462704,2015-07-22,20150722,SXD,1.6946009,1.6946009e-06,176910361607857.06,,,,0.0084455423,0.0001361449,0,no,SpeX Spectrograph,ShortXD,merged_v346nor_sxd_20150722.txt,1.0
2457225.7856901,2457225.7462704,2015-07-22,20150722,LXD,1.6947373,1.6947372999999998e-06,176896123074650.0,,,,0.011046533,0.0014058386,0,no,SpeX Spectrograph,LXD_short,merged_v346nor_lxd_20150722.txt,1.0
2457225.7462704,2457225.7462704,2015-07-22,20150722,SXD,1.694869,1.6948689999999998e-06,176882377340077.62,,,,0.0083653433,0.00018855356,0,no,SpeX Spectrograph,ShortXD,merged_v346nor_sxd_20150722.txt,1.0
2457225.7856901,2457225.7462704,2015-07-22,20150722,LXD,1.694983,1.6949829999999998e-06,176870480706886.16,,,,0.0091429828,0.0014131792,0,no,SpeX Spectrograph,LXD_short,merged_v346nor_lxd_20150722.txt,1.0
2457225.7462704,2457225.7462704,2015-07-22,20150722,SXD,1.6951371,1.6951370999999998e-06,176854401924186.56,,,,0.0082306555,0.00022333227,0,no,SpeX Spectrograph,ShortXD,merged_v346nor_sxd_20150722.txt,1.0
2457225.7856901,2457225.7462704,2015-07-22,20150722,LXD,1.6952287,1.6952286999999998e-06,176844845772136.84,,,,0.0094723245,0.0014281976,0,no,SpeX Spectrograph,LXD_short,merged_v346nor_lxd_20150722.txt,1.0
2457225.7462704,2457225.7462704,2015-07-22,20150722,SXD,1.6954054,1.6954054e-06,176826414496497.4,,,,0.0085355919,0.00023089125,0,no,SpeX Spectrograph,ShortXD,merged_v346nor_sxd_20150722.txt,1.0
2457225.7856901,2457225.7462704,2015-07-22,20150722,LXD,1.6954745,1.6954745e-06,176819207838277.72,,,,0.010825214,0.0014245469,0,no,SpeX Spectrograph,LXD_short,merged_v346nor_lxd_20150722.txt,1.0
2457225.7462704,2457225.7462704,2015-07-22,20150722,SXD,1.6956735,1.6956735e-06,176798456778383.34,,,,0.0081351316,0.000228469,0,no,SpeX Spectrograph,ShortXD,merged_v346nor_sxd_20150722.txt,1.0
2457225.7856901,2457225.7462704,2015-07-22,20150722,LXD,1.6957202,1.6957202e-06,176793587762886.84,,,,0.012117755,0.0014038052,0,no,SpeX Spectrograph,LXD_short,merged_v346nor_lxd_20150722.txt,1.0
2457225.7462704,2457225.7462704,2015-07-22,20150722,SXD,1.6959416,1.6959416e-06,176770507899564.47,,,,0.0084474152,0.00020810295,0,no,SpeX Spectrograph,ShortXD,merged_v346nor_sxd_20150722.txt,1.0
2457225.7856901,2457225.7462704,2015-07-22,20150722,LXD,1.6959659,1.6959659e-06,176767975110820.34,,,,0.009051417,0.001403703,0,no,SpeX Spectrograph,LXD_short,merged_v346nor_lxd_20150722.txt,1.0
2457225.7462704,2457225.7462704,2015-07-22,20150722,SXD,1.6962098,1.6962098e-06,176742557435996.44,,,,0.0084006824,0.00015215371,0,no,SpeX Spectrograph,ShortXD,merged_v346nor_sxd_20150722.txt,1.0
2457225.7856901,2457225.7462704,2015-07-22,20150722,LXD,1.6962116,1.6962116e-06,176742369878852.38,,,,0.0077164252,0.0013642599,0,no,SpeX Spectrograph,LXD_short,merged_v346nor_lxd_20150722.txt,1.0
2457225.7856901,2457225.7462704,2015-07-22,20150722,LXD,1.6964574,1.6964573999999998e-06,176716761646947.34,,,,0.0097692125,0.0013613813,0,no,SpeX Spectrograph,LXD_short,merged_v346nor_lxd_20150722.txt,1.0
2457225.7462704,2457225.7462704,2015-07-22,20150722,SXD,1.6964779,1.6964779e-06,176714626226489.6,,,,0.0082488228,0.0001232432,0,no,SpeX Spectrograph,ShortXD,merged_v346nor_sxd_20150722.txt,1.0
2457225.7856901,2457225.7462704,2015-07-22,20150722,LXD,1.6967031,1.6967030999999998e-06,176691171248523.12,,,,0.0098988991,0.0013787043,0,no,SpeX Spectrograph,LXD_short,merged_v346nor_lxd_20150722.txt,1.0
2457225.7462704,2457225.7462704,2015-07-22,20150722,SXD,1.696746,1.696746e-06,176686703843710.25,,,,0.0080380971,0.00011974066,0,no,SpeX Spectrograph,ShortXD,merged_v346nor_sxd_20150722.txt,1.0
2457225.7856901,2457225.7462704,2015-07-22,20150722,LXD,1.6969488,1.6969487999999998e-06,176665588260529.75,,,,0.011086349,0.0013889569,0,no,SpeX Spectrograph,LXD_short,merged_v346nor_lxd_20150722.txt,1.0
2457225.7462704,2457225.7462704,2015-07-22,20150722,SXD,1.6970141,1.6970141e-06,176658790283474.97,,,,0.0080384593,0.00012023574,0,no,SpeX Spectrograph,ShortXD,merged_v346nor_sxd_20150722.txt,1.0
2457225.7856901,2457225.7462704,2015-07-22,20150722,LXD,1.6971945,1.6971944999999998e-06,176640012679748.88,,,,0.010986699,0.0013857428,0,no,SpeX Spectrograph,LXD_short,merged_v346nor_lxd_20150722.txt,1.0
2457225.7462704,2457225.7462704,2015-07-22,20150722,SXD,1.6972823,1.6972822999999998e-06,176630875134914.22,,,,0.0083108963,0.00012257519,0,no,SpeX Spectrograph,ShortXD,merged_v346nor_sxd_20150722.txt,1.0
2457225.7856901,2457225.7462704,2015-07-22,20150722,LXD,1.6974401,1.6974400999999998e-06,176614454907716.66,,,,0.010234879,0.0013671439,0,no,SpeX Spectrograph,LXD_short,merged_v346nor_lxd_20150722.txt,1.0
2457225.7462704,2457225.7462704,2015-07-22,20150722,SXD,1.6975504,1.6975504e-06,176602979210514.16,,,,0.0084149903,0.00012186477,0,no,SpeX Spectrograph,ShortXD,merged_v346nor_sxd_20150722.txt,1.0
2457225.7856901,2457225.7462704,2015-07-22,20150722,LXD,1.6976858,1.6976857999999998e-06,176588894128701.56,,,,0.010173963,0.0013454469,0,no,SpeX Spectrograph,LXD_short,merged_v346nor_lxd_20150722.txt,1.0
2457225.7462704,2457225.7462704,2015-07-22,20150722,SXD,1.6978185,1.6978184999999998e-06,176575092096122.2,,,,0.0086575095,0.00012106036,0,no,SpeX Spectrograph,ShortXD,merged_v346nor_sxd_20150722.txt,1.0
2457225.7856901,2457225.7462704,2015-07-22,20150722,LXD,1.6979314,1.6979314e-06,176563351145988.56,,,,0.0084946482,0.0013327111,0,no,SpeX Spectrograph,LXD_short,merged_v346nor_lxd_20150722.txt,1.0
2457225.7462704,2457225.7462704,2015-07-22,20150722,SXD,1.6980866,1.6980865999999998e-06,176547213787565.4,,,,0.0083006928,0.00012620275,0,no,SpeX Spectrograph,ShortXD,merged_v346nor_sxd_20150722.txt,1.0
2457225.7856901,2457225.7462704,2015-07-22,20150722,LXD,1.6981771,1.6981771e-06,176537805155893.34,,,,0.011744865,0.0013114302,0,no,SpeX Spectrograph,LXD_short,merged_v346nor_lxd_20150722.txt,1.0
2457225.7462704,2457225.7462704,2015-07-22,20150722,SXD,1.6983547,1.6983547000000001e-06,176519344280673.5,,,,0.008396511,0.00012719916,0,no,SpeX Spectrograph,ShortXD,merged_v346nor_sxd_20150722.txt,1.0
2457225.7856901,2457225.7462704,2015-07-22,20150722,LXD,1.6984228,1.6984227999999998e-06,176512266556949.22,,,,0.0082691927,0.0012855468,0,no,SpeX Spectrograph,LXD_short,merged_v346nor_lxd_20150722.txt,1.0
2457225.7462704,2457225.7462704,2015-07-22,20150722,SXD,1.6986229,1.6986228999999998e-06,176491473181010.34,,,,0.0086344155,0.00012848484,0,no,SpeX Spectrograph,ShortXD,merged_v346nor_sxd_20150722.txt,1.0
2457225.7856901,2457225.7462704,2015-07-22,20150722,LXD,1.6986685,1.6986684999999998e-06,176486735345948.9,,,,0.0090249674,0.0012772126,0,no,SpeX Spectrograph,LXD_short,merged_v346nor_lxd_20150722.txt,1.0
2457225.7462704,2457225.7462704,2015-07-22,20150722,SXD,1.698891,1.698891e-06,176463621268227.34,,,,0.0083931526,0.00012826541,0,no,SpeX Spectrograph,ShortXD,merged_v346nor_sxd_20150722.txt,1.0
2457225.7856901,2457225.7462704,2015-07-22,20150722,LXD,1.6989142,1.6989141999999998e-06,176461211519687.12,,,,0.010244074,0.0012796605,0,no,SpeX Spectrograph,LXD_short,merged_v346nor_lxd_20150722.txt,1.0
2457225.7462704,2457225.7462704,2015-07-22,20150722,SXD,1.6991591,1.6991590999999998e-06,176435778144612.84,,,,0.0080077546,0.00012855056,0,no,SpeX Spectrograph,ShortXD,merged_v346nor_sxd_20150722.txt,1.0
2457225.7856901,2457225.7462704,2015-07-22,20150722,LXD,1.6991597,1.6991596999999999e-06,176435715842366.1,,,,0.010862947,0.0012546959,0,no,SpeX Spectrograph,LXD_short,merged_v346nor_lxd_20150722.txt,1.0
2457225.7856901,2457225.7462704,2015-07-22,20150722,LXD,1.6994054,1.6994054e-06,176410206769967.88,,,,0.010209432,0.0012570375,0,no,SpeX Spectrograph,LXD_short,merged_v346nor_lxd_20150722.txt,1.0
2457225.7462704,2457225.7462704,2015-07-22,20150722,SXD,1.6994272,1.6994271999999998e-06,176407943806007.12,,,,0.0082321018,0.00013277143,0,no,SpeX Spectrograph,ShortXD,merged_v346nor_sxd_20150722.txt,1.0
2457225.7856901,2457225.7462704,2015-07-22,20150722,LXD,1.699651,1.699651e-06,176384715450407.2,,,,0.0093598515,0.0012686371,0,no,SpeX Spectrograph,LXD_short,merged_v346nor_lxd_20150722.txt,1.0
2457225.7462704,2457225.7462704,2015-07-22,20150722,SXD,1.6996953,1.6996953e-06,176380118248253.1,,,,0.0079843858,0.00013764641,0,no,SpeX Spectrograph,ShortXD,merged_v346nor_sxd_20150722.txt,1.0
2457225.7856901,2457225.7462704,2015-07-22,20150722,LXD,1.6998967,1.6998967e-06,176359221122083.5,,,,0.011365539,0.0012649399,0,no,SpeX Spectrograph,LXD_short,merged_v346nor_lxd_20150722.txt,1.0
2457225.7462704,2457225.7462704,2015-07-22,20150722,SXD,1.6999635,1.6999635e-06,176352291093308.78,,,,0.0081680985,0.00018541404,0,no,SpeX Spectrograph,ShortXD,merged_v346nor_sxd_20150722.txt,1.0
2457225.7856901,2457225.7462704,2015-07-22,20150722,LXD,1.7001424,1.7001423999999999e-06,176333734162503.1,,,,0.0081941085,0.001285272,0,no,SpeX Spectrograph,LXD_short,merged_v346nor_lxd_20150722.txt,1.0
2457225.7462704,2457225.7462704,2015-07-22,20150722,SXD,1.7002317,1.7002316999999998e-06,176324472717453.75,,,,0.0086722858,0.00031761534,0,no,SpeX Spectrograph,ShortXD,merged_v346nor_sxd_20150722.txt,1.0
2457225.7856901,2457225.7462704,2015-07-22,20150722,LXD,1.700388,1.700388e-06,176308264937179.06,,,,0.0084842034,0.0013715948,0,no,SpeX Spectrograph,LXD_short,merged_v346nor_lxd_20150722.txt,1.0
2457225.7462704,2457225.7462704,2015-07-22,20150722,SXD,1.7004998,1.7004998e-06,176296673483878.1,,,,0.0080493521,0.00037112011,0,no,SpeX Spectrograph,ShortXD,merged_v346nor_sxd_20150722.txt,1.0
2457225.7856901,2457225.7462704,2015-07-22,20150722,LXD,1.7006335,1.7006334999999998e-06,176282813433935.06,,,,0.0096008247,0.0014211264,0,no,SpeX Spectrograph,LXD_short,merged_v346nor_lxd_20150722.txt,1.0
2457225.7462704,2457225.7462704,2015-07-22,20150722,SXD,1.7007679,1.7007679e-06,176268883014548.9,,,,0.0086285863,0.00039131931,0,no,SpeX Spectrograph,ShortXD,merged_v346nor_sxd_20150722.txt,1.0
2457225.7856901,2457225.7462704,2015-07-22,20150722,LXD,1.7008792,1.7008791999999998e-06,176257348552442.78,,,,0.0076556611,0.0014401386,0,no,SpeX Spectrograph,LXD_short,merged_v346nor_lxd_20150722.txt,1.0
2457225.7462704,2457225.7462704,2015-07-22,20150722,SXD,1.701036,1.7010359999999998e-06,176241101305322.2,,,,0.0089263376,0.00036964283,0,no,SpeX Spectrograph,ShortXD,merged_v346nor_sxd_20150722.txt,1.0
2457225.7856901,2457225.7462704,2015-07-22,20150722,LXD,1.7011248,1.7011248e-06,176231901386658.97,,,,0.0089301644,0.0014197747,0,no,SpeX Spectrograph,LXD_short,merged_v346nor_lxd_20150722.txt,1.0
2457225.7462704,2457225.7462704,2015-07-22,20150722,SXD,1.7013041,1.7013041e-06,176213328352056.53,,,,0.0085354373,0.00034090862,0,no,SpeX Spectrograph,ShortXD,merged_v346nor_sxd_20150722.txt,1.0
2457225.7856901,2457225.7462704,2015-07-22,20150722,LXD,1.7013704,1.7013704e-06,176206461567686.84,,,,0.0090399282,0.0013472433,0,no,SpeX Spectrograph,LXD_short,merged_v346nor_lxd_20150722.txt,1.0
2457225.7462704,2457225.7462704,2015-07-22,20150722,SXD,1.7015722,1.7015721999999999e-06,176185564150613.2,,,,0.0086232591,0.00021412995,0,no,SpeX Spectrograph,ShortXD,merged_v346nor_sxd_20150722.txt,1.0
2457225.7856901,2457225.7462704,2015-07-22,20150722,LXD,1.701616,1.701616e-06,176181029092345.16,,,,0.010679601,0.0012481653,0,no,SpeX Spectrograph,LXD_short,merged_v346nor_lxd_20150722.txt,1.0
2457225.7462704,2457225.7462704,2015-07-22,20150722,SXD,1.7018403,1.7018402999999998e-06,176157808696856.0,,,,0.0088285375,0.00014230586,0,no,SpeX Spectrograph,ShortXD,merged_v346nor_sxd_20150722.txt,1.0
2457225.7856901,2457225.7462704,2015-07-22,20150722,LXD,1.7018616,1.7018616e-06,176155603957454.6,,,,0.0096694874,0.0012048386,0,no,SpeX Spectrograph,LXD_short,merged_v346nor_lxd_20150722.txt,1.0
2457225.7856901,2457225.7462704,2015-07-22,20150722,LXD,1.7021072,1.7021071999999998e-06,176130186159837.66,,,,0.012009119,0.0012029171,0,no,SpeX Spectrograph,LXD_short,merged_v346nor_lxd_20150722.txt,1.0
2457225.7462704,2457225.7462704,2015-07-22,20150722,SXD,1.7021084,1.7021084e-06,176130061986651.38,,,,0.0086701252,0.00012992529,0,no,SpeX Spectrograph,ShortXD,merged_v346nor_sxd_20150722.txt,1.0
2457225.7856901,2457225.7462704,2015-07-22,20150722,LXD,1.7023528,1.7023528e-06,176104775696318.62,,,,0.0088595562,0.0011977078,0,no,SpeX Spectrograph,LXD_short,merged_v346nor_lxd_20150722.txt,1.0
2457225.7462704,2457225.7462704,2015-07-22,20150722,SXD,1.7023765,1.7023764999999999e-06,176102324015868.4,,,,0.0085690636,0.00012472634,0,no,SpeX Spectrograph,ShortXD,merged_v346nor_sxd_20150722.txt,1.0
2457225.7856901,2457225.7462704,2015-07-22,20150722,LXD,1.7025983,1.7025983e-06,176079382905527.4,,,,0.011883095,0.0011927328,0,no,SpeX Spectrograph,LXD_short,merged_v346nor_lxd_20150722.txt,1.0
2457225.7462704,2457225.7462704,2015-07-22,20150722,SXD,1.7026446,1.7026445999999998e-06,176074594780378.72,,,,0.0086274715,0.00012391371,0,no,SpeX Spectrograph,ShortXD,merged_v346nor_sxd_20150722.txt,1.0
2457225.7856901,2457225.7462704,2015-07-22,20150722,LXD,1.7028439,1.7028438999999998e-06,176053987097701.7,,,,0.0083297398,0.001199629,0,no,SpeX Spectrograph,LXD_short,merged_v346nor_lxd_20150722.txt,1.0
2457225.7462704,2457225.7462704,2015-07-22,20150722,SXD,1.7029127,1.7029127e-06,176046874276056.56,,,,0.0084029343,0.0001223194,0,no,SpeX Spectrograph,ShortXD,merged_v346nor_sxd_20150722.txt,1.0
2457225.7856901,2457225.7462704,2015-07-22,20150722,LXD,1.7030895,1.7030894999999999e-06,176028598614459.22,,,,0.010571669,0.0011875709,0,no,SpeX Spectrograph,LXD_short,merged_v346nor_lxd_20150722.txt,1.0
2457225.7462704,2457225.7462704,2015-07-22,20150722,SXD,1.7031808,1.7031807999999999e-06,176019162498778.78,,,,0.0082326531,0.00012227935,0,no,SpeX Spectrograph,ShortXD,merged_v346nor_sxd_20150722.txt,1.0
2457225.7856901,2457225.7462704,2015-07-22,20150722,LXD,1.703335,1.703335e-06,176003227785491.4,,,,0.010035527,0.0011752775,0,no,SpeX Spectrograph,LXD_short,merged_v346nor_lxd_20150722.txt,1.0
2457225.7462704,2457225.7462704,2015-07-22,20150722,SXD,1.7034489,1.7034488999999998e-06,175991459444424.8,,,,0.0084756203,0.0001217603,0,no,SpeX Spectrograph,ShortXD,merged_v346nor_sxd_20150722.txt,1.0
2457225.7856901,2457225.7462704,2015-07-22,20150722,LXD,1.7035806,1.7035806e-06,175977853938933.1,,,,0.010439584,0.0011627449,0,no,SpeX Spectrograph,LXD_short,merged_v346nor_lxd_20150722.txt,1.0
2457225.7462704,2457225.7462704,2015-07-22,20150722,SXD,1.703717,1.703717e-06,175963765108876.66,,,,0.0083125047,0.00012444581,0,no,SpeX Spectrograph,ShortXD,merged_v346nor_sxd_20150722.txt,1.0
2457225.7856901,2457225.7462704,2015-07-22,20150722,LXD,1.7038262,1.7038261999999999e-06,175952487407459.78,,,,0.0087595498,0.0011558485,0,no,SpeX Spectrograph,LXD_short,merged_v346nor_lxd_20150722.txt,1.0
2457225.7462704,2457225.7462704,2015-07-22,20150722,SXD,1.7039851,1.7039850999999999e-06,175936079488019.0,,,,0.0086874031,0.00012173887,0,no,SpeX Spectrograph,ShortXD,merged_v346nor_sxd_20150722.txt,1.0
2457225.7856901,2457225.7462704,2015-07-22,20150722,LXD,1.7040718,1.7040718e-06,175927128187908.53,,,,0.011049911,0.0011440121,0,no,SpeX Spectrograph,LXD_short,merged_v346nor_lxd_20150722.txt,1.0
2457225.7462704,2457225.7462704,2015-07-22,20150722,SXD,1.7042532,1.7042531999999998e-06,175908402577739.06,,,,0.0085464651,0.0001213636,0,no,SpeX Spectrograph,ShortXD,merged_v346nor_sxd_20150722.txt,1.0
2457225.7856901,2457225.7462704,2015-07-22,20150722,LXD,1.7043173,1.7043173e-06,175901786598070.7,,,,0.010219828,0.0011337189,0,no,SpeX Spectrograph,LXD_short,merged_v346nor_lxd_20150722.txt,1.0
2457225.7462704,2457225.7462704,2015-07-22,20150722,SXD,1.7045213,1.7045213e-06,175880734373926.56,,,,0.0087204166,0.00012339656,0,no,SpeX Spectrograph,ShortXD,merged_v346nor_sxd_20150722.txt,1.0
2457225.7856901,2457225.7462704,2015-07-22,20150722,LXD,1.7045629,1.7045628999999998e-06,175876441989908.4,,,,0.0096669057,0.001125818,0,no,SpeX Spectrograph,LXD_short,merged_v346nor_lxd_20150722.txt,1.0
2457225.7462704,2457225.7462704,2015-07-22,20150722,SXD,1.7047894,1.7047893999999998e-06,175853074872474.0,,,,0.0087228175,0.0001269749,0,no,SpeX Spectrograph,ShortXD,merged_v346nor_sxd_20150722.txt,1.0
2457225.7856901,2457225.7462704,2015-07-22,20150722,LXD,1.7048084,1.7048083999999997e-06,175851114999198.75,,,,0.011056053,0.0011391804,0,no,SpeX Spectrograph,LXD_short,merged_v346nor_lxd_20150722.txt,1.0
2457225.7856901,2457225.7462704,2015-07-22,20150722,LXD,1.7050539,1.7050538999999998e-06,175825795301837.7,,,,0.010550769,0.0011332436,0,no,SpeX Spectrograph,LXD_short,merged_v346nor_lxd_20150722.txt,1.0
2457225.7462704,2457225.7462704,2015-07-22,20150722,SXD,1.7050575,1.7050574999999998e-06,175825424069276.28,,,,0.0084503507,0.0001346768,0,no,SpeX Spectrograph,ShortXD,merged_v346nor_sxd_20150722.txt,1.0
2457225.7856901,2457225.7462704,2015-07-22,20150722,LXD,1.7052995,1.7052994999999999e-06,175800472585607.4,,,,0.010479743,0.0011331706,0,no,SpeX Spectrograph,LXD_short,merged_v346nor_lxd_20150722.txt,1.0
2457225.7462704,2457225.7462704,2015-07-22,20150722,SXD,1.7053256,1.7053256000000001e-06,175797781960230.94,,,,0.008628957,0.00013820914,0,no,SpeX Spectrograph,ShortXD,merged_v346nor_sxd_20150722.txt,1.0
2457225.7856901,2457225.7462704,2015-07-22,20150722,LXD,1.7055449,1.7055449e-06,175775177774563.4,,,,0.0099330693,0.0011231003,0,no,SpeX Spectrograph,LXD_short,merged_v346nor_lxd_20150722.txt,1.0
2457225.7462704,2457225.7462704,2015-07-22,20150722,SXD,1.7055937,1.7055937e-06,175770148541238.16,,,,0.0084570637,0.00013736908,0,no,SpeX Spectrograph,ShortXD,merged_v346nor_sxd_20150722.txt,1.0
2457225.7856901,2457225.7462704,2015-07-22,20150722,LXD,1.7057905,1.7057904999999999e-06,175749869635221.94,,,,0.010866269,0.0011366777,0,no,SpeX Spectrograph,LXD_short,merged_v346nor_lxd_20150722.txt,1.0
2457225.7462704,2457225.7462704,2015-07-22,20150722,SXD,1.7058618,1.7058618e-06,175742523808200.66,,,,0.0085944133,0.00013903952,0,no,SpeX Spectrograph,ShortXD,merged_v346nor_sxd_20150722.txt,1.0
2457225.7856901,2457225.7462704,2015-07-22,20150722,LXD,1.706036,1.706036e-06,175724579082739.16,,,,0.0099123316,0.0011196744,0,no,SpeX Spectrograph,LXD_short,merged_v346nor_lxd_20150722.txt,1.0
2457225.7462704,2457225.7462704,2015-07-22,20150722,SXD,1.7061299,1.7061299e-06,175714907757023.66,,,,0.0087334421,0.00013465864,0,no,SpeX Spectrograph,ShortXD,merged_v346nor_sxd_20150722.txt,1.0
2457225.7856901,2457225.7462704,2015-07-22,20150722,LXD,1.7062815,1.7062814999999999e-06,175699295807872.28,,,,0.0089271832,0.0011110412,0,no,SpeX Spectrograph,LXD_short,merged_v346nor_lxd_20150722.txt,1.0
2457225.7462704,2457225.7462704,2015-07-22,20150722,SXD,1.706398,1.706398e-06,175687300383615.06,,,,0.0084349774,0.000131472,0,no,SpeX Spectrograph,ShortXD,merged_v346nor_sxd_20150722.txt,1.0
2457225.7856901,2457225.7462704,2015-07-22,20150722,LXD,1.706527,1.7065269999999998e-06,175674019807480.38,,,,0.010666053,0.0011120124,0,no,SpeX Spectrograph,LXD_short,merged_v346nor_lxd_20150722.txt,1.0
2457225.7462704,2457225.7462704,2015-07-22,20150722,SXD,1.7066661,1.7066661e-06,175659701683885.34,,,,0.0086174654,0.00013433537,0,no,SpeX Spectrograph,ShortXD,merged_v346nor_sxd_20150722.txt,1.0
2457225.7856901,2457225.7462704,2015-07-22,20150722,LXD,1.7067726,1.7067726e-06,175648740787144.1,,,,0.010448189,0.0011104957,0,no,SpeX Spectrograph,LXD_short,merged_v346nor_lxd_20150722.txt,1.0
2457225.7462704,2457225.7462704,2015-07-22,20150722,SXD,1.7069342,1.7069342e-06,175632111653747.4,,,,0.0085891467,0.00014683098,0,no,SpeX Spectrograph,ShortXD,merged_v346nor_sxd_20150722.txt,1.0
2457225.7856901,2457225.7462704,2015-07-22,20150722,LXD,1.707018,1.7070179999999998e-06,175623489617567.03,,,,0.011640546,0.0011158293,0,no,SpeX Spectrograph,LXD_short,merged_v346nor_lxd_20150722.txt,1.0
2457225.7462704,2457225.7462704,2015-07-22,20150722,SXD,1.7072023,1.7072023e-06,175604530289116.88,,,,0.0088873105,0.00018738727,0,no,SpeX Spectrograph,ShortXD,merged_v346nor_sxd_20150722.txt,1.0
2457225.7856901,2457225.7462704,2015-07-22,20150722,LXD,1.7072635,1.7072634999999999e-06,175598235421772.94,,,,0.0099434266,0.0011286676,0,no,SpeX Spectrograph,LXD_short,merged_v346nor_lxd_20150722.txt,1.0
2457225.7462704,2457225.7462704,2015-07-22,20150722,SXD,1.7074704,1.7074704e-06,175576957585911.88,,,,0.0087603061,0.00022314201,0,no,SpeX Spectrograph,ShortXD,merged_v346nor_sxd_20150722.txt,1.0
2457225.7856901,2457225.7462704,2015-07-22,20150722,LXD,1.707509,1.7075089999999998e-06,175572988487908.44,,,,0.0099657234,0.0011458995,0,no,SpeX Spectrograph,LXD_short,merged_v346nor_lxd_20150722.txt,1.0
2457225.7462704,2457225.7462704,2015-07-22,20150722,SXD,1.7077385,1.7077384999999999e-06,175549393540053.12,,,,0.0086991852,0.00022779747,0,no,SpeX Spectrograph,ShortXD,merged_v346nor_sxd_20150722.txt,1.0
2457225.7856901,2457225.7462704,2015-07-22,20150722,LXD,1.7077545,1.7077544999999999e-06,175547748812841.66,,,,0.010599203,0.0011480685,0,no,SpeX Spectrograph,LXD_short,merged_v346nor_lxd_20150722.txt,1.0
2457225.7856901,2457225.7462704,2015-07-22,20150722,LXD,1.7079999,1.7079998999999998e-06,175522526669937.2,,,,0.010261203,0.0011513645,0,no,SpeX Spectrograph,LXD_short,merged_v346nor_lxd_20150722.txt,1.0
2457225.7462704,2457225.7462704,2015-07-22,20150722,SXD,1.7080066,1.7080066e-06,175521838147463.84,,,,0.0084770573,0.00022337398,0,no,SpeX Spectrograph,ShortXD,merged_v346nor_sxd_20150722.txt,1.0
2457225.7856901,2457225.7462704,2015-07-22,20150722,LXD,1.7082454,1.7082454e-06,175497301500124.06,,,,0.01055384,0.0011584293,0,no,SpeX Spectrograph,LXD_short,merged_v346nor_lxd_20150722.txt,1.0
2457225.7462704,2457225.7462704,2015-07-22,20150722,SXD,1.7082747,1.7082747e-06,175494291404069.84,,,,0.0084546227,0.00020702851,0,no,SpeX Spectrograph,ShortXD,merged_v346nor_sxd_20150722.txt,1.0
2457225.7856901,2457225.7462704,2015-07-22,20150722,LXD,1.7084908,1.7084908e-06,175472093850315.16,,,,0.010127061,0.0011375708,0,no,SpeX Spectrograph,LXD_short,merged_v346nor_lxd_20150722.txt,1.0
2457225.7462704,2457225.7462704,2015-07-22,20150722,SXD,1.7085427,1.7085427e-06,175466763575765.47,,,,0.0083309673,0.00015946459,0,no,SpeX Spectrograph,ShortXD,merged_v346nor_sxd_20150722.txt,1.0
2457225.7856901,2457225.7462704,2015-07-22,20150722,LXD,1.7087364,1.7087364e-06,175446872905616.1,,,,0.010022167,0.0011153605,0,no,SpeX Spectrograph,LXD_short,merged_v346nor_lxd_20150722.txt,1.0
2457225.7462704,2457225.7462704,2015-07-22,20150722,SXD,1.7088108,1.7088107999999998e-06,175439234115327.47,,,,0.0084885648,0.00013850137,0,no,SpeX Spectrograph,ShortXD,merged_v346nor_sxd_20150722.txt,1.0
2457225.7856901,2457225.7462704,2015-07-22,20150722,LXD,1.7089819,1.7089818999999998e-06,175421669474673.78,,,,0.011001909,0.0010927696,0,no,SpeX Spectrograph,LXD_short,merged_v346nor_lxd_20150722.txt,1.0
2457225.7462704,2457225.7462704,2015-07-22,20150722,SXD,1.7090789,1.7090789e-06,175411713291879.03,,,,0.0086368648,0.00013437794,0,no,SpeX Spectrograph,ShortXD,merged_v346nor_sxd_20150722.txt,1.0
2457225.7856901,2457225.7462704,2015-07-22,20150722,LXD,1.7092273,1.7092273e-06,175396483545517.9,,,,0.010999685,0.0010591594,0,no,SpeX Spectrograph,LXD_short,merged_v346nor_lxd_20150722.txt,1.0
2457225.7462704,2457225.7462704,2015-07-22,20150722,SXD,1.709347,1.709347e-06,175384201101356.25,,,,0.0087050917,0.00013069468,0,no,SpeX Spectrograph,ShortXD,merged_v346nor_sxd_20150722.txt,1.0
2457225.7856901,2457225.7462704,2015-07-22,20150722,LXD,1.7094728,1.7094728e-06,175371294588600.66,,,,0.011078091,0.0010388341,0,no,SpeX Spectrograph,LXD_short,merged_v346nor_lxd_20150722.txt,1.0
2457225.7462704,2457225.7462704,2015-07-22,20150722,SXD,1.7096151,1.7096150999999998e-06,175356697539697.7,,,,0.0089735873,0.00013742248,0,no,SpeX Spectrograph,ShortXD,merged_v346nor_sxd_20150722.txt,1.0
2457225.7856901,2457225.7462704,2015-07-22,20150722,LXD,1.7097181,1.7097181e-06,175346133377192.44,,,,0.010892609,0.0010319161,0,no,SpeX Spectrograph,LXD_short,merged_v346nor_lxd_20150722.txt,1.0
2457225.7462704,2457225.7462704,2015-07-22,20150722,SXD,1.7098832,1.7098831999999998e-06,175329202602844.47,,,,0.0087199537,0.00013201981,0,no,SpeX Spectrograph,ShortXD,merged_v346nor_sxd_20150722.txt,1.0
2457225.7856901,2457225.7462704,2015-07-22,20150722,LXD,1.7099636,1.7099636e-06,175320958878890.75,,,,0.0079910634,0.0010308423,0,no,SpeX Spectrograph,LXD_short,merged_v346nor_lxd_20150722.txt,1.0
2457225.7462704,2457225.7462704,2015-07-22,20150722,SXD,1.7101512,1.7101512e-06,175301726537396.22,,,,0.0088536451,0.00013542782,0,no,SpeX Spectrograph,ShortXD,merged_v346nor_sxd_20150722.txt,1.0
2457225.7856901,2457225.7462704,2015-07-22,20150722,LXD,1.710209,1.710209e-06,175295801858135.47,,,,0.010198302,0.0010390711,0,no,SpeX Spectrograph,LXD_short,merged_v346nor_lxd_20150722.txt,1.0
2457225.7462704,2457225.7462704,2015-07-22,20150722,SXD,1.7104193,1.7104193e-06,175274248834774.0,,,,0.0088879447,0.00013675084,0,no,SpeX Spectrograph,ShortXD,merged_v346nor_sxd_20150722.txt,1.0
2457225.7856901,2457225.7462704,2015-07-22,20150722,LXD,1.7104545,1.7104544999999999e-06,175270641808946.12,,,,0.010028302,0.0010365092,0,no,SpeX Spectrograph,LXD_short,merged_v346nor_lxd_20150722.txt,1.0
2457225.7462704,2457225.7462704,2015-07-22,20150722,SXD,1.7106874,1.7106874e-06,175246779744797.3,,,,0.0088491077,0.00014026478,0,no,SpeX Spectrograph,ShortXD,merged_v346nor_sxd_20150722.txt,1.0
2457225.7856901,2457225.7462704,2015-07-22,20150722,LXD,1.7106999,1.7106999e-06,175245499225200.16,,,,0.010948016,0.0010325111,0,no,SpeX Spectrograph,LXD_short,merged_v346nor_lxd_20150722.txt,1.0
2457225.7856901,2457225.7462704,2015-07-22,20150722,LXD,1.7109454,1.7109454e-06,175220353612686.88,,,,0.010388349,0.0010263263,0,no,SpeX Spectrograph,LXD_short,merged_v346nor_lxd_20150722.txt,1.0
2457225.7462704,2457225.7462704,2015-07-22,20150722,SXD,1.7109555,1.7109555e-06,175219319263417.44,,,,0.009030357,0.00013965521,0,no,SpeX Spectrograph,ShortXD,merged_v346nor_sxd_20150722.txt,1.0
2457225.7856901,2457225.7462704,2015-07-22,20150722,LXD,1.7111907,1.7111907e-06,175195235691732.1,,,,0.010038679,0.0010103275,0,no,SpeX Spectrograph,LXD_short,merged_v346nor_lxd_20150722.txt,1.0
2457225.7462704,2457225.7462704,2015-07-22,20150722,SXD,1.7112236,1.7112236e-06,175191867386588.16,,,,0.0090531819,0.00014409878,0,no,SpeX Spectrograph,ShortXD,merged_v346nor_sxd_20150722.txt,1.0
2457225.7856901,2457225.7462704,2015-07-22,20150722,LXD,1.7114362,1.7114362e-06,175170104500535.84,,,,0.010598221,0.0010040186,0,no,SpeX Spectrograph,LXD_short,merged_v346nor_lxd_20150722.txt,1.0
2457225.7462704,2457225.7462704,2015-07-22,20150722,SXD,1.7114916,1.7114915999999999e-06,175164434344872.06,,,,0.0090958178,0.00017414801,0,no,SpeX Spectrograph,ShortXD,merged_v346nor_sxd_20150722.txt,1.0
2457225.7856901,2457225.7462704,2015-07-22,20150722,LXD,1.7116815,1.7116815e-06,175145000982951.56,,,,0.0095879547,0.00103943,0,no,SpeX Spectrograph,LXD_short,merged_v346nor_lxd_20150722.txt,1.0
2457225.7462704,2457225.7462704,2015-07-22,20150722,SXD,1.7117597,1.7117597e-06,175136999661810.0,,,,0.0092231054,0.00026138168,0,no,SpeX Spectrograph,ShortXD,merged_v346nor_sxd_20150722.txt,1.0
2457225.7856901,2457225.7462704,2015-07-22,20150722,LXD,1.7119269,1.7119268999999998e-06,175119894430071.78,,,,0.01002552,0.001091165,0,no,SpeX Spectrograph,LXD_short,merged_v346nor_lxd_20150722.txt,1.0
2457225.7462704,2457225.7462704,2015-07-22,20150722,SXD,1.7120278,1.7120278e-06,175109573571176.84,,,,0.0085481722,0.0003128346,0,no,SpeX Spectrograph,ShortXD,merged_v346nor_sxd_20150722.txt,1.0
2457225.7856901,2457225.7462704,2015-07-22,20150722,LXD,1.7121724,1.7121724e-06,175094784847600.62,,,,0.010311738,0.0011169611,0,no,SpeX Spectrograph,LXD_short,merged_v346nor_lxd_20150722.txt,1.0
2457225.7462704,2457225.7462704,2015-07-22,20150722,SXD,1.7122959,1.7122958999999998e-06,175082156068936.47,,,,0.0086180922,0.00032278179,0,no,SpeX Spectrograph,ShortXD,merged_v346nor_sxd_20150722.txt,1.0
2457225.7856901,2457225.7462704,2015-07-22,20150722,LXD,1.7124177,1.7124177e-06,175069702911853.8,,,,0.010312539,0.0011284149,0,no,SpeX Spectrograph,LXD_short,merged_v346nor_lxd_20150722.txt,1.0
2457225.7462704,2457225.7462704,2015-07-22,20150722,SXD,1.7125639,1.7125638999999998e-06,175054757372849.0,,,,0.0087820543,0.0003147602,0,no,SpeX Spectrograph,ShortXD,merged_v346nor_sxd_20150722.txt,1.0
2457225.7856901,2457225.7462704,2015-07-22,20150722,LXD,1.7126632,1.7126631999999998e-06,175044607719719.8,,,,0.0096167894,0.001102241,0,no,SpeX Spectrograph,LXD_short,merged_v346nor_lxd_20150722.txt,1.0
2457225.7462704,2457225.7462704,2015-07-22,20150722,SXD,1.712832,1.7128319999999998e-06,175027357032096.56,,,,0.0086037992,0.0002767132,0,no,SpeX Spectrograph,ShortXD,merged_v346nor_sxd_20150722.txt,1.0
2457225.7856901,2457225.7462704,2015-07-22,20150722,LXD,1.7129085,1.7129084999999999e-06,175019540156406.5,,,,0.0088616572,0.0010394679,0,no,SpeX Spectrograph,LXD_short,merged_v346nor_lxd_20150722.txt,1.0
2457225.7462704,2457225.7462704,2015-07-22,20150722,SXD,1.7131001,1.7131000999999999e-06,174999965267645.5,,,,0.0084897513,0.00018181342,0,no,SpeX Spectrograph,ShortXD,merged_v346nor_sxd_20150722.txt,1.0
2457225.7856901,2457225.7462704,2015-07-22,20150722,LXD,1.7131538,1.7131537999999999e-06,174994479771751.97,,,,0.010694304,0.00098056172,0,no,SpeX Spectrograph,LXD_short,merged_v346nor_lxd_20150722.txt,1.0
2457225.7462704,2457225.7462704,2015-07-22,20150722,SXD,1.7133682,1.7133681999999998e-06,174972582075469.84,,,,0.008750312,0.00014009106,0,no,SpeX Spectrograph,ShortXD,merged_v346nor_sxd_20150722.txt,1.0
2457225.7856901,2457225.7462704,2015-07-22,20150722,LXD,1.7133993,1.7133993e-06,174969406139012.66,,,,0.0093665831,0.00098625466,0,no,SpeX Spectrograph,LXD_short,merged_v346nor_lxd_20150722.txt,1.0
2457225.7462704,2457225.7462704,2015-07-22,20150722,SXD,1.7136362,1.7136362e-06,174945217660551.28,,,,0.0086613297,0.00013184633,0,no,SpeX Spectrograph,ShortXD,merged_v346nor_sxd_20150722.txt,1.0
2457225.7856901,2457225.7462704,2015-07-22,20150722,LXD,1.7136446,1.7136446e-06,174944360108274.5,,,,0.010838012,0.0010086546,0,no,SpeX Spectrograph,LXD_short,merged_v346nor_lxd_20150722.txt,1.0
2457225.7856901,2457225.7462704,2015-07-22,20150722,LXD,1.71389,1.7138899999999997e-06,174919311040965.3,,,,0.010151306,0.00099772238,0,no,SpeX Spectrograph,LXD_short,merged_v346nor_lxd_20150722.txt,1.0
2457225.7462704,2457225.7462704,2015-07-22,20150722,SXD,1.7139043,1.7139043e-06,174917851597665.06,,,,0.0085367141,0.00013234573,0,no,SpeX Spectrograph,ShortXD,merged_v346nor_sxd_20150722.txt,1.0
2457225.7856901,2457225.7462704,2015-07-22,20150722,LXD,1.7141353,1.7141352999999998e-06,174894279348893.9,,,,0.0092144124,0.0010362475,0,no,SpeX Spectrograph,LXD_short,merged_v346nor_lxd_20150722.txt,1.0
2457225.7462704,2457225.7462704,2015-07-22,20150722,SXD,1.7141724,1.7141723999999999e-06,174890494094993.03,,,,0.0088373674,0.00013204255,0,no,SpeX Spectrograph,ShortXD,merged_v346nor_sxd_20150722.txt,1.0
2457225.7856901,2457225.7462704,2015-07-22,20150722,LXD,1.7143807,1.7143807e-06,174869244619937.7,,,,0.0091701681,0.0010295286,0,no,SpeX Spectrograph,LXD_short,merged_v346nor_lxd_20150722.txt,1.0
2457225.7462704,2457225.7462704,2015-07-22,20150722,SXD,1.7144405,1.7144405e-06,174863145148519.3,,,,0.009020282,0.00013553609,0,no,SpeX Spectrograph,ShortXD,merged_v346nor_sxd_20150722.txt,1.0
2457225.7856901,2457225.7462704,2015-07-22,20150722,LXD,1.7146261,1.7146260999999999e-06,174844217057001.53,,,,0.0097666392,0.0010312415,0,no,SpeX Spectrograph,LXD_short,merged_v346nor_lxd_20150722.txt,1.0
2457225.7462704,2457225.7462704,2015-07-22,20150722,SXD,1.7147084,1.7147083999999998e-06,174835825146713.0,,,,0.0093045207,0.00013414459,0,no,SpeX Spectrograph,ShortXD,merged_v346nor_sxd_20150722.txt,1.0
2457225.7856901,2457225.7462704,2015-07-22,20150722,LXD,1.7148714,1.7148713999999999e-06,174819206851312.6,,,,0.011623342,0.0010095817,0,no,SpeX Spectrograph,LXD_short,merged_v346nor_lxd_20150722.txt,1.0
2457225.7462704,2457225.7462704,2015-07-22,20150722,SXD,1.7149765,1.7149764999999998e-06,174808493294223.0,,,,0.0091686063,0.0001359485,0,no,SpeX Spectrograph,ShortXD,merged_v346nor_sxd_20150722.txt,1.0
2457225.7856901,2457225.7462704,2015-07-22,20150722,LXD,1.7151167,1.7151167e-06,174794203799659.8,,,,0.0092134299,0.00098265323,0,no,SpeX Spectrograph,LXD_short,merged_v346nor_lxd_20150722.txt,1.0
2457225.7462704,2457225.7462704,2015-07-22,20150722,SXD,1.7152447,1.7152446999999998e-06,174781159796033.78,,,,0.008961143,0.00012912537,0,no,SpeX Spectrograph,ShortXD,merged_v346nor_sxd_20150722.txt,1.0
2457225.7856901,2457225.7462704,2015-07-22,20150722,LXD,1.7153621,1.7153620999999999e-06,174769197710500.9,,,,0.011816585,0.00097252725,0,no,SpeX Spectrograph,LXD_short,merged_v346nor_lxd_20150722.txt,1.0
2457225.7462704,2457225.7462704,2015-07-22,20150722,SXD,1.7155126,1.7155125999999999e-06,174753865404427.8,,,,0.0087705906,0.00012720838,0,no,SpeX Spectrograph,ShortXD,merged_v346nor_sxd_20150722.txt,1.0
2457225.7856901,2457225.7462704,2015-07-22,20150722,LXD,1.7156074,1.7156073999999999e-06,174744208960628.2,,,,0.0084947925,0.00098113529,0,no,SpeX Spectrograph,LXD_short,merged_v346nor_lxd_20150722.txt,1.0
2457225.7462704,2457225.7462704,2015-07-22,20150722,SXD,1.7157807,1.7157807e-06,174726559169245.8,,,,0.0084197028,0.00012807791,0,no,SpeX Spectrograph,ShortXD,merged_v346nor_sxd_20150722.txt,1.0
2457225.7856901,2457225.7462704,2015-07-22,20150722,LXD,1.7158527,1.7158527e-06,174719227355588.28,,,,0.0096603278,0.00099066587,0,no,SpeX Spectrograph,LXD_short,merged_v346nor_lxd_20150722.txt,1.0
2457225.7462704,2457225.7462704,2015-07-22,20150722,SXD,1.7160488,1.7160488e-06,174699261466224.03,,,,0.0086587491,0.0001294808,0,no,SpeX Spectrograph,ShortXD,merged_v346nor_sxd_20150722.txt,1.0
2457225.7856901,2457225.7462704,2015-07-22,20150722,LXD,1.7160981,1.7160980999999999e-06,174694242712581.53,,,,0.010235516,0.00098709087,0,no,SpeX Spectrograph,LXD_short,merged_v346nor_lxd_20150722.txt,1.0
2457225.7462704,2457225.7462704,2015-07-22,20150722,SXD,1.7163168,1.7163168e-06,174671982468504.66,,,,0.0085492004,0.00013141731,0,no,SpeX Spectrograph,ShortXD,merged_v346nor_sxd_20150722.txt,1.0
2457225.7856901,2457225.7462704,2015-07-22,20150722,LXD,1.7163434,1.7163433999999999e-06,174669275390927.03,,,,0.011321402,0.0009735623,0,no,SpeX Spectrograph,LXD_short,merged_v346nor_lxd_20150722.txt,1.0
2457225.7462704,2457225.7462704,2015-07-22,20150722,SXD,1.7165849,1.7165848999999999e-06,174644701814632.06,,,,0.0086196493,0.00013299615,0,no,SpeX Spectrograph,ShortXD,merged_v346nor_sxd_20150722.txt,1.0
2457225.7856901,2457225.7462704,2015-07-22,20150722,LXD,1.7165887,1.7165886999999999e-06,174644315204917.75,,,,0.01090033,0.00096297194,0,no,SpeX Spectrograph,LXD_short,merged_v346nor_lxd_20150722.txt,1.0
2457225.7856901,2457225.7462704,2015-07-22,20150722,LXD,1.7168339,1.7168338999999997e-06,174619372322506.0,,,,0.01082201,0.00095126627,0,no,SpeX Spectrograph,LXD_short,merged_v346nor_lxd_20150722.txt,1.0
2457225.7462704,2457225.7462704,2015-07-22,20150722,SXD,1.7168529,1.7168528999999999e-06,174617439851719.4,,,,0.0088351145,0.00013737363,0,no,SpeX Spectrograph,ShortXD,merged_v346nor_sxd_20150722.txt,1.0
2457225.7856901,2457225.7462704,2015-07-22,20150722,LXD,1.7170793,1.7170793e-06,174594416227602.3,,,,0.01073667,0.0009317373,0,no,SpeX Spectrograph,LXD_short,merged_v346nor_lxd_20150722.txt,1.0
2457225.7462704,2457225.7462704,2015-07-22,20150722,SXD,1.717121,1.7171209999999998e-06,174590176231028.6,,,,0.0090783276,0.00014312594,0,no,SpeX Spectrograph,ShortXD,merged_v346nor_sxd_20150722.txt,1.0
2457225.7856901,2457225.7462704,2015-07-22,20150722,LXD,1.7173246,1.7173246e-06,174569477430184.16,,,,0.0091573289,0.00093699573,0,no,SpeX Spectrograph,LXD_short,merged_v346nor_lxd_20150722.txt,1.0
2457225.7462704,2457225.7462704,2015-07-22,20150722,SXD,1.7173891,1.7173891e-06,174562921122534.22,,,,0.0087195253,0.00014395638,0,no,SpeX Spectrograph,ShortXD,merged_v346nor_sxd_20150722.txt,1.0
2457225.7856901,2457225.7462704,2015-07-22,20150722,LXD,1.7175698,1.7175697999999998e-06,174544555918484.38,,,,0.0087680966,0.00091801182,0,no,SpeX Spectrograph,LXD_short,merged_v346nor_lxd_20150722.txt,1.0
2457225.7462704,2457225.7462704,2015-07-22,20150722,SXD,1.7176571,1.7176571e-06,174535684683514.56,,,,0.0087761162,0.00014416108,0,no,SpeX Spectrograph,ShortXD,merged_v346nor_sxd_20150722.txt,1.0
2457225.7856901,2457225.7462704,2015-07-22,20150722,LXD,1.7178152,1.7178152e-06,174519621202560.1,,,,0.0095644146,0.00091251434,0,no,SpeX Spectrograph,LXD_short,merged_v346nor_lxd_20150722.txt,1.0
2457225.7462704,2457225.7462704,2015-07-22,20150722,SXD,1.7179252,1.7179252e-06,174508446584286.66,,,,0.0089309653,0.00013962106,0,no,SpeX Spectrograph,ShortXD,merged_v346nor_sxd_20150722.txt,1.0
2457225.7856901,2457225.7462704,2015-07-22,20150722,LXD,1.7180605,1.7180605e-06,174494703766252.72,,,,0.010155472,0.00091527548,0,no,SpeX Spectrograph,LXD_short,merged_v346nor_lxd_20150722.txt,1.0
2457225.7462704,2457225.7462704,2015-07-22,20150722,SXD,1.7181933,1.7181933e-06,174481216985306.6,,,,0.0089356229,0.00013793823,0,no,SpeX Spectrograph,ShortXD,merged_v346nor_sxd_20150722.txt,1.0
2457225.7856901,2457225.7462704,2015-07-22,20150722,LXD,1.7183057,1.7183056999999998e-06,174469803597811.5,,,,0.0085355379,0.00091121072,0,no,SpeX Spectrograph,LXD_short,merged_v346nor_lxd_20150722.txt,1.0
2457225.7462704,2457225.7462704,2015-07-22,20150722,SXD,1.7184613,1.7184613e-06,174454006034351.78,,,,0.0088716717,0.00013742196,0,no,SpeX Spectrograph,ShortXD,merged_v346nor_sxd_20150722.txt,1.0
2457225.7856901,2457225.7462704,2015-07-22,20150722,LXD,1.718551,1.7185509999999999e-06,174444900384102.66,,,,0.0099845659,0.00089063408,0,no,SpeX Spectrograph,LXD_short,merged_v346nor_lxd_20150722.txt,1.0
2457225.7462704,2457225.7462704,2015-07-22,20150722,SXD,1.7187294,1.7187293999999999e-06,174426793420767.72,,,,0.0088491896,0.00014266046,0,no,SpeX Spectrograph,ShortXD,merged_v346nor_sxd_20150722.txt,1.0
2457225.7856901,2457225.7462704,2015-07-22,20150722,LXD,1.7187963,1.7187962999999999e-06,174420004278575.66,,,,0.0095912423,0.00088270212,0,no,SpeX Spectrograph,LXD_short,merged_v346nor_lxd_20150722.txt,1.0
2457225.7462704,2457225.7462704,2015-07-22,20150722,SXD,1.7189974,1.7189973999999999e-06,174399599440929.94,,,,0.0086649479,0.00014140023,0,no,SpeX Spectrograph,ShortXD,merged_v346nor_sxd_20150722.txt,1.0
2457225.7856901,2457225.7462704,2015-07-22,20150722,LXD,1.7190416,1.7190416e-06,174395115278187.56,,,,0.0088172471,0.00088672381,0,no,SpeX Spectrograph,LXD_short,merged_v346nor_lxd_20150722.txt,1.0
2457225.7462704,2457225.7462704,2015-07-22,20150722,SXD,1.7192655,1.7192654999999998e-06,174372403796853.97,,,,0.0088159004,0.00013964938,0,no,SpeX Spectrograph,ShortXD,merged_v346nor_sxd_20150722.txt,1.0
2457225.7856901,2457225.7462704,2015-07-22,20150722,LXD,1.7192868,1.7192867999999998e-06,174370243521906.9,,,,0.0096161924,0.00088727649,0,no,SpeX Spectrograph,LXD_short,merged_v346nor_lxd_20150722.txt,1.0
2457225.7856901,2457225.7462704,2015-07-22,20150722,LXD,1.7195321,1.7195320999999998e-06,174345368719781.4,,,,0.010441315,0.00088501675,0,no,SpeX Spectrograph,LXD_short,merged_v346nor_lxd_20150722.txt,1.0
2457225.7462704,2457225.7462704,2015-07-22,20150722,SXD,1.7195334,1.7195333999999998e-06,174345236911362.12,,,,0.0088853156,0.00013436064,0,no,SpeX Spectrograph,ShortXD,merged_v346nor_sxd_20150722.txt,1.0
2457225.7856901,2457225.7462704,2015-07-22,20150722,LXD,1.7197773,1.7197773e-06,174320511149902.94,,,,0.010503038,0.00088893191,0,no,SpeX Spectrograph,LXD_short,merged_v346nor_lxd_20150722.txt,1.0
2457225.7462704,2457225.7462704,2015-07-22,20150722,SXD,1.7198015,1.7198015e-06,174318058217765.25,,,,0.0088129425,0.00013438985,0,no,SpeX Spectrograph,ShortXD,merged_v346nor_sxd_20150722.txt,1.0
2457225.7856901,2457225.7462704,2015-07-22,20150722,LXD,1.7200226,1.7200226e-06,174295650533894.12,,,,0.010337248,0.00088325271,0,no,SpeX Spectrograph,LXD_short,merged_v346nor_lxd_20150722.txt,1.0
2457225.7462704,2457225.7462704,2015-07-22,20150722,SXD,1.7200695,1.7200694999999997e-06,174290898129407.0,,,,0.0088445777,0.00013641125,0,no,SpeX Spectrograph,ShortXD,merged_v346nor_sxd_20150722.txt,1.0
2457225.7856901,2457225.7462704,2015-07-22,20150722,LXD,1.7202678,1.7202678e-06,174270807138283.94,,,,0.0099692196,0.00088671019,0,no,SpeX Spectrograph,LXD_short,merged_v346nor_lxd_20150722.txt,1.0
2457225.7462704,2457225.7462704,2015-07-22,20150722,SXD,1.7203376,1.7203375999999999e-06,174263736373604.8,,,,0.0088180676,0.00016674484,0,no,SpeX Spectrograph,ShortXD,merged_v346nor_sxd_20150722.txt,1.0
2457225.7856901,2457225.7462704,2015-07-22,20150722,LXD,1.7205131,1.7205131e-06,174245960696259.75,,,,0.010421813,0.00089475681,0,no,SpeX Spectrograph,LXD_short,merged_v346nor_lxd_20150722.txt,1.0
2457225.7462704,2457225.7462704,2015-07-22,20150722,SXD,1.7206057,1.7206056999999998e-06,174236583082341.3,,,,0.0091663562,0.00018914994,0,no,SpeX Spectrograph,ShortXD,merged_v346nor_sxd_20150722.txt,1.0
2457225.7856901,2457225.7462704,2015-07-22,20150722,LXD,1.7207583,1.7207582999999998e-06,174221131462797.56,,,,0.010072964,0.00092818099,0,no,SpeX Spectrograph,LXD_short,merged_v346nor_lxd_20150722.txt,1.0
2457225.7462704,2457225.7462704,2015-07-22,20150722,SXD,1.7208737,1.7208737e-06,174209448374973.72,,,,0.0084872916,0.00021229711,0,no,SpeX Spectrograph,ShortXD,merged_v346nor_sxd_20150722.txt,1.0
2457225.7856901,2457225.7462704,2015-07-22,20150722,LXD,1.7210035,1.7210035e-06,174196309304426.2,,,,0.0085648531,0.00096028735,0,no,SpeX Spectrograph,LXD_short,merged_v346nor_lxd_20150722.txt,1.0
2457225.7462704,2457225.7462704,2015-07-22,20150722,SXD,1.7211418,1.7211418e-06,174182311997768.0,,,,0.0090532461,0.00021562932,0,no,SpeX Spectrograph,ShortXD,merged_v346nor_sxd_20150722.txt,1.0
2457225.7856901,2457225.7462704,2015-07-22,20150722,LXD,1.7212487,1.7212487e-06,174171494218122.0,,,,0.0101713,0.00096768042,0,no,SpeX Spectrograph,LXD_short,merged_v346nor_lxd_20150722.txt,1.0
2457225.7462704,2457225.7462704,2015-07-22,20150722,SXD,1.7214098,1.7214098e-06,174155194190250.34,,,,0.0088497708,0.00021455537,0,no,SpeX Spectrograph,ShortXD,merged_v346nor_sxd_20150722.txt,1.0
2457225.7856901,2457225.7462704,2015-07-22,20150722,LXD,1.721494,1.721494e-06,174146676084842.6,,,,0.010372965,0.0009374583,0,no,SpeX Spectrograph,LXD_short,merged_v346nor_lxd_20150722.txt,1.0
2457225.7462704,2457225.7462704,2015-07-22,20150722,SXD,1.7216779,1.7216778999999998e-06,174128074711303.44,,,,0.0091057587,0.00018913677,0,no,SpeX Spectrograph,ShortXD,merged_v346nor_sxd_20150722.txt,1.0
2457225.7856901,2457225.7462704,2015-07-22,20150722,LXD,1.7217392,1.7217391999999999e-06,174121875136489.9,,,,0.011903654,0.00089111325,0,no,SpeX Spectrograph,LXD_short,merged_v346nor_lxd_20150722.txt,1.0
2457225.7462704,2457225.7462704,2015-07-22,20150722,SXD,1.7219459,1.7219458999999998e-06,174100973787852.47,,,,0.0094960518,0.00016427806,0,no,SpeX Spectrograph,ShortXD,merged_v346nor_sxd_20150722.txt,1.0
2457225.7856901,2457225.7462704,2015-07-22,20150722,LXD,1.7219844,1.7219844e-06,174097081251142.6,,,,0.0099269338,0.00083436101,0,no,SpeX Spectrograph,LXD_short,merged_v346nor_lxd_20150722.txt,1.0
2457225.7462704,2457225.7462704,2015-07-22,20150722,SXD,1.722214,1.7222139999999998e-06,174073871191385.06,,,,0.0093217017,0.00015149724,0,no,SpeX Spectrograph,ShortXD,merged_v346nor_sxd_20150722.txt,1.0
2457225.7856901,2457225.7462704,2015-07-22,20150722,LXD,1.7222296,1.7222295999999998e-06,174072294425783.9,,,,0.010986828,0.00081888825,0,no,SpeX Spectrograph,LXD_short,merged_v346nor_lxd_20150722.txt,1.0
2457225.7856901,2457225.7462704,2015-07-22,20150722,LXD,1.7224748,1.7224748e-06,174047514657398.75,,,,0.011413549,0.00082111132,0,no,SpeX Spectrograph,LXD_short,merged_v346nor_lxd_20150722.txt,1.0
2457225.7462704,2457225.7462704,2015-07-22,20150722,SXD,1.722482,1.722482e-06,174046787136237.12,,,,0.0090896115,0.00014943768,0,no,SpeX Spectrograph,ShortXD,merged_v346nor_sxd_20150722.txt,1.0
2457225.7856901,2457225.7462704,2015-07-22,20150722,LXD,1.72272,1.72272e-06,174022741942973.9,,,,0.010390664,0.00082042557,0,no,SpeX Spectrograph,LXD_short,merged_v346nor_lxd_20150722.txt,1.0
2457225.7462704,2457225.7462704,2015-07-22,20150722,SXD,1.7227501,1.7227501e-06,174019701406489.53,,,,0.0093456218,0.00014339994,0,no,SpeX Spectrograph,ShortXD,merged_v346nor_sxd_20150722.txt,1.0
2457225.7856901,2457225.7462704,2015-07-22,20150722,LXD,1.7229652,1.7229651999999998e-06,173997976279497.72,,,,0.01068147,0.00084288971,0,no,SpeX Spectrograph,LXD_short,merged_v346nor_lxd_20150722.txt,1.0
2457225.7462704,2457225.7462704,2015-07-22,20150722,SXD,1.7230181,1.7230180999999999e-06,173992634203900.72,,,,0.0088710375,0.00014094521,0,no,SpeX Spectrograph,ShortXD,merged_v346nor_sxd_20150722.txt,1.0
2457225.7856901,2457225.7462704,2015-07-22,20150722,LXD,1.7232105,1.7232104999999998e-06,173973207568082.97,,,,0.011595636,0.00088566786,0,no,SpeX Spectrograph,LXD_short,merged_v346nor_lxd_20150722.txt,1.0
2457225.7462704,2457225.7462704,2015-07-22,20150722,SXD,1.7232862,1.7232862e-06,173965565325132.88,,,,0.0089956867,0.00014290535,0,no,SpeX Spectrograph,ShortXD,merged_v346nor_sxd_20150722.txt,1.0
2457225.7856901,2457225.7462704,2015-07-22,20150722,LXD,1.7234555,1.7234555e-06,173948476186359.3,,,,0.010342427,0.00089798833,0,no,SpeX Spectrograph,LXD_short,merged_v346nor_lxd_20150722.txt,1.0
2457225.7462704,2457225.7462704,2015-07-22,20150722,SXD,1.7235541,1.7235541e-06,173938525051229.9,,,,0.0089562591,0.0001556202,0,no,SpeX Spectrograph,ShortXD,merged_v346nor_sxd_20150722.txt,1.0
2457225.7856901,2457225.7462704,2015-07-22,20150722,LXD,1.7237008,1.7237008e-06,173923721564670.62,,,,0.012172155,0.00091802038,0,no,SpeX Spectrograph,LXD_short,merged_v346nor_lxd_20150722.txt,1.0
2457225.7462704,2457225.7462704,2015-07-22,20150722,SXD,1.7238221,1.7238221e-06,173911483093296.0,,,,0.0087557072,0.00016866323,0,no,SpeX Spectrograph,ShortXD,merged_v346nor_sxd_20150722.txt,1.0
2457225.7856901,2457225.7462704,2015-07-22,20150722,LXD,1.723946,1.723946e-06,173898984074907.22,,,,0.010236311,0.00094084768,0,no,SpeX Spectrograph,LXD_short,merged_v346nor_lxd_20150722.txt,1.0
2457225.7462704,2457225.7462704,2015-07-22,20150722,SXD,1.7240902,1.7240902e-06,173884439456821.94,,,,0.008900959,0.0002210008,0,no,SpeX Spectrograph,ShortXD,merged_v346nor_sxd_20150722.txt,1.0
2457225.7856901,2457225.7462704,2015-07-22,20150722,LXD,1.7241912,1.7241911999999998e-06,173874253621060.16,,,,0.011410212,0.00096871052,0,no,SpeX Spectrograph,LXD_short,merged_v346nor_lxd_20150722.txt,1.0
2457225.7462704,2457225.7462704,2015-07-22,20150722,SXD,1.7243582,1.7243582e-06,173857414312177.12,,,,0.0089970026,0.00025731206,0,no,SpeX Spectrograph,ShortXD,merged_v346nor_sxd_20150722.txt,1.0
2457225.7856901,2457225.7462704,2015-07-22,20150722,LXD,1.7244363,1.7244363e-06,173849540281656.1,,,,0.011370969,0.00099836895,0,no,SpeX Spectrograph,LXD_short,merged_v346nor_lxd_20150722.txt,1.0
2457225.7462704,2457225.7462704,2015-07-22,20150722,SXD,1.7246263,1.7246262999999999e-06,173830387487422.66,,,,0.0092314398,0.00027649521,0,no,SpeX Spectrograph,ShortXD,merged_v346nor_sxd_20150722.txt,1.0
2457225.7856901,2457225.7462704,2015-07-22,20150722,LXD,1.7246815,1.7246815e-06,173824823887772.9,,,,0.012811717,0.0010046798,0,no,SpeX Spectrograph,LXD_short,merged_v346nor_lxd_20150722.txt,1.0
2457225.7462704,2457225.7462704,2015-07-22,20150722,SXD,1.7248943,1.7248943e-06,173803379140391.38,,,,0.0092417691,0.000277963,0,no,SpeX Spectrograph,ShortXD,merged_v346nor_sxd_20150722.txt,1.0
2457225.7856901,2457225.7462704,2015-07-22,20150722,LXD,1.7249266,1.7249266e-06,173800124596606.03,,,,0.010728213,0.00096138788,0,no,SpeX Spectrograph,LXD_short,merged_v346nor_lxd_20150722.txt,1.0
2457225.7462704,2457225.7462704,2015-07-22,20150722,SXD,1.7251624,1.7251624e-06,173776369111684.78,,,,0.0095860772,0.00026268524,0,no,SpeX Spectrograph,ShortXD,merged_v346nor_sxd_20150722.txt,1.0
2457225.7856901,2457225.7462704,2015-07-22,20150722,LXD,1.7251718,1.7251718e-06,173775422250699.9,,,,0.013122026,0.00092174497,0,no,SpeX Spectrograph,LXD_short,merged_v346nor_lxd_20150722.txt,1.0
2457225.7856901,2457225.7462704,2015-07-22,20150722,LXD,1.7254169,1.7254169e-06,173750736995795.06,,,,0.010196302,0.00087125838,0,no,SpeX Spectrograph,LXD_short,merged_v346nor_lxd_20150722.txt,1.0
2457225.7462704,2457225.7462704,2015-07-22,20150722,SXD,1.7254304,1.7254304e-06,173749377546610.97,,,,0.0091646165,0.00021467845,0,no,SpeX Spectrograph,ShortXD,merged_v346nor_sxd_20150722.txt,1.0
2457225.7856901,2457225.7462704,2015-07-22,20150722,LXD,1.7256621,1.7256621e-06,173726048685892.78,,,,0.011698377,0.00084625714,0,no,SpeX Spectrograph,LXD_short,merged_v346nor_lxd_20150722.txt,1.0
2457225.7462704,2457225.7462704,2015-07-22,20150722,SXD,1.7256984,1.7256984e-06,173722394365087.22,,,,0.0091300244,0.00016309771,0,no,SpeX Spectrograph,ShortXD,merged_v346nor_sxd_20150722.txt,1.0
2457225.7856901,2457225.7462704,2015-07-22,20150722,LXD,1.7259072,1.7259072e-06,173701377455288.44,,,,0.010213631,0.00084452995,0,no,SpeX Spectrograph,LXD_short,merged_v346nor_lxd_20150722.txt,1.0
2457225.7462704,2457225.7462704,2015-07-22,20150722,SXD,1.7259665,1.7259664999999999e-06,173695409499547.06,,,,0.0092259366,0.00015197774,0,no,SpeX Spectrograph,ShortXD,merged_v346nor_sxd_20150722.txt,1.0
2457225.7856901,2457225.7462704,2015-07-22,20150722,LXD,1.7261524,1.7261523999999998e-06,173676703169430.47,,,,0.0097643668,0.00085829117,0,no,SpeX Spectrograph,LXD_short,merged_v346nor_lxd_20150722.txt,1.0
2457225.7462704,2457225.7462704,2015-07-22,20150722,SXD,1.7262344,1.7262344e-06,173668453137071.1,,,,0.0091538988,0.00014721985,0,no,SpeX Spectrograph,ShortXD,merged_v346nor_sxd_20150722.txt,1.0
2457225.7856901,2457225.7462704,2015-07-22,20150722,LXD,1.7263975,1.7263975e-06,173652045951178.7,,,,0.011387872,0.00083706557,0,no,SpeX Spectrograph,LXD_short,merged_v346nor_lxd_20150722.txt,1.0
2457225.7462704,2457225.7462704,2015-07-22,20150722,SXD,1.7265025,1.7265025e-06,173641485025361.97,,,,0.0089976219,0.00013914761,0,no,SpeX Spectrograph,ShortXD,merged_v346nor_sxd_20150722.txt,1.0
2457225.7856901,2457225.7462704,2015-07-22,20150722,LXD,1.7266426,1.7266425999999999e-06,173627395733199.22,,,,0.011146287,0.00082847604,0,no,SpeX Spectrograph,LXD_short,merged_v346nor_lxd_20150722.txt,1.0
2457225.7462704,2457225.7462704,2015-07-22,20150722,SXD,1.7267705,1.7267704999999999e-06,173614535342131.47,,,,0.0089417389,0.00014023384,0,no,SpeX Spectrograph,ShortXD,merged_v346nor_sxd_20150722.txt,1.0
2457225.7856901,2457225.7462704,2015-07-22,20150722,LXD,1.7268878,1.7268878e-06,173602742459585.4,,,,0.011926075,0.00086315663,0,no,SpeX Spectrograph,LXD_short,merged_v346nor_lxd_20150722.txt,1.0
2457225.7462704,2457225.7462704,2015-07-22,20150722,SXD,1.7270385,1.7270384999999998e-06,173587594022947.4,,,,0.008732765,0.00014302066,0,no,SpeX Spectrograph,ShortXD,merged_v346nor_sxd_20150722.txt,1.0
2457225.7856901,2457225.7462704,2015-07-22,20150722,LXD,1.7271329,1.7271328999999999e-06,173578106236063.25,,,,0.011009741,0.00082479161,0,no,SpeX Spectrograph,LXD_short,merged_v346nor_lxd_20150722.txt,1.0
2457225.7462704,2457225.7462704,2015-07-22,20150722,SXD,1.7273066,1.7273065999999998e-06,173560651015864.84,,,,0.008924149,0.00014955399,0,no,SpeX Spectrograph,ShortXD,merged_v346nor_sxd_20150722.txt,1.0
2457225.7856901,2457225.7462704,2015-07-22,20150722,LXD,1.727378,1.727378e-06,173553477003875.25,,,,0.00907938,0.00082647835,0,no,SpeX Spectrograph,LXD_short,merged_v346nor_lxd_20150722.txt,1.0
2457225.7462704,2457225.7462704,2015-07-22,20150722,SXD,1.7275746,1.7275746e-06,173533726416213.8,,,,0.0088900179,0.00015605394,0,no,SpeX Spectrograph,ShortXD,merged_v346nor_sxd_20150722.txt,1.0
2457225.7856901,2457225.7462704,2015-07-22,20150722,LXD,1.7276231,1.7276231e-06,173528854760045.75,,,,0.010721277,0.00084175175,0,no,SpeX Spectrograph,LXD_short,merged_v346nor_lxd_20150722.txt,1.0
2457225.7462704,2457225.7462704,2015-07-22,20150722,SXD,1.7278427,1.7278426999999999e-06,173506800127118.06,,,,0.0094027072,0.00017052087,0,no,SpeX Spectrograph,ShortXD,merged_v346nor_sxd_20150722.txt,1.0
2457225.7856901,2457225.7462704,2015-07-22,20150722,LXD,1.7278682,1.7278682e-06,173504239501600.88,,,,0.011218863,0.00083927735,0,no,SpeX Spectrograph,LXD_short,merged_v346nor_lxd_20150722.txt,1.0
2457225.7462704,2457225.7462704,2015-07-22,20150722,SXD,1.7281107,1.7281106999999999e-06,173479892231440.97,,,,0.0092034899,0.00017138693,0,no,SpeX Spectrograph,ShortXD,merged_v346nor_sxd_20150722.txt,1.0
2457225.7856901,2457225.7462704,2015-07-22,20150722,LXD,1.7281133,1.7281133e-06,173479631225568.38,,,,0.010820258,0.00085002056,0,no,SpeX Spectrograph,LXD_short,merged_v346nor_lxd_20150722.txt,1.0
2457225.7856901,2457225.7462704,2015-07-22,20150722,LXD,1.7283584,1.7283584e-06,173455029928977.7,,,,0.010044053,0.00092581281,0,no,SpeX Spectrograph,LXD_short,merged_v346nor_lxd_20150722.txt,1.0
2457225.7462704,2457225.7462704,2015-07-22,20150722,SXD,1.7283787,1.7283786999999999e-06,173452992680365.72,,,,0.0086007556,0.00017109564,0,no,SpeX Spectrograph,ShortXD,merged_v346nor_sxd_20150722.txt,1.0
2457225.7856901,2457225.7462704,2015-07-22,20150722,LXD,1.7286035,1.7286034999999998e-06,173430435608860.0,,,,0.0094494317,0.00087381306,0,no,SpeX Spectrograph,LXD_short,merged_v346nor_lxd_20150722.txt,1.0
2457225.7462704,2457225.7462704,2015-07-22,20150722,SXD,1.7286468,1.7286467999999998e-06,173426091437533.72,,,,0.0092836302,0.00016957229,0,no,SpeX Spectrograph,ShortXD,merged_v346nor_sxd_20150722.txt,1.0
2457225.7856901,2457225.7462704,2015-07-22,20150722,LXD,1.7288486,1.7288486e-06,173405848262248.06,,,,0.012512244,0.00086305552,0,no,SpeX Spectrograph,LXD_short,merged_v346nor_lxd_20150722.txt,1.0
2457225.7462704,2457225.7462704,2015-07-22,20150722,SXD,1.7289147,1.7289147e-06,173399218596498.72,,,,0.0089256838,0.00015803958,0,no,SpeX Spectrograph,ShortXD,merged_v346nor_sxd_20150722.txt,1.0
2457225.7856901,2457225.7462704,2015-07-22,20150722,LXD,1.7290937,1.7290937e-06,173381267886176.44,,,,0.009874397,0.00085659197,0,no,SpeX Spectrograph,LXD_short,merged_v346nor_lxd_20150722.txt,1.0
2457225.7462704,2457225.7462704,2015-07-22,20150722,SXD,1.7291827,1.7291826999999998e-06,173372344055952.0,,,,0.0091531845,0.00014587735,0,no,SpeX Spectrograph,ShortXD,merged_v346nor_sxd_20150722.txt,1.0
2457225.7856901,2457225.7462704,2015-07-22,20150722,LXD,1.7293388,1.7293388e-06,173356694477681.28,,,,0.010528168,0.00082777161,0,no,SpeX Spectrograph,LXD_short,merged_v346nor_lxd_20150722.txt,1.0
2457225.7462704,2457225.7462704,2015-07-22,20150722,SXD,1.7294508,1.7294508e-06,173345467821345.38,,,,0.0094008772,0.00014510259,0,no,SpeX Spectrograph,ShortXD,merged_v346nor_sxd_20150722.txt,1.0
2457225.7856901,2457225.7462704,2015-07-22,20150722,LXD,1.7295839,1.7295839e-06,173332128033800.5,,,,0.0098536201,0.00081177079,0,no,SpeX Spectrograph,LXD_short,merged_v346nor_lxd_20150722.txt,1.0
2457225.7462704,2457225.7462704,2015-07-22,20150722,SXD,1.7297188,1.7297187999999997e-06,173318609938216.56,,,,0.0092439605,0.00016143252,0,no,SpeX Spectrograph,ShortXD,merged_v346nor_sxd_20150722.txt,1.0
2457225.7856901,2457225.7462704,2015-07-22,20150722,LXD,1.729829,1.7298289999999999e-06,173307568551573.6,,,,0.0097202081,0.0007982555,0,no,SpeX Spectrograph,LXD_short,merged_v346nor_lxd_20150722.txt,1.0
2457225.7462704,2457225.7462704,2015-07-22,20150722,SXD,1.7299868,1.7299868e-06,173291760376437.56,,,,0.0092689684,0.0001566087,0,no,SpeX Spectrograph,ShortXD,merged_v346nor_sxd_20150722.txt,1.0
2457225.7856901,2457225.7462704,2015-07-22,20150722,LXD,1.730074,1.7300739999999999e-06,173283026043972.7,,,,0.0098538548,0.00079735706,0,no,SpeX Spectrograph,LXD_short,merged_v346nor_lxd_20150722.txt,1.0
2457225.7462704,2457225.7462704,2015-07-22,20150722,SXD,1.7302549,1.7302549e-06,173264909118303.9,,,,0.0093288869,0.00015584442,0,no,SpeX Spectrograph,ShortXD,merged_v346nor_sxd_20150722.txt,1.0
2457225.7856901,2457225.7462704,2015-07-22,20150722,LXD,1.730319,1.7303189999999999e-06,173258490486436.34,,,,0.0097619127,0.0007970038,0,no,SpeX Spectrograph,LXD_short,merged_v346nor_lxd_20150722.txt,1.0
2457225.7462704,2457225.7462704,2015-07-22,20150722,SXD,1.7305229,1.7305228999999998e-06,173238076190728.25,,,,0.009561005,0.00017780009,0,no,SpeX Spectrograph,ShortXD,merged_v346nor_sxd_20150722.txt,1.0
2457225.7856901,2457225.7462704,2015-07-22,20150722,LXD,1.7305641,1.7305641e-06,173233951865752.9,,,,0.010083314,0.00079907116,0,no,SpeX Spectrograph,LXD_short,merged_v346nor_lxd_20150722.txt,1.0
2457225.7462704,2457225.7462704,2015-07-22,20150722,SXD,1.7307909,1.7307908999999998e-06,173211251572908.1,,,,0.0095701534,0.00015754098,0,no,SpeX Spectrograph,ShortXD,merged_v346nor_sxd_20150722.txt,1.0
2457225.7856901,2457225.7462704,2015-07-22,20150722,LXD,1.7308092,1.7308092e-06,173209420194900.75,,,,0.012241947,0.00080720364,0,no,SpeX Spectrograph,LXD_short,merged_v346nor_lxd_20150722.txt,1.0
2457225.7856901,2457225.7462704,2015-07-22,20150722,LXD,1.7310542,1.7310542e-06,173184905475518.9,,,,0.0095074754,0.000801516,0,no,SpeX Spectrograph,LXD_short,merged_v346nor_lxd_20150722.txt,1.0
2457225.7462704,2457225.7462704,2015-07-22,20150722,SXD,1.7310588,1.7310587999999999e-06,173184445265521.9,,,,0.0096327746,0.00015004008,0,no,SpeX Spectrograph,ShortXD,merged_v346nor_sxd_20150722.txt,1.0
2457225.7856901,2457225.7462704,2015-07-22,20150722,LXD,1.7312993,1.7312993e-06,173160387692642.16,,,,0.010099493,0.00079927372,0,no,SpeX Spectrograph,LXD_short,merged_v346nor_lxd_20150722.txt,1.0
2457225.7462704,2457225.7462704,2015-07-22,20150722,SXD,1.7313269,1.7313269e-06,173157627251098.56,,,,0.0090305014,0.0001443186,0,no,SpeX Spectrograph,ShortXD,merged_v346nor_sxd_20150722.txt,1.0
2457225.7856901,2457225.7462704,2015-07-22,20150722,LXD,1.7315444,1.7315444e-06,173135876850746.66,,,,0.010511186,0.00083579938,0,no,SpeX Spectrograph,LXD_short,merged_v346nor_lxd_20150722.txt,1.0
2457225.7462704,2457225.7462704,2015-07-22,20150722,SXD,1.7315949,1.7315948999999998e-06,173130827539397.38,,,,0.008784255,0.00014714872,0,no,SpeX Spectrograph,ShortXD,merged_v346nor_sxd_20150722.txt,1.0
2457225.7856901,2457225.7462704,2015-07-22,20150722,LXD,1.7317894,1.7317894e-06,173111382942983.72,,,,0.0091619343,0.00087797822,0,no,SpeX Spectrograph,LXD_short,merged_v346nor_lxd_20150722.txt,1.0
2457225.7462704,2457225.7462704,2015-07-22,20150722,SXD,1.7318629,1.7318629e-06,173104036122027.9,,,,0.0087282965,0.00015186735,0,no,SpeX Spectrograph,ShortXD,merged_v346nor_sxd_20150722.txt,1.0
2457225.7856901,2457225.7462704,2015-07-22,20150722,LXD,1.7320344,1.7320344e-06,173086895964652.9,,,,0.010965353,0.00092260545,0,no,SpeX Spectrograph,LXD_short,merged_v346nor_lxd_20150722.txt,1.0
2457225.7462704,2457225.7462704,2015-07-22,20150722,SXD,1.732131,1.732131e-06,173077243002983.03,,,,0.0087890662,0.00017085508,0,no,SpeX Spectrograph,ShortXD,merged_v346nor_sxd_20150722.txt,1.0
2457225.7856901,2457225.7462704,2015-07-22,20150722,LXD,1.7322794,1.7322794e-06,173062415912814.06,,,,0.0091276104,0.00093197927,0,no,SpeX Spectrograph,LXD_short,merged_v346nor_lxd_20150722.txt,1.0
2457225.7462704,2457225.7462704,2015-07-22,20150722,SXD,1.732399,1.732399e-06,173050468165820.94,,,,0.0095566278,0.00020023329,0,no,SpeX Spectrograph,ShortXD,merged_v346nor_sxd_20150722.txt,1.0
2457225.7856901,2457225.7462704,2015-07-22,20150722,LXD,1.7325245,1.7325244999999999e-06,173037932796909.97,,,,0.010281455,0.00092721323,0,no,SpeX Spectrograph,LXD_short,merged_v346nor_lxd_20150722.txt,1.0
2457225.7462704,2457225.7462704,2015-07-22,20150722,SXD,1.732667,1.7326669999999999e-06,173023701611446.4,,,,0.0096348152,0.00023350815,0,no,SpeX Spectrograph,ShortXD,merged_v346nor_sxd_20150722.txt,1.0
2457225.7856901,2457225.7462704,2015-07-22,20150722,LXD,1.7327695,1.7327695e-06,173013466592065.47,,,,0.0098712556,0.00089763972,0,no,SpeX Spectrograph,LXD_short,merged_v346nor_lxd_20150722.txt,1.0
2457225.7462704,2457225.7462704,2015-07-22,20150722,SXD,1.732935,1.7329349999999999e-06,172996943336016.66,,,,0.0099012973,0.0002346011,0,no,SpeX Spectrograph,ShortXD,merged_v346nor_sxd_20150722.txt,1.0
2457225.7856901,2457225.7462704,2015-07-22,20150722,LXD,1.7330145,1.7330144999999998e-06,172989007304901.38,,,,0.011252252,0.00085183582,0,no,SpeX Spectrograph,LXD_short,merged_v346nor_lxd_20150722.txt,1.0
2457225.7462704,2457225.7462704,2015-07-22,20150722,SXD,1.7332031,1.7332031e-06,172970183355891.75,,,,0.0098598413,0.00023886625,0,no,SpeX Spectrograph,ShortXD,merged_v346nor_sxd_20150722.txt,1.0
2457225.7856901,2457225.7462704,2015-07-22,20150722,LXD,1.7332596,1.7332596e-06,172964544953335.3,,,,0.010131717,0.00083114492,0,no,SpeX Spectrograph,LXD_short,merged_v346nor_lxd_20150722.txt,1.0
2457225.7462704,2457225.7462704,2015-07-22,20150722,SXD,1.733471,1.7334709999999998e-06,172943451606632.03,,,,0.0096316449,0.00021205368,0,no,SpeX Spectrograph,ShortXD,merged_v346nor_sxd_20150722.txt,1.0
2457225.7856901,2457225.7462704,2015-07-22,20150722,LXD,1.7335045,1.7335045e-06,172940109471881.97,,,,0.010046951,0.00081592385,0,no,SpeX Spectrograph,LXD_short,merged_v346nor_lxd_20150722.txt,1.0
2457225.7462704,2457225.7462704,2015-07-22,20150722,SXD,1.733739,1.7337389999999998e-06,172916718145003.38,,,,0.0099669555,0.00018063052,0,no,SpeX Spectrograph,ShortXD,merged_v346nor_sxd_20150722.txt,1.0
2457225.7856901,2457225.7462704,2015-07-22,20150722,LXD,1.7337495,1.7337495e-06,172915670920164.66,,,,0.0082432386,0.00078892394,0,no,SpeX Spectrograph,LXD_short,merged_v346nor_lxd_20150722.txt,1.0
2457225.7856901,2457225.7462704,2015-07-22,20150722,LXD,1.7339945,1.7339945e-06,172891239274403.7,,,,0.009769462,0.00078514131,0,no,SpeX Spectrograph,LXD_short,merged_v346nor_lxd_20150722.txt,1.0
2457225.7462704,2457225.7462704,2015-07-22,20150722,SXD,1.734007,1.734007e-06,172889992946971.97,,,,0.0093406113,0.0001553124,0,no,SpeX Spectrograph,ShortXD,merged_v346nor_sxd_20150722.txt,1.0
2457225.7856901,2457225.7462704,2015-07-22,20150722,LXD,1.7342396,1.7342396e-06,172866804563798.47,,,,0.010139751,0.00076014851,0,no,SpeX Spectrograph,LXD_short,merged_v346nor_lxd_20150722.txt,1.0
2457225.7462704,2457225.7462704,2015-07-22,20150722,SXD,1.7342751,1.7342751e-06,172863266041241.1,,,,0.0093093328,0.00015582981,0,no,SpeX Spectrograph,ShortXD,merged_v346nor_sxd_20150722.txt,1.0
2457225.7856901,2457225.7462704,2015-07-22,20150722,LXD,1.7344846,1.7344846e-06,172842386723987.06,,,,0.010252925,0.00079482648,0,no,SpeX Spectrograph,LXD_short,merged_v346nor_lxd_20150722.txt,1.0
2457225.7462704,2457225.7462704,2015-07-22,20150722,SXD,1.7345431,1.7345431e-06,172836557361993.5,,,,0.0092462637,0.000169444,0,no,SpeX Spectrograph,ShortXD,merged_v346nor_sxd_20150722.txt,1.0
2457225.7856901,2457225.7462704,2015-07-22,20150722,LXD,1.7347295,1.7347295e-06,172817985743598.66,,,,0.010221331,0.00076605839,0,no,SpeX Spectrograph,LXD_short,merged_v346nor_lxd_20150722.txt,1.0
2457225.7462704,2457225.7462704,2015-07-22,20150722,SXD,1.7348111,1.7348111e-06,172809856934855.9,,,,0.0095109213,0.00017912984,0,no,SpeX Spectrograph,ShortXD,merged_v346nor_sxd_20150722.txt,1.0
2457225.7856901,2457225.7462704,2015-07-22,20150722,LXD,1.7349745,1.7349745e-06,172793581692411.06,,,,0.010269202,0.00076659658,0,no,SpeX Spectrograph,LXD_short,merged_v346nor_lxd_20150722.txt,1.0
2457225.7462704,2457225.7462704,2015-07-22,20150722,SXD,1.7350791,1.7350791000000001e-06,172783164756004.47,,,,0.0093138563,0.0001826743,0,no,SpeX Spectrograph,ShortXD,merged_v346nor_sxd_20150722.txt,1.0
2457225.7856901,2457225.7462704,2015-07-22,20150722,LXD,1.7352195,1.7352195e-06,172769184532562.03,,,,0.0098924115,0.00078268489,0,no,SpeX Spectrograph,LXD_short,merged_v346nor_lxd_20150722.txt,1.0
2457225.7462704,2457225.7462704,2015-07-22,20150722,SXD,1.735347,1.735347e-06,172756490776772.6,,,,0.0089283492,0.00020265976,0,no,SpeX Spectrograph,ShortXD,merged_v346nor_sxd_20150722.txt,1.0
2457225.7856901,2457225.7462704,2015-07-22,20150722,LXD,1.7354645,1.7354645e-06,172744794261132.97,,,,0.010701216,0.00080068322,0,no,SpeX Spectrograph,LXD_short,merged_v346nor_lxd_20150722.txt,1.0
2457225.7462704,2457225.7462704,2015-07-22,20150722,SXD,1.7356151,1.7356150999999999e-06,172729805127876.6,,,,0.0090595279,0.00020328737,0,no,SpeX Spectrograph,ShortXD,merged_v346nor_sxd_20150722.txt,1.0
2457225.7856901,2457225.7462704,2015-07-22,20150722,LXD,1.7357094,1.7357094e-06,172720420826205.12,,,,0.0088166939,0.00080875092,0,no,SpeX Spectrograph,LXD_short,merged_v346nor_lxd_20150722.txt,1.0
2457225.7462704,2457225.7462704,2015-07-22,20150722,SXD,1.7358831,1.7358830999999999e-06,172703137670964.16,,,,0.0092425598,0.00019616738,0,no,SpeX Spectrograph,ShortXD,merged_v346nor_sxd_20150722.txt,1.0
2457225.7856901,2457225.7462704,2015-07-22,20150722,LXD,1.7359544,1.7359544e-06,172696044320058.2,,,,0.0074848626,0.00082030124,0,no,SpeX Spectrograph,LXD_short,merged_v346nor_lxd_20150722.txt,1.0
2457225.7462704,2457225.7462704,2015-07-22,20150722,SXD,1.7361511,1.7361511e-06,172676478447066.03,,,,0.0091856895,0.00019003508,0,no,SpeX Spectrograph,ShortXD,merged_v346nor_sxd_20150722.txt,1.0
2457225.7856901,2457225.7462704,2015-07-22,20150722,LXD,1.7361994,1.7361994e-06,172671674693586.47,,,,0.0088443654,0.00083758199,0,no,SpeX Spectrograph,LXD_short,merged_v346nor_lxd_20150722.txt,1.0
2457225.7462704,2457225.7462704,2015-07-22,20150722,SXD,1.7364191,1.7364190999999998e-06,172649827452370.25,,,,0.0089189038,0.00018042908,0,no,SpeX Spectrograph,ShortXD,merged_v346nor_sxd_20150722.txt,1.0
2457225.7856901,2457225.7462704,2015-07-22,20150722,LXD,1.7364444,1.7364444000000001e-06,172647311943877.94,,,,0.0095302109,0.0008314533,0,no,SpeX Spectrograph,LXD_short,merged_v346nor_lxd_20150722.txt,1.0
2457225.7462704,2457225.7462704,2015-07-22,20150722,SXD,1.7366871,1.7366870999999998e-06,172623184683067.0,,,,0.008939554,0.00015937074,0,no,SpeX Spectrograph,ShortXD,merged_v346nor_sxd_20150722.txt,1.0
2457225.7856901,2457225.7462704,2015-07-22,20150722,LXD,1.7366893,1.7366893e-06,172622966007794.25,,,,0.010065001,0.00082111225,0,no,SpeX Spectrograph,LXD_short,merged_v346nor_lxd_20150722.txt,1.0
2457225.7856901,2457225.7462704,2015-07-22,20150722,LXD,1.7369342,1.7369342e-06,172598626937048.03,,,,0.01012199,0.00080144341,0,no,SpeX Spectrograph,LXD_short,merged_v346nor_lxd_20150722.txt,1.0
2457225.7462704,2457225.7462704,2015-07-22,20150722,SXD,1.7369552,1.7369551999999998e-06,172596540198618.84,,,,0.0090833716,0.00014809298,0,no,SpeX Spectrograph,ShortXD,merged_v346nor_sxd_20150722.txt,1.0
2457225.7856901,2457225.7462704,2015-07-22,20150722,LXD,1.7371792,1.7371791999999998e-06,172574284794568.12,,,,0.010407949,0.00077437371,0,no,SpeX Spectrograph,LXD_short,merged_v346nor_lxd_20150722.txt,1.0
2457225.7462704,2457225.7462704,2015-07-22,20150722,SXD,1.7372231,1.7372231e-06,172569923805411.06,,,,0.0091845654,0.00014999957,0,no,SpeX Spectrograph,ShortXD,merged_v346nor_sxd_20150722.txt,1.0
2457225.7856901,2457225.7462704,2015-07-22,20150722,LXD,1.7374241,1.7374240999999998e-06,172549959448588.3,,,,0.0094188033,0.00075224106,0,no,SpeX Spectrograph,LXD_short,merged_v346nor_lxd_20150722.txt,1.0
2457225.7462704,2457225.7462704,2015-07-22,20150722,SXD,1.7374911,1.7374910999999998e-06,172543305689450.75,,,,0.0093078529,0.00015700408,0,no,SpeX Spectrograph,ShortXD,merged_v346nor_sxd_20150722.txt,1.0
2457225.7856901,2457225.7462704,2015-07-22,20150722,LXD,1.7376691,1.7376690999999998e-06,172525631030672.1,,,,0.010038396,0.00074129953,0,no,SpeX Spectrograph,LXD_short,merged_v346nor_lxd_20150722.txt,1.0
2457225.7462704,2457225.7462704,2015-07-22,20150722,SXD,1.7377591,1.7377590999999998e-06,172516695783667.62,,,,0.0093767801,0.00018927506,0,no,SpeX Spectrograph,ShortXD,merged_v346nor_sxd_20150722.txt,1.0
2457225.7856901,2457225.7462704,2015-07-22,20150722,LXD,1.737914,1.7379139999999999e-06,172501319397852.84,,,,0.010371396,0.00075537153,0,no,SpeX Spectrograph,LXD_short,merged_v346nor_lxd_20150722.txt,1.0
2457225.7462704,2457225.7462704,2015-07-22,20150722,SXD,1.7380271,1.7380271e-06,172490094084263.72,,,,0.0094288466,0.00024699213,0,no,SpeX Spectrograph,ShortXD,merged_v346nor_sxd_20150722.txt,1.0
2457225.7856901,2457225.7462704,2015-07-22,20150722,LXD,1.7381589,1.7381589e-06,172477014615867.4,,,,0.010281206,0.00077893084,0,no,SpeX Spectrograph,LXD_short,merged_v346nor_lxd_20150722.txt,1.0
2457225.7462704,2457225.7462704,2015-07-22,20150722,SXD,1.7382951,1.7382951e-06,172463500587443.4,,,,0.0096801287,0.00029229349,0,no,SpeX Spectrograph,ShortXD,merged_v346nor_sxd_20150722.txt,1.0
2457225.7856901,2457225.7462704,2015-07-22,20150722,LXD,1.7384038,1.7384038e-06,172452716681820.4,,,,0.010282113,0.00079799478,0,no,SpeX Spectrograph,LXD_short,merged_v346nor_lxd_20150722.txt,1.0
2457225.7462704,2457225.7462704,2015-07-22,20150722,SXD,1.7385631,1.7385631e-06,172436915289413.44,,,,0.0092615429,0.00029855053,0,no,SpeX Spectrograph,ShortXD,merged_v346nor_sxd_20150722.txt,1.0
2457225.7856901,2457225.7462704,2015-07-22,20150722,LXD,1.7386488,1.7386488e-06,172428415675437.16,,,,0.010390606,0.0007835243,0,no,SpeX Spectrograph,LXD_short,merged_v346nor_lxd_20150722.txt,1.0
2457225.7462704,2457225.7462704,2015-07-22,20150722,SXD,1.7388312,1.7388311999999999e-06,172410328271082.34,,,,0.0095757013,0.00029009205,0,no,SpeX Spectrograph,ShortXD,merged_v346nor_sxd_20150722.txt,1.0
2457225.7856901,2457225.7462704,2015-07-22,20150722,LXD,1.7388936,1.7388935999999999e-06,172404141345968.5,,,,0.0092828283,0.0007726344,0,no,SpeX Spectrograph,LXD_short,merged_v346nor_lxd_20150722.txt,1.0
2457225.7462704,2457225.7462704,2015-07-22,20150722,SXD,1.7390991,1.7390991e-06,172383769274562.9,,,,0.0095033459,0.00025486079,0,no,SpeX Spectrograph,ShortXD,merged_v346nor_sxd_20150722.txt,1.0
2457225.7856901,2457225.7462704,2015-07-22,20150722,LXD,1.7391386,1.7391385999999998e-06,172379854026585.38,,,,0.0091427565,0.00075234449,0,no,SpeX Spectrograph,LXD_short,merged_v346nor_lxd_20150722.txt,1.0
2457225.7462704,2457225.7462704,2015-07-22,20150722,SXD,1.7393671,1.7393671e-06,172357208550167.47,,,,0.0093414932,0.00018856124,0,no,SpeX Spectrograph,ShortXD,merged_v346nor_sxd_20150722.txt,1.0
2457225.7856901,2457225.7462704,2015-07-22,20150722,LXD,1.7393835,1.7393834999999999e-06,172355583458162.06,,,,0.0089284088,0.0007523683,0,no,SpeX Spectrograph,LXD_short,merged_v346nor_lxd_20150722.txt,1.0
2457225.7856901,2457225.7462704,2015-07-22,20150722,LXD,1.7396284,1.7396284e-06,172331319723223.66,,,,0.0098214243,0.00075483182,0,no,SpeX Spectrograph,LXD_short,merged_v346nor_lxd_20150722.txt,1.0
2457225.7462704,2457225.7462704,2015-07-22,20150722,SXD,1.7396351,1.7396351e-06,172330656009412.53,,,,0.009220222,0.00015694398,0,no,SpeX Spectrograph,ShortXD,merged_v346nor_sxd_20150722.txt,1.0
2457225.7856901,2457225.7462704,2015-07-22,20150722,LXD,1.7398733,1.7398733e-06,172307062818884.56,,,,0.010748009,0.0007692693,0,no,SpeX Spectrograph,LXD_short,merged_v346nor_lxd_20150722.txt,1.0
2457225.7462704,2457225.7462704,2015-07-22,20150722,SXD,1.7399031,1.7399030999999999e-06,172304111648516.53,,,,0.0095920572,0.00015852234,0,no,SpeX Spectrograph,ShortXD,merged_v346nor_sxd_20150722.txt,1.0
2457225.7856901,2457225.7462704,2015-07-22,20150722,LXD,1.7401183,1.7401183e-06,172282802841622.9,,,,0.010844069,0.00075872592,0,no,SpeX Spectrograph,LXD_short,merged_v346nor_lxd_20150722.txt,1.0
2457225.7462704,2457225.7462704,2015-07-22,20150722,SXD,1.7401711,1.7401710999999999e-06,172277575463700.1,,,,0.0094308779,0.00015582715,0,no,SpeX Spectrograph,ShortXD,merged_v346nor_sxd_20150722.txt,1.0
2457225.7856901,2457225.7462704,2015-07-22,20150722,LXD,1.7403631,1.7403630999999999e-06,172258569490470.12,,,,0.011610285,0.00077272864,0,no,SpeX Spectrograph,LXD_short,merged_v346nor_lxd_20150722.txt,1.0
2457225.7462704,2457225.7462704,2015-07-22,20150722,SXD,1.7404391,1.7404390999999998e-06,172251047451186.3,,,,0.0095320893,0.00015449878,0,no,SpeX Spectrograph,ShortXD,merged_v346nor_sxd_20150722.txt,1.0
2457225.7856901,2457225.7462704,2015-07-22,20150722,LXD,1.740608,1.740608e-06,172234333060631.7,,,,0.0095966011,0.00076012197,0,no,SpeX Spectrograph,LXD_short,merged_v346nor_lxd_20150722.txt,1.0
2457225.7462704,2457225.7462704,2015-07-22,20150722,SXD,1.7407072,1.7407071999999998e-06,172224517713260.47,,,,0.0089514982,0.00015549755,0,no,SpeX Spectrograph,ShortXD,merged_v346nor_sxd_20150722.txt,1.0
2457225.7856901,2457225.7462704,2015-07-22,20150722,LXD,1.7408528,1.7408528e-06,172210113342150.47,,,,0.0093147503,0.00079716829,0,no,SpeX Spectrograph,LXD_short,merged_v346nor_lxd_20150722.txt,1.0
2457225.7462704,2457225.7462704,2015-07-22,20150722,SXD,1.7409751,1.7409750999999998e-06,172198015927970.5,,,,0.0093284538,0.00016099171,0,no,SpeX Spectrograph,ShortXD,merged_v346nor_sxd_20150722.txt,1.0
2457225.7856901,2457225.7462704,2015-07-22,20150722,LXD,1.7410978,1.7410977999999998e-06,172185880655296.94,,,,0.0096842917,0.00082731427,0,no,SpeX Spectrograph,LXD_short,merged_v346nor_lxd_20150722.txt,1.0
2457225.7462704,2457225.7462704,2015-07-22,20150722,SXD,1.7412431,1.7412430999999998e-06,172171512409726.16,,,,0.0094613712,0.00016455005,0,no,SpeX Spectrograph,ShortXD,merged_v346nor_sxd_20150722.txt,1.0
2457225.7856901,2457225.7462704,2015-07-22,20150722,LXD,1.7413427,1.7413426999999998e-06,172161664674047.22,,,,0.010616774,0.00084945076,0,no,SpeX Spectrograph,LXD_short,merged_v346nor_lxd_20150722.txt,1.0
2457225.7462704,2457225.7462704,2015-07-22,20150722,SXD,1.7415111,1.7415111e-06,172145017048699.84,,,,0.010055558,0.0001721702,0,no,SpeX Spectrograph,ShortXD,merged_v346nor_sxd_20150722.txt,1.0
2457225.7856901,2457225.7462704,2015-07-22,20150722,LXD,1.7415875,1.7415875e-06,172137465387182.7,,,,0.0108729,0.00084703957,0,no,SpeX Spectrograph,LXD_short,merged_v346nor_lxd_20150722.txt,1.0
2457225.7462704,2457225.7462704,2015-07-22,20150722,SXD,1.7417791,1.7417791e-06,172118529841126.25,,,,0.010130536,0.00017429637,0,no,SpeX Spectrograph,ShortXD,merged_v346nor_sxd_20150722.txt,1.0
2457225.7856901,2457225.7462704,2015-07-22,20150722,LXD,1.7418324,1.7418324e-06,172113263021172.4,,,,0.010101701,0.00079665531,0,no,SpeX Spectrograph,LXD_short,merged_v346nor_lxd_20150722.txt,1.0
2457225.7462704,2457225.7462704,2015-07-22,20150722,SXD,1.7420471,1.7420471e-06,172092050783242.3,,,,0.010197475,0.00019656557,0,no,SpeX Spectrograph,ShortXD,merged_v346nor_sxd_20150722.txt,1.0
2457225.7856901,2457225.7462704,2015-07-22,20150722,LXD,1.7420772,1.7420772e-06,172089077338248.84,,,,0.0093599064,0.00077503565,0,no,SpeX Spectrograph,LXD_short,merged_v346nor_lxd_20150722.txt,1.0
2457225.7462704,2457225.7462704,2015-07-22,20150722,SXD,1.7423151,1.7423150999999997e-06,172065579871287.38,,,,0.010120083,0.00021376531,0,no,SpeX Spectrograph,ShortXD,merged_v346nor_sxd_20150722.txt,1.0
2457225.7856901,2457225.7462704,2015-07-22,20150722,LXD,1.7423221,1.7423221e-06,172064888575998.66,,,,0.008943106,0.00076160603,0,no,SpeX Spectrograph,LXD_short,merged_v346nor_lxd_20150722.txt,1.0
2457225.7856901,2457225.7462704,2015-07-22,20150722,LXD,1.7425669,1.7425668999999998e-06,172040716485547.84,,,,0.010372387,0.00075760781,0,no,SpeX Spectrograph,LXD_short,merged_v346nor_lxd_20150722.txt,1.0
2457225.7462704,2457225.7462704,2015-07-22,20150722,SXD,1.742583,1.742583e-06,172039126974152.75,,,,0.0099185267,0.00022872828,0,no,SpeX Spectrograph,ShortXD,merged_v346nor_sxd_20150722.txt,1.0
2457225.7856901,2457225.7462704,2015-07-22,20150722,LXD,1.7428118,1.7428117999999999e-06,172016541315591.28,,,,0.011268831,0.00075659819,0,no,SpeX Spectrograph,LXD_short,merged_v346nor_lxd_20150722.txt,1.0
2457225.7462704,2457225.7462704,2015-07-22,20150722,SXD,1.742851,1.7428509999999998e-06,172012672339746.78,,,,0.00980247,0.00021380579,0,no,SpeX Spectrograph,ShortXD,merged_v346nor_sxd_20150722.txt,1.0
2457225.7856901,2457225.7462704,2015-07-22,20150722,LXD,1.7430567,1.7430566999999997e-06,171992372938872.3,,,,0.0094056763,0.00075595337,0,no,SpeX Spectrograph,LXD_short,merged_v346nor_lxd_20150722.txt,1.0
2457225.7462704,2457225.7462704,2015-07-22,20150722,SXD,1.743119,1.743119e-06,171986225840002.9,,,,0.0096998513,0.00020568323,0,no,SpeX Spectrograph,ShortXD,merged_v346nor_sxd_20150722.txt,1.0
2457225.7856901,2457225.7462704,2015-07-22,20150722,LXD,1.7433015,1.7433015e-06,171968221217041.34,,,,0.0098478869,0.00075058592,0,no,SpeX Spectrograph,LXD_short,merged_v346nor_lxd_20150722.txt,1.0
2457225.7462704,2457225.7462704,2015-07-22,20150722,SXD,1.743387,1.743387e-06,171959787471169.62,,,,0.0093836393,0.00017384731,0,no,SpeX Spectrograph,ShortXD,merged_v346nor_sxd_20150722.txt,1.0
2457225.7856901,2457225.7462704,2015-07-22,20150722,LXD,1.7435464,1.7435463999999999e-06,171944066415439.25,,,,0.0085041448,0.00073977548,0,no,SpeX Spectrograph,LXD_short,merged_v346nor_lxd_20150722.txt,1.0
2457225.7462704,2457225.7462704,2015-07-22,20150722,SXD,1.743655,1.743655e-06,171933357229497.8,,,,0.0099546341,0.00015724877,0,no,SpeX Spectrograph,ShortXD,merged_v346nor_sxd_20150722.txt,1.0
2457225.7856901,2457225.7462704,2015-07-22,20150722,LXD,1.7437912,1.7437912e-06,171919928257465.7,,,,0.010202993,0.00076115847,0,no,SpeX Spectrograph,LXD_short,merged_v346nor_lxd_20150722.txt,1.0
2457225.7462704,2457225.7462704,2015-07-22,20150722,SXD,1.7439231,1.7439230999999999e-06,171906925253756.9,,,,0.0093104718,0.00015895495,0,no,SpeX Spectrograph,ShortXD,merged_v346nor_sxd_20150722.txt,1.0
2457225.7856901,2457225.7462704,2015-07-22,20150722,LXD,1.7440361,1.7440360999999998e-06,171895787019546.22,,,,0.010384064,0.00078673859,0,no,SpeX Spectrograph,LXD_short,merged_v346nor_lxd_20150722.txt,1.0
2457225.7462704,2457225.7462704,2015-07-22,20150722,SXD,1.7441911,1.7441911e-06,171880511258198.72,,,,0.009346473,0.00019655802,0,no,SpeX Spectrograph,ShortXD,merged_v346nor_sxd_20150722.txt,1.0
2457225.7856901,2457225.7462704,2015-07-22,20150722,LXD,1.7442808,1.7442808e-06,171871672267446.84,,,,0.0096378112,0.00083410041,0,no,SpeX Spectrograph,LXD_short,merged_v346nor_lxd_20150722.txt,1.0
2457225.7462704,2457225.7462704,2015-07-22,20150722,SXD,1.744459,1.744459e-06,171854115229993.94,,,,0.0097413808,0.00027673447,0,no,SpeX Spectrograph,ShortXD,merged_v346nor_sxd_20150722.txt,1.0
2457225.7856901,2457225.7462704,2015-07-22,20150722,LXD,1.7445257,1.7445257e-06,171847544579022.25,,,,0.012002021,0.00085126888,0,no,SpeX Spectrograph,LXD_short,merged_v346nor_lxd_20150722.txt,1.0
2457225.7462704,2457225.7462704,2015-07-22,20150722,SXD,1.744727,1.744727e-06,171827717459522.34,,,,0.010272401,0.00031555179,0,no,SpeX Spectrograph,ShortXD,merged_v346nor_sxd_20150722.txt,1.0
2457225.7856901,2457225.7462704,2015-07-22,20150722,LXD,1.7447705,1.7447705e-06,171823433511742.66,,,,0.010460778,0.00085511676,0,no,SpeX Spectrograph,LXD_short,merged_v346nor_lxd_20150722.txt,1.0
2457225.7462704,2457225.7462704,2015-07-22,20150722,SXD,1.744995,1.744995e-06,171801327797500.84,,,,0.010228337,0.00031405146,0,no,SpeX Spectrograph,ShortXD,merged_v346nor_sxd_20150722.txt,1.0
2457225.7856901,2457225.7462704,2015-07-22,20150722,LXD,1.7450154,1.7450154e-06,171799319364172.94,,,,0.011782761,0.00081783981,0,no,SpeX Spectrograph,LXD_short,merged_v346nor_lxd_20150722.txt,1.0
2457225.7856901,2457225.7462704,2015-07-22,20150722,LXD,1.7452601,1.7452601e-06,171775231668907.12,,,,0.011515104,0.00079603103,0,no,SpeX Spectrograph,LXD_short,merged_v346nor_lxd_20150722.txt,1.0
2457225.7462704,2457225.7462704,2015-07-22,20150722,SXD,1.745263,1.7452629999999999e-06,171774946240194.2,,,,0.010585888,0.00029636329,0,no,SpeX Spectrograph,ShortXD,merged_v346nor_sxd_20150722.txt,1.0
2457225.7856901,2457225.7462704,2015-07-22,20150722,LXD,1.745505,1.745505e-06,171751131048034.8,,,,0.0093498575,0.00076321745,0,no,SpeX Spectrograph,LXD_short,merged_v346nor_lxd_20150722.txt,1.0
2457225.7462704,2457225.7462704,2015-07-22,20150722,SXD,1.745531,1.7455309999999999e-06,171748572783869.22,,,,0.0099730399,0.00024869229,0,no,SpeX Spectrograph,ShortXD,merged_v346nor_sxd_20150722.txt,1.0
2457225.7856901,2457225.7462704,2015-07-22,20150722,LXD,1.7457497,1.7457497e-06,171727056862733.53,,,,0.01079959,0.00073458062,0,no,SpeX Spectrograph,LXD_short,merged_v346nor_lxd_20150722.txt,1.0
2457225.7462704,2457225.7462704,2015-07-22,20150722,SXD,1.7457989,1.7457989e-06,171722217261106.1,,,,0.0097644525,0.00017699694,0,no,SpeX Spectrograph,ShortXD,merged_v346nor_sxd_20150722.txt,1.0
2457225.7856901,2457225.7462704,2015-07-22,20150722,LXD,1.7459946,1.7459945999999998e-06,171702969757180.25,,,,0.011143203,0.00073565618,0,no,SpeX Spectrograph,LXD_short,merged_v346nor_lxd_20150722.txt,1.0
2457225.7462704,2457225.7462704,2015-07-22,20150722,SXD,1.7460669,1.7460668999999999e-06,171695859992535.22,,,,0.0090738731,0.00015283494,0,no,SpeX Spectrograph,ShortXD,merged_v346nor_sxd_20150722.txt,1.0
2457225.7856901,2457225.7462704,2015-07-22,20150722,LXD,1.7462393,1.7462393e-06,171678909070480.78,,,,0.010937073,0.00078326836,0,no,SpeX Spectrograph,LXD_short,merged_v346nor_lxd_20150722.txt,1.0
2457225.7462704,2457225.7462704,2015-07-22,20150722,SXD,1.7463349,1.7463348999999999e-06,171669510813762.03,,,,0.0089960843,0.00015488968,0,no,SpeX Spectrograph,ShortXD,merged_v346nor_sxd_20150722.txt,1.0
2457225.7856901,2457225.7462704,2015-07-22,20150722,LXD,1.7464842,1.7464842e-06,171654835468880.84,,,,0.010217804,0.00083957921,0,no,SpeX Spectrograph,LXD_short,merged_v346nor_lxd_20150722.txt,1.0
2457225.7462704,2457225.7462704,2015-07-22,20150722,SXD,1.7466029,1.7466029e-06,171643169721062.53,,,,0.0088634565,0.000161223,0,no,SpeX Spectrograph,ShortXD,merged_v346nor_sxd_20150722.txt,1.0
2457225.7856901,2457225.7462704,2015-07-22,20150722,LXD,1.7467289,1.7467288999999997e-06,171630788269433.25,,,,0.0089462353,0.00091439585,0,no,SpeX Spectrograph,LXD_short,merged_v346nor_lxd_20150722.txt,1.0
2457225.7462704,2457225.7462704,2015-07-22,20150722,SXD,1.7468709,1.7468708999999998e-06,171616836710715.16,,,,0.0087124901,0.00017333556,0,no,SpeX Spectrograph,ShortXD,merged_v346nor_sxd_20150722.txt,1.0
2457225.7856901,2457225.7462704,2015-07-22,20150722,LXD,1.7469738,1.7469737999999998e-06,171606728160433.78,,,,0.0092275599,0.00095649716,0,no,SpeX Spectrograph,LXD_short,merged_v346nor_lxd_20150722.txt,1.0
2457225.7462704,2457225.7462704,2015-07-22,20150722,SXD,1.7471389,1.7471388999999998e-06,171590511779000.53,,,,0.010419006,0.00018414303,0,no,SpeX Spectrograph,ShortXD,merged_v346nor_sxd_20150722.txt,1.0
2457225.7856901,2457225.7462704,2015-07-22,20150722,LXD,1.7472185,1.7472185e-06,171582694436900.72,,,,0.013169145,0.00093555078,0,no,SpeX Spectrograph,LXD_short,merged_v346nor_lxd_20150722.txt,1.0
2457225.7462704,2457225.7462704,2015-07-22,20150722,SXD,1.7474068,1.7474067999999999e-06,171564204740418.78,,,,0.012567344,0.00019166495,0,no,SpeX Spectrograph,ShortXD,merged_v346nor_sxd_20150722.txt,1.0
2457225.7856901,2457225.7462704,2015-07-22,20150722,LXD,1.7474633,1.7474632999999999e-06,171558657626743.88,,,,0.011734202,0.00085404754,0,no,SpeX Spectrograph,LXD_short,merged_v346nor_lxd_20150722.txt,1.0
2457225.7462704,2457225.7462704,2015-07-22,20150722,SXD,1.7476748,1.7476747999999999e-06,171537895951809.8,,,,0.01314115,0.00018373002,0,no,SpeX Spectrograph,ShortXD,merged_v346nor_sxd_20150722.txt,1.0
2457225.7856901,2457225.7462704,2015-07-22,20150722,LXD,1.7477081,1.7477081e-06,171534627550218.5,,,,0.013899097,0.00078664097,0,no,SpeX Spectrograph,LXD_short,merged_v346nor_lxd_20150722.txt,1.0
2457225.7462704,2457225.7462704,2015-07-22,20150722,SXD,1.7479428,1.7479427999999999e-06,171511595230690.62,,,,0.012817924,0.00017212752,0,no,SpeX Spectrograph,ShortXD,merged_v346nor_sxd_20150722.txt,1.0
2457225.7856901,2457225.7462704,2015-07-22,20150722,LXD,1.7479528,1.7479528e-06,171510614016579.88,,,,0.012004792,0.00073343859,0,no,SpeX Spectrograph,LXD_short,merged_v346nor_lxd_20150722.txt,1.0
2457225.7856901,2457225.7462704,2015-07-22,20150722,LXD,1.7481976,1.7481975999999998e-06,171486597396083.84,,,,0.011627967,0.00073759706,0,no,SpeX Spectrograph,LXD_short,merged_v346nor_lxd_20150722.txt,1.0
2457225.7462704,2457225.7462704,2015-07-22,20150722,SXD,1.7482108,1.7482108e-06,171485302573351.0,,,,0.011472568,0.00016190506,0,no,SpeX Spectrograph,ShortXD,merged_v346nor_sxd_20150722.txt,1.0
2457225.7856901,2457225.7462704,2015-07-22,20150722,LXD,1.7484424,1.7484424e-06,171462587500737.8,,,,0.011416929,0.00070041156,0,no,SpeX Spectrograph,LXD_short,merged_v346nor_lxd_20150722.txt,1.0
2457225.7462704,2457225.7462704,2015-07-22,20150722,SXD,1.7484788,1.7484787999999998e-06,171459017976083.0,,,,0.010326802,0.00015360226,0,no,SpeX Spectrograph,ShortXD,merged_v346nor_sxd_20150722.txt,1.0
2457225.7856901,2457225.7462704,2015-07-22,20150722,LXD,1.7486871,1.7486870999999999e-06,171438594131563.06,,,,0.011630217,0.00069481239,0,no,SpeX Spectrograph,LXD_short,merged_v346nor_lxd_20150722.txt,1.0
2457225.7462704,2457225.7462704,2015-07-22,20150722,SXD,1.7487468,1.7487467999999998e-06,171432741435180.9,,,,0.009702527,0.00014924738,0,no,SpeX Spectrograph,ShortXD,merged_v346nor_sxd_20150722.txt,1.0
2457225.7856901,2457225.7462704,2015-07-22,20150722,LXD,1.7489319,1.7489319e-06,171414597675301.12,,,,0.010279774,0.00069887994,0,no,SpeX Spectrograph,LXD_short,merged_v346nor_lxd_20150722.txt,1.0
2457225.7462704,2457225.7462704,2015-07-22,20150722,SXD,1.7490147,1.7490146999999999e-06,171406482747114.72,,,,0.0097123748,0.00014854289,0,no,SpeX Spectrograph,ShortXD,merged_v346nor_sxd_20150722.txt,1.0
2457225.7856901,2457225.7462704,2015-07-22,20150722,LXD,1.7491766,1.7491766e-06,171390617734081.28,,,,0.0081920791,0.0006988286,0,no,SpeX Spectrograph,LXD_short,merged_v346nor_lxd_20150722.txt,1.0
2457225.7462704,2457225.7462704,2015-07-22,20150722,SXD,1.7492827,1.7492826999999998e-06,171380222304833.88,,,,0.00904983,0.00014604107,0,no,SpeX Spectrograph,ShortXD,merged_v346nor_sxd_20150722.txt,1.0
2457225.7856901,2457225.7462704,2015-07-22,20150722,LXD,1.7494214,1.7494213999999998e-06,171366634705623.25,,,,0.010508305,0.00069733098,0,no,SpeX Spectrograph,LXD_short,merged_v346nor_lxd_20150722.txt,1.0
2457225.7462704,2457225.7462704,2015-07-22,20150722,SXD,1.7495507,1.7495506999999998e-06,171353969907816.9,,,,0.009518493,0.00015855196,0,no,SpeX Spectrograph,ShortXD,merged_v346nor_sxd_20150722.txt,1.0
2457225.7856901,2457225.7462704,2015-07-22,20150722,LXD,1.7496661,1.7496661e-06,171342668181088.94,,,,0.009755522,0.00071308156,0,no,SpeX Spectrograph,LXD_short,merged_v346nor_lxd_20150722.txt,1.0
2457225.7462704,2457225.7462704,2015-07-22,20150722,SXD,1.7498187,1.7498187e-06,171327725552367.22,,,,0.0094835768,0.00017549463,0,no,SpeX Spectrograph,ShortXD,merged_v346nor_sxd_20150722.txt,1.0
2457225.7856901,2457225.7462704,2015-07-22,20150722,LXD,1.7499108,1.7499108e-06,171318708359306.1,,,,0.01104461,0.00071946101,0,no,SpeX Spectrograph,LXD_short,merged_v346nor_lxd_20150722.txt,1.0
2457225.7462704,2457225.7462704,2015-07-22,20150722,SXD,1.7500867,1.7500867e-06,171301489234790.47,,,,0.0094091855,0.00020343142,0,no,SpeX Spectrograph,ShortXD,merged_v346nor_sxd_20150722.txt,1.0
2457225.7856901,2457225.7462704,2015-07-22,20150722,LXD,1.7501556,1.7501555999999999e-06,171294745450061.72,,,,0.0095403194,0.00073819439,0,no,SpeX Spectrograph,LXD_short,merged_v346nor_lxd_20150722.txt,1.0
2457225.7462704,2457225.7462704,2015-07-22,20150722,SXD,1.7503546,1.7503546e-06,171275270736569.6,,,,0.0090439478,0.00022079525,0,no,SpeX Spectrograph,ShortXD,merged_v346nor_sxd_20150722.txt,1.0
2457225.7856901,2457225.7462704,2015-07-22,20150722,LXD,1.7504003,1.7504002999999998e-06,171270799028085.2,,,,0.012068093,0.00074746792,0,no,SpeX Spectrograph,LXD_short,merged_v346nor_lxd_20150722.txt,1.0
2457225.7462704,2457225.7462704,2015-07-22,20150722,SXD,1.7506226,1.7506226e-06,171249050480669.0,,,,0.0089314645,0.00021244117,0,no,SpeX Spectrograph,ShortXD,merged_v346nor_sxd_20150722.txt,1.0
2457225.7856901,2457225.7462704,2015-07-22,20150722,LXD,1.750645,1.750645e-06,171246859300429.28,,,,0.010646004,0.00075627235,0,no,SpeX Spectrograph,LXD_short,merged_v346nor_lxd_20150722.txt,1.0
2457225.7856901,2457225.7462704,2015-07-22,20150722,LXD,1.7508898,1.7508897999999999e-06,171222916485092.34,,,,0.010810311,0.00076709758,0,no,SpeX Spectrograph,LXD_short,merged_v346nor_lxd_20150722.txt,1.0
2457225.7462704,2457225.7462704,2015-07-22,20150722,SXD,1.7508906,1.7508905999999998e-06,171222838251573.25,,,,0.0086591681,0.00020293283,0,no,SpeX Spectrograph,ShortXD,merged_v346nor_sxd_20150722.txt,1.0
2457225.7856901,2457225.7462704,2015-07-22,20150722,LXD,1.7511345,1.7511345e-06,171198990140391.84,,,,0.010123797,0.00078826182,0,no,SpeX Spectrograph,LXD_short,merged_v346nor_lxd_20150722.txt,1.0
2457225.7462704,2457225.7462704,2015-07-22,20150722,SXD,1.7511586,1.7511585999999998e-06,171196634045597.03,,,,0.0091399169,0.00018770482,0,no,SpeX Spectrograph,ShortXD,merged_v346nor_sxd_20150722.txt,1.0
2457225.7856901,2457225.7462704,2015-07-22,20150722,LXD,1.7513793,1.7513793e-06,171175060707866.1,,,,0.0091742454,0.00081577949,0,no,SpeX Spectrograph,LXD_short,merged_v346nor_lxd_20150722.txt,1.0
2457225.7462704,2457225.7462704,2015-07-22,20150722,SXD,1.7514266,1.7514266e-06,171170437859057.28,,,,0.0089451736,0.00016414154,0,no,SpeX Spectrograph,ShortXD,merged_v346nor_sxd_20150722.txt,1.0
2457225.7856901,2457225.7462704,2015-07-22,20150722,LXD,1.7516239,1.7516239e-06,171151157505900.66,,,,0.009446851,0.00081892108,0,no,SpeX Spectrograph,LXD_short,merged_v346nor_lxd_20150722.txt,1.0
2457225.7462704,2457225.7462704,2015-07-22,20150722,SXD,1.7516946,1.7516946e-06,171144249688273.28,,,,0.0094216047,0.0001610605,0,no,SpeX Spectrograph,ShortXD,merged_v346nor_sxd_20150722.txt,1.0
2457225.7856901,2457225.7462704,2015-07-22,20150722,LXD,1.7518686,1.7518686e-06,171127251210507.47,,,,0.010576339,0.00079557806,0,no,SpeX Spectrograph,LXD_short,merged_v346nor_lxd_20150722.txt,1.0
2457225.7462704,2457225.7462704,2015-07-22,20150722,SXD,1.7519625,1.7519625e-06,171118079296788.6,,,,0.0094895773,0.00016178543,0,no,SpeX Spectrograph,ShortXD,merged_v346nor_sxd_20150722.txt,1.0
2457225.7856901,2457225.7462704,2015-07-22,20150722,LXD,1.7521133,1.7521132999999999e-06,171103351592616.78,,,,0.011344031,0.00075499614,0,no,SpeX Spectrograph,LXD_short,merged_v346nor_lxd_20150722.txt,1.0
2457225.7462704,2457225.7462704,2015-07-22,20150722,SXD,1.7522304,1.7522303999999999e-06,171091916907730.88,,,,0.0099048326,0.00017137603,0,no,SpeX Spectrograph,ShortXD,merged_v346nor_sxd_20150722.txt,1.0
2457225.7856901,2457225.7462704,2015-07-22,20150722,LXD,1.7523581,1.7523580999999998e-06,171079448886617.44,,,,0.010574247,0.00073605916,0,no,SpeX Spectrograph,LXD_short,merged_v346nor_lxd_20150722.txt,1.0
2457225.7462704,2457225.7462704,2015-07-22,20150722,SXD,1.7524984,1.7524983999999999e-06,171065752756179.4,,,,0.0096166311,0.00017479535,0,no,SpeX Spectrograph,ShortXD,merged_v346nor_sxd_20150722.txt,1.0
2457225.7856901,2457225.7462704,2015-07-22,20150722,LXD,1.7526027,1.7526026999999998e-06,171055572378155.1,,,,0.009624389,0.00073645386,0,no,SpeX Spectrograph,LXD_short,merged_v346nor_lxd_20150722.txt,1.0
2457225.7462704,2457225.7462704,2015-07-22,20150722,SXD,1.7527664,1.7527664e-06,171039596605685.72,,,,0.010108528,0.00017489541,0,no,SpeX Spectrograph,ShortXD,merged_v346nor_sxd_20150722.txt,1.0
2457225.7856901,2457225.7462704,2015-07-22,20150722,LXD,1.7528474,1.7528474e-06,171031692775994.1,,,,0.011222404,0.00073463289,0,no,SpeX Spectrograph,LXD_short,merged_v346nor_lxd_20150722.txt,1.0
2457225.7462704,2457225.7462704,2015-07-22,20150722,SXD,1.7530344,1.7530343999999998e-06,171013448452580.28,,,,0.010020661,0.00017445143,0,no,SpeX Spectrograph,ShortXD,merged_v346nor_sxd_20150722.txt,1.0
2457225.7856901,2457225.7462704,2015-07-22,20150722,LXD,1.7530922,1.7530921999999999e-06,171007810085516.34,,,,0.011290842,0.00072639645,0,no,SpeX Spectrograph,LXD_short,merged_v346nor_lxd_20150722.txt,1.0
2457225.7462704,2457225.7462704,2015-07-22,20150722,SXD,1.7533023,1.7533023e-06,170987318045496.2,,,,0.0095431348,0.00017077204,0,no,SpeX Spectrograph,ShortXD,merged_v346nor_sxd_20150722.txt,1.0
2457225.7856901,2457225.7462704,2015-07-22,20150722,LXD,1.7533368,1.7533367999999999e-06,170983953567848.47,,,,0.011622191,0.0007208449,0,no,SpeX Spectrograph,LXD_short,merged_v346nor_lxd_20150722.txt,1.0
2457225.7462704,2457225.7462704,2015-07-22,20150722,SXD,1.7535703,1.7535702999999999e-06,170961185873186.84,,,,0.0095485356,0.00016218415,0,no,SpeX Spectrograph,ShortXD,merged_v346nor_sxd_20150722.txt,1.0
2457225.7856901,2457225.7462704,2015-07-22,20150722,LXD,1.7535815,1.7535814999999998e-06,170960093956283.2,,,,0.011831006,0.00071640586,0,no,SpeX Spectrograph,LXD_short,merged_v346nor_lxd_20150722.txt,1.0
2457225.7856901,2457225.7462704,2015-07-22,20150722,LXD,1.7538261,1.7538260999999999e-06,170936250749147.84,,,,0.011525822,0.0007257447,0,no,SpeX Spectrograph,LXD_short,merged_v346nor_lxd_20150722.txt,1.0
2457225.7462704,2457225.7462704,2015-07-22,20150722,SXD,1.7538383,1.7538382999999999e-06,170935061687271.88,,,,0.0093015581,0.00015330681,0,no,SpeX Spectrograph,ShortXD,merged_v346nor_sxd_20150722.txt,1.0
2457225.7856901,2457225.7462704,2015-07-22,20150722,LXD,1.7540709,1.7540709e-06,170912394704227.75,,,,0.0093489029,0.00071807473,0,no,SpeX Spectrograph,LXD_short,merged_v346nor_lxd_20150722.txt,1.0
2457225.7462704,2457225.7462704,2015-07-22,20150722,SXD,1.7541063,1.7541062999999998e-06,170908945484090.7,,,,0.0091205267,0.00015231717,0,no,SpeX Spectrograph,ShortXD,merged_v346nor_sxd_20150722.txt,1.0
2457225.7856901,2457225.7462704,2015-07-22,20150722,LXD,1.7543155,1.7543154999999998e-06,170888564799205.2,,,,0.011064684,0.00072372984,0,no,SpeX Spectrograph,LXD_short,merged_v346nor_lxd_20150722.txt,1.0
2457225.7462704,2457225.7462704,2015-07-22,20150722,SXD,1.7543743,1.7543743e-06,170882837259984.94,,,,0.0093006892,0.00015350511,0,no,SpeX Spectrograph,ShortXD,merged_v346nor_sxd_20150722.txt,1.0
2457225.7856901,2457225.7462704,2015-07-22,20150722,LXD,1.7545602,1.7545602e-06,170864731800026.03,,,,0.0095429784,0.00075591338,0,no,SpeX Spectrograph,LXD_short,merged_v346nor_lxd_20150722.txt,1.0
2457225.7462704,2457225.7462704,2015-07-22,20150722,SXD,1.7546422,1.7546421999999999e-06,170856746748710.38,,,,0.0087585086,0.0001531203,0,no,SpeX Spectrograph,ShortXD,merged_v346nor_sxd_20150722.txt,1.0
2457225.7856901,2457225.7462704,2015-07-22,20150722,LXD,1.7548048,1.7548048e-06,170840915183272.8,,,,0.0097450837,0.00079710857,0,no,SpeX Spectrograph,LXD_short,merged_v346nor_lxd_20150722.txt,1.0
2457225.7462704,2457225.7462704,2015-07-22,20150722,SXD,1.7549102,1.7549102e-06,170830654468815.56,,,,0.0088200886,0.00016224259,0,no,SpeX Spectrograph,ShortXD,merged_v346nor_sxd_20150722.txt,1.0
2457225.7856901,2457225.7462704,2015-07-22,20150722,LXD,1.7550495,1.7550495e-06,170817095472235.97,,,,0.010955269,0.00082207401,0,no,SpeX Spectrograph,LXD_short,merged_v346nor_lxd_20150722.txt,1.0
2457225.7462704,2457225.7462704,2015-07-22,20150722,SXD,1.7551782,1.7551781999999998e-06,170804570157035.9,,,,0.0095184725,0.00016539321,0,no,SpeX Spectrograph,ShortXD,merged_v346nor_sxd_20150722.txt,1.0
2457225.7856901,2457225.7462704,2015-07-22,20150722,LXD,1.7552942,1.7552941999999999e-06,170793282402459.97,,,,0.0099590467,0.00081842509,0,no,SpeX Spectrograph,LXD_short,merged_v346nor_lxd_20150722.txt,1.0
2457225.7462704,2457225.7462704,2015-07-22,20150722,SXD,1.7554462,1.7554461999999998e-06,170778493809722.0,,,,0.0097104628,0.00016559963,0,no,SpeX Spectrograph,ShortXD,merged_v346nor_sxd_20150722.txt,1.0
2457225.7856901,2457225.7462704,2015-07-22,20150722,LXD,1.7555388,1.7555387999999999e-06,170769485698635.66,,,,0.011644229,0.00079602969,0,no,SpeX Spectrograph,LXD_short,merged_v346nor_lxd_20150722.txt,1.0
2457225.7462704,2457225.7462704,2015-07-22,20150722,SXD,1.7557141,1.7557140999999999e-06,170752435148752.3,,,,0.0095931944,0.00016112074,0,no,SpeX Spectrograph,ShortXD,merged_v346nor_sxd_20150722.txt,1.0
2457225.7856901,2457225.7462704,2015-07-22,20150722,LXD,1.7557834,1.7557834000000001e-06,170745695625098.16,,,,0.010662735,0.00074877642,0,no,SpeX Spectrograph,LXD_short,merged_v346nor_lxd_20150722.txt,1.0
2457225.7462704,2457225.7462704,2015-07-22,20150722,SXD,1.755982,1.755982e-06,170726384439020.44,,,,0.009349863,0.00015433793,0,no,SpeX Spectrograph,ShortXD,merged_v346nor_sxd_20150722.txt,1.0
2457225.7856901,2457225.7462704,2015-07-22,20150722,LXD,1.7560281,1.7560280999999999e-06,170721902457027.9,,,,0.010087402,0.00074468815,0,no,SpeX Spectrograph,LXD_short,merged_v346nor_lxd_20150722.txt,1.0
2457225.7462704,2457225.7462704,2015-07-22,20150722,SXD,1.75625,1.75625e-06,170700331957295.38,,,,0.0091543021,0.00015178575,0,no,SpeX Spectrograph,ShortXD,merged_v346nor_sxd_20150722.txt,1.0
2457225.7856901,2457225.7462704,2015-07-22,20150722,LXD,1.7562728,1.7562728e-06,170698115919121.44,,,,0.010219293,0.00077086088,0,no,SpeX Spectrograph,LXD_short,merged_v346nor_lxd_20150722.txt,1.0
2457225.7856901,2457225.7462704,2015-07-22,20150722,LXD,1.7565174,1.7565173999999998e-06,170674345725240.2,,,,0.010948481,0.00079495111,0,no,SpeX Spectrograph,LXD_short,merged_v346nor_lxd_20150722.txt,1.0
2457225.7462704,2457225.7462704,2015-07-22,20150722,SXD,1.756518,1.756518e-06,170674287425463.34,,,,0.0094047226,0.00015534273,0,no,SpeX Spectrograph,ShortXD,merged_v346nor_sxd_20150722.txt,1.0
2457225.7856901,2457225.7462704,2015-07-22,20150722,LXD,1.756762,1.7567619999999999e-06,170650582150570.22,,,,0.0097509306,0.00082034915,0,no,SpeX Spectrograph,LXD_short,merged_v346nor_lxd_20150722.txt,1.0
2457225.7462704,2457225.7462704,2015-07-22,20150722,SXD,1.756786,1.7567859999999999e-06,170648250839886.03,,,,0.0084168529,0.00016703046,0,no,SpeX Spectrograph,ShortXD,merged_v346nor_sxd_20150722.txt,1.0
2457225.7856901,2457225.7462704,2015-07-22,20150722,LXD,1.7570066,1.7570065999999999e-06,170626825192347.03,,,,0.010167309,0.00086290092,0,no,SpeX Spectrograph,LXD_short,merged_v346nor_lxd_20150722.txt,1.0
2457225.7462704,2457225.7462704,2015-07-22,20150722,SXD,1.757054,1.7570539999999999e-06,170622222196927.38,,,,0.0089496085,0.00017166445,0,no,SpeX Spectrograph,ShortXD,merged_v346nor_sxd_20150722.txt,1.0
2457225.7856901,2457225.7462704,2015-07-22,20150722,LXD,1.7572513,1.7572513e-06,170603065139288.84,,,,0.011385935,0.00086824462,0,no,SpeX Spectrograph,LXD_short,merged_v346nor_lxd_20150722.txt,1.0
2457225.7462704,2457225.7462704,2015-07-22,20150722,SXD,1.757322,1.757322e-06,170596201492953.47,,,,0.0095821815,0.00017876406,0,no,SpeX Spectrograph,ShortXD,merged_v346nor_sxd_20150722.txt,1.0
2457225.7856901,2457225.7462704,2015-07-22,20150722,LXD,1.7574959,1.7574959e-06,170579321408374.25,,,,0.0098881517,0.00083592639,0,no,SpeX Spectrograph,LXD_short,merged_v346nor_lxd_20150722.txt,1.0
2457225.7462704,2457225.7462704,2015-07-22,20150722,SXD,1.7575899,1.7575899e-06,170570198429110.25,,,,0.0098021999,0.00017901869,0,no,SpeX Spectrograph,ShortXD,merged_v346nor_sxd_20150722.txt,1.0
2457225.7856901,2457225.7462704,2015-07-22,20150722,LXD,1.7577405,1.7577404999999999e-06,170555584285621.25,,,,0.010123045,0.00080609991,0,no,SpeX Spectrograph,LXD_short,merged_v346nor_lxd_20150722.txt,1.0
2457225.7462704,2457225.7462704,2015-07-22,20150722,SXD,1.7578579,1.7578579e-06,170544193589254.28,,,,0.0093526356,0.00017187206,0,no,SpeX Spectrograph,ShortXD,merged_v346nor_sxd_20150722.txt,1.0
2457225.7856901,2457225.7462704,2015-07-22,20150722,LXD,1.7579851,1.7579850999999999e-06,170531853768271.44,,,,0.011867586,0.00077128178,0,no,SpeX Spectrograph,LXD_short,merged_v346nor_lxd_20150722.txt,1.0
2457225.7462704,2457225.7462704,2015-07-22,20150722,SXD,1.7581259,1.7581258999999999e-06,170518196677496.2,,,,0.0094176503,0.00016495308,0,no,SpeX Spectrograph,ShortXD,merged_v346nor_sxd_20150722.txt,1.0
2457225.7856901,2457225.7462704,2015-07-22,20150722,LXD,1.7582297,1.7582297e-06,170508129853568.06,,,,0.011183895,0.00073113665,0,no,SpeX Spectrograph,LXD_short,merged_v346nor_lxd_20150722.txt,1.0
2457225.7462704,2457225.7462704,2015-07-22,20150722,SXD,1.7583938,1.7583937999999997e-06,170492217386116.84,,,,0.0094861966,0.00015764308,0,no,SpeX Spectrograph,ShortXD,merged_v346nor_sxd_20150722.txt,1.0
2457225.7856901,2457225.7462704,2015-07-22,20150722,LXD,1.7584743,1.7584743e-06,170484412538755.9,,,,0.0088224793,0.00073110044,0,no,SpeX Spectrograph,LXD_short,merged_v346nor_lxd_20150722.txt,1.0
2457225.7462704,2457225.7462704,2015-07-22,20150722,SXD,1.7586617,1.7586617e-06,170466246009678.84,,,,0.0094156768,0.00015665161,0,no,SpeX Spectrograph,ShortXD,merged_v346nor_sxd_20150722.txt,1.0
2457225.7856901,2457225.7462704,2015-07-22,20150722,LXD,1.758719,1.7587189999999999e-06,170460692128759.62,,,,0.011147763,0.00074084225,0,no,SpeX Spectrograph,LXD_short,merged_v346nor_lxd_20150722.txt,1.0
2457225.7462704,2457225.7462704,2015-07-22,20150722,SXD,1.7589297,1.7589296999999997e-06,170440272854566.06,,,,0.0094809411,0.00015731849,0,no,SpeX Spectrograph,ShortXD,merged_v346nor_sxd_20150722.txt,1.0
2457225.7856901,2457225.7462704,2015-07-22,20150722,LXD,1.7589636,1.7589636e-06,170436988008165.72,,,,0.010547009,0.00071513309,0,no,SpeX Spectrograph,LXD_short,merged_v346nor_lxd_20150722.txt,1.0
2457225.7462704,2457225.7462704,2015-07-22,20150722,SXD,1.7591977,1.7591977e-06,170414307613067.03,,,,0.009691637,0.00016050914,0,no,SpeX Spectrograph,ShortXD,merged_v346nor_sxd_20150722.txt,1.0
2457225.7856901,2457225.7462704,2015-07-22,20150722,LXD,1.7592082,1.7592082e-06,170413290479205.38,,,,0.0099811619,0.00070668716,0,no,SpeX Spectrograph,LXD_short,merged_v346nor_lxd_20150722.txt,1.0
2457225.7856901,2457225.7462704,2015-07-22,20150722,LXD,1.7594527,1.7594527e-06,170389609223368.16,,,,0.011389147,0.00071528106,0,no,SpeX Spectrograph,LXD_short,merged_v346nor_lxd_20150722.txt,1.0
2457225.7462704,2457225.7462704,2015-07-22,20150722,SXD,1.7594657,1.7594657e-06,170388350281565.6,,,,0.010338522,0.00015754149,0,no,SpeX Spectrograph,ShortXD,merged_v346nor_sxd_20150722.txt,1.0
2457225.7856901,2457225.7462704,2015-07-22,20150722,LXD,1.7596973,1.7596973e-06,170365924866737.03,,,,0.012381369,0.0007229796,0,no,SpeX Spectrograph,LXD_short,merged_v346nor_lxd_20150722.txt,1.0
2457225.7462704,2457225.7462704,2015-07-22,20150722,SXD,1.7597337,1.7597337e-06,170362400856447.78,,,,0.010088522,0.00015918526,0,no,SpeX Spectrograph,ShortXD,merged_v346nor_sxd_20150722.txt,1.0
2457225.7856901,2457225.7462704,2015-07-22,20150722,LXD,1.7599419,1.7599419e-06,170342247093497.8,,,,0.010311721,0.00071990484,0,no,SpeX Spectrograph,LXD_short,merged_v346nor_lxd_20150722.txt,1.0
2457225.7462704,2457225.7462704,2015-07-22,20150722,SXD,1.7600017,1.7600017e-06,170336459334101.78,,,,0.010181312,0.00015705715,0,no,SpeX Spectrograph,ShortXD,merged_v346nor_sxd_20150722.txt,1.0
2457225.7856901,2457225.7462704,2015-07-22,20150722,LXD,1.7601866,1.7601865999999998e-06,170318566224740.06,,,,0.0087648528,0.00071937521,0,no,SpeX Spectrograph,LXD_short,merged_v346nor_lxd_20150722.txt,1.0
2457225.7462704,2457225.7462704,2015-07-22,20150722,SXD,1.7602696,1.7602696e-06,170310535386170.4,,,,0.0097139357,0.00015426253,0,no,SpeX Spectrograph,ShortXD,merged_v346nor_sxd_20150722.txt,1.0
2457225.7856901,2457225.7462704,2015-07-22,20150722,LXD,1.7604311,1.7604310999999999e-06,170294911286218.5,,,,0.010204161,0.00073654682,0,no,SpeX Spectrograph,LXD_short,merged_v346nor_lxd_20150722.txt,1.0
2457225.7462704,2457225.7462704,2015-07-22,20150722,SXD,1.7605375,1.7605375e-06,170284619327904.12,,,,0.0092547992,0.00015416255,0,no,SpeX Spectrograph,ShortXD,merged_v346nor_sxd_20150722.txt,1.0
2457225.7856901,2457225.7462704,2015-07-22,20150722,LXD,1.7606757,1.7606756999999999e-06,170271253246693.88,,,,0.0091111399,0.00078893639,0,no,SpeX Spectrograph,LXD_short,merged_v346nor_lxd_20150722.txt,1.0
2457225.7462704,2457225.7462704,2015-07-22,20150722,SXD,1.7608055,1.7608055e-06,170258701486336.78,,,,0.0091798715,0.00016420028,0,no,SpeX Spectrograph,ShortXD,merged_v346nor_sxd_20150722.txt,1.0
2457225.7856901,2457225.7462704,2015-07-22,20150722,LXD,1.7609202,1.7609202e-06,170247611447696.5,,,,0.010715863,0.00079484412,0,no,SpeX Spectrograph,LXD_short,merged_v346nor_lxd_20150722.txt,1.0
2457225.7462704,2457225.7462704,2015-07-22,20150722,SXD,1.7610735,1.7610735e-06,170232791533118.88,,,,0.0094962046,0.00016987613,0,no,SpeX Spectrograph,ShortXD,merged_v346nor_sxd_20150722.txt,1.0
2457225.7856901,2457225.7462704,2015-07-22,20150722,LXD,1.7611648,1.7611648e-06,170223966547593.97,,,,0.0094169546,0.00080063206,0,no,SpeX Spectrograph,LXD_short,merged_v346nor_lxd_20150722.txt,1.0
2457225.7462704,2457225.7462704,2015-07-22,20150722,SXD,1.7613415,1.7613414999999997e-06,170206889464649.56,,,,0.0097946785,0.00017278326,0,no,SpeX Spectrograph,ShortXD,merged_v346nor_sxd_20150722.txt,1.0
2457225.7856901,2457225.7462704,2015-07-22,20150722,LXD,1.7614094,1.7614094e-06,170200328214440.1,,,,0.012169081,0.00077933661,0,no,SpeX Spectrograph,LXD_short,merged_v346nor_lxd_20150722.txt,1.0
2457225.7462704,2457225.7462704,2015-07-22,20150722,SXD,1.7616094,1.7616094e-06,170181004937871.03,,,,0.0098922299,0.00016912784,0,no,SpeX Spectrograph,ShortXD,merged_v346nor_sxd_20150722.txt,1.0
2457225.7856901,2457225.7462704,2015-07-22,20150722,LXD,1.7616539,1.7616538999999999e-06,170176706105552.3,,,,0.010983838,0.00075946224,0,no,SpeX Spectrograph,LXD_short,merged_v346nor_lxd_20150722.txt,1.0
2457225.7462704,2457225.7462704,2015-07-22,20150722,SXD,1.7618774,1.7618773999999998e-06,170155118625166.56,,,,0.0095658796,0.00016504532,0,no,SpeX Spectrograph,ShortXD,merged_v346nor_sxd_20150722.txt,1.0
2457225.7856901,2457225.7462704,2015-07-22,20150722,LXD,1.7618985,1.7618984999999999e-06,170153080895409.12,,,,0.011370637,0.00075519877,0,no,SpeX Spectrograph,LXD_short,merged_v346nor_lxd_20150722.txt,1.0
2457225.7856901,2457225.7462704,2015-07-22,20150722,LXD,1.762143,1.762143e-06,170129471898705.16,,,,0.0095736859,0.00077399623,0,no,SpeX Spectrograph,LXD_short,merged_v346nor_lxd_20150722.txt,1.0
2457225.7462704,2457225.7462704,2015-07-22,20150722,SXD,1.7621453,1.7621453e-06,170129249841088.6,,,,0.0091020167,0.00016621216,0,no,SpeX Spectrograph,ShortXD,merged_v346nor_sxd_20150722.txt,1.0
2457225.7856901,2457225.7462704,2015-07-22,20150722,LXD,1.7623876,1.7623876e-06,170105859800647.72,,,,0.010773177,0.00079497433,0,no,SpeX Spectrograph,LXD_short,merged_v346nor_lxd_20150722.txt,1.0
2457225.7462704,2457225.7462704,2015-07-22,20150722,SXD,1.7624133,1.7624132999999998e-06,170103379269777.44,,,,0.0090842303,0.00017224677,0,no,SpeX Spectrograph,ShortXD,merged_v346nor_sxd_20150722.txt,1.0
2457225.7856901,2457225.7462704,2015-07-22,20150722,LXD,1.7626321,1.7626321e-06,170082263905213.12,,,,0.010283423,0.00083889271,0,no,SpeX Spectrograph,LXD_short,merged_v346nor_lxd_20150722.txt,1.0
2457225.7462704,2457225.7462704,2015-07-22,20150722,SXD,1.7626812,1.7626812e-06,170077526214042.56,,,,0.0088568414,0.00017431067,0,no,SpeX Spectrograph,ShortXD,merged_v346nor_sxd_20150722.txt,1.0
2457225.7856901,2457225.7462704,2015-07-22,20150722,LXD,1.7628766,1.7628766e-06,170058674554985.88,,,,0.010807006,0.00084222207,0,no,SpeX Spectrograph,LXD_short,merged_v346nor_lxd_20150722.txt,1.0
2457225.7462704,2457225.7462704,2015-07-22,20150722,SXD,1.7629492,1.7629491999999998e-06,170051671369770.62,,,,0.009554388,0.00017899986,0,no,SpeX Spectrograph,ShortXD,merged_v346nor_sxd_20150722.txt,1.0
2457225.7856901,2457225.7462704,2015-07-22,20150722,LXD,1.7631212,1.7631212e-06,170035082103260.97,,,,0.010101269,0.00081007858,0,no,SpeX Spectrograph,LXD_short,merged_v346nor_lxd_20150722.txt,1.0
2457225.7462704,2457225.7462704,2015-07-22,20150722,SXD,1.7632172,1.7632171999999998e-06,170025824385106.97,,,,0.0099730771,0.00018022045,0,no,SpeX Spectrograph,ShortXD,merged_v346nor_sxd_20150722.txt,1.0
2457225.7856901,2457225.7462704,2015-07-22,20150722,LXD,1.7633657,1.7633657e-06,170011505837955.22,,,,0.011085279,0.00079251104,0,no,SpeX Spectrograph,LXD_short,merged_v346nor_lxd_20150722.txt,1.0
2457225.7462704,2457225.7462704,2015-07-22,20150722,SXD,1.7634852,1.7634852e-06,169999985256468.28,,,,0.0097946348,0.00017250488,0,no,SpeX Spectrograph,ShortXD,merged_v346nor_sxd_20150722.txt,1.0
2457225.7856901,2457225.7462704,2015-07-22,20150722,LXD,1.7636102,1.7636101999999999e-06,169987936109691.38,,,,0.010666416,0.00075652817,0,no,SpeX Spectrograph,LXD_short,merged_v346nor_lxd_20150722.txt,1.0
2457225.7462704,2457225.7462704,2015-07-22,20150722,SXD,1.7637532,1.7637532e-06,169974153980273.44,,,,0.010015944,0.0001726737,0,no,SpeX Spectrograph,ShortXD,merged_v346nor_sxd_20150722.txt,1.0
2457225.7856901,2457225.7462704,2015-07-22,20150722,LXD,1.7638547,1.7638547e-06,169964372915750.94,,,,0.010444597,0.00075319759,0,no,SpeX Spectrograph,LXD_short,merged_v346nor_lxd_20150722.txt,1.0
2457225.7462704,2457225.7462704,2015-07-22,20150722,SXD,1.764021,1.764021e-06,169948349821232.28,,,,0.0096902,0.00017481144,0,no,SpeX Spectrograph,ShortXD,merged_v346nor_sxd_20150722.txt,1.0
2457225.7856901,2457225.7462704,2015-07-22,20150722,LXD,1.7640994,1.7640994e-06,169940796986836.47,,,,0.011758462,0.00073267292,0,no,SpeX Spectrograph,LXD_short,merged_v346nor_lxd_20150722.txt,1.0
2457225.7462704,2457225.7462704,2015-07-22,20150722,SXD,1.764289,1.764289e-06,169922534233337.06,,,,0.0097605633,0.00020306981,0,no,SpeX Spectrograph,ShortXD,merged_v346nor_sxd_20150722.txt,1.0
2457225.7856901,2457225.7462704,2015-07-22,20150722,LXD,1.7643439,1.7643439e-06,169917246858733.16,,,,0.0098560238,0.00074598816,0,no,SpeX Spectrograph,LXD_short,merged_v346nor_lxd_20150722.txt,1.0
2457225.7462704,2457225.7462704,2015-07-22,20150722,SXD,1.764557,1.7645569999999999e-06,169896726487157.97,,,,0.0097633488,0.00029104072,0,no,SpeX Spectrograph,ShortXD,merged_v346nor_sxd_20150722.txt,1.0
2457225.7856901,2457225.7462704,2015-07-22,20150722,LXD,1.7645884,1.7645884e-06,169893703256804.8,,,,0.0098715639,0.00078588794,0,no,SpeX Spectrograph,LXD_short,merged_v346nor_lxd_20150722.txt,1.0
2457225.7462704,2457225.7462704,2015-07-22,20150722,SXD,1.764825,1.764825e-06,169870926579122.56,,,,0.0093851667,0.00042579378,0,no,SpeX Spectrograph,ShortXD,merged_v346nor_sxd_20150722.txt,1.0
2457225.7856901,2457225.7462704,2015-07-22,20150722,LXD,1.7648329,1.7648329e-06,169870166178339.03,,,,0.010822502,0.00089084002,0,no,SpeX Spectrograph,LXD_short,merged_v346nor_lxd_20150722.txt,1.0
2457225.7856901,2457225.7462704,2015-07-22,20150722,LXD,1.7650774,1.7650774e-06,169846635620624.9,,,,0.010667201,0.00098358176,0,no,SpeX Spectrograph,LXD_short,merged_v346nor_lxd_20150722.txt,1.0
2457225.7462704,2457225.7462704,2015-07-22,20150722,SXD,1.765093,1.7650929999999999e-06,169845134505660.62,,,,0.0086455978,0.00048535669,0,no,SpeX Spectrograph,ShortXD,merged_v346nor_sxd_20150722.txt,1.0
2457225.7856901,2457225.7462704,2015-07-22,20150722,LXD,1.7653219,1.7653218999999999e-06,169823111580953.03,,,,0.010448333,0.0011469478,0,no,SpeX Spectrograph,LXD_short,merged_v346nor_lxd_20150722.txt,1.0
2457225.7462704,2457225.7462704,2015-07-22,20150722,SXD,1.765361,1.7653609999999998e-06,169819350263203.97,,,,0.009047051,0.00053021614,0,no,SpeX Spectrograph,ShortXD,merged_v346nor_sxd_20150722.txt,1.0
2457225.7856901,2457225.7462704,2015-07-22,20150722,LXD,1.7655663,1.7655662999999998e-06,169799603673903.4,,,,0.010715415,0.0013383477,0,no,SpeX Spectrograph,LXD_short,merged_v346nor_lxd_20150722.txt,1.0
2457225.7462704,2457225.7462704,2015-07-22,20150722,SXD,1.7656288,1.7656288e-06,169793593081399.7,,,,0.0081159631,0.00059439644,0,no,SpeX Spectrograph,ShortXD,merged_v346nor_sxd_20150722.txt,1.0
2457225.7856901,2457225.7462704,2015-07-22,20150722,LXD,1.7658108,1.7658107999999999e-06,169776092659530.7,,,,0.016094912,0.0013861469,0,no,SpeX Spectrograph,LXD_short,merged_v346nor_lxd_20150722.txt,1.0
2457225.7462704,2457225.7462704,2015-07-22,20150722,SXD,1.7658968,1.7658968e-06,169767824484420.62,,,,0.00910821,0.00053540245,0,no,SpeX Spectrograph,ShortXD,merged_v346nor_sxd_20150722.txt,1.0
2457225.7856901,2457225.7462704,2015-07-22,20150722,LXD,1.7660553,1.7660553e-06,169752588155082.12,,,,0.010786534,0.0011732051,0,no,SpeX Spectrograph,LXD_short,merged_v346nor_lxd_20150722.txt,1.0
2457225.7462704,2457225.7462704,2015-07-22,20150722,SXD,1.7661648,1.7661648e-06,169742063707758.2,,,,0.010873735,0.0003480578,0,no,SpeX Spectrograph,ShortXD,merged_v346nor_sxd_20150722.txt,1.0
2457225.7856901,2457225.7462704,2015-07-22,20150722,LXD,1.7662998,1.7662998e-06,169729090157854.28,,,,0.011559897,0.0009898101,0,no,SpeX Spectrograph,LXD_short,merged_v346nor_lxd_20150722.txt,1.0
2457225.7462704,2457225.7462704,2015-07-22,20150722,SXD,1.7664328,1.7664328e-06,169716310747852.97,,,,0.011676244,0.00031688329,0,no,SpeX Spectrograph,ShortXD,merged_v346nor_sxd_20150722.txt,1.0
2457225.7856901,2457225.7462704,2015-07-22,20150722,LXD,1.7665443,1.7665443e-06,169705598665145.28,,,,0.011207955,0.00086439284,0,no,SpeX Spectrograph,LXD_short,merged_v346nor_lxd_20150722.txt,1.0
2457225.7462704,2457225.7462704,2015-07-22,20150722,SXD,1.7667007,1.7667006999999997e-06,169690575206088.97,,,,0.011614516,0.00034159544,0,no,SpeX Spectrograph,ShortXD,merged_v346nor_sxd_20150722.txt,1.0
2457225.7856901,2457225.7462704,2015-07-22,20150722,LXD,1.7667888,1.7667888e-06,169682113674254.66,,,,0.012031175,0.00085447897,0,no,SpeX Spectrograph,LXD_short,merged_v346nor_lxd_20150722.txt,1.0
2457225.7462704,2457225.7462704,2015-07-22,20150722,SXD,1.7669686,1.7669686e-06,169664847468144.03,,,,0.0099463053,0.00032377781,0,no,SpeX Spectrograph,ShortXD,merged_v346nor_sxd_20150722.txt,1.0
2457225.7856901,2457225.7462704,2015-07-22,20150722,LXD,1.7670333,1.7670332999999999e-06,169658635182483.56,,,,0.010118994,0.00081620598,0,no,SpeX Spectrograph,LXD_short,merged_v346nor_lxd_20150722.txt,1.0
2457225.7462704,2457225.7462704,2015-07-22,20150722,SXD,1.7672366,1.7672365999999998e-06,169639117931351.16,,,,0.0095457127,0.00030879499,0,no,SpeX Spectrograph,ShortXD,merged_v346nor_sxd_20150722.txt,1.0
2457225.7856901,2457225.7462704,2015-07-22,20150722,LXD,1.7672778,1.7672778e-06,169635163187134.47,,,,0.010944027,0.00082624448,0,no,SpeX Spectrograph,LXD_short,merged_v346nor_lxd_20150722.txt,1.0
2457225.7462704,2457225.7462704,2015-07-22,20150722,SXD,1.7675046,1.7675046e-06,169613396197101.84,,,,0.0096304743,0.0002929974,0,no,SpeX Spectrograph,ShortXD,merged_v346nor_sxd_20150722.txt,1.0
2457225.7856901,2457225.7462704,2015-07-22,20150722,LXD,1.7675223,1.7675222999999998e-06,169611697685511.53,,,,0.01052101,0.00081237091,0,no,SpeX Spectrograph,LXD_short,merged_v346nor_lxd_20150722.txt,1.0
2457225.7856901,2457225.7462704,2015-07-22,20150722,LXD,1.7677667,1.7677666999999997e-06,169588248268281.12,,,,0.01064555,0.00077408599,0,no,SpeX Spectrograph,LXD_short,merged_v346nor_lxd_20150722.txt,1.0
2457225.7462704,2457225.7462704,2015-07-22,20150722,SXD,1.7677726,1.7677726e-06,169587682261847.47,,,,0.0090608317,0.00024425203,0,no,SpeX Spectrograph,ShortXD,merged_v346nor_sxd_20150722.txt,1.0
2457225.7856901,2457225.7462704,2015-07-22,20150722,LXD,1.7680112,1.7680111999999998e-06,169564795743375.4,,,,0.0096737333,0.00076895597,0,no,SpeX Spectrograph,LXD_short,merged_v346nor_lxd_20150722.txt,1.0
2457225.7462704,2457225.7462704,2015-07-22,20150722,SXD,1.7680405,1.7680404999999998e-06,169561985712431.38,,,,0.0088494867,0.00018752008,0,no,SpeX Spectrograph,ShortXD,merged_v346nor_sxd_20150722.txt,1.0
2457225.7856901,2457225.7462704,2015-07-22,20150722,LXD,1.7682557,1.7682557e-06,169541349704118.0,,,,0.011309063,0.00076346693,0,no,SpeX Spectrograph,LXD_short,merged_v346nor_lxd_20150722.txt,1.0
2457225.7462704,2457225.7462704,2015-07-22,20150722,SXD,1.7683084,1.7683083999999998e-06,169536296949106.84,,,,0.0087855924,0.00018580961,0,no,SpeX Spectrograph,ShortXD,merged_v346nor_sxd_20150722.txt,1.0
2457225.7856901,2457225.7462704,2015-07-22,20150722,LXD,1.7685002,1.7685002e-06,169517910147819.03,,,,0.011260329,0.00076398335,0,no,SpeX Spectrograph,LXD_short,merged_v346nor_lxd_20150722.txt,1.0
2457225.7462704,2457225.7462704,2015-07-22,20150722,SXD,1.7685764,1.7685763999999998e-06,169510606383755.9,,,,0.0093127694,0.00018265868,0,no,SpeX Spectrograph,ShortXD,merged_v346nor_sxd_20150722.txt,1.0
2457225.7856901,2457225.7462704,2015-07-22,20150722,LXD,1.7687446,1.7687446e-06,169494486654545.84,,,,0.011281297,0.0007633678,0,no,SpeX Spectrograph,LXD_short,merged_v346nor_lxd_20150722.txt,1.0
2457225.7462704,2457225.7462704,2015-07-22,20150722,SXD,1.7688444,1.7688444e-06,169484923603229.3,,,,0.0090176584,0.00018280899,0,no,SpeX Spectrograph,ShortXD,merged_v346nor_sxd_20150722.txt,1.0
2457225.7856901,2457225.7462704,2015-07-22,20150722,LXD,1.7689891,1.7689891e-06,169471060053450.88,,,,0.010607697,0.00076791545,0,no,SpeX Spectrograph,LXD_short,merged_v346nor_lxd_20150722.txt,1.0
2457225.7462704,2457225.7462704,2015-07-22,20150722,SXD,1.7691123,1.7691122999999999e-06,169459258182762.06,,,,0.0092179524,0.00019421078,0,no,SpeX Spectrograph,ShortXD,merged_v346nor_sxd_20150722.txt,1.0
2457225.7856901,2457225.7462704,2015-07-22,20150722,LXD,1.7692336,1.7692335999999998e-06,169447639927254.4,,,,0.011079456,0.00079834036,0,no,SpeX Spectrograph,LXD_short,merged_v346nor_lxd_20150722.txt,1.0
2457225.7462704,2457225.7462704,2015-07-22,20150722,SXD,1.7693803,1.7693802999999998e-06,169433590958371.16,,,,0.0093897302,0.00021506398,0,no,SpeX Spectrograph,ShortXD,merged_v346nor_sxd_20150722.txt,1.0
2457225.7856901,2457225.7462704,2015-07-22,20150722,LXD,1.769478,1.769478e-06,169424235848086.28,,,,0.011292851,0.00082527578,0,no,SpeX Spectrograph,LXD_short,merged_v346nor_lxd_20150722.txt,1.0
2457225.7462704,2457225.7462704,2015-07-22,20150722,SXD,1.7696483,1.7696483e-06,169407931508198.53,,,,0.0099313837,0.00021970397,0,no,SpeX Spectrograph,ShortXD,merged_v346nor_sxd_20150722.txt,1.0
2457225.7856901,2457225.7462704,2015-07-22,20150722,LXD,1.7697225,1.7697225e-06,169400828660990.62,,,,0.01063532,0.00083730515,0,no,SpeX Spectrograph,LXD_short,merged_v346nor_lxd_20150722.txt,1.0
2457225.7462704,2457225.7462704,2015-07-22,20150722,SXD,1.7699162,1.7699161999999999e-06,169382289398786.25,,,,0.0097600557,0.00022320671,0,no,SpeX Spectrograph,ShortXD,merged_v346nor_sxd_20150722.txt,1.0
2457225.7856901,2457225.7462704,2015-07-22,20150722,LXD,1.7699668,1.7699667999999998e-06,169377447079798.34,,,,0.011010417,0.00083114899,0,no,SpeX Spectrograph,LXD_short,merged_v346nor_lxd_20150722.txt,1.0
2457225.7462704,2457225.7462704,2015-07-22,20150722,SXD,1.7701842,1.7701842e-06,169356645483560.4,,,,0.0095629003,0.0002214861,0,no,SpeX Spectrograph,ShortXD,merged_v346nor_sxd_20150722.txt,1.0
2457225.7856901,2457225.7462704,2015-07-22,20150722,LXD,1.7702113,1.7702113e-06,169354052818440.38,,,,0.010927353,0.00084141234,0,no,SpeX Spectrograph,LXD_short,merged_v346nor_lxd_20150722.txt,1.0
2457225.7462704,2457225.7462704,2015-07-22,20150722,SXD,1.7704521,1.7704521e-06,169331018896246.9,,,,0.0097340504,0.00021222347,0,no,SpeX Spectrograph,ShortXD,merged_v346nor_sxd_20150722.txt,1.0
2457225.7856901,2457225.7462704,2015-07-22,20150722,LXD,1.7704557,1.7704557e-06,169330674582820.7,,,,0.010789652,0.00085631385,0,no,SpeX Spectrograph,LXD_short,merged_v346nor_lxd_20150722.txt,1.0
2457225.7856901,2457225.7462704,2015-07-22,20150722,LXD,1.7707002,1.7707002e-06,169307293239137.84,,,,0.010504449,0.00085640582,0,no,SpeX Spectrograph,LXD_short,merged_v346nor_lxd_20150722.txt,1.0
2457225.7462704,2457225.7462704,2015-07-22,20150722,SXD,1.7707201,1.7707201e-06,169305390501864.2,,,,0.0097936019,0.00019376358,0,no,SpeX Spectrograph,ShortXD,merged_v346nor_sxd_20150722.txt,1.0
2457225.7856901,2457225.7462704,2015-07-22,20150722,LXD,1.7709446,1.7709445999999999e-06,169283927910562.53,,,,0.010225196,0.00084046862,0,no,SpeX Spectrograph,LXD_short,merged_v346nor_lxd_20150722.txt,1.0
2457225.7462704,2457225.7462704,2015-07-22,20150722,SXD,1.7709881,1.7709880999999999e-06,169279769864066.28,,,,0.010145542,0.0001807838,0,no,SpeX Spectrograph,ShortXD,merged_v346nor_sxd_20150722.txt,1.0
2457225.7856901,2457225.7462704,2015-07-22,20150722,LXD,1.771189,1.7711889999999998e-06,169260569030182.56,,,,0.011445419,0.00080521777,0,no,SpeX Spectrograph,LXD_short,merged_v346nor_lxd_20150722.txt,1.0
2457225.7462704,2457225.7462704,2015-07-22,20150722,SXD,1.771256,1.771256e-06,169254166534933.4,,,,0.010496495,0.00018048403,0,no,SpeX Spectrograph,ShortXD,merged_v346nor_sxd_20150722.txt,1.0
2457225.7856901,2457225.7462704,2015-07-22,20150722,LXD,1.7714335,1.7714335e-06,169237207041641.7,,,,0.01077674,0.00076301786,0,no,SpeX Spectrograph,LXD_short,merged_v346nor_lxd_20150722.txt,1.0
2457225.7462704,2457225.7462704,2015-07-22,20150722,SXD,1.771524,1.771524e-06,169228561396853.78,,,,0.010385861,0.00017349457,0,no,SpeX Spectrograph,ShortXD,merged_v346nor_sxd_20150722.txt,1.0
2457225.7856901,2457225.7462704,2015-07-22,20150722,LXD,1.7716779,1.7716779e-06,169213861052282.7,,,,0.011648417,0.00074623898,0,no,SpeX Spectrograph,LXD_short,merged_v346nor_lxd_20150722.txt,1.0
2457225.7462704,2457225.7462704,2015-07-22,20150722,SXD,1.7717919,1.7717919e-06,169202973554625.7,,,,0.010144405,0.00016813941,0,no,SpeX Spectrograph,ShortXD,merged_v346nor_sxd_20150722.txt,1.0
2457225.7856901,2457225.7462704,2015-07-22,20150722,LXD,1.7719222,1.7719221999999998e-06,169190531051532.66,,,,0.011964608,0.00074480753,0,no,SpeX Spectrograph,LXD_short,merged_v346nor_lxd_20150722.txt,1.0
2457225.7462704,2457225.7462704,2015-07-22,20150722,SXD,1.7720599,1.7720598999999997e-06,169177383902203.34,,,,0.0099604074,0.00016901029,0,no,SpeX Spectrograph,ShortXD,merged_v346nor_sxd_20150722.txt,1.0
2457225.7856901,2457225.7462704,2015-07-22,20150722,LXD,1.7721667,1.7721667e-06,169167188391475.8,,,,0.010469702,0.00077293912,0,no,SpeX Spectrograph,LXD_short,merged_v346nor_lxd_20150722.txt,1.0
2457225.7462704,2457225.7462704,2015-07-22,20150722,SXD,1.7723278,1.7723278e-06,169151811532832.7,,,,0.0097740134,0.00016786036,0,no,SpeX Spectrograph,ShortXD,merged_v346nor_sxd_20150722.txt,1.0
2457225.7856901,2457225.7462704,2015-07-22,20150722,LXD,1.7724111,1.7724111e-06,169143861714700.38,,,,0.010506664,0.00076076237,0,no,SpeX Spectrograph,LXD_short,merged_v346nor_lxd_20150722.txt,1.0
2457225.7462704,2457225.7462704,2015-07-22,20150722,SXD,1.7725958,1.7725957999999998e-06,169126237352023.53,,,,0.0093412967,0.00017419658,0,no,SpeX Spectrograph,ShortXD,merged_v346nor_sxd_20150722.txt,1.0
2457225.7856901,2457225.7462704,2015-07-22,20150722,LXD,1.7726555,1.7726555e-06,169120541470127.72,,,,0.010620857,0.00076235639,0,no,SpeX Spectrograph,LXD_short,merged_v346nor_lxd_20150722.txt,1.0
2457225.7462704,2457225.7462704,2015-07-22,20150722,SXD,1.7728637,1.7728637e-06,169100680441480.06,,,,0.009295282,0.0001833971,0,no,SpeX Spectrograph,ShortXD,merged_v346nor_sxd_20150722.txt,1.0
2457225.7856901,2457225.7462704,2015-07-22,20150722,LXD,1.7728999,1.7728999e-06,169097227655097.72,,,,0.010846724,0.00076294719,0,no,SpeX Spectrograph,LXD_short,merged_v346nor_lxd_20150722.txt,1.0
2457225.7462704,2457225.7462704,2015-07-22,20150722,SXD,1.7731317,1.7731316999999998e-06,169075121718257.03,,,,0.0097220959,0.00019116123,0,no,SpeX Spectrograph,ShortXD,merged_v346nor_sxd_20150722.txt,1.0
2457225.7856901,2457225.7462704,2015-07-22,20150722,LXD,1.7731442,1.7731441999999998e-06,169073929802212.38,,,,0.010929484,0.00076551602,0,no,SpeX Spectrograph,LXD_short,merged_v346nor_lxd_20150722.txt,1.0
2457225.7856901,2457225.7462704,2015-07-22,20150722,LXD,1.7733886,1.7733886e-06,169050628835665.25,,,,0.011781724,0.00080335711,0,no,SpeX Spectrograph,LXD_short,merged_v346nor_lxd_20150722.txt,1.0
2457225.7462704,2457225.7462704,2015-07-22,20150722,SXD,1.7733997,1.7733996999999998e-06,169049570720013.12,,,,0.0096211722,0.00019134657,0,no,SpeX Spectrograph,ShortXD,merged_v346nor_sxd_20150722.txt,1.0
2457225.7856901,2457225.7462704,2015-07-22,20150722,LXD,1.7736331,1.7736331e-06,169027324760684.72,,,,0.012289522,0.00085533492,0,no,SpeX Spectrograph,LXD_short,merged_v346nor_lxd_20150722.txt,1.0
2457225.7462704,2457225.7462704,2015-07-22,20150722,SXD,1.7736676,1.7736675999999998e-06,169024036972880.38,,,,0.0097114984,0.00019857862,0,no,SpeX Spectrograph,ShortXD,merged_v346nor_sxd_20150722.txt,1.0
2457225.7856901,2457225.7462704,2015-07-22,20150722,LXD,1.7738775,1.7738775e-06,169004036637253.7,,,,0.012574288,0.00093880715,0,no,SpeX Spectrograph,LXD_short,merged_v346nor_lxd_20150722.txt,1.0
2457225.7462704,2457225.7462704,2015-07-22,20150722,SXD,1.7739356,1.7739355999999998e-06,168998501411212.47,,,,0.0098220492,0.00020324478,0,no,SpeX Spectrograph,ShortXD,merged_v346nor_sxd_20150722.txt,1.0
2457225.7856901,2457225.7462704,2015-07-22,20150722,LXD,1.7741219,1.7741219e-06,168980754930086.84,,,,0.012539599,0.00096781168,0,no,SpeX Spectrograph,LXD_short,merged_v346nor_lxd_20150722.txt,1.0
2457225.7462704,2457225.7462704,2015-07-22,20150722,SXD,1.7742035,1.7742034999999999e-06,168972983087903.97,,,,0.010711592,0.00020829728,0,no,SpeX Spectrograph,ShortXD,merged_v346nor_sxd_20150722.txt,1.0
2457225.7856901,2457225.7462704,2015-07-22,20150722,LXD,1.7743663,1.7743663e-06,168957479636532.78,,,,0.013231363,0.00095234794,0,no,SpeX Spectrograph,LXD_short,merged_v346nor_lxd_20150722.txt,1.0
2457225.7462704,2457225.7462704,2015-07-22,20150722,SXD,1.7744715,1.7744714999999999e-06,168947462948827.3,,,,0.011591621,0.00020795547,0,no,SpeX Spectrograph,ShortXD,merged_v346nor_sxd_20150722.txt,1.0
2457225.7856901,2457225.7462704,2015-07-22,20150722,LXD,1.7746106,1.7746105999999998e-06,168934220273450.44,,,,0.011487828,0.00088959077,0,no,SpeX Spectrograph,LXD_short,merged_v346nor_lxd_20150722.txt,1.0
2457225.7462704,2457225.7462704,2015-07-22,20150722,SXD,1.7747395,1.7747394999999998e-06,168921950517244.94,,,,0.011123109,0.00019871943,0,no,SpeX Spectrograph,ShortXD,merged_v346nor_sxd_20150722.txt,1.0
2457225.7856901,2457225.7462704,2015-07-22,20150722,LXD,1.774855,1.774855e-06,168910957796552.4,,,,0.010985261,0.00083755766,0,no,SpeX Spectrograph,LXD_short,merged_v346nor_lxd_20150722.txt,1.0
2457225.7462704,2457225.7462704,2015-07-22,20150722,SXD,1.7750074,1.7750074e-06,168896455304918.75,,,,0.0097442428,0.00019503932,0,no,SpeX Spectrograph,ShortXD,merged_v346nor_sxd_20150722.txt,1.0
2457225.7856901,2457225.7462704,2015-07-22,20150722,LXD,1.7750994,1.7750994e-06,168887701725323.12,,,,0.010997036,0.00081777107,0,no,SpeX Spectrograph,LXD_short,merged_v346nor_lxd_20150722.txt,1.0
2457225.7462704,2457225.7462704,2015-07-22,20150722,SXD,1.7752753,1.7752752999999997e-06,168870967787362.34,,,,0.0094617922,0.00019577905,0,no,SpeX Spectrograph,ShortXD,merged_v346nor_sxd_20150722.txt,1.0
2457225.7856901,2457225.7462704,2015-07-22,20150722,LXD,1.7753437,1.7753437e-06,168864461568765.53,,,,0.011013597,0.00083324569,0,no,SpeX Spectrograph,LXD_short,merged_v346nor_lxd_20150722.txt,1.0
2457225.7462704,2457225.7462704,2015-07-22,20150722,SXD,1.7755433,1.7755433e-06,168845478451581.56,,,,0.0088820774,0.00019190338,0,no,SpeX Spectrograph,ShortXD,merged_v346nor_sxd_20150722.txt,1.0
2457225.7856901,2457225.7462704,2015-07-22,20150722,LXD,1.775588,1.7755879999999999e-06,168841227807351.72,,,,0.012225666,0.00091084267,0,no,SpeX Spectrograph,LXD_short,merged_v346nor_lxd_20150722.txt,1.0
2457225.7462704,2457225.7462704,2015-07-22,20150722,SXD,1.7758113,1.7758113e-06,168819996809345.7,,,,0.0086226845,0.00019815919,0,no,SpeX Spectrograph,ShortXD,merged_v346nor_sxd_20150722.txt,1.0
2457225.7856901,2457225.7462704,2015-07-22,20150722,LXD,1.7758324,1.7758324e-06,168817990932027.16,,,,0.0088236416,0.00097208505,0,no,SpeX Spectrograph,LXD_short,merged_v346nor_lxd_20150722.txt,1.0
2457225.7856901,2457225.7462704,2015-07-22,20150722,LXD,1.7760768,1.7760768e-06,168794760451800.28,,,,0.01098242,0.0010250431,0,no,SpeX Spectrograph,LXD_short,merged_v346nor_lxd_20150722.txt,1.0
2457225.7462704,2457225.7462704,2015-07-22,20150722,SXD,1.7760792,1.7760792e-06,168794532360944.28,,,,0.0086723706,0.00021290293,0,no,SpeX Spectrograph,ShortXD,merged_v346nor_sxd_20150722.txt,1.0
2457225.7856901,2457225.7462704,2015-07-22,20150722,LXD,1.7763212,1.7763211999999999e-06,168771536364031.47,,,,0.010347553,0.0010037752,0,no,SpeX Spectrograph,LXD_short,merged_v346nor_lxd_20150722.txt,1.0
2457225.7462704,2457225.7462704,2015-07-22,20150722,SXD,1.7763472,1.7763472e-06,168769066092484.62,,,,0.009770412,0.00021600293,0,no,SpeX Spectrograph,ShortXD,merged_v346nor_sxd_20150722.txt,1.0
2457225.7856901,2457225.7462704,2015-07-22,20150722,LXD,1.7765656,1.7765656e-06,168748318666082.47,,,,0.011222389,0.00093599764,0,no,SpeX Spectrograph,LXD_short,merged_v346nor_lxd_20150722.txt,1.0
2457225.7462704,2457225.7462704,2015-07-22,20150722,SXD,1.7766151,1.7766150999999998e-06,168743617005169.0,,,,0.010342292,0.00021826323,0,no,SpeX Spectrograph,ShortXD,merged_v346nor_sxd_20150722.txt,1.0
2457225.7856901,2457225.7462704,2015-07-22,20150722,LXD,1.7768098,1.7768098e-06,168725126347231.97,,,,0.012025415,0.00087130838,0,no,SpeX Spectrograph,LXD_short,merged_v346nor_lxd_20150722.txt,1.0
2457225.7462704,2457225.7462704,2015-07-22,20150722,SXD,1.7768831,1.7768831e-06,168718166096576.66,,,,0.010281193,0.00020854402,0,no,SpeX Spectrograph,ShortXD,merged_v346nor_sxd_20150722.txt,1.0
2457225.7856901,2457225.7462704,2015-07-22,20150722,LXD,1.7770542,1.7770542e-06,168701921415790.25,,,,0.011863779,0.00081135699,0,no,SpeX Spectrograph,LXD_short,merged_v346nor_lxd_20150722.txt,1.0
2457225.7462704,2457225.7462704,2015-07-22,20150722,SXD,1.7771511,1.7771511e-06,168692722864139.12,,,,0.010512492,0.00020814379,0,no,SpeX Spectrograph,ShortXD,merged_v346nor_sxd_20150722.txt,1.0
2457225.7856901,2457225.7462704,2015-07-22,20150722,LXD,1.7772986,1.7772986e-06,168678722866264.56,,,,0.011766805,0.00080189737,0,no,SpeX Spectrograph,LXD_short,merged_v346nor_lxd_20150722.txt,1.0
2457225.7462704,2457225.7462704,2015-07-22,20150722,SXD,1.777419,1.777419e-06,168667296793834.22,,,,0.010135156,0.000203957,0,no,SpeX Spectrograph,ShortXD,merged_v346nor_sxd_20150722.txt,1.0
2457225.7856901,2457225.7462704,2015-07-22,20150722,LXD,1.7775428,1.7775428e-06,168655549672277.94,,,,0.011387241,0.00080557179,0,no,SpeX Spectrograph,LXD_short,merged_v346nor_lxd_20150722.txt,1.0
2457225.7462704,2457225.7462704,2015-07-22,20150722,SXD,1.777687,1.777687e-06,168641868900430.72,,,,0.01000536,0.00020212553,0,no,SpeX Spectrograph,ShortXD,merged_v346nor_sxd_20150722.txt,1.0
2457225.7856901,2457225.7462704,2015-07-22,20150722,LXD,1.7777872,1.7777871999999999e-06,168632363873471.47,,,,0.010617537,0.00082780304,0,no,SpeX Spectrograph,LXD_short,merged_v346nor_lxd_20150722.txt,1.0
2457225.7462704,2457225.7462704,2015-07-22,20150722,SXD,1.7779549,1.7779548999999998e-06,168616458156503.3,,,,0.0096570719,0.00020343551,0,no,SpeX Spectrograph,ShortXD,merged_v346nor_sxd_20150722.txt,1.0
2457225.7856901,2457225.7462704,2015-07-22,20150722,LXD,1.7780316,1.7780316e-06,168609184448690.34,,,,0.012526193,0.00089502364,0,no,SpeX Spectrograph,LXD_short,merged_v346nor_lxd_20150722.txt,1.0
2457225.7462704,2457225.7462704,2015-07-22,20150722,SXD,1.7782229,1.7782229e-06,168591045588266.8,,,,0.0092020081,0.00021027761,0,no,SpeX Spectrograph,ShortXD,merged_v346nor_sxd_20150722.txt,1.0
2457225.7856901,2457225.7462704,2015-07-22,20150722,LXD,1.7782758,1.7782758e-06,168586030355921.16,,,,0.0090294443,0.0009883506,0,no,SpeX Spectrograph,LXD_short,merged_v346nor_lxd_20150722.txt,1.0
2457225.7462704,2457225.7462704,2015-07-22,20150722,SXD,1.7784909,1.7784908999999998e-06,168565640678847.47,,,,0.0094601773,0.00021112256,0,no,SpeX Spectrograph,ShortXD,merged_v346nor_sxd_20150722.txt,1.0
2457225.7856901,2457225.7462704,2015-07-22,20150722,LXD,1.7785202,1.7785202e-06,168562863666097.25,,,,0.012609347,0.0011187962,0,no,SpeX Spectrograph,LXD_short,merged_v346nor_lxd_20150722.txt,1.0
2457225.7462704,2457225.7462704,2015-07-22,20150722,SXD,1.7787588,1.7787588e-06,168540252899943.47,,,,0.010459438,0.00022769938,0,no,SpeX Spectrograph,ShortXD,merged_v346nor_sxd_20150722.txt,1.0
2457225.7856901,2457225.7462704,2015-07-22,20150722,LXD,1.7787645,1.7787645e-06,168539712817520.25,,,,0.01004676,0.0011873775,0,no,SpeX Spectrograph,LXD_short,merged_v346nor_lxd_20150722.txt,1.0
2457225.7856901,2457225.7462704,2015-07-22,20150722,LXD,1.7790089,1.7790089e-06,168516558854764.6,,,,0.010424954,0.0011306038,0,no,SpeX Spectrograph,LXD_short,merged_v346nor_lxd_20150722.txt,1.0
2457225.7462704,2457225.7462704,2015-07-22,20150722,SXD,1.7790267,1.7790267e-06,168514872767227.16,,,,0.011293367,0.00024579043,0,no,SpeX Spectrograph,ShortXD,merged_v346nor_sxd_20150722.txt,1.0
2457225.7856901,2457225.7462704,2015-07-22,20150722,LXD,1.7792531,1.7792531e-06,168493430192702.78,,,,0.013341554,0.001041934,0,no,SpeX Spectrograph,LXD_short,merged_v346nor_lxd_20150722.txt,1.0
2457225.7462704,2457225.7462704,2015-07-22,20150722,SXD,1.7792947,1.7792946999999999e-06,168489490807790.3,,,,0.011282986,0.00023946185,0,no,SpeX Spectrograph,ShortXD,merged_v346nor_sxd_20150722.txt,1.0
2457225.7856901,2457225.7462704,2015-07-22,20150722,LXD,1.7794975,1.7794975e-06,168470288943929.4,,,,0.01121751,0.00089371763,0,no,SpeX Spectrograph,LXD_short,merged_v346nor_lxd_20150722.txt,1.0
2457225.7462704,2457225.7462704,2015-07-22,20150722,SXD,1.7795627,1.7795626999999999e-06,168464116493338.5,,,,0.011575285,0.00020840977,0,no,SpeX Spectrograph,ShortXD,merged_v346nor_sxd_20150722.txt,1.0
2457225.7856901,2457225.7462704,2015-07-22,20150722,LXD,1.7797418,1.7797417999999999e-06,168447163515516.7,,,,0.010994761,0.00083724986,0,no,SpeX Spectrograph,LXD_short,merged_v346nor_lxd_20150722.txt,1.0
2457225.7462704,2457225.7462704,2015-07-22,20150722,SXD,1.7798306,1.7798306e-06,168438759284170.1,,,,0.010797874,0.00018996338,0,no,SpeX Spectrograph,ShortXD,merged_v346nor_sxd_20150722.txt,1.0
2457225.7856901,2457225.7462704,2015-07-22,20150722,LXD,1.779986,1.779986e-06,168424053897053.12,,,,0.011356865,0.00081631856,0,no,SpeX Spectrograph,LXD_short,merged_v346nor_lxd_20150722.txt,1.0
2457225.7462704,2457225.7462704,2015-07-22,20150722,SXD,1.7800986,1.7800986e-06,168413400246480.75,,,,0.010746307,0.0001834421,0,no,SpeX Spectrograph,ShortXD,merged_v346nor_sxd_20150722.txt,1.0
2457225.7856901,2457225.7462704,2015-07-22,20150722,LXD,1.7802304,1.7802303999999999e-06,168400931699627.22,,,,0.012642802,0.00081222528,0,no,SpeX Spectrograph,LXD_short,merged_v346nor_lxd_20150722.txt,1.0
2457225.7462704,2457225.7462704,2015-07-22,20150722,SXD,1.7803665,1.7803665e-06,168388058301478.94,,,,0.010039558,0.00018985097,0,no,SpeX Spectrograph,ShortXD,merged_v346nor_sxd_20150722.txt,1.0
2457225.7856901,2457225.7462704,2015-07-22,20150722,LXD,1.7804747,1.7804747e-06,168377825306925.16,,,,0.01052887,0.00084242906,0,no,SpeX Spectrograph,LXD_short,merged_v346nor_lxd_20150722.txt,1.0
2457225.7462704,2457225.7462704,2015-07-22,20150722,SXD,1.7806345,1.7806344999999997e-06,168362714526760.0,,,,0.0096738068,0.00021403073,0,no,SpeX Spectrograph,ShortXD,merged_v346nor_sxd_20150722.txt,1.0
2457225.7856901,2457225.7462704,2015-07-22,20150722,LXD,1.7807189,1.7807189000000001e-06,168354734708549.44,,,,0.01212156,0.00095610583,0,no,SpeX Spectrograph,LXD_short,merged_v346nor_lxd_20150722.txt,1.0
2457225.7462704,2457225.7462704,2015-07-22,20150722,SXD,1.7809024,1.7809024e-06,168337387832146.22,,,,0.009717199,0.00023423697,0,no,SpeX Spectrograph,ShortXD,merged_v346nor_sxd_20150722.txt,1.0
2457225.7856901,2457225.7462704,2015-07-22,20150722,LXD,1.7809633,1.7809633e-06,168331631538954.22,,,,0.011085833,0.0010981289,0,no,SpeX Spectrograph,LXD_short,merged_v346nor_lxd_20150722.txt,1.0
2457225.7462704,2457225.7462704,2015-07-22,20150722,SXD,1.7811704,1.7811703999999998e-06,168312059306622.22,,,,0.0093715787,0.00026197734,0,no,SpeX Spectrograph,ShortXD,merged_v346nor_sxd_20150722.txt,1.0
2457225.7856901,2457225.7462704,2015-07-22,20150722,LXD,1.7812076,1.7812075999999998e-06,168308544158468.7,,,,0.012401745,0.0012024731,0,no,SpeX Spectrograph,LXD_short,merged_v346nor_lxd_20150722.txt,1.0
2457225.7462704,2457225.7462704,2015-07-22,20150722,SXD,1.7814384,1.7814384e-06,168286738401956.53,,,,0.010161324,0.0002762377,0,no,SpeX Spectrograph,ShortXD,merged_v346nor_sxd_20150722.txt,1.0
2457225.7856901,2457225.7462704,2015-07-22,20150722,LXD,1.7814518,1.7814517999999999e-06,168285472556709.1,,,,0.011579275,0.0011906712,0,no,SpeX Spectrograph,LXD_short,merged_v346nor_lxd_20150722.txt,1.0
2457225.7856901,2457225.7462704,2015-07-22,20150722,LXD,1.7816961,1.7816960999999999e-06,168262397835410.88,,,,0.013566963,0.0010623494,0,no,SpeX Spectrograph,LXD_short,merged_v346nor_lxd_20150722.txt,1.0
2457225.7462704,2457225.7462704,2015-07-22,20150722,SXD,1.7817063,1.7817062999999998e-06,168261434558546.5,,,,0.010532282,0.00026395501,0,no,SpeX Spectrograph,ShortXD,merged_v346nor_sxd_20150722.txt,1.0
2457225.7856901,2457225.7462704,2015-07-22,20150722,LXD,1.7819403,1.7819403e-06,168239338882453.03,,,,0.012353338,0.00092467695,0,no,SpeX Spectrograph,LXD_short,merged_v346nor_lxd_20150722.txt,1.0
2457225.7462704,2457225.7462704,2015-07-22,20150722,SXD,1.7819743,1.7819742999999998e-06,168236128882442.38,,,,0.01089222,0.00022792793,0,no,SpeX Spectrograph,ShortXD,merged_v346nor_sxd_20150722.txt,1.0
2457225.7856901,2457225.7462704,2015-07-22,20150722,LXD,1.7821847,1.7821846999999998e-06,168216267371165.3,,,,0.010370447,0.00085899286,0,no,SpeX Spectrograph,LXD_short,merged_v346nor_lxd_20150722.txt,1.0
2457225.7462704,2457225.7462704,2015-07-22,20150722,SXD,1.7822422,1.7822421999999998e-06,168210840255045.03,,,,0.010875414,0.00022058799,0,no,SpeX Spectrograph,ShortXD,merged_v346nor_sxd_20150722.txt,1.0
2457225.7856901,2457225.7462704,2015-07-22,20150722,LXD,1.782429,1.782429e-06,168193211623015.56,,,,0.010837165,0.0008319394,0,no,SpeX Spectrograph,LXD_short,merged_v346nor_lxd_20150722.txt,1.0
2457225.7462704,2457225.7462704,2015-07-22,20150722,SXD,1.7825102,1.7825101999999998e-06,168185549793768.38,,,,0.010692495,0.00020554515,0,no,SpeX Spectrograph,ShortXD,merged_v346nor_sxd_20150722.txt,1.0
2457225.7856901,2457225.7462704,2015-07-22,20150722,LXD,1.7826732,1.7826732e-06,168170171627643.25,,,,0.011826345,0.00082281476,0,no,SpeX Spectrograph,LXD_short,merged_v346nor_lxd_20150722.txt,1.0
2457225.7462704,2457225.7462704,2015-07-22,20150722,SXD,1.7827781,1.7827780999999999e-06,168160276368663.06,,,,0.0099394703,0.00019686142,0,no,SpeX Spectrograph,ShortXD,merged_v346nor_sxd_20150722.txt,1.0
2457225.7856901,2457225.7462704,2015-07-22,20150722,LXD,1.7829175,1.7829174999999999e-06,168147128512676.56,,,,0.010256034,0.00084310042,0,no,SpeX Spectrograph,LXD_short,merged_v346nor_lxd_20150722.txt,1.0
2457225.7462704,2457225.7462704,2015-07-22,20150722,SXD,1.7830461,1.7830460999999999e-06,168135001108496.3,,,,0.0098486841,0.00020604586,0,no,SpeX Spectrograph,ShortXD,merged_v346nor_sxd_20150722.txt,1.0
2457225.7856901,2457225.7462704,2015-07-22,20150722,LXD,1.7831618,1.7831617999999998e-06,168124091711700.0,,,,0.010747665,0.0008518392,0,no,SpeX Spectrograph,LXD_short,merged_v346nor_lxd_20150722.txt,1.0
2457225.7462704,2457225.7462704,2015-07-22,20150722,SXD,1.7833141,1.7833140999999998e-06,168109733445162.6,,,,0.009969946,0.00020300104,0,no,SpeX Spectrograph,ShortXD,merged_v346nor_sxd_20150722.txt,1.0
2457225.7856901,2457225.7462704,2015-07-22,20150722,LXD,1.783406,1.783406e-06,168101070647962.4,,,,0.010654188,0.00087554689,0,no,SpeX Spectrograph,LXD_short,merged_v346nor_lxd_20150722.txt,1.0
2457225.7462704,2457225.7462704,2015-07-22,20150722,SXD,1.783582,1.7835819999999999e-06,168084482799220.9,,,,0.010487907,0.00020839919,0,no,SpeX Spectrograph,ShortXD,merged_v346nor_sxd_20150722.txt,1.0
2457225.7856901,2457225.7462704,2015-07-22,20150722,LXD,1.7836503,1.7836502999999999e-06,168078046464601.28,,,,0.013257964,0.00089105673,0,no,SpeX Spectrograph,LXD_short,merged_v346nor_lxd_20150722.txt,1.0
2457225.7462704,2457225.7462704,2015-07-22,20150722,SXD,1.78385,1.7838499999999999e-06,168059230316450.38,,,,0.010001541,0.00019959519,0,no,SpeX Spectrograph,ShortXD,merged_v346nor_sxd_20150722.txt,1.0
2457225.7856901,2457225.7462704,2015-07-22,20150722,LXD,1.7838945,1.7838945e-06,168055038008133.34,,,,0.010973277,0.00095258118,0,no,SpeX Spectrograph,LXD_short,merged_v346nor_lxd_20150722.txt,1.0
2457225.7462704,2457225.7462704,2015-07-22,20150722,SXD,1.7841179,1.7841179e-06,168033994838569.8,,,,0.0095637217,0.00020260745,0,no,SpeX Spectrograph,ShortXD,merged_v346nor_sxd_20150722.txt,1.0
2457225.7856901,2457225.7462704,2015-07-22,20150722,LXD,1.7841388,1.7841388e-06,168032026432024.25,,,,0.012808976,0.001059397,0,no,SpeX Spectrograph,LXD_short,merged_v346nor_lxd_20150722.txt,1.0
2457225.7856901,2457225.7462704,2015-07-22,20150722,LXD,1.7843831,1.7843831000000001e-06,168009021156947.72,,,,0.010377569,0.0012695771,0,no,SpeX Spectrograph,LXD_short,merged_v346nor_lxd_20150722.txt,1.0
2457225.7462704,2457225.7462704,2015-07-22,20150722,SXD,1.7843859,1.7843859e-06,168008757522686.1,,,,0.0082991878,0.00022361017,0,no,SpeX Spectrograph,ShortXD,merged_v346nor_sxd_20150722.txt,1.0
2457225.7856901,2457225.7462704,2015-07-22,20150722,LXD,1.7846272,1.7846272e-06,167986041006211.28,,,,0.0092274928,0.0014882064,0,no,SpeX Spectrograph,LXD_short,merged_v346nor_lxd_20150722.txt,1.0
2457225.7462704,2457225.7462704,2015-07-22,20150722,SXD,1.7846538,1.7846538e-06,167983537199203.56,,,,0.0090350471,0.0002660513,0,no,SpeX Spectrograph,ShortXD,merged_v346nor_sxd_20150722.txt,1.0
2457225.7856901,2457225.7462704,2015-07-22,20150722,LXD,1.7848715,1.7848714999999998e-06,167963048320285.25,,,,0.015754245,0.001467941,0,no,SpeX Spectrograph,LXD_short,merged_v346nor_lxd_20150722.txt,1.0
2457225.7462704,2457225.7462704,2015-07-22,20150722,SXD,1.7849218,1.7849218e-06,167958315036546.72,,,,0.010303463,0.00029347654,0,no,SpeX Spectrograph,ShortXD,merged_v346nor_sxd_20150722.txt,1.0
2457225.7856901,2457225.7462704,2015-07-22,20150722,LXD,1.7851157,1.7851156999999998e-06,167940071335432.22,,,,0.011922545,0.0013462855,0,no,SpeX Spectrograph,LXD_short,merged_v346nor_lxd_20150722.txt,1.0
2457225.7462704,2457225.7462704,2015-07-22,20150722,SXD,1.7851897,1.7851897e-06,167933109853815.53,,,,0.010586512,0.00028841523,0,no,SpeX Spectrograph,ShortXD,merged_v346nor_sxd_20150722.txt,1.0
2457225.7856901,2457225.7462704,2015-07-22,20150722,LXD,1.78536,1.78536e-06,167917091230900.22,,,,0.010294186,0.0012232738,0,no,SpeX Spectrograph,LXD_short,merged_v346nor_lxd_20150722.txt,1.0
2457225.7462704,2457225.7462704,2015-07-22,20150722,SXD,1.7854577,1.7854577e-06,167907902830741.94,,,,0.010114008,0.00026274586,0,no,SpeX Spectrograph,ShortXD,merged_v346nor_sxd_20150722.txt,1.0
2457225.7856901,2457225.7462704,2015-07-22,20150722,LXD,1.7856042,1.7856042e-06,167894126817130.0,,,,0.010133881,0.0011731032,0,no,SpeX Spectrograph,LXD_short,merged_v346nor_lxd_20150722.txt,1.0
2457225.7462704,2457225.7462704,2015-07-22,20150722,SXD,1.7857257,1.7857257e-06,167882703373760.03,,,,0.010023595,0.00025406096,0,no,SpeX Spectrograph,ShortXD,merged_v346nor_sxd_20150722.txt,1.0
2457225.7856901,2457225.7462704,2015-07-22,20150722,LXD,1.7858484,1.7858483999999997e-06,167871168683747.2,,,,0.01028085,0.0011582187,0,no,SpeX Spectrograph,LXD_short,merged_v346nor_lxd_20150722.txt,1.0
2457225.7462704,2457225.7462704,2015-07-22,20150722,SXD,1.7859936,1.7859936e-06,167857520878014.34,,,,0.0092842681,0.00023593739,0,no,SpeX Spectrograph,ShortXD,merged_v346nor_sxd_20150722.txt,1.0
2457225.7856901,2457225.7462704,2015-07-22,20150722,LXD,1.7860926,1.7860925999999998e-06,167848216828175.66,,,,0.01074228,0.0011578812,0,no,SpeX Spectrograph,LXD_short,merged_v346nor_lxd_20150722.txt,1.0
2457225.7462704,2457225.7462704,2015-07-22,20150722,SXD,1.7862616,1.7862616e-06,167832336540179.78,,,,0.010106895,0.00023785143,0,no,SpeX Spectrograph,ShortXD,merged_v346nor_sxd_20150722.txt,1.0
2457225.7856901,2457225.7462704,2015-07-22,20150722,LXD,1.7863369,1.7863369e-06,167825261852901.3,,,,0.010110865,0.001073064,0,no,SpeX Spectrograph,LXD_short,merged_v346nor_lxd_20150722.txt,1.0
2457225.7462704,2457225.7462704,2015-07-22,20150722,SXD,1.7865295,1.7865295e-06,167807169151139.12,,,,0.0099068843,0.00023374679,0,no,SpeX Spectrograph,ShortXD,merged_v346nor_sxd_20150722.txt,1.0
2457225.7856901,2457225.7462704,2015-07-22,20150722,LXD,1.7865812,1.7865812e-06,167802313155427.8,,,,0.0099910293,0.0010526583,0,no,SpeX Spectrograph,LXD_short,merged_v346nor_lxd_20150722.txt,1.0
2457225.7462704,2457225.7462704,2015-07-22,20150722,SXD,1.7867975,1.7867975e-06,167781999918849.22,,,,0.010107632,0.00023593032,0,no,SpeX Spectrograph,ShortXD,merged_v346nor_sxd_20150722.txt,1.0
2457225.7856901,2457225.7462704,2015-07-22,20150722,LXD,1.7868253,1.7868253e-06,167779389512785.6,,,,0.010243108,0.0011040517,0,no,SpeX Spectrograph,LXD_short,merged_v346nor_lxd_20150722.txt,1.0
2457225.7462704,2457225.7462704,2015-07-22,20150722,SXD,1.7870654,1.7870653999999999e-06,167756847622924.16,,,,0.0099437898,0.00027476824,0,no,SpeX Spectrograph,ShortXD,merged_v346nor_sxd_20150722.txt,1.0
2457225.7856901,2457225.7462704,2015-07-22,20150722,LXD,1.7870696,1.7870695999999998e-06,167756453358056.12,,,,0.010637696,0.0011105248,0,no,SpeX Spectrograph,LXD_short,merged_v346nor_lxd_20150722.txt,1.0
2457225.7856901,2457225.7462704,2015-07-22,20150722,LXD,1.7873137,1.7873136999999997e-06,167733542242752.38,,,,0.012487668,0.0011318692,0,no,SpeX Spectrograph,LXD_short,merged_v346nor_lxd_20150722.txt,1.0
2457225.7462704,2457225.7462704,2015-07-22,20150722,SXD,1.7873334,1.7873334e-06,167731693482592.56,,,,0.011267445,0.00039915866,0,no,SpeX Spectrograph,ShortXD,merged_v346nor_sxd_20150722.txt,1.0
2457225.7856901,2457225.7462704,2015-07-22,20150722,LXD,1.787558,1.787558e-06,167710618620486.72,,,,0.012887362,0.0011610062,0,no,SpeX Spectrograph,LXD_short,merged_v346nor_lxd_20150722.txt,1.0
2457225.7462704,2457225.7462704,2015-07-22,20150722,SXD,1.7876014,1.7876013999999998e-06,167706546884557.16,,,,0.013509685,0.00052721449,0,no,SpeX Spectrograph,ShortXD,merged_v346nor_sxd_20150722.txt,1.0
2457225.7856901,2457225.7462704,2015-07-22,20150722,LXD,1.7878021,1.7878020999999998e-06,167687720022255.28,,,,0.014233646,0.0010757699,0,no,SpeX Spectrograph,LXD_short,merged_v346nor_lxd_20150722.txt,1.0
2457225.7462704,2457225.7462704,2015-07-22,20150722,SXD,1.7878693,1.7878693e-06,167681417204266.53,,,,0.012369202,0.00052766554,0,no,SpeX Spectrograph,ShortXD,merged_v346nor_sxd_20150722.txt,1.0
2457225.7856901,2457225.7462704,2015-07-22,20150722,LXD,1.7880464,1.7880464e-06,167664808922184.56,,,,0.011957452,0.0010408482,0,no,SpeX Spectrograph,LXD_short,merged_v346nor_lxd_20150722.txt,1.0
2457225.7462704,2457225.7462704,2015-07-22,20150722,SXD,1.7881373,1.7881372999999999e-06,167656285677839.2,,,,0.011650296,0.0004889585,0,no,SpeX Spectrograph,ShortXD,merged_v346nor_sxd_20150722.txt,1.0
2457225.7856901,2457225.7462704,2015-07-22,20150722,LXD,1.7882905,1.7882905e-06,167641922830770.5,,,,0.012627565,0.0010538766,0,no,SpeX Spectrograph,LXD_short,merged_v346nor_lxd_20150722.txt,1.0
2457225.7462704,2457225.7462704,2015-07-22,20150722,SXD,1.7884052,1.7884052e-06,167631171056760.53,,,,0.010918003,0.00045169919,0,no,SpeX Spectrograph,ShortXD,merged_v346nor_sxd_20150722.txt,1.0
2457225.7856901,2457225.7462704,2015-07-22,20150722,LXD,1.7885348,1.7885348e-06,167619024242637.06,,,,0.012224737,0.0010186307,0,no,SpeX Spectrograph,LXD_short,merged_v346nor_lxd_20150722.txt,1.0
2457225.7462704,2457225.7462704,2015-07-22,20150722,SXD,1.7886732,1.7886732e-06,167606054588395.47,,,,0.010657281,0.00034321068,0,no,SpeX Spectrograph,ShortXD,merged_v346nor_sxd_20150722.txt,1.0
2457225.7856901,2457225.7462704,2015-07-22,20150722,LXD,1.7887789,1.7887789e-06,167596150647796.66,,,,0.012435237,0.00097266864,0,no,SpeX Spectrograph,LXD_short,merged_v346nor_lxd_20150722.txt,1.0
2457225.7462704,2457225.7462704,2015-07-22,20150722,SXD,1.7889411,1.7889411e-06,167580955012996.25,,,,0.010438346,0.00023172774,0,no,SpeX Spectrograph,ShortXD,merged_v346nor_sxd_20150722.txt,1.0
2457225.7856901,2457225.7462704,2015-07-22,20150722,LXD,1.7890232,1.7890231999999998e-06,167573264561353.94,,,,0.012571565,0.00095783325,0,no,SpeX Spectrograph,LXD_short,merged_v346nor_lxd_20150722.txt,1.0
2457225.7462704,2457225.7462704,2015-07-22,20150722,SXD,1.7892091,1.7892091e-06,167555853589164.06,,,,0.010909263,0.00020626553,0,no,SpeX Spectrograph,ShortXD,merged_v346nor_sxd_20150722.txt,1.0
2457225.7856901,2457225.7462704,2015-07-22,20150722,LXD,1.7892673,1.7892672999999997e-06,167550403452854.72,,,,0.013024247,0.00090354227,0,no,SpeX Spectrograph,LXD_short,merged_v346nor_lxd_20150722.txt,1.0
2457225.7462704,2457225.7462704,2015-07-22,20150722,SXD,1.7894771,1.7894771e-06,167530759683932.25,,,,0.011014327,0.0002001651,0,no,SpeX Spectrograph,ShortXD,merged_v346nor_sxd_20150722.txt,1.0
2457225.7856901,2457225.7462704,2015-07-22,20150722,LXD,1.7895116,1.7895116e-06,167527529857867.38,,,,0.011418959,0.00087009289,0,no,SpeX Spectrograph,LXD_short,merged_v346nor_lxd_20150722.txt,1.0
2457225.7462704,2457225.7462704,2015-07-22,20150722,SXD,1.789745,1.7897449999999998e-06,167505682653115.4,,,,0.010792636,0.00019281422,0,no,SpeX Spectrograph,ShortXD,merged_v346nor_sxd_20150722.txt,1.0
2457225.7856901,2457225.7462704,2015-07-22,20150722,LXD,1.7897557,1.7897556999999998e-06,167504681225487.94,,,,0.012536679,0.00088173762,0,no,SpeX Spectrograph,LXD_short,merged_v346nor_lxd_20150722.txt,1.0
2457225.7856901,2457225.7462704,2015-07-22,20150722,LXD,1.7899998,1.7899998e-06,167481838824786.47,,,,0.012102682,0.00094981334,0,no,SpeX Spectrograph,LXD_short,merged_v346nor_lxd_20150722.txt,1.0
2457225.7462704,2457225.7462704,2015-07-22,20150722,SXD,1.790013,1.790013e-06,167480603772151.38,,,,0.010226832,0.00019021452,0,no,SpeX Spectrograph,ShortXD,merged_v346nor_sxd_20150722.txt,1.0
2457225.7856901,2457225.7462704,2015-07-22,20150722,LXD,1.790244,1.7902439999999998e-06,167458993299237.44,,,,0.01193115,0.0010452096,0,no,SpeX Spectrograph,LXD_short,merged_v346nor_lxd_20150722.txt,1.0
2457225.7462704,2457225.7462704,2015-07-22,20150722,SXD,1.7902809,1.7902808999999998e-06,167455541753252.25,,,,0.009676056,0.00019829025,0,no,SpeX Spectrograph,ShortXD,merged_v346nor_sxd_20150722.txt,1.0
2457225.7856901,2457225.7462704,2015-07-22,20150722,LXD,1.7904882,1.7904881999999998e-06,167436154005371.28,,,,0.010446225,0.0011979091,0,no,SpeX Spectrograph,LXD_short,merged_v346nor_lxd_20150722.txt,1.0
2457225.7462704,2457225.7462704,2015-07-22,20150722,SXD,1.7905489,1.7905489e-06,167430477883067.03,,,,0.0091602253,0.00021738045,0,no,SpeX Spectrograph,ShortXD,merged_v346nor_sxd_20150722.txt,1.0
2457225.7856901,2457225.7462704,2015-07-22,20150722,LXD,1.7907324,1.7907323999999999e-06,167413320940638.6,,,,0.013228002,0.0013330692,0,no,SpeX Spectrograph,LXD_short,merged_v346nor_lxd_20150722.txt,1.0
2457225.7462704,2457225.7462704,2015-07-22,20150722,SXD,1.7908169,1.7908169e-06,167405421514617.16,,,,0.0093569262,0.00023560878,0,no,SpeX Spectrograph,ShortXD,merged_v346nor_sxd_20150722.txt,1.0
2457225.7856901,2457225.7462704,2015-07-22,20150722,LXD,1.7909765,1.7909765e-06,167390503448816.9,,,,0.014418517,0.0014075994,0,no,SpeX Spectrograph,LXD_short,merged_v346nor_lxd_20150722.txt,1.0
2457225.7462704,2457225.7462704,2015-07-22,20150722,SXD,1.7910848,1.7910847999999998e-06,167380381989730.5,,,,0.010272916,0.00024791693,0,no,SpeX Spectrograph,ShortXD,merged_v346nor_sxd_20150722.txt,1.0
2457225.7856901,2457225.7462704,2015-07-22,20150722,LXD,1.7912207,1.7912207e-06,167367682832160.22,,,,0.0092338929,0.0012971078,0,no,SpeX Spectrograph,LXD_short,merged_v346nor_lxd_20150722.txt,1.0
2457225.7462704,2457225.7462704,2015-07-22,20150722,SXD,1.7913527,1.7913526999999999e-06,167355349954255.25,,,,0.010211921,0.00024430544,0,no,SpeX Spectrograph,ShortXD,merged_v346nor_sxd_20150722.txt,1.0
2457225.7856901,2457225.7462704,2015-07-22,20150722,LXD,1.7914649,1.7914648999999999e-06,167344868436998.12,,,,0.012985724,0.001217016,0,no,SpeX Spectrograph,LXD_short,merged_v346nor_lxd_20150722.txt,1.0
2457225.7462704,2457225.7462704,2015-07-22,20150722,SXD,1.7916207,1.7916206999999998e-06,167330316065225.22,,,,0.01014608,0.00023384916,0,no,SpeX Spectrograph,ShortXD,merged_v346nor_sxd_20150722.txt,1.0
2457225.7856901,2457225.7462704,2015-07-22,20150722,LXD,1.7917091,1.7917091e-06,167322060260786.75,,,,0.010465328,0.0011733279,0,no,SpeX Spectrograph,LXD_short,merged_v346nor_lxd_20150722.txt,1.0
2457225.7462704,2457225.7462704,2015-07-22,20150722,SXD,1.7918887,1.7918886999999998e-06,167305289664475.28,,,,0.009774534,0.00022881303,0,no,SpeX Spectrograph,ShortXD,merged_v346nor_sxd_20150722.txt,1.0
2457225.7856901,2457225.7462704,2015-07-22,20150722,LXD,1.7919532,1.7919532e-06,167299267637123.56,,,,0.0121891,0.0011914499,0,no,SpeX Spectrograph,LXD_short,merged_v346nor_lxd_20150722.txt,1.0
2457225.7462704,2457225.7462704,2015-07-22,20150722,SXD,1.7921567,1.7921567e-06,167280270748646.03,,,,0.0099263741,0.00023154319,0,no,SpeX Spectrograph,ShortXD,merged_v346nor_sxd_20150722.txt,1.0
2457225.7856901,2457225.7462704,2015-07-22,20150722,LXD,1.7921973,1.7921973e-06,167276481222240.44,,,,0.012867778,0.0012482073,0,no,SpeX Spectrograph,LXD_short,merged_v346nor_lxd_20150722.txt,1.0
2457225.7462704,2457225.7462704,2015-07-22,20150722,SXD,1.7924246,1.7924245999999999e-06,167255268645610.0,,,,0.010150544,0.00024134663,0,no,SpeX Spectrograph,ShortXD,merged_v346nor_sxd_20150722.txt,1.0
2457225.7856901,2457225.7462704,2015-07-22,20150722,LXD,1.7924415,1.7924415e-06,167253691682545.84,,,,0.011909906,0.0012699956,0,no,SpeX Spectrograph,LXD_short,merged_v346nor_lxd_20150722.txt,1.0
2457225.7856901,2457225.7462704,2015-07-22,20150722,LXD,1.7926856,1.7926855999999999e-06,167230917680155.4,,,,0.01179858,0.0012398065,0,no,SpeX Spectrograph,LXD_short,merged_v346nor_lxd_20150722.txt,1.0
2457225.7462704,2457225.7462704,2015-07-22,20150722,SXD,1.7926925,1.7926925e-06,167230274015203.4,,,,0.009971885,0.00024256937,0,no,SpeX Spectrograph,ShortXD,merged_v346nor_sxd_20150722.txt,1.0
2457225.7856901,2457225.7462704,2015-07-22,20150722,LXD,1.7929298,1.7929298e-06,167208140552965.3,,,,0.01208461,0.0012502375,0,no,SpeX Spectrograph,LXD_short,merged_v346nor_lxd_20150722.txt,1.0
2457225.7462704,2457225.7462704,2015-07-22,20150722,SXD,1.7929605,1.7929604999999999e-06,167205277528422.97,,,,0.01002252,0.00023852973,0,no,SpeX Spectrograph,ShortXD,merged_v346nor_sxd_20150722.txt,1.0
2457225.7856901,2457225.7462704,2015-07-22,20150722,LXD,1.7931739,1.7931738999999998e-06,167185378952928.12,,,,0.012529972,0.0013387804,0,no,SpeX Spectrograph,LXD_short,merged_v346nor_lxd_20150722.txt,1.0
2457225.7462704,2457225.7462704,2015-07-22,20150722,SXD,1.7932285,1.7932284999999999e-06,167180288513148.22,,,,0.010018997,0.0002497659,0,no,SpeX Spectrograph,ShortXD,merged_v346nor_sxd_20150722.txt,1.0
2457225.7856901,2457225.7462704,2015-07-22,20150722,LXD,1.793418,1.793418e-06,167162623548999.75,,,,0.010984195,0.0014765634,0,no,SpeX Spectrograph,LXD_short,merged_v346nor_lxd_20150722.txt,1.0
2457225.7462704,2457225.7462704,2015-07-22,20150722,SXD,1.7934965,1.7934964999999999e-06,167155306966029.78,,,,0.0096219797,0.00026100004,0,no,SpeX Spectrograph,ShortXD,merged_v346nor_sxd_20150722.txt,1.0
2457225.7856901,2457225.7462704,2015-07-22,20150722,LXD,1.7936622,1.7936622e-06,167139865020292.0,,,,0.011848398,0.0016218447,0,no,SpeX Spectrograph,LXD_short,merged_v346nor_lxd_20150722.txt,1.0
2457225.7462704,2457225.7462704,2015-07-22,20150722,SXD,1.7937644,1.7937644e-06,167130342201015.94,,,,0.010097272,0.00028725181,0,no,SpeX Spectrograph,ShortXD,merged_v346nor_sxd_20150722.txt,1.0
2457225.7856901,2457225.7462704,2015-07-22,20150722,LXD,1.7939063,1.7939062999999999e-06,167117122003529.4,,,,0.010682359,0.0015594484,0,no,SpeX Spectrograph,LXD_short,merged_v346nor_lxd_20150722.txt,1.0
2457225.7462704,2457225.7462704,2015-07-22,20150722,SXD,1.7940323,1.7940323e-06,167105384891899.66,,,,0.010845129,0.00029346172,0,no,SpeX Spectrograph,ShortXD,merged_v346nor_sxd_20150722.txt,1.0
2457225.7856901,2457225.7462704,2015-07-22,20150722,LXD,1.7941505,1.7941505e-06,167094375862002.66,,,,0.012416779,0.0013593647,0,no,SpeX Spectrograph,LXD_short,merged_v346nor_lxd_20150722.txt,1.0
2457225.7462704,2457225.7462704,2015-07-22,20150722,SXD,1.7943003,1.7943003e-06,167080425723609.38,,,,0.01153275,0.00027254017,0,no,SpeX Spectrograph,ShortXD,merged_v346nor_sxd_20150722.txt,1.0
2457225.7856901,2457225.7462704,2015-07-22,20150722,LXD,1.7943946,1.7943945999999998e-06,167071645222293.94,,,,0.013950597,0.0012222498,0,no,SpeX Spectrograph,LXD_short,merged_v346nor_lxd_20150722.txt,1.0
2457225.7462704,2457225.7462704,2015-07-22,20150722,SXD,1.7945683,1.7945682999999997e-06,167055474010100.4,,,,0.011192639,0.0002447007,0,no,SpeX Spectrograph,ShortXD,merged_v346nor_sxd_20150722.txt,1.0
2457225.7856901,2457225.7462704,2015-07-22,20150722,LXD,1.7946386,1.7946386e-06,167048930074277.9,,,,0.010548297,0.0011426056,0,no,SpeX Spectrograph,LXD_short,merged_v346nor_lxd_20150722.txt,1.0
2457225.7462704,2457225.7462704,2015-07-22,20150722,SXD,1.7948363,1.7948363e-06,167030529748033.28,,,,0.010280555,0.00023265596,0,no,SpeX Spectrograph,ShortXD,merged_v346nor_sxd_20150722.txt,1.0
2457225.7856901,2457225.7462704,2015-07-22,20150722,LXD,1.7948828,1.7948827999999998e-06,167026202490769.88,,,,0.011497507,0.0012184888,0,no,SpeX Spectrograph,LXD_short,merged_v346nor_lxd_20150722.txt,1.0
2457225.7462704,2457225.7462704,2015-07-22,20150722,SXD,1.7951043,1.7951043e-06,167005592934070.75,,,,0.010436008,0.00023364437,0,no,SpeX Spectrograph,ShortXD,merged_v346nor_sxd_20150722.txt,1.0
2457225.7856901,2457225.7462704,2015-07-22,20150722,LXD,1.7951269,1.7951269e-06,167003490393910.3,,,,0.013794205,0.0012294998,0,no,SpeX Spectrograph,LXD_short,merged_v346nor_lxd_20150722.txt,1.0
2457225.7856901,2457225.7462704,2015-07-22,20150722,LXD,1.7953711,1.7953711e-06,166980775172330.66,,,,0.012737038,0.0012392239,0,no,SpeX Spectrograph,LXD_short,merged_v346nor_lxd_20150722.txt,1.0
2457225.7462704,2457225.7462704,2015-07-22,20150722,SXD,1.7953721,1.7953721e-06,166980682166109.2,,,,0.010479911,0.00024471653,0,no,SpeX Spectrograph,ShortXD,merged_v346nor_sxd_20150722.txt,1.0
2457225.7856901,2457225.7462704,2015-07-22,20150722,LXD,1.7956152,1.7956152e-06,166958075427296.44,,,,0.012011688,0.001243936,0,no,SpeX Spectrograph,LXD_short,merged_v346nor_lxd_20150722.txt,1.0
2457225.7462704,2457225.7462704,2015-07-22,20150722,SXD,1.7956401,1.7956400999999998e-06,166955760232799.47,,,,0.010789407,0.0002354788,0,no,SpeX Spectrograph,ShortXD,merged_v346nor_sxd_20150722.txt,1.0
2457225.7856901,2457225.7462704,2015-07-22,20150722,LXD,1.7958592,1.7958591999999998e-06,166935391148704.78,,,,0.013560968,0.0012606583,0,no,SpeX Spectrograph,LXD_short,merged_v346nor_lxd_20150722.txt,1.0
2457225.7462704,2457225.7462704,2015-07-22,20150722,SXD,1.7959081,1.7959080999999998e-06,166930845737596.5,,,,0.010273974,0.0002471573,0,no,SpeX Spectrograph,ShortXD,merged_v346nor_sxd_20150722.txt,1.0
2457225.7856901,2457225.7462704,2015-07-22,20150722,LXD,1.7961034,1.7961033999999999e-06,166912694447324.16,,,,0.012657003,0.00126124,0,no,SpeX Spectrograph,LXD_short,merged_v346nor_lxd_20150722.txt,1.0
2457225.7462704,2457225.7462704,2015-07-22,20150722,SXD,1.7961761,1.7961761e-06,166905938677170.9,,,,0.010475838,0.0002420799,0,no,SpeX Spectrograph,ShortXD,merged_v346nor_sxd_20150722.txt,1.0
2457225.7856901,2457225.7462704,2015-07-22,20150722,LXD,1.7963475,1.7963475e-06,166890013207355.47,,,,0.012996891,0.0013571143,0,no,SpeX Spectrograph,LXD_short,merged_v346nor_lxd_20150722.txt,1.0
2457225.7462704,2457225.7462704,2015-07-22,20150722,SXD,1.7964441,1.7964441e-06,166881039048195.28,,,,0.0095225936,0.00024125696,0,no,SpeX Spectrograph,ShortXD,merged_v346nor_sxd_20150722.txt,1.0
2457225.7856901,2457225.7462704,2015-07-22,20150722,LXD,1.7965915,1.7965914999999997e-06,166867347418709.28,,,,0.014744887,0.0014659488,0,no,SpeX Spectrograph,LXD_short,merged_v346nor_lxd_20150722.txt,1.0
2457225.7462704,2457225.7462704,2015-07-22,20150722,SXD,1.796712,1.796712e-06,166856156134093.84,,,,0.010460479,0.0002629977,0,no,SpeX Spectrograph,ShortXD,merged_v346nor_sxd_20150722.txt,1.0
2457225.7856901,2457225.7462704,2015-07-22,20150722,LXD,1.7968357,1.7968356999999998e-06,166844669214887.06,,,,0.013268808,0.0014489836,0,no,SpeX Spectrograph,LXD_short,merged_v346nor_lxd_20150722.txt,1.0
2457225.7462704,2457225.7462704,2015-07-22,20150722,SXD,1.7969799,1.7969798999999998e-06,166831280639254.8,,,,0.011845605,0.00028394104,0,no,SpeX Spectrograph,ShortXD,merged_v346nor_sxd_20150722.txt,1.0
2457225.7856901,2457225.7462704,2015-07-22,20150722,LXD,1.7970798,1.7970798e-06,166822006457364.9,,,,0.013499193,0.0013724255,0,no,SpeX Spectrograph,LXD_short,merged_v346nor_lxd_20150722.txt,1.0
2457225.7462704,2457225.7462704,2015-07-22,20150722,SXD,1.7972479,1.7972478999999998e-06,166806403279146.97,,,,0.011975866,0.00027108708,0,no,SpeX Spectrograph,ShortXD,merged_v346nor_sxd_20150722.txt,1.0
2457225.7856901,2457225.7462704,2015-07-22,20150722,LXD,1.7973238,1.7973237999999999e-06,166799359136066.66,,,,0.01332192,0.0013012065,0,no,SpeX Spectrograph,LXD_short,merged_v346nor_lxd_20150722.txt,1.0
2457225.7462704,2457225.7462704,2015-07-22,20150722,SXD,1.7975159,1.7975159e-06,166781533337201.62,,,,0.01137735,0.00026860295,0,no,SpeX Spectrograph,ShortXD,merged_v346nor_sxd_20150722.txt,1.0
2457225.7856901,2457225.7462704,2015-07-22,20150722,LXD,1.797568,1.797568e-06,166776699407199.06,,,,0.012815638,0.0012364083,0,no,SpeX Spectrograph,LXD_short,merged_v346nor_lxd_20150722.txt,1.0
2457225.7462704,2457225.7462704,2015-07-22,20150722,SXD,1.7977839,1.7977839e-06,166756670810101.25,,,,0.011200908,0.00025243312,0,no,SpeX Spectrograph,ShortXD,merged_v346nor_sxd_20150722.txt,1.0
2457225.7856901,2457225.7462704,2015-07-22,20150722,LXD,1.797812,1.7978119999999999e-06,166754064384930.12,,,,0.01306356,0.0012496982,0,no,SpeX Spectrograph,LXD_short,merged_v346nor_lxd_20150722.txt,1.0
2457225.7462704,2457225.7462704,2015-07-22,20150722,SXD,1.7980518,1.7980518e-06,166731824967445.3,,,,0.011125765,0.0002563874,0,no,SpeX Spectrograph,ShortXD,merged_v346nor_sxd_20150722.txt,1.0
2457225.7856901,2457225.7462704,2015-07-22,20150722,LXD,1.7980561,1.7980560999999998e-06,166731426233030.25,,,,0.013715775,0.0012576628,0,no,SpeX Spectrograph,LXD_short,merged_v346nor_lxd_20150722.txt,1.0
2457225.7856901,2457225.7462704,2015-07-22,20150722,LXD,1.7983001,1.7983001e-06,166708803497258.34,,,,0.012931398,0.0012069518,0,no,SpeX Spectrograph,LXD_short,merged_v346nor_lxd_20150722.txt,1.0
2457225.7462704,2457225.7462704,2015-07-22,20150722,SXD,1.7983198,1.7983198e-06,166706977257326.53,,,,0.011846038,0.00027995527,0,no,SpeX Spectrograph,ShortXD,merged_v346nor_sxd_20150722.txt,1.0
2457225.7856901,2457225.7462704,2015-07-22,20150722,LXD,1.7985443,1.7985443e-06,166686168364048.62,,,,0.013659416,0.0011395594,0,no,SpeX Spectrograph,LXD_short,merged_v346nor_lxd_20150722.txt,1.0
2457225.7462704,2457225.7462704,2015-07-22,20150722,SXD,1.7985877,1.7985876999999999e-06,166682146219503.25,,,,0.012315335,0.00036000356,0,no,SpeX Spectrograph,ShortXD,merged_v346nor_sxd_20150722.txt,1.0
2457225.7856901,2457225.7462704,2015-07-22,20150722,LXD,1.7987883,1.7987883e-06,166663557907286.8,,,,0.012867754,0.0011162452,0,no,SpeX Spectrograph,LXD_short,merged_v346nor_lxd_20150722.txt,1.0
2457225.7462704,2457225.7462704,2015-07-22,20150722,SXD,1.7988557,1.7988557e-06,166657313313124.56,,,,0.012862266,0.00047808726,0,no,SpeX Spectrograph,ShortXD,merged_v346nor_sxd_20150722.txt,1.0
2457225.7856901,2457225.7462704,2015-07-22,20150722,LXD,1.7990324,1.7990323999999998e-06,166640944320958.3,,,,0.012255719,0.0011871316,0,no,SpeX Spectrograph,LXD_short,merged_v346nor_lxd_20150722.txt,1.0
2457225.7462704,2457225.7462704,2015-07-22,20150722,SXD,1.7991236,1.7991236e-06,166632497066905.25,,,,0.010550265,0.00053137454,0,no,SpeX Spectrograph,ShortXD,merged_v346nor_sxd_20150722.txt,1.0
2457225.7856901,2457225.7462704,2015-07-22,20150722,LXD,1.7992765,1.7992765e-06,166618336870403.2,,,,0.013123382,0.0013758803,0,no,SpeX Spectrograph,LXD_short,merged_v346nor_lxd_20150722.txt,1.0
2457225.7462704,2457225.7462704,2015-07-22,20150722,SXD,1.7993916,1.7993916000000001e-06,166607678951041.0,,,,0.0092850756,0.00057804468,0,no,SpeX Spectrograph,ShortXD,merged_v346nor_sxd_20150722.txt,1.0
2457225.7856901,2457225.7462704,2015-07-22,20150722,LXD,1.7995205,1.7995205e-06,166595744810909.34,,,,0.012280112,0.0017536288,0,no,SpeX Spectrograph,LXD_short,merged_v346nor_lxd_20150722.txt,1.0
2457225.7462704,2457225.7462704,2015-07-22,20150722,SXD,1.7996596,1.7996595999999999e-06,166582868226858.03,,,,0.0083932308,0.00070097286,0,no,SpeX Spectrograph,ShortXD,merged_v346nor_sxd_20150722.txt,1.0
2457225.7856901,2457225.7462704,2015-07-22,20150722,LXD,1.7997646,1.7997646e-06,166573149621900.56,,,,0.014004463,0.0023069822,0,no,SpeX Spectrograph,LXD_short,merged_v346nor_lxd_20150722.txt,1.0
2457225.7462704,2457225.7462704,2015-07-22,20150722,SXD,1.7999276,1.7999275999999999e-06,166558064891054.53,,,,0.0079516256,0.00078855897,0,no,SpeX Spectrograph,ShortXD,merged_v346nor_sxd_20150722.txt,1.0
2457225.7856901,2457225.7462704,2015-07-22,20150722,LXD,1.8000087,1.8000087e-06,166550560561179.53,,,,0.012823706,0.0030966955,0,no,SpeX Spectrograph,LXD_short,merged_v346nor_lxd_20150722.txt,1.0
2457225.7462704,2457225.7462704,2015-07-22,20150722,SXD,1.8001956,1.8001955999999999e-06,166533268940330.72,,,,0.0084827384,0.00066816492,0,no,SpeX Spectrograph,ShortXD,merged_v346nor_sxd_20150722.txt,1.0
2457225.7856901,2457225.7462704,2015-07-22,20150722,LXD,1.8002527,1.8002526999999999e-06,166527986876509.06,,,,0.012633588,0.003571478,0,no,SpeX Spectrograph,LXD_short,merged_v346nor_lxd_20150722.txt,1.0
2457225.7462704,2457225.7462704,2015-07-22,20150722,SXD,1.8004634,1.8004633999999998e-06,166508498867569.34,,,,0.010465967,0.00060547277,0,no,SpeX Spectrograph,ShortXD,merged_v346nor_sxd_20150722.txt,1.0
2457225.7856901,2457225.7462704,2015-07-22,20150722,LXD,1.8004968,1.8004967999999998e-06,166505410062378.34,,,,0.015758255,0.0036059567,0,no,SpeX Spectrograph,LXD_short,merged_v346nor_lxd_20150722.txt,1.0
2457225.7462704,2457225.7462704,2015-07-22,20150722,SXD,1.8007314,1.8007314e-06,166483717671608.34,,,,0.0096568055,0.00060526753,0,no,SpeX Spectrograph,ShortXD,merged_v346nor_sxd_20150722.txt,1.0
2457225.7856901,2457225.7462704,2015-07-22,20150722,LXD,1.8007408,1.8007408e-06,166482848614303.62,,,,0.01068711,0.0040552015,0,no,SpeX Spectrograph,LXD_short,merged_v346nor_lxd_20150722.txt,1.0
2457225.7856901,2457225.7462704,2015-07-22,20150722,LXD,1.8009849,1.8009848999999999e-06,166460284036806.75,,,,0.016432758,0.0041078366,0,no,SpeX Spectrograph,LXD_short,merged_v346nor_lxd_20150722.txt,1.0
2457225.7462704,2457225.7462704,2015-07-22,20150722,SXD,1.8009994,1.8009994e-06,166458943850841.94,,,,0.010054667,0.00065769092,0,no,SpeX Spectrograph,ShortXD,merged_v346nor_sxd_20150722.txt,1.0
2457225.7856901,2457225.7462704,2015-07-22,20150722,LXD,1.8012289,1.8012288999999998e-06,166437734815380.78,,,,0.011828698,0.0042341445,0,no,SpeX Spectrograph,LXD_short,merged_v346nor_lxd_20150722.txt,1.0
2457225.7462704,2457225.7462704,2015-07-22,20150722,SXD,1.8012674,1.8012674e-06,166434177401978.2,,,,0.011229888,0.00066312391,0,no,SpeX Spectrograph,ShortXD,merged_v346nor_sxd_20150722.txt,1.0
2457225.7856901,2457225.7462704,2015-07-22,20150722,LXD,1.8014729,1.8014729e-06,166415191702300.94,,,,0.013066325,0.0037226952,0,no,SpeX Spectrograph,LXD_short,merged_v346nor_lxd_20150722.txt,1.0
2457225.7462704,2457225.7462704,2015-07-22,20150722,SXD,1.8015354,1.8015354e-06,166409418321727.12,,,,0.010978197,0.00062697509,0,no,SpeX Spectrograph,ShortXD,merged_v346nor_sxd_20150722.txt,1.0
2457225.7856901,2457225.7462704,2015-07-22,20150722,LXD,1.801717,1.8017169999999999e-06,166392645459858.6,,,,0.013127911,0.0033014577,0,no,SpeX Spectrograph,LXD_short,merged_v346nor_lxd_20150722.txt,1.0
2457225.7462704,2457225.7462704,2015-07-22,20150722,SXD,1.8018034,1.8018033999999999e-06,166384666606800.72,,,,0.011246862,0.00057296304,0,no,SpeX Spectrograph,ShortXD,merged_v346nor_sxd_20150722.txt,1.0
2457225.7856901,2457225.7462704,2015-07-22,20150722,LXD,1.8019611,1.8019611e-06,166370105325803.1,,,,0.0075344304,0.0029926258,0,no,SpeX Spectrograph,LXD_short,merged_v346nor_lxd_20150722.txt,1.0
2457225.7462704,2457225.7462704,2015-07-22,20150722,SXD,1.8020713,1.8020713e-06,166359931485507.8,,,,0.010406429,0.00053414627,0,no,SpeX Spectrograph,ShortXD,merged_v346nor_sxd_20150722.txt,1.0
2457225.7856901,2457225.7462704,2015-07-22,20150722,LXD,1.8022051,1.8022050999999997e-06,166347580527876.7,,,,0.0148738,0.002989623,0,no,SpeX Spectrograph,LXD_short,merged_v346nor_lxd_20150722.txt,1.0
2457225.7462704,2457225.7462704,2015-07-22,20150722,SXD,1.8023392,1.8023392e-06,166335203717480.03,,,,0.010227695,0.00052934798,0,no,SpeX Spectrograph,ShortXD,merged_v346nor_sxd_20150722.txt,1.0
2457225.7856901,2457225.7462704,2015-07-22,20150722,LXD,1.8024491,1.8024491e-06,166325061828375.62,,,,0.0087142503,0.0028325275,0,no,SpeX Spectrograph,LXD_short,merged_v346nor_lxd_20150722.txt,1.0
2457225.7462704,2457225.7462704,2015-07-22,20150722,SXD,1.8026072,1.8026072e-06,166310474073331.12,,,,0.01178913,0.00051018363,0,no,SpeX Spectrograph,ShortXD,merged_v346nor_sxd_20150722.txt,1.0
2457225.7856901,2457225.7462704,2015-07-22,20150722,LXD,1.8026931,1.8026930999999999e-06,166302549224823.7,,,,0.018276908,0.0023112353,0,no,SpeX Spectrograph,LXD_short,merged_v346nor_lxd_20150722.txt,1.0
2457225.7462704,2457225.7462704,2015-07-22,20150722,SXD,1.8028752,1.8028751999999997e-06,166285751781376.78,,,,0.012081387,0.00045242728,0,no,SpeX Spectrograph,ShortXD,merged_v346nor_sxd_20150722.txt,1.0
2457225.7856901,2457225.7462704,2015-07-22,20150722,LXD,1.8029372,1.8029371999999998e-06,166280033492015.16,,,,0.012406928,0.0019960261,0,no,SpeX Spectrograph,LXD_short,merged_v346nor_lxd_20150722.txt,1.0
2457225.7462704,2457225.7462704,2015-07-22,20150722,SXD,1.8031431,1.8031431e-06,166261046058962.25,,,,0.01092096,0.00038974988,0,no,SpeX Spectrograph,ShortXD,merged_v346nor_sxd_20150722.txt,1.0
2457225.7856901,2457225.7462704,2015-07-22,20150722,LXD,1.8031812,1.8031812e-06,166257533075433.6,,,,0.011844505,0.0019221784,0,no,SpeX Spectrograph,LXD_short,merged_v346nor_lxd_20150722.txt,1.0
2457225.7462704,2457225.7462704,2015-07-22,20150722,SXD,1.8034111,1.8034110999999998e-06,166236338458823.97,,,,0.010791169,0.00038267922,0,no,SpeX Spectrograph,ShortXD,merged_v346nor_sxd_20150722.txt,1.0
2457225.7856901,2457225.7462704,2015-07-22,20150722,LXD,1.8034252,1.8034252e-06,166235038747379.16,,,,0.012725547,0.0019096608,0,no,SpeX Spectrograph,LXD_short,merged_v346nor_lxd_20150722.txt,1.0
2457225.7856901,2457225.7462704,2015-07-22,20150722,LXD,1.8036692,1.8036692e-06,166212550505380.9,,,,0.01130945,0.0019733745,0,no,SpeX Spectrograph,LXD_short,merged_v346nor_lxd_20150722.txt,1.0
2457225.7462704,2457225.7462704,2015-07-22,20150722,SXD,1.8036791,1.8036791e-06,166211638201052.5,,,,0.011292513,0.00038348179,0,no,SpeX Spectrograph,ShortXD,merged_v346nor_sxd_20150722.txt,1.0
2457225.7856901,2457225.7462704,2015-07-22,20150722,LXD,1.8039132,1.8039131999999998e-06,166190068346969.25,,,,0.01227545,0.0018112699,0,no,SpeX Spectrograph,LXD_short,merged_v346nor_lxd_20150722.txt,1.0
2457225.7462704,2457225.7462704,2015-07-22,20150722,SXD,1.8039471,1.8039471e-06,166186945282375.53,,,,0.011643863,0.00036737855,0,no,SpeX Spectrograph,ShortXD,merged_v346nor_sxd_20150722.txt,1.0
2457225.7856901,2457225.7462704,2015-07-22,20150722,LXD,1.8041573,1.8041573e-06,166167583059415.06,,,,0.013113759,0.0016367554,0,no,SpeX Spectrograph,LXD_short,merged_v346nor_lxd_20150722.txt,1.0
2457225.7462704,2457225.7462704,2015-07-22,20150722,SXD,1.8042151,1.8042151e-06,166162259699522.53,,,,0.012031506,0.00034415483,0,no,SpeX Spectrograph,ShortXD,merged_v346nor_sxd_20150722.txt,1.0
2457225.7856901,2457225.7462704,2015-07-22,20150722,LXD,1.8044013,1.8044013e-06,166145113063263.7,,,,0.012957288,0.0014717588,0,no,SpeX Spectrograph,LXD_short,merged_v346nor_lxd_20150722.txt,1.0
2457225.7462704,2457225.7462704,2015-07-22,20150722,SXD,1.8044831,1.8044830999999997e-06,166137581449225.0,,,,0.01258049,0.00031500449,0,no,SpeX Spectrograph,ShortXD,merged_v346nor_sxd_20150722.txt,1.0
2457225.7856901,2457225.7462704,2015-07-22,20150722,LXD,1.8046453,1.8046452999999998e-06,166122649143297.03,,,,0.013596737,0.0013456326,0,no,SpeX Spectrograph,LXD_short,merged_v346nor_lxd_20150722.txt,1.0
2457225.7462704,2457225.7462704,2015-07-22,20150722,SXD,1.8047509,1.8047508999999998e-06,166112928936619.47,,,,0.011627681,0.00027833291,0,no,SpeX Spectrograph,ShortXD,merged_v346nor_sxd_20150722.txt,1.0
2457225.7856901,2457225.7462704,2015-07-22,20150722,LXD,1.8048893,1.8048892999999998e-06,166100191297050.75,,,,0.013399066,0.0013170684,0,no,SpeX Spectrograph,LXD_short,merged_v346nor_lxd_20150722.txt,1.0
2457225.7462704,2457225.7462704,2015-07-22,20150722,SXD,1.8050189,1.8050189e-06,166088265336169.06,,,,0.01070995,0.00026815044,0,no,SpeX Spectrograph,ShortXD,merged_v346nor_sxd_20150722.txt,1.0
2457225.7856901,2457225.7462704,2015-07-22,20150722,LXD,1.8051332,1.8051331999999998e-06,166077748722365.78,,,,0.012223649,0.0014239876,0,no,SpeX Spectrograph,LXD_short,merged_v346nor_lxd_20150722.txt,1.0
2457225.7462704,2457225.7462704,2015-07-22,20150722,SXD,1.8052869,1.8052869e-06,166063609058482.62,,,,0.009071474,0.00027375351,0,no,SpeX Spectrograph,ShortXD,merged_v346nor_sxd_20150722.txt,1.0
2457225.7856901,2457225.7462704,2015-07-22,20150722,LXD,1.8053772,1.8053771999999998e-06,166055303013686.03,,,,0.012202132,0.0017763283,0,no,SpeX Spectrograph,LXD_short,merged_v346nor_lxd_20150722.txt,1.0
2457225.7462704,2457225.7462704,2015-07-22,20150722,SXD,1.8055549,1.8055548999999998e-06,166038960100299.38,,,,0.0078693377,0.00030485363,0,no,SpeX Spectrograph,ShortXD,merged_v346nor_sxd_20150722.txt,1.0
2457225.7856901,2457225.7462704,2015-07-22,20150722,LXD,1.8056213,1.8056213e-06,166032854176011.3,,,,0.0094779283,0.0024430982,0,no,SpeX Spectrograph,LXD_short,merged_v346nor_lxd_20150722.txt,1.0
2457225.7462704,2457225.7462704,2015-07-22,20150722,SXD,1.8058228,1.8058228e-06,166014327651638.9,,,,0.0071078506,0.00040891452,0,no,SpeX Spectrograph,ShortXD,merged_v346nor_sxd_20150722.txt,1.0
2457225.7856901,2457225.7462704,2015-07-22,20150722,LXD,1.8058653,1.8058652999999998e-06,166010420600030.38,,,,0.01616451,0.004097153,0,no,SpeX Spectrograph,LXD_short,merged_v346nor_lxd_20150722.txt,1.0
2457225.7462704,2457225.7462704,2015-07-22,20150722,SXD,1.8060908,1.8060907999999998e-06,165989693319959.34,,,,0.0063345227,0.00071512355,0,no,SpeX Spectrograph,ShortXD,merged_v346nor_sxd_20150722.txt,1.0
2457225.7856901,2457225.7462704,2015-07-22,20150722,LXD,1.8061093,1.8061092999999998e-06,165987993085468.3,,,,0.0015243053,0.0067776511,0,no,SpeX Spectrograph,LXD_short,merged_v346nor_lxd_20150722.txt,1.0
2457225.7462704,2457225.7462704,2015-07-22,20150722,SXD,1.8063588,1.8063587999999998e-06,165965066298013.47,,,,0.0093102055,0.0012695258,0,no,SpeX Spectrograph,ShortXD,merged_v346nor_sxd_20150722.txt,1.0
2457225.7856901,2457225.7462704,2015-07-22,20150722,LXD,1.8065972,1.8065971999999998e-06,165943165416175.8,,,,0.013029873,0.0041619935,0,no,SpeX Spectrograph,LXD_short,merged_v346nor_lxd_20150722.txt,1.0
2457225.7462704,2457225.7462704,2015-07-22,20150722,SXD,1.8066268,1.8066268e-06,165940446582548.22,,,,0.014837582,0.0012059206,0,no,SpeX Spectrograph,ShortXD,merged_v346nor_sxd_20150722.txt,1.0
2457225.7856901,2457225.7462704,2015-07-22,20150722,LXD,1.8068413,1.8068413000000001e-06,165920746885739.22,,,,0.013034618,0.0031390451,0,no,SpeX Spectrograph,LXD_short,merged_v346nor_lxd_20150722.txt,1.0
2457225.7462704,2457225.7462704,2015-07-22,20150722,SXD,1.8068948,1.8068948e-06,165915834170312.53,,,,0.013070242,0.00083368027,0,no,SpeX Spectrograph,ShortXD,merged_v346nor_sxd_20150722.txt,1.0
2457225.7856901,2457225.7462704,2015-07-22,20150722,LXD,1.8070852,1.8070852e-06,165898352772741.44,,,,0.015540143,0.0028588551,0,no,SpeX Spectrograph,LXD_short,merged_v346nor_lxd_20150722.txt,1.0
2457225.7462704,2457225.7462704,2015-07-22,20150722,SXD,1.8071628,1.8071627999999998e-06,165891229058057.22,,,,0.010796444,0.00067121797,0,no,SpeX Spectrograph,ShortXD,merged_v346nor_sxd_20150722.txt,1.0
2457225.7856901,2457225.7462704,2015-07-22,20150722,LXD,1.8073292,1.8073292e-06,165875955525977.22,,,,0.016970132,0.0028271214,0,no,SpeX Spectrograph,LXD_short,merged_v346nor_lxd_20150722.txt,1.0
2457225.7462704,2457225.7462704,2015-07-22,20150722,SXD,1.8074307,1.8074307e-06,165866640419463.94,,,,0.010784094,0.00055179483,0,no,SpeX Spectrograph,ShortXD,merged_v346nor_sxd_20150722.txt,1.0
2457225.7856901,2457225.7462704,2015-07-22,20150722,LXD,1.8075732,1.8075731999999998e-06,165853564325915.0,,,,0.012876426,0.0025239193,0,no,SpeX Spectrograph,LXD_short,merged_v346nor_lxd_20150722.txt,1.0
2457225.7462704,2457225.7462704,2015-07-22,20150722,SXD,1.8076987,1.8076986999999998e-06,165842049894708.7,,,,0.013165751,0.00048100323,0,no,SpeX Spectrograph,ShortXD,merged_v346nor_sxd_20150722.txt,1.0
2457225.7856901,2457225.7462704,2015-07-22,20150722,LXD,1.8078171,1.8078171e-06,165831188343112.8,,,,0.008791633,0.0020761851,0,no,SpeX Spectrograph,LXD_short,merged_v346nor_lxd_20150722.txt,1.0
2457225.7462704,2457225.7462704,2015-07-22,20150722,SXD,1.8079667,1.8079666999999998e-06,165817466660199.0,,,,0.013458083,0.00039511017,0,no,SpeX Spectrograph,ShortXD,merged_v346nor_sxd_20150722.txt,1.0
2457225.7856901,2457225.7462704,2015-07-22,20150722,LXD,1.8080611,1.8080610999999998e-06,165808809226635.12,,,,0.012151913,0.0017553581,0,no,SpeX Spectrograph,LXD_short,merged_v346nor_lxd_20150722.txt,1.0
2457225.7462704,2457225.7462704,2015-07-22,20150722,SXD,1.8082346,1.8082345999999998e-06,165792899881464.5,,,,0.01192627,0.00033297014,0,no,SpeX Spectrograph,ShortXD,merged_v346nor_sxd_20150722.txt,1.0
2457225.7856901,2457225.7462704,2015-07-22,20150722,LXD,1.808305,1.808305e-06,165786445317576.4,,,,0.01381579,0.0016183582,0,no,SpeX Spectrograph,LXD_short,merged_v346nor_lxd_20150722.txt,1.0
2457225.7462704,2457225.7462704,2015-07-22,20150722,SXD,1.8085026,1.8085025999999998e-06,165768331215006.28,,,,0.010623457,0.00029936127,0,no,SpeX Spectrograph,ShortXD,merged_v346nor_sxd_20150722.txt,1.0
2457225.7856901,2457225.7462704,2015-07-22,20150722,LXD,1.808549,1.8085489999999998e-06,165764078274904.38,,,,0.011723547,0.001735262,0,no,SpeX Spectrograph,LXD_short,merged_v346nor_lxd_20150722.txt,1.0
2457225.7462704,2457225.7462704,2015-07-22,20150722,SXD,1.8087705,1.8087704999999999e-06,165743778992415.03,,,,0.010181271,0.00030973385,0,no,SpeX Spectrograph,ShortXD,merged_v346nor_sxd_20150722.txt,1.0
2457225.7856901,2457225.7462704,2015-07-22,20150722,LXD,1.8087929,1.8087929e-06,165741726429819.56,,,,0.013364834,0.0019549467,0,no,SpeX Spectrograph,LXD_short,merged_v346nor_lxd_20150722.txt,1.0
2457225.7856901,2457225.7462704,2015-07-22,20150722,LXD,1.809037,1.809037e-06,165719362290544.66,,,,0.015569647,0.0020519143,0,no,SpeX Spectrograph,LXD_short,merged_v346nor_lxd_20150722.txt,1.0
2457225.7462704,2457225.7462704,2015-07-22,20150722,SXD,1.8090385,1.8090384999999999e-06,165719224881062.53,,,,0.011973659,0.00033600061,0,no,SpeX Spectrograph,ShortXD,merged_v346nor_sxd_20150722.txt,1.0
2457225.7856901,2457225.7462704,2015-07-22,20150722,LXD,1.8092809,1.8092809e-06,165697022502144.38,,,,0.014895358,0.0018594854,0,no,SpeX Spectrograph,LXD_short,merged_v346nor_lxd_20150722.txt,1.0
2457225.7462704,2457225.7462704,2015-07-22,20150722,SXD,1.8093065,1.8093064999999998e-06,165694678043769.8,,,,0.013679883,0.00034884494,0,no,SpeX Spectrograph,ShortXD,merged_v346nor_sxd_20150722.txt,1.0
2457225.7856901,2457225.7462704,2015-07-22,20150722,LXD,1.8095249,1.8095249e-06,165674679580258.9,,,,0.013306975,0.0016996008,0,no,SpeX Spectrograph,LXD_short,merged_v346nor_lxd_20150722.txt,1.0
2457225.7462704,2457225.7462704,2015-07-22,20150722,SXD,1.8095745,1.8095745e-06,165670138477305.03,,,,0.013686568,0.0003324305,0,no,SpeX Spectrograph,ShortXD,merged_v346nor_sxd_20150722.txt,1.0
2457225.7856901,2457225.7462704,2015-07-22,20150722,LXD,1.8097688,1.8097688e-06,165652351836322.97,,,,0.015444205,0.0017076886,0,no,SpeX Spectrograph,LXD_short,merged_v346nor_lxd_20150722.txt,1.0
2457225.7462704,2457225.7462704,2015-07-22,20150722,SXD,1.8098425,1.8098425e-06,165645606178438.2,,,,0.011945807,0.00031953803,0,no,SpeX Spectrograph,ShortXD,merged_v346nor_sxd_20150722.txt,1.0
2457225.7856901,2457225.7462704,2015-07-22,20150722,LXD,1.8100128,1.8100127999999999e-06,165630020958967.8,,,,0.013933307,0.0019878177,0,no,SpeX Spectrograph,LXD_short,merged_v346nor_lxd_20150722.txt,1.0
2457225.7462704,2457225.7462704,2015-07-22,20150722,SXD,1.8101104,1.8101103999999999e-06,165621090293719.12,,,,0.010411614,0.00032329658,0,no,SpeX Spectrograph,ShortXD,merged_v346nor_sxd_20150722.txt,1.0
2457225.7856901,2457225.7462704,2015-07-22,20150722,LXD,1.8102567,1.8102567e-06,165607705249758.22,,,,0.01635028,0.0026098778,0,no,SpeX Spectrograph,LXD_short,merged_v346nor_lxd_20150722.txt,1.0
2457225.7462704,2457225.7462704,2015-07-22,20150722,SXD,1.8103784,1.8103784e-06,165596572517657.06,,,,0.0087142279,0.00040555856,0,no,SpeX Spectrograph,ShortXD,merged_v346nor_sxd_20150722.txt,1.0
2457225.7856901,2457225.7462704,2015-07-22,20150722,LXD,1.8105006,1.8105006e-06,165585395553031.03,,,,0.013650885,0.0041126865,0,no,SpeX Spectrograph,LXD_short,merged_v346nor_lxd_20150722.txt,1.0
2457225.7462704,2457225.7462704,2015-07-22,20150722,SXD,1.8106464,1.8106463999999998e-06,165572061999515.78,,,,0.0080084801,0.00057024881,0,no,SpeX Spectrograph,ShortXD,merged_v346nor_sxd_20150722.txt,1.0
2457225.7856901,2457225.7462704,2015-07-22,20150722,LXD,1.8107446,1.8107445999999999e-06,165563082722985.9,,,,0.0046594026,0.0066075576,0,no,SpeX Spectrograph,LXD_short,merged_v346nor_lxd_20150722.txt,1.0
2457225.7462704,2457225.7462704,2015-07-22,20150722,SXD,1.8109144,1.8109143999999998e-06,165547558736072.8,,,,0.010375464,0.00096981489,0,no,SpeX Spectrograph,ShortXD,merged_v346nor_sxd_20150722.txt,1.0
2457225.7856901,2457225.7462704,2015-07-22,20150722,LXD,1.8109885,1.8109885e-06,165540785046398.7,,,,0.010882686,0.0068447096,0,no,SpeX Spectrograph,LXD_short,merged_v346nor_lxd_20150722.txt,1.0
2457225.7462704,2457225.7462704,2015-07-22,20150722,SXD,1.8111824,1.8111824e-06,165523062724107.75,,,,0.015407741,0.0015339922,0,no,SpeX Spectrograph,ShortXD,merged_v346nor_sxd_20150722.txt,1.0
2457225.7856901,2457225.7462704,2015-07-22,20150722,LXD,1.8112324,1.8112324e-06,165518493375008.1,,,,0.0049206377,0.0048861336,0,no,SpeX Spectrograph,LXD_short,merged_v346nor_lxd_20150722.txt,1.0
2457225.7462704,2457225.7462704,2015-07-22,20150722,SXD,1.8114504,1.8114504e-06,165498573960402.12,,,,0.012524937,0.0014116939,0,no,SpeX Spectrograph,ShortXD,merged_v346nor_sxd_20150722.txt,1.0
2457225.7856901,2457225.7462704,2015-07-22,20150722,LXD,1.8114765,1.8114764999999998e-06,165496189434419.94,,,,0.010638491,0.0039544939,0,no,SpeX Spectrograph,LXD_short,merged_v346nor_lxd_20150722.txt,1.0
2457225.7462704,2457225.7462704,2015-07-22,20150722,SXD,1.8117183,1.8117182999999998e-06,165474101575283.53,,,,0.010473623,0.001173062,0,no,SpeX Spectrograph,ShortXD,merged_v346nor_sxd_20150722.txt,1.0
2457225.7856901,2457225.7462704,2015-07-22,20150722,LXD,1.8117204,1.8117203999999998e-06,165473909771066.25,,,,0.013880792,0.003728752,0,no,SpeX Spectrograph,LXD_short,merged_v346nor_lxd_20150722.txt,1.0
2457225.7462704,2457225.7462704,2015-07-22,20150722,SXD,1.8119863,1.8119863e-06,165449627295747.22,,,,0.010790964,0.0011390483,0,no,SpeX Spectrograph,ShortXD,merged_v346nor_sxd_20150722.txt,1.0
2457225.7856901,2457225.7462704,2015-07-22,20150722,LXD,1.8120692,1.8120692e-06,165442058173054.3,,,,0.0076373885,0.0045898375,0,no,SpeX Spectrograph,LXD_short,merged_v346nor_lxd_20150722.txt,1.0
2457225.7462704,2457225.7462704,2015-07-22,20150722,SXD,1.8122543,1.8122542999999998e-06,165425160254827.38,,,,0.0088650845,0.001181688,0,no,SpeX Spectrograph,ShortXD,merged_v346nor_sxd_20150722.txt,1.0
2457225.7856901,2457225.7462704,2015-07-22,20150722,LXD,1.81234,1.81234e-06,165417337806371.88,,,,0.0052463571,0.0067083254,0,no,SpeX Spectrograph,LXD_short,merged_v346nor_lxd_20150722.txt,1.0
2457225.7462704,2457225.7462704,2015-07-22,20150722,SXD,1.8125223,1.8125222999999998e-06,165400700449313.12,,,,0.0092168553,0.0012185753,0,no,SpeX Spectrograph,ShortXD,merged_v346nor_sxd_20150722.txt,1.0
2457225.7856901,2457225.7462704,2015-07-22,20150722,LXD,1.8126107,1.8126106999999999e-06,165392633950577.5,,,,0.0086630955,0.0078111305,0,no,SpeX Spectrograph,LXD_short,merged_v346nor_lxd_20150722.txt,1.0
2457225.7462704,2457225.7462704,2015-07-22,20150722,SXD,1.8127903,1.8127903e-06,165376247875995.38,,,,0.012740024,0.001207353,0,no,SpeX Spectrograph,ShortXD,merged_v346nor_sxd_20150722.txt,1.0
2457225.7856901,2457225.7462704,2015-07-22,20150722,LXD,1.8128816,1.8128816e-06,165367919228701.97,,,,0.012785228,0.0061573824,0,no,SpeX Spectrograph,LXD_short,merged_v346nor_lxd_20150722.txt,1.0
2457225.7462704,2457225.7462704,2015-07-22,20150722,SXD,1.8130583,1.8130583e-06,165351802531667.06,,,,0.017083591,0.0010634399,0,no,SpeX Spectrograph,ShortXD,merged_v346nor_sxd_20150722.txt,1.0
2457225.7856901,2457225.7462704,2015-07-22,20150722,LXD,1.8131523,1.8131523e-06,165343230130199.22,,,,0.013295094,0.0045412057,0,no,SpeX Spectrograph,LXD_short,merged_v346nor_lxd_20150722.txt,1.0
2457225.7462704,2457225.7462704,2015-07-22,20150722,SXD,1.8133262,1.8133262e-06,165327373530476.75,,,,0.018039608,0.00085366628,0,no,SpeX Spectrograph,ShortXD,merged_v346nor_sxd_20150722.txt,1.0
2457225.7856901,2457225.7462704,2015-07-22,20150722,LXD,1.813423,1.8134229999999999e-06,165318548402661.72,,,,0.01188253,0.0031062833,0,no,SpeX Spectrograph,LXD_short,merged_v346nor_lxd_20150722.txt,1.0
2457225.7462704,2457225.7462704,2015-07-22,20150722,SXD,1.8135942,1.8135942e-06,165302942631819.2,,,,0.016345754,0.00062997203,0,no,SpeX Spectrograph,ShortXD,merged_v346nor_sxd_20150722.txt,1.0
2457225.7856901,2457225.7462704,2015-07-22,20150722,LXD,1.8136939,1.8136939e-06,165293855815471.4,,,,0.014669386,0.0022556596,0,no,SpeX Spectrograph,LXD_short,merged_v346nor_lxd_20150722.txt,1.0
2457225.7462704,2457225.7462704,2015-07-22,20150722,SXD,1.8138622,1.8138621999999998e-06,165278518952542.28,,,,0.015607987,0.00044999467,0,no,SpeX Spectrograph,ShortXD,merged_v346nor_sxd_20150722.txt,1.0
2457225.7856901,2457225.7462704,2015-07-22,20150722,LXD,1.8139646,1.8139646e-06,165269188825404.84,,,,0.014978627,0.0019572745,0,no,SpeX Spectrograph,LXD_short,merged_v346nor_lxd_20150722.txt,1.0
2457225.7462704,2457225.7462704,2015-07-22,20150722,SXD,1.8141302,1.8141301999999998e-06,165254102489446.47,,,,0.014402729,0.0003615687,0,no,SpeX Spectrograph,ShortXD,merged_v346nor_sxd_20150722.txt,1.0
2457225.7856901,2457225.7462704,2015-07-22,20150722,LXD,1.8142353,1.8142352999999999e-06,165244529196405.78,,,,0.013443885,0.0018468318,0,no,SpeX Spectrograph,LXD_short,merged_v346nor_lxd_20150722.txt,1.0
2457225.7462704,2457225.7462704,2015-07-22,20150722,SXD,1.8143982,1.8143982e-06,165229693239334.12,,,,0.012314702,0.00032147451,0,no,SpeX Spectrograph,ShortXD,merged_v346nor_sxd_20150722.txt,1.0
2457225.7856901,2457225.7462704,2015-07-22,20150722,LXD,1.8145062,1.8145062e-06,165219858714178.0,,,,0.012695253,0.0020883291,0,no,SpeX Spectrograph,LXD_short,merged_v346nor_lxd_20150722.txt,1.0
2457225.7462704,2457225.7462704,2015-07-22,20150722,SXD,1.8146662,1.8146662e-06,165205291199009.5,,,,0.01058952,0.00033195343,0,no,SpeX Spectrograph,ShortXD,merged_v346nor_sxd_20150722.txt,1.0
2457225.7856901,2457225.7462704,2015-07-22,20150722,LXD,1.8147769,1.8147769e-06,165195213802864.7,,,,0.010579443,0.0028951422,0,no,SpeX Spectrograph,LXD_short,merged_v346nor_lxd_20150722.txt,1.0
2457225.7462704,2457225.7462704,2015-07-22,20150722,SXD,1.8149341,1.8149341e-06,165180905466484.97,,,,0.0088866334,0.00040512942,0,no,SpeX Spectrograph,ShortXD,merged_v346nor_sxd_20150722.txt,1.0
2457225.7856901,2457225.7462704,2015-07-22,20150722,LXD,1.8150476,1.8150475999999999e-06,165170576242738.78,,,,0.013815364,0.0048009502,0,no,SpeX Spectrograph,LXD_short,merged_v346nor_lxd_20150722.txt,1.0
2457225.7462704,2457225.7462704,2015-07-22,20150722,SXD,1.8152021,1.8152021e-06,165156517833468.78,,,,0.0070058578,0.00057480973,0,no,SpeX Spectrograph,ShortXD,merged_v346nor_sxd_20150722.txt,1.0
2457225.7856901,2457225.7462704,2015-07-22,20150722,LXD,1.8153183,1.8153183e-06,165145946030511.56,,,,0.010272619,0.0089189159,0,no,SpeX Spectrograph,LXD_short,merged_v346nor_lxd_20150722.txt,1.0
2457225.7462704,2457225.7462704,2015-07-22,20150722,SXD,1.8154701,1.8154701e-06,165132137400665.53,,,,0.0086553879,0.00094755343,0,no,SpeX Spectrograph,ShortXD,merged_v346nor_sxd_20150722.txt,1.0
2457225.7856901,2457225.7462704,2015-07-22,20150722,LXD,1.8155891,1.8155890999999999e-06,165121314068254.78,,,,0.0060104816,0.010449483,0,no,SpeX Spectrograph,LXD_short,merged_v346nor_lxd_20150722.txt,1.0
2457225.7462704,2457225.7462704,2015-07-22,20150722,SXD,1.8157381,1.8157380999999998e-06,165107764164887.03,,,,0.012330806,0.0014339644,0,no,SpeX Spectrograph,ShortXD,merged_v346nor_sxd_20150722.txt,1.0
2457225.7462704,2457225.7462704,2015-07-22,20150722,SXD,1.8160061,1.8160061e-06,165083398122946.84,,,,0.01438389,0.0015058895,0,no,SpeX Spectrograph,ShortXD,merged_v346nor_sxd_20150722.txt,1.0
2457225.7856901,2457225.7462704,2015-07-22,20150722,LXD,1.8161305,1.8161305e-06,165072090359145.44,,,,0.013292456,0.0067156046,0,no,SpeX Spectrograph,LXD_short,merged_v346nor_lxd_20150722.txt,1.0
2457225.7462704,2457225.7462704,2015-07-22,20150722,SXD,1.816274,1.8162739999999998e-06,165059048359443.6,,,,0.016899547,0.0012676778,0,no,SpeX Spectrograph,ShortXD,merged_v346nor_sxd_20150722.txt,1.0
2457225.7856901,2457225.7462704,2015-07-22,20150722,LXD,1.8164012,1.8164012e-06,165047489508375.12,,,,0.0063961092,0.0051331348,0,no,SpeX Spectrograph,LXD_short,merged_v346nor_lxd_20150722.txt,1.0
2457225.7462704,2457225.7462704,2015-07-22,20150722,SXD,1.816542,1.816542e-06,165034696692947.38,,,,0.013822318,0.00088207325,0,no,SpeX Spectrograph,ShortXD,merged_v346nor_sxd_20150722.txt,1.0
2457225.7856901,2457225.7462704,2015-07-22,20150722,LXD,1.816672,1.816672e-06,165022886905286.16,,,,0.011278805,0.0045619393,0,no,SpeX Spectrograph,LXD_short,merged_v346nor_lxd_20150722.txt,1.0
2457225.7462704,2457225.7462704,2015-07-22,20150722,SXD,1.81681,1.81681e-06,165010352210743.0,,,,0.012942922,0.00077238714,0,no,SpeX Spectrograph,ShortXD,merged_v346nor_sxd_20150722.txt,1.0
2457225.7856901,2457225.7462704,2015-07-22,20150722,LXD,1.8169426,1.8169425999999999e-06,164998309798009.03,,,,0.013057538,0.0040657194,0,no,SpeX Spectrograph,LXD_short,merged_v346nor_lxd_20150722.txt,1.0
2457225.7462704,2457225.7462704,2015-07-22,20150722,SXD,1.817078,1.817078e-06,164986014909651.66,,,,0.013815041,0.00066749018,0,no,SpeX Spectrograph,ShortXD,merged_v346nor_sxd_20150722.txt,1.0
2457225.7856901,2457225.7462704,2015-07-22,20150722,LXD,1.8172133,1.8172133e-06,164973730931861.44,,,,0.011514486,0.0031800587,0,no,SpeX Spectrograph,LXD_short,merged_v346nor_lxd_20150722.txt,1.0
2457225.7462704,2457225.7462704,2015-07-22,20150722,SXD,1.817346,1.8173459999999997e-06,164961684786496.38,,,,0.014569607,0.00056147604,0,no,SpeX Spectrograph,ShortXD,merged_v346nor_sxd_20150722.txt,1.0
2457225.7856901,2457225.7462704,2015-07-22,20150722,LXD,1.817484,1.817484e-06,164949159387372.88,,,,0.011893453,0.002570132,0,no,SpeX Spectrograph,LXD_short,merged_v346nor_lxd_20150722.txt,1.0
2457225.7462704,2457225.7462704,2015-07-22,20150722,SXD,1.8176141,1.8176140999999999e-06,164937352763713.72,,,,0.014223413,0.00046330734,0,no,SpeX Spectrograph,ShortXD,merged_v346nor_sxd_20150722.txt,1.0
2457225.7856901,2457225.7462704,2015-07-22,20150722,LXD,1.8177546,1.8177545999999998e-06,164924604234256.94,,,,0.014112389,0.0024046854,0,no,SpeX Spectrograph,LXD_short,merged_v346nor_lxd_20150722.txt,1.0
2457225.7462704,2457225.7462704,2015-07-22,20150722,SXD,1.8178821,1.8178821e-06,164913036989582.53,,,,0.011272577,0.00043096734,0,no,SpeX Spectrograph,ShortXD,merged_v346nor_sxd_20150722.txt,1.0
2457225.7856901,2457225.7462704,2015-07-22,20150722,LXD,1.8180254,1.8180254e-06,164900038250290.66,,,,0.012672993,0.0027781115,0,no,SpeX Spectrograph,LXD_short,merged_v346nor_lxd_20150722.txt,1.0
2457225.7462704,2457225.7462704,2015-07-22,20150722,SXD,1.81815,1.81815e-06,164888737452905.44,,,,0.0091006793,0.0004157802,0,no,SpeX Spectrograph,ShortXD,merged_v346nor_sxd_20150722.txt,1.0
2457225.7856901,2457225.7462704,2015-07-22,20150722,LXD,1.8182961,1.8182960999999999e-06,164875488651160.84,,,,0.011169036,0.0038984485,0,no,SpeX Spectrograph,LXD_short,merged_v346nor_lxd_20150722.txt,1.0
2457225.7462704,2457225.7462704,2015-07-22,20150722,SXD,1.818418,1.818418e-06,164864436009762.3,,,,0.0091020884,0.0005335359,0,no,SpeX Spectrograph,ShortXD,merged_v346nor_sxd_20150722.txt,1.0
2457225.7856901,2457225.7462704,2015-07-22,20150722,LXD,1.8185667,1.8185667e-06,164850955425500.75,,,,0.013181881,0.004880344,0,no,SpeX Spectrograph,LXD_short,merged_v346nor_lxd_20150722.txt,1.0
2457225.7462704,2457225.7462704,2015-07-22,20150722,SXD,1.818686,1.8186859999999999e-06,164840141728698.66,,,,0.011982782,0.00071564381,0,no,SpeX Spectrograph,ShortXD,merged_v346nor_sxd_20150722.txt,1.0
2457225.7856901,2457225.7462704,2015-07-22,20150722,LXD,1.8188374,1.8188374e-06,164826420437582.8,,,,0.016548043,0.0044588335,0,no,SpeX Spectrograph,LXD_short,merged_v346nor_lxd_20150722.txt,1.0
2457225.7462704,2457225.7462704,2015-07-22,20150722,SXD,1.818954,1.8189539999999999e-06,164815854606548.62,,,,0.01387891,0.00075153989,0,no,SpeX Spectrograph,ShortXD,merged_v346nor_sxd_20150722.txt,1.0
2457225.7856901,2457225.7462704,2015-07-22,20150722,LXD,1.819108,1.8191079999999999e-06,164801901811217.38,,,,0.013470469,0.003928463,0,no,SpeX Spectrograph,LXD_short,merged_v346nor_lxd_20150722.txt,1.0
2457225.7462704,2457225.7462704,2015-07-22,20150722,SXD,1.819222,1.8192219999999999e-06,164791574640148.38,,,,0.013490571,0.00063812721,0,no,SpeX Spectrograph,ShortXD,merged_v346nor_sxd_20150722.txt,1.0
2457225.7856901,2457225.7462704,2015-07-22,20150722,LXD,1.8193786,1.8193786e-06,164777390478265.5,,,,0.014498327,0.0040232935,0,no,SpeX Spectrograph,LXD_short,merged_v346nor_lxd_20150722.txt,1.0
2457225.7462704,2457225.7462704,2015-07-22,20150722,SXD,1.81949,1.81949e-06,164767301826335.94,,,,0.010306747,0.00057962048,0,no,SpeX Spectrograph,ShortXD,merged_v346nor_sxd_20150722.txt,1.0
2457225.7856901,2457225.7462704,2015-07-22,20150722,LXD,1.8196493,1.8196493e-06,164752877381372.34,,,,0.02293344,0.0054009454,0,no,SpeX Spectrograph,LXD_short,merged_v346nor_lxd_20150722.txt,1.0
2457225.7462704,2457225.7462704,2015-07-22,20150722,SXD,1.8197579,1.8197578999999999e-06,164743045214970.62,,,,0.0089037418,0.00067409797,0,no,SpeX Spectrograph,ShortXD,merged_v346nor_sxd_20150722.txt,1.0
2457225.7856901,2457225.7462704,2015-07-22,20150722,LXD,1.8199199,1.8199199e-06,164728380628180.4,,,,0.019670341,0.010070162,0,no,SpeX Spectrograph,LXD_short,merged_v346nor_lxd_20150722.txt,1.0
2457225.7462704,2457225.7462704,2015-07-22,20150722,SXD,1.8200259,1.8200259e-06,164718786694189.34,,,,0.0076614791,0.00098479469,0,no,SpeX Spectrograph,ShortXD,merged_v346nor_sxd_20150722.txt,1.0
2457225.7462704,2457225.7462704,2015-07-22,20150722,SXD,1.8202939,1.8202938999999999e-06,164694535316522.25,,,,0.0052838591,0.0021025082,0,no,SpeX Spectrograph,ShortXD,merged_v346nor_sxd_20150722.txt,1.0
2457225.7462704,2457225.7462704,2015-07-22,20150722,SXD,1.820562,1.820562e-06,164670282033789.56,,,,0.025333993,0.0054016379,0,no,SpeX Spectrograph,ShortXD,merged_v346nor_sxd_20150722.txt,1.0
2457225.7462704,2457225.7462704,2015-07-22,20150722,SXD,1.82083,1.8208299999999998e-06,164646044935551.38,,,,0.020594206,0.0087320106,0,no,SpeX Spectrograph,ShortXD,merged_v346nor_sxd_20150722.txt,1.0
2457225.7462704,2457225.7462704,2015-07-22,20150722,SXD,1.821098,1.821098e-06,164621814970968.06,,,,0.02221686,0.0059167733,0,no,SpeX Spectrograph,ShortXD,merged_v346nor_sxd_20150722.txt,1.0
2457225.7462704,2457225.7462704,2015-07-22,20150722,SXD,1.821366,1.821366e-06,164597592136890.66,,,,0.01455862,0.0050861458,0,no,SpeX Spectrograph,ShortXD,merged_v346nor_sxd_20150722.txt,1.0
2457225.7462704,2457225.7462704,2015-07-22,20150722,SXD,1.8216339,1.8216338999999998e-06,164573385464554.66,,,,0.018022655,0.0055631329,0,no,SpeX Spectrograph,ShortXD,merged_v346nor_sxd_20150722.txt,1.0
2457225.7462704,2457225.7462704,2015-07-22,20150722,SXD,1.8219019,1.8219019e-06,164549176879391.8,,,,0.01007616,0.0067618522,0,no,SpeX Spectrograph,ShortXD,merged_v346nor_sxd_20150722.txt,1.0
2457225.7462704,2457225.7462704,2015-07-22,20150722,SXD,1.8221699,1.8221699e-06,164524975415300.2,,,,0.022858506,0.0076822531,0,no,SpeX Spectrograph,ShortXD,merged_v346nor_sxd_20150722.txt,1.0
2457225.7462704,2457225.7462704,2015-07-22,20150722,SXD,1.8224379,1.8224379e-06,164500781069138.22,,,,0.021333074,0.0053438833,0,no,SpeX Spectrograph,ShortXD,merged_v346nor_sxd_20150722.txt,1.0
2457225.7462704,2457225.7462704,2015-07-22,20150722,SXD,1.822706,1.8227059999999999e-06,164476584814007.3,,,,0.03087963,0.0028176059,0,no,SpeX Spectrograph,ShortXD,merged_v346nor_sxd_20150722.txt,1.0
2457225.7462704,2457225.7462704,2015-07-22,20150722,SXD,1.822974,1.822974e-06,164452404696940.28,,,,0.02328277,0.0012694537,0,no,SpeX Spectrograph,ShortXD,merged_v346nor_sxd_20150722.txt,1.0
2457225.7462704,2457225.7462704,2015-07-22,20150722,SXD,1.8232419,1.8232419e-06,164428240706842.03,,,,0.019232085,0.00071818091,0,no,SpeX Spectrograph,ShortXD,merged_v346nor_sxd_20150722.txt,1.0
2457225.7462704,2457225.7462704,2015-07-22,20150722,SXD,1.8235099,1.8235099e-06,164404074801019.75,,,,0.015785426,0.00050078827,0,no,SpeX Spectrograph,ShortXD,merged_v346nor_sxd_20150722.txt,1.0
2457225.7462704,2457225.7462704,2015-07-22,20150722,SXD,1.8237779,1.8237778999999999e-06,164379915997446.84,,,,0.01395474,0.00041219854,0,no,SpeX Spectrograph,ShortXD,merged_v346nor_sxd_20150722.txt,1.0
2457225.7462704,2457225.7462704,2015-07-22,20150722,SXD,1.8240459,1.8240458999999999e-06,164355764292992.84,,,,0.012906049,0.00036968128,0,no,SpeX Spectrograph,ShortXD,merged_v346nor_sxd_20150722.txt,1.0
2457225.7462704,2457225.7462704,2015-07-22,20150722,SXD,1.824314,1.824314e-06,164331610676670.78,,,,0.011874998,0.00037023993,0,no,SpeX Spectrograph,ShortXD,merged_v346nor_sxd_20150722.txt,1.0
2457225.7462704,2457225.7462704,2015-07-22,20150722,SXD,1.824582,1.8245819999999998e-06,164307473163716.4,,,,0.0098463139,0.00041670175,0,no,SpeX Spectrograph,ShortXD,merged_v346nor_sxd_20150722.txt,1.0
2457225.7462704,2457225.7462704,2015-07-22,20150722,SXD,1.82485,1.82485e-06,164283342740499.22,,,,0.010132731,0.00052732142,0,no,SpeX Spectrograph,ShortXD,merged_v346nor_sxd_20150722.txt,1.0
2457225.7462704,2457225.7462704,2015-07-22,20150722,SXD,1.8251179,1.8251178999999998e-06,164259228403819.84,,,,0.010409915,0.00069138821,0,no,SpeX Spectrograph,ShortXD,merged_v346nor_sxd_20150722.txt,1.0
2457225.7462704,2457225.7462704,2015-07-22,20150722,SXD,1.8253859,1.8253858999999998e-06,164235112148066.9,,,,0.0091783758,0.00088018132,0,no,SpeX Spectrograph,ShortXD,merged_v346nor_sxd_20150722.txt,1.0
2457225.7462704,2457225.7462704,2015-07-22,20150722,SXD,1.825654,1.825654e-06,164210993978048.4,,,,0.0083471909,0.001181357,0,no,SpeX Spectrograph,ShortXD,merged_v346nor_sxd_20150722.txt,1.0
2457225.7462704,2457225.7462704,2015-07-22,20150722,SXD,1.825922,1.825922e-06,164186891882566.72,,,,0.0045488677,0.0016154656,0,no,SpeX Spectrograph,ShortXD,merged_v346nor_sxd_20150722.txt,1.0
2457225.7462704,2457225.7462704,2015-07-22,20150722,SXD,1.82619,1.82619e-06,164162796861224.75,,,,0.005908764,0.0025488748,0,no,SpeX Spectrograph,ShortXD,merged_v346nor_sxd_20150722.txt,1.0
2457225.7462704,2457225.7462704,2015-07-22,20150722,SXD,1.826458,1.826458e-06,164138708910908.44,,,,0.0094719268,0.0042870999,0,no,SpeX Spectrograph,ShortXD,merged_v346nor_sxd_20150722.txt,1.0
2457225.7462704,2457225.7462704,2015-07-22,20150722,SXD,1.8267261,1.8267260999999998e-06,164114619044420.53,,,,0.026791213,0.0043310123,0,no,SpeX Spectrograph,ShortXD,merged_v346nor_sxd_20150722.txt,1.0
2457225.7462704,2457225.7462704,2015-07-22,20150722,SXD,1.8269941,1.8269941e-06,164090545229456.4,,,,0.018127974,0.0022449854,0,no,SpeX Spectrograph,ShortXD,merged_v346nor_sxd_20150722.txt,1.0
2457225.7462704,2457225.7462704,2015-07-22,20150722,SXD,1.827262,1.8272619999999999e-06,164066487455001.0,,,,0.014901506,0.0012710473,0,no,SpeX Spectrograph,ShortXD,merged_v346nor_sxd_20150722.txt,1.0
2457225.7462704,2457225.7462704,2015-07-22,20150722,SXD,1.82753,1.82753e-06,164042427757683.88,,,,0.0086544082,0.00095710088,0,no,SpeX Spectrograph,ShortXD,merged_v346nor_sxd_20150722.txt,1.0
2457225.7462704,2457225.7462704,2015-07-22,20150722,SXD,1.827798,1.827798e-06,164018375115849.78,,,,0.0097339796,0.00096575636,0,no,SpeX Spectrograph,ShortXD,merged_v346nor_sxd_20150722.txt,1.0
2457225.7462704,2457225.7462704,2015-07-22,20150722,SXD,1.8280661,1.8280661e-06,163994320555476.62,,,,0.0078017004,0.0012021102,0,no,SpeX Spectrograph,ShortXD,merged_v346nor_sxd_20150722.txt,1.0
2457225.7462704,2457225.7462704,2015-07-22,20150722,SXD,1.8283341,1.8283341e-06,163970282017930.97,,,,0.005672771,0.0019724488,0,no,SpeX Spectrograph,ShortXD,merged_v346nor_sxd_20150722.txt,1.0
2457225.7462704,2457225.7462704,2015-07-22,20150722,SXD,1.8286021,1.8286020999999997e-06,163946250526563.47,,,,0.006515915,0.0041352934,0,no,SpeX Spectrograph,ShortXD,merged_v346nor_sxd_20150722.txt,1.0
2457225.7462704,2457225.7462704,2015-07-22,20150722,SXD,1.8288702,1.8288701999999999e-06,163922217115244.16,,,,0.0036959283,0.0071323039,0,no,SpeX Spectrograph,ShortXD,merged_v346nor_sxd_20150722.txt,1.0
2457225.7462704,2457225.7462704,2015-07-22,20150722,SXD,1.8291382,1.8291382e-06,163898199709568.12,,,,0.0046546576,0.0059565334,0,no,SpeX Spectrograph,ShortXD,merged_v346nor_sxd_20150722.txt,1.0
2457225.7462704,2457225.7462704,2015-07-22,20150722,SXD,1.8294061,1.8294061e-06,163874198298562.6,,,,0.018355742,0.003508318,0,no,SpeX Spectrograph,ShortXD,merged_v346nor_sxd_20150722.txt,1.0
2457225.7462704,2457225.7462704,2015-07-22,20150722,SXD,1.8296741,1.8296741e-06,163850194960949.6,,,,0.013823042,0.0027448039,0,no,SpeX Spectrograph,ShortXD,merged_v346nor_sxd_20150722.txt,1.0
2457225.7462704,2457225.7462704,2015-07-22,20150722,SXD,1.8299422,1.8299422e-06,163826189701510.78,,,,0.012750707,0.0029505214,0,no,SpeX Spectrograph,ShortXD,merged_v346nor_sxd_20150722.txt,1.0
2457225.7462704,2457225.7462704,2015-07-22,20150722,SXD,1.8302102,1.8302102e-06,163802200424847.38,,,,0.012640095,0.0037727936,0,no,SpeX Spectrograph,ShortXD,merged_v346nor_sxd_20150722.txt,1.0
2457225.7462704,2457225.7462704,2015-07-22,20150722,SXD,1.8304782,1.8304781999999998e-06,163778218172715.75,,,,0.009733106,0.0052529871,0,no,SpeX Spectrograph,ShortXD,merged_v346nor_sxd_20150722.txt,1.0
2457225.7462704,2457225.7462704,2015-07-22,20150722,SXD,1.8307463,1.8307463e-06,163754233997359.44,,,,0.0052576689,0.0066787046,0,no,SpeX Spectrograph,ShortXD,merged_v346nor_sxd_20150722.txt,1.0
2457225.7462704,2457225.7462704,2015-07-22,20150722,SXD,1.8310143,1.8310143e-06,163730265787656.6,,,,0.0087404996,0.0076928129,0,no,SpeX Spectrograph,ShortXD,merged_v346nor_sxd_20150722.txt,1.0
2457225.7462704,2457225.7462704,2015-07-22,20150722,SXD,1.8312823,1.8312823e-06,163706304593235.03,,,,0.016219443,0.0081682084,0,no,SpeX Spectrograph,ShortXD,merged_v346nor_sxd_20150722.txt,1.0
2457225.7462704,2457225.7462704,2015-07-22,20150722,SXD,1.8315504,1.8315504e-06,163682341474195.84,,,,0.01418553,0.0059049982,0,no,SpeX Spectrograph,ShortXD,merged_v346nor_sxd_20150722.txt,1.0
2457225.7462704,2457225.7462704,2015-07-22,20150722,SXD,1.8318183,1.8318182999999999e-06,163658403237919.4,,,,0.011281729,0.00350844,0,no,SpeX Spectrograph,ShortXD,merged_v346nor_sxd_20150722.txt,1.0
2457225.7462704,2457225.7462704,2015-07-22,20150722,SXD,1.8320863,1.8320863e-06,163634463070871.72,,,,0.0089968778,0.0024382866,0,no,SpeX Spectrograph,ShortXD,merged_v346nor_sxd_20150722.txt,1.0
2457225.7462704,2457225.7462704,2015-07-22,20150722,SXD,1.8323544,1.8323544e-06,163610520977819.56,,,,0.0055981209,0.0025739246,0,no,SpeX Spectrograph,ShortXD,merged_v346nor_sxd_20150722.txt,1.0
2457225.7462704,2457225.7462704,2015-07-22,20150722,SXD,1.8326224,1.8326224e-06,163586594816258.94,,,,0.0064519038,0.0033396597,0,no,SpeX Spectrograph,ShortXD,merged_v346nor_sxd_20150722.txt,1.0
2457225.7462704,2457225.7462704,2015-07-22,20150722,SXD,1.8328904,1.8328903999999998e-06,163562675651528.34,,,,0.007054748,0.004161322,0,no,SpeX Spectrograph,ShortXD,merged_v346nor_sxd_20150722.txt,1.0
2457225.7462704,2457225.7462704,2015-07-22,20150722,SXD,1.8331585,1.8331584999999999e-06,163538754559412.1,,,,0.019805031,0.0037567625,0,no,SpeX Spectrograph,ShortXD,merged_v346nor_sxd_20150722.txt,1.0
2457225.7462704,2457225.7462704,2015-07-22,20150722,SXD,1.8334265,1.8334265e-06,163514849381745.06,,,,0.010182507,0.00066380086,0,no,SpeX Spectrograph,ShortXD,merged_v346nor_sxd_20150722.txt,1.0
2457225.7462704,2457225.7462704,2015-07-22,20150722,SXD,1.8336945,1.8336944999999999e-06,163490951191706.16,,,,0.0097975526,0.00052536436,0,no,SpeX Spectrograph,ShortXD,merged_v346nor_sxd_20150722.txt,1.0
2457225.7462704,2457225.7462704,2015-07-22,20150722,SXD,1.8339626,1.8339626e-06,163467051072906.28,,,,0.010609282,0.00062676356,0,no,SpeX Spectrograph,ShortXD,merged_v346nor_sxd_20150722.txt,1.0
2457225.7462704,2457225.7462704,2015-07-22,20150722,SXD,1.8342305,1.8342305e-06,163443175762261.06,,,,0.010451836,0.00075956155,0,no,SpeX Spectrograph,ShortXD,merged_v346nor_sxd_20150722.txt,1.0
2457225.7462704,2457225.7462704,2015-07-22,20150722,SXD,1.8344985,1.8344985e-06,163419298516733.6,,,,0.0092799664,0.0010574644,0,no,SpeX Spectrograph,ShortXD,merged_v346nor_sxd_20150722.txt,1.0
2457225.7462704,2457225.7462704,2015-07-22,20150722,SXD,1.8347666,1.8347666e-06,163395419341075.88,,,,0.0076791537,0.0019077763,0,no,SpeX Spectrograph,ShortXD,merged_v346nor_sxd_20150722.txt,1.0
2457225.7462704,2457225.7462704,2015-07-22,20150722,SXD,1.8350346,1.8350346e-06,163371556045864.22,,,,0.014962049,0.004100455,0,no,SpeX Spectrograph,ShortXD,merged_v346nor_sxd_20150722.txt,1.0
2457225.7462704,2457225.7462704,2015-07-22,20150722,SXD,1.8353027,1.8353026999999999e-06,163347690819612.5,,,,0.01754961,0.0071507562,0,no,SpeX Spectrograph,ShortXD,merged_v346nor_sxd_20150722.txt,1.0
2457225.7462704,2457225.7462704,2015-07-22,20150722,SXD,1.8355707,1.8355707e-06,163323841462494.47,,,,0.018566737,0.011401044,0,no,SpeX Spectrograph,ShortXD,merged_v346nor_sxd_20150722.txt,1.0
2457225.7462704,2457225.7462704,2015-07-22,20150722,SXD,1.8358388,1.8358388e-06,163299990173429.16,,,,0.039482124,0.016065063,0,no,SpeX Spectrograph,ShortXD,merged_v346nor_sxd_20150722.txt,1.0
2457225.7462704,2457225.7462704,2015-07-22,20150722,SXD,1.8361068,1.8361068e-06,163276154742196.9,,,,0.030015714,0.019525938,0,no,SpeX Spectrograph,ShortXD,merged_v346nor_sxd_20150722.txt,1.0
2457225.7462704,2457225.7462704,2015-07-22,20150722,SXD,1.8363748,1.8363748e-06,163252326268036.34,,,,0.011950486,0.019252602,0,no,SpeX Spectrograph,ShortXD,merged_v346nor_sxd_20150722.txt,1.0
2457225.7462704,2457225.7462704,2015-07-22,20150722,SXD,1.8371789,1.8371789e-06,163180873675394.38,,,,0.0126878,0.020666046,0,no,SpeX Spectrograph,ShortXD,merged_v346nor_sxd_20150722.txt,1.0
2457225.7462704,2457225.7462704,2015-07-22,20150722,SXD,1.8374469,1.8374468999999999e-06,163157073001674.25,,,,0.016388133,0.022214821,0,no,SpeX Spectrograph,ShortXD,merged_v346nor_sxd_20150722.txt,1.0
2457225.7462704,2457225.7462704,2015-07-22,20150722,SXD,1.837715,1.837715e-06,163133270392852.0,,,,0.0054706652,0.019377513,0,no,SpeX Spectrograph,ShortXD,merged_v346nor_sxd_20150722.txt,1.0
2457225.7462704,2457225.7462704,2015-07-22,20150722,SXD,1.837983,1.8379829999999998e-06,163109483602405.47,,,,0.0096039902,0.011115863,0,no,SpeX Spectrograph,ShortXD,merged_v346nor_sxd_20150722.txt,1.0
2457225.7462704,2457225.7462704,2015-07-22,20150722,SXD,1.8382511,1.8382511e-06,163085694875961.2,,,,0.0088802455,0.0072599309,0,no,SpeX Spectrograph,ShortXD,merged_v346nor_sxd_20150722.txt,1.0
2457225.7462704,2457225.7462704,2015-07-22,20150722,SXD,1.8385191,1.8385190999999999e-06,163061921956644.34,,,,0.0090363855,0.0052168318,0,no,SpeX Spectrograph,ShortXD,merged_v346nor_sxd_20150722.txt,1.0
2457225.7462704,2457225.7462704,2015-07-22,20150722,SXD,1.8387872,1.8387872e-06,163038147100436.62,,,,0.01040658,0.003306641,0,no,SpeX Spectrograph,ShortXD,merged_v346nor_sxd_20150722.txt,1.0
2457225.7462704,2457225.7462704,2015-07-22,20150722,SXD,1.8390552,1.8390552e-06,163014388040119.72,,,,0.010773948,0.0031675077,0,no,SpeX Spectrograph,ShortXD,merged_v346nor_sxd_20150722.txt,1.0
2457225.7462704,2457225.7462704,2015-07-22,20150722,SXD,1.8393233,1.8393233e-06,162990627042021.38,,,,0.0102885,0.003819922,0,no,SpeX Spectrograph,ShortXD,merged_v346nor_sxd_20150722.txt,1.0
2457225.7462704,2457225.7462704,2015-07-22,20150722,SXD,1.8395913,1.8395913e-06,162966881828588.78,,,,0.013411047,0.0046569323,0,no,SpeX Spectrograph,ShortXD,merged_v346nor_sxd_20150722.txt,1.0
2457225.7462704,2457225.7462704,2015-07-22,20150722,SXD,1.8398594,1.8398593999999998e-06,162943134676486.72,,,,0.010623405,0.0072774715,0,no,SpeX Spectrograph,ShortXD,merged_v346nor_sxd_20150722.txt,1.0
2457225.7462704,2457225.7462704,2015-07-22,20150722,SXD,1.8401273,1.8401273e-06,162919412151539.75,,,,0.011315529,0.012705342,0,no,SpeX Spectrograph,ShortXD,merged_v346nor_sxd_20150722.txt,1.0
2457225.7462704,2457225.7462704,2015-07-22,20150722,SXD,1.8403955,1.8403955e-06,162895669979632.1,,,,0.0073963152,0.014753043,0,no,SpeX Spectrograph,ShortXD,merged_v346nor_sxd_20150722.txt,1.0
2457225.7462704,2457225.7462704,2015-07-22,20150722,SXD,1.8406634,1.8406633999999998e-06,162871961272223.94,,,,0.0062395846,0.012121231,0,no,SpeX Spectrograph,ShortXD,merged_v346nor_sxd_20150722.txt,1.0
2457225.7462704,2457225.7462704,2015-07-22,20150722,SXD,1.8409315,1.8409315e-06,162848241773254.47,,,,0.018684728,0.0092766378,0,no,SpeX Spectrograph,ShortXD,merged_v346nor_sxd_20150722.txt,1.0
2457225.7462704,2457225.7462704,2015-07-22,20150722,SXD,1.8411995,1.8411995e-06,162824538025347.06,,,,0.01384039,0.01155039,0,no,SpeX Spectrograph,ShortXD,merged_v346nor_sxd_20150722.txt,1.0
2457225.7462704,2457225.7462704,2015-07-22,20150722,SXD,1.8414676,1.8414676e-06,162800832336121.47,,,,0.0074446369,0.013274531,0,no,SpeX Spectrograph,ShortXD,merged_v346nor_sxd_20150722.txt,1.0
2457225.7462704,2457225.7462704,2015-07-22,20150722,SXD,1.8417356,1.8417355999999998e-06,162777142386779.1,,,,0.0073675239,0.015726989,0,no,SpeX Spectrograph,ShortXD,merged_v346nor_sxd_20150722.txt,1.0
2457225.7462704,2457225.7462704,2015-07-22,20150722,SXD,1.8420037,1.8420037e-06,162753450495240.6,,,,0.017761676,0.013564192,0,no,SpeX Spectrograph,ShortXD,merged_v346nor_sxd_20150722.txt,1.0
2457225.7462704,2457225.7462704,2015-07-22,20150722,SXD,1.8422718,1.8422718e-06,162729765499314.5,,,,0.012961984,0.0077125109,0,no,SpeX Spectrograph,ShortXD,merged_v346nor_sxd_20150722.txt,1.0
2457225.7462704,2457225.7462704,2015-07-22,20150722,SXD,1.8425398,1.8425397999999999e-06,162706096226523.84,,,,0.0084367627,0.0048922496,0,no,SpeX Spectrograph,ShortXD,merged_v346nor_sxd_20150722.txt,1.0
2457225.7462704,2457225.7462704,2015-07-22,20150722,SXD,1.8428079,1.8428078999999998e-06,162682425010224.9,,,,0.0093839942,0.0028830741,0,no,SpeX Spectrograph,ShortXD,merged_v346nor_sxd_20150722.txt,1.0
2457225.7462704,2457225.7462704,2015-07-22,20150722,SXD,1.8430759,1.8430759e-06,162658769505911.28,,,,0.011452439,0.0019487051,0,no,SpeX Spectrograph,ShortXD,merged_v346nor_sxd_20150722.txt,1.0
2457225.7462704,2457225.7462704,2015-07-22,20150722,SXD,1.843344,1.843344e-06,162635112057217.75,,,,0.01122021,0.0016556658,0,no,SpeX Spectrograph,ShortXD,merged_v346nor_sxd_20150722.txt,1.0
2457225.7462704,2457225.7462704,2015-07-22,20150722,SXD,1.8436121,1.8436121e-06,162611461489106.1,,,,0.010964152,0.0014691441,0,no,SpeX Spectrograph,ShortXD,merged_v346nor_sxd_20150722.txt,1.0
2457225.7462704,2457225.7462704,2015-07-22,20150722,SXD,1.8438801,1.8438800999999999e-06,162587826616275.12,,,,0.011090297,0.00097223395,0,no,SpeX Spectrograph,ShortXD,merged_v346nor_sxd_20150722.txt,1.0
2457225.7462704,2457225.7462704,2015-07-22,20150722,SXD,1.8441482,1.8441482e-06,162564189797761.38,,,,0.012123582,0.00064666494,0,no,SpeX Spectrograph,ShortXD,merged_v346nor_sxd_20150722.txt,1.0
2457225.7462704,2457225.7462704,2015-07-22,20150722,SXD,1.8444163,1.8444163e-06,162540559850831.94,,,,0.012726806,0.00054896122,0,no,SpeX Spectrograph,ShortXD,merged_v346nor_sxd_20150722.txt,1.0
2457225.7462704,2457225.7462704,2015-07-22,20150722,SXD,1.8446842,1.8446842e-06,162516954392518.78,,,,0.012144934,0.00045796519,0,no,SpeX Spectrograph,ShortXD,merged_v346nor_sxd_20150722.txt,1.0
2457225.7462704,2457225.7462704,2015-07-22,20150722,SXD,1.8449523,1.8449523e-06,162493338174650.9,,,,0.011903842,0.00038251633,0,no,SpeX Spectrograph,ShortXD,merged_v346nor_sxd_20150722.txt,1.0
2457225.7462704,2457225.7462704,2015-07-22,20150722,SXD,1.8452203,1.8452202999999999e-06,162469737624282.6,,,,0.011885429,0.00043903216,0,no,SpeX Spectrograph,ShortXD,merged_v346nor_sxd_20150722.txt,1.0
2457225.7462704,2457225.7462704,2015-07-22,20150722,SXD,1.8454884,1.8454884e-06,162446135126072.84,,,,0.011398535,0.0005440946,0,no,SpeX Spectrograph,ShortXD,merged_v346nor_sxd_20150722.txt,1.0
2457225.7462704,2457225.7462704,2015-07-22,20150722,SXD,1.8457565,1.8457565e-06,162422539484487.8,,,,0.010429639,0.00065275369,0,no,SpeX Spectrograph,ShortXD,merged_v346nor_sxd_20150722.txt,1.0
2457225.7462704,2457225.7462704,2015-07-22,20150722,SXD,1.8460246,1.8460245999999999e-06,162398950696540.03,,,,0.012264554,0.00099227985,0,no,SpeX Spectrograph,ShortXD,merged_v346nor_sxd_20150722.txt,1.0
2457225.7462704,2457225.7462704,2015-07-22,20150722,SXD,1.8462926,1.8462925999999998e-06,162375377553915.34,,,,0.011040163,0.0020177781,0,no,SpeX Spectrograph,ShortXD,merged_v346nor_sxd_20150722.txt,1.0
2457225.7462704,2457225.7462704,2015-07-22,20150722,SXD,1.8465607,1.8465606999999998e-06,162351802461733.34,,,,0.010922695,0.0036618807,0,no,SpeX Spectrograph,ShortXD,merged_v346nor_sxd_20150722.txt,1.0
2457225.7462704,2457225.7462704,2015-07-22,20150722,SXD,1.8468288,1.8468288e-06,162328234214237.94,,,,0.0058942302,0.0065557347,0,no,SpeX Spectrograph,ShortXD,merged_v346nor_sxd_20150722.txt,1.0
2457225.7462704,2457225.7462704,2015-07-22,20150722,SXD,1.8470968,1.8470968000000001e-06,162304681595463.75,,,,0.0053534405,0.01349165,0,no,SpeX Spectrograph,ShortXD,merged_v346nor_sxd_20150722.txt,1.0
2457225.7462704,2457225.7462704,2015-07-22,20150722,SXD,1.8473649,1.8473649e-06,162281127025851.78,,,,0.019697974,0.032522645,0,no,SpeX Spectrograph,ShortXD,merged_v346nor_sxd_20150722.txt,1.0
2457225.7462704,2457225.7462704,2015-07-22,20150722,SXD,1.847633,1.847633e-06,162257579291991.44,,,,0.0042636027,0.04772611,0,no,SpeX Spectrograph,ShortXD,merged_v346nor_sxd_20150722.txt,1.0
2457225.7462704,2457225.7462704,2015-07-22,20150722,SXD,1.8481691,1.8481690999999999e-06,162210513096447.72,,,,0.0072500133,0.045021042,0,no,SpeX Spectrograph,ShortXD,merged_v346nor_sxd_20150722.txt,1.0
2457225.7462704,2457225.7462704,2015-07-22,20150722,SXD,1.8484372,1.8484372e-06,162186985849451.62,,,,0.026074555,0.024869328,0,no,SpeX Spectrograph,ShortXD,merged_v346nor_sxd_20150722.txt,1.0
2457225.7462704,2457225.7462704,2015-07-22,20150722,SXD,1.8487053,1.8487053e-06,162163465426317.56,,,,0.022913784,0.013420402,0,no,SpeX Spectrograph,ShortXD,merged_v346nor_sxd_20150722.txt,1.0
2457225.7462704,2457225.7462704,2015-07-22,20150722,SXD,1.8489733,1.8489733e-06,162139960593265.47,,,,0.006738442,0.0064679291,0,no,SpeX Spectrograph,ShortXD,merged_v346nor_sxd_20150722.txt,1.0
2457225.7462704,2457225.7462704,2015-07-22,20150722,SXD,1.8492414,1.8492413999999998e-06,162116453806409.5,,,,0.01408023,0.0032363518,0,no,SpeX Spectrograph,ShortXD,merged_v346nor_sxd_20150722.txt,1.0
2457225.7462704,2457225.7462704,2015-07-22,20150722,SXD,1.8495095,1.8495094999999998e-06,162092953834516.7,,,,0.014811532,0.0026435545,0,no,SpeX Spectrograph,ShortXD,merged_v346nor_sxd_20150722.txt,1.0
2457225.7462704,2457225.7462704,2015-07-22,20150722,SXD,1.8497776,1.8497776e-06,162069460674623.8,,,,0.011015294,0.0023851504,0,no,SpeX Spectrograph,ShortXD,merged_v346nor_sxd_20150722.txt,1.0
2457225.7856901,2457225.7462704,2015-07-22,20150722,LXD,1.9500725,1.9500725e-06,153734006299765.78,,,,0.021955924,0.0017619771,0,no,SpeX Spectrograph,LXD_short,merged_v346nor_lxd_20150722.txt,1.0
2457225.7462704,2457225.7462704,2015-07-22,20150722,SXD,1.9501129,1.9501129e-06,153730821430902.8,,,,0.018509816,0.00020942264,0,no,SpeX Spectrograph,ShortXD,merged_v346nor_sxd_20150722.txt,1.0
2457225.7856901,2457225.7462704,2015-07-22,20150722,LXD,1.950341,1.950341e-06,153712842010704.8,,,,0.01924637,0.0017595693,0,no,SpeX Spectrograph,LXD_short,merged_v346nor_lxd_20150722.txt,1.0
2457225.7462704,2457225.7462704,2015-07-22,20150722,SXD,1.9504735,1.9504735e-06,153702399955703.1,,,,0.017928187,0.00020569195,0,no,SpeX Spectrograph,ShortXD,merged_v346nor_sxd_20150722.txt,1.0
2457225.7856901,2457225.7462704,2015-07-22,20150722,LXD,1.9506094,1.9506094e-06,153691691427304.72,,,,0.018522089,0.0015644771,0,no,SpeX Spectrograph,LXD_short,merged_v346nor_lxd_20150722.txt,1.0
2457225.7462704,2457225.7462704,2015-07-22,20150722,SXD,1.9508342,1.9508342e-06,153673981110234.78,,,,0.018368401,0.00020892329,0,no,SpeX Spectrograph,ShortXD,merged_v346nor_sxd_20150722.txt,1.0
2457225.7856901,2457225.7462704,2015-07-22,20150722,LXD,1.950878,1.9508779999999996e-06,153670530909672.5,,,,0.020940844,0.0014374143,0,no,SpeX Spectrograph,LXD_short,merged_v346nor_lxd_20150722.txt,1.0
2457225.7856901,2457225.7462704,2015-07-22,20150722,LXD,1.9511465,1.9511465e-06,153649384092891.03,,,,0.017311184,0.0013951097,0,no,SpeX Spectrograph,LXD_short,merged_v346nor_lxd_20150722.txt,1.0
2457225.7462704,2457225.7462704,2015-07-22,20150722,SXD,1.9511946,1.9511946e-06,153645596395151.97,,,,0.018473364,0.0002093908,0,no,SpeX Spectrograph,ShortXD,merged_v346nor_sxd_20150722.txt,1.0
2457225.7856901,2457225.7462704,2015-07-22,20150722,LXD,1.9514149,1.9514149e-06,153628250968054.0,,,,0.020943839,0.0014424062,0,no,SpeX Spectrograph,LXD_short,merged_v346nor_lxd_20150722.txt,1.0
2457225.7462704,2457225.7462704,2015-07-22,20150722,SXD,1.9515553,1.9515553e-06,153617198549280.16,,,,0.018410446,0.00021274875,0,no,SpeX Spectrograph,ShortXD,merged_v346nor_sxd_20150722.txt,1.0
2457225.7856901,2457225.7462704,2015-07-22,20150722,LXD,1.9516835,1.9516834999999997e-06,153607107914782.3,,,,0.022982858,0.0015963643,0,no,SpeX Spectrograph,LXD_short,merged_v346nor_lxd_20150722.txt,1.0
2457225.7462704,2457225.7462704,2015-07-22,20150722,SXD,1.9519157,1.9519157e-06,153588834804699.8,,,,0.01836363,0.00022338671,0,no,SpeX Spectrograph,ShortXD,merged_v346nor_sxd_20150722.txt,1.0
2457225.7856901,2457225.7462704,2015-07-22,20150722,LXD,1.951952,1.9519519999999996e-06,153585978548652.88,,,,0.026320364,0.0017940861,0,no,SpeX Spectrograph,LXD_short,merged_v346nor_lxd_20150722.txt,1.0
2457225.7856901,2457225.7462704,2015-07-22,20150722,LXD,1.9522204,1.9522204e-06,153564862860771.25,,,,0.024510141,0.0020605703,0,no,SpeX Spectrograph,LXD_short,merged_v346nor_lxd_20150722.txt,1.0
2457225.7462704,2457225.7462704,2015-07-22,20150722,SXD,1.9522763,1.9522763e-06,153560465800870.5,,,,0.018259468,0.00024220151,0,no,SpeX Spectrograph,ShortXD,merged_v346nor_sxd_20150722.txt,1.0
2457225.7856901,2457225.7462704,2015-07-22,20150722,LXD,1.9524889,1.9524889e-06,153543745114248.8,,,,0.026824377,0.0022664617,0,no,SpeX Spectrograph,LXD_short,merged_v346nor_lxd_20150722.txt,1.0
2457225.7462704,2457225.7462704,2015-07-22,20150722,SXD,1.9526368,1.9526368e-06,153532115137848.5,,,,0.017936325,0.00025749317,0,no,SpeX Spectrograph,ShortXD,merged_v346nor_sxd_20150722.txt,1.0
2457225.7856901,2457225.7462704,2015-07-22,20150722,LXD,1.9527574,1.9527574e-06,153522633175017.03,,,,0.024866678,0.0024518298,0,no,SpeX Spectrograph,LXD_short,merged_v346nor_lxd_20150722.txt,1.0
2457225.7462704,2457225.7462704,2015-07-22,20150722,SXD,1.9529973,1.9529973e-06,153503774941214.72,,,,0.018425589,0.0002702458,0,no,SpeX Spectrograph,ShortXD,merged_v346nor_sxd_20150722.txt,1.0
2457225.7856901,2457225.7462704,2015-07-22,20150722,LXD,1.9530258,1.9530257999999998e-06,153501534900358.22,,,,0.015824586,0.002533908,0,no,SpeX Spectrograph,LXD_short,merged_v346nor_lxd_20150722.txt,1.0
2457225.7856901,2457225.7462704,2015-07-22,20150722,LXD,1.9532943,1.9532943e-06,153480434566363.1,,,,0.020383347,0.0026481166,0,no,SpeX Spectrograph,LXD_short,merged_v346nor_lxd_20150722.txt,1.0
2457225.7462704,2457225.7462704,2015-07-22,20150722,SXD,1.9533578,1.9533578e-06,153475445205174.38,,,,0.018625727,0.00028211944,0,no,SpeX Spectrograph,ShortXD,merged_v346nor_sxd_20150722.txt,1.0
2457225.7856901,2457225.7462704,2015-07-22,20150722,LXD,1.9535627,1.9535627e-06,153459347887835.9,,,,0.021374574,0.0026868999,0,no,SpeX Spectrograph,LXD_short,merged_v346nor_lxd_20150722.txt,1.0
2457225.7462704,2457225.7462704,2015-07-22,20150722,SXD,1.9537184,1.9537184e-06,153447118069830.34,,,,0.018286362,0.00028585963,0,no,SpeX Spectrograph,ShortXD,merged_v346nor_sxd_20150722.txt,1.0
2457225.7856901,2457225.7462704,2015-07-22,20150722,LXD,1.9538312,1.9538312e-06,153438259149510.97,,,,0.018510284,0.0026105167,0,no,SpeX Spectrograph,LXD_short,merged_v346nor_lxd_20150722.txt,1.0
2457225.7462704,2457225.7462704,2015-07-22,20150722,SXD,1.9540789,1.9540789e-06,153418809240507.12,,,,0.018509524,0.00028187179,0,no,SpeX Spectrograph,ShortXD,merged_v346nor_sxd_20150722.txt,1.0
2457225.7856901,2457225.7462704,2015-07-22,20150722,LXD,1.9540997,1.9540997e-06,153417176206516.0,,,,0.022581169,0.0026911499,0,no,SpeX Spectrograph,LXD_short,merged_v346nor_lxd_20150722.txt,1.0
2457225.7856901,2457225.7462704,2015-07-22,20150722,LXD,1.9543681,1.9543680999999998e-06,153396106905347.06,,,,0.021599684,0.0027518154,0,no,SpeX Spectrograph,LXD_short,merged_v346nor_lxd_20150722.txt,1.0
2457225.7462704,2457225.7462704,2015-07-22,20150722,SXD,1.9544394,1.9544394e-06,153390510854416.88,,,,0.018367458,0.00027902451,0,no,SpeX Spectrograph,ShortXD,merged_v346nor_sxd_20150722.txt,1.0
2457225.7856901,2457225.7462704,2015-07-22,20150722,LXD,1.9546366,1.9546365999999997e-06,153375035543691.38,,,,0.015418587,0.0028806154,0,no,SpeX Spectrograph,LXD_short,merged_v346nor_lxd_20150722.txt,1.0
2457225.7462704,2457225.7462704,2015-07-22,20150722,SXD,1.9547999,1.9547999e-06,153362222905781.8,,,,0.018349588,0.0003073001,0,no,SpeX Spectrograph,ShortXD,merged_v346nor_sxd_20150722.txt,1.0
2457225.7856901,2457225.7462704,2015-07-22,20150722,LXD,1.954905,1.9549049999999996e-06,153353977814778.75,,,,0.017744258,0.0030895986,0,no,SpeX Spectrograph,LXD_short,merged_v346nor_lxd_20150722.txt,1.0
2457225.7462704,2457225.7462704,2015-07-22,20150722,SXD,1.9551604,1.9551604e-06,153333945388828.47,,,,0.018504852,0.00034469162,0,no,SpeX Spectrograph,ShortXD,merged_v346nor_sxd_20150722.txt,1.0
2457225.7856901,2457225.7462704,2015-07-22,20150722,LXD,1.9551735,1.9551735e-06,153332918024922.1,,,,0.025211163,0.0034050988,0,no,SpeX Spectrograph,LXD_short,merged_v346nor_lxd_20150722.txt,1.0
2457225.7856901,2457225.7462704,2015-07-22,20150722,LXD,1.955442,1.955442e-06,153311864018467.44,,,,0.024702977,0.0036705523,0,no,SpeX Spectrograph,LXD_short,merged_v346nor_lxd_20150722.txt,1.0
2457225.7462704,2457225.7462704,2015-07-22,20150722,SXD,1.9555209,1.9555208999999997e-06,153305678297787.6,,,,0.017447835,0.00037097468,0,no,SpeX Spectrograph,ShortXD,merged_v346nor_sxd_20150722.txt,1.0
2457225.7856901,2457225.7462704,2015-07-22,20150722,LXD,1.9557104,1.9557104e-06,153290823631147.03,,,,0.01807915,0.0036949348,0,no,SpeX Spectrograph,LXD_short,merged_v346nor_lxd_20150722.txt,1.0
2457225.7462704,2457225.7462704,2015-07-22,20150722,SXD,1.9558814,1.9558814e-06,153277421626894.16,,,,0.017558342,0.00040479659,0,no,SpeX Spectrograph,ShortXD,merged_v346nor_sxd_20150722.txt,1.0
2457225.7856901,2457225.7462704,2015-07-22,20150722,LXD,1.9559788,1.9559787999999997e-06,153269789018163.2,,,,0.01808697,0.0037186609,0,no,SpeX Spectrograph,LXD_short,merged_v346nor_lxd_20150722.txt,1.0
2457225.7462704,2457225.7462704,2015-07-22,20150722,SXD,1.9562418,1.9562418e-06,153249183204243.97,,,,0.020236352,0.00041985459,0,no,SpeX Spectrograph,ShortXD,merged_v346nor_sxd_20150722.txt,1.0
2457225.7856901,2457225.7462704,2015-07-22,20150722,LXD,1.9562472,1.9562471999999997e-06,153248760177139.2,,,,0.018465228,0.0035144687,0,no,SpeX Spectrograph,LXD_short,merged_v346nor_lxd_20150722.txt,1.0
2457225.7856901,2457225.7462704,2015-07-22,20150722,LXD,1.9565157,1.9565157e-06,153227729274035.47,,,,0.0158851,0.0032789302,0,no,SpeX Spectrograph,LXD_short,merged_v346nor_lxd_20150722.txt,1.0
2457225.7462704,2457225.7462704,2015-07-22,20150722,SXD,1.9566023,1.9566023e-06,153220947353481.1,,,,0.026804052,0.0004192437,0,no,SpeX Spectrograph,ShortXD,merged_v346nor_sxd_20150722.txt,1.0
2457225.7856901,2457225.7462704,2015-07-22,20150722,LXD,1.9567841,1.9567841e-06,153206711971954.4,,,,0.028034776,0.0029955343,0,no,SpeX Spectrograph,LXD_short,merged_v346nor_lxd_20150722.txt,1.0
2457225.7462704,2457225.7462704,2015-07-22,20150722,SXD,1.9569628,1.9569628e-06,153192721905597.8,,,,0.036513269,0.00041371019,0,no,SpeX Spectrograph,ShortXD,merged_v346nor_sxd_20150722.txt,1.0
2457225.7856901,2457225.7462704,2015-07-22,20150722,LXD,1.9570525,1.9570525e-06,153185700434709.84,,,,0.043167036,0.0030115021,0,no,SpeX Spectrograph,LXD_short,merged_v346nor_lxd_20150722.txt,1.0
2457225.7856901,2457225.7462704,2015-07-22,20150722,LXD,1.9573209,1.9573209e-06,153164694659930.3,,,,0.053593509,0.003135181,0,no,SpeX Spectrograph,LXD_short,merged_v346nor_lxd_20150722.txt,1.0
2457225.7462704,2457225.7462704,2015-07-22,20150722,SXD,1.9573232,1.9573231999999998e-06,153164514680048.78,,,,0.041552886,0.00041276176,0,no,SpeX Spectrograph,ShortXD,merged_v346nor_sxd_20150722.txt,1.0
2457225.7856901,2457225.7462704,2015-07-22,20150722,LXD,1.9575894,1.9575893999999998e-06,153143686822170.2,,,,0.056357574,0.0031684129,0,no,SpeX Spectrograph,LXD_short,merged_v346nor_lxd_20150722.txt,1.0
2457225.7462704,2457225.7462704,2015-07-22,20150722,SXD,1.9576837,1.9576837e-06,153136310017803.2,,,,0.040524647,0.0004078371,0,no,SpeX Spectrograph,ShortXD,merged_v346nor_sxd_20150722.txt,1.0
2457225.7856901,2457225.7462704,2015-07-22,20150722,LXD,1.9578577,1.9578577e-06,153122700388286.66,,,,0.041576907,0.0031573498,0,no,SpeX Spectrograph,LXD_short,merged_v346nor_lxd_20150722.txt,1.0
2457225.7462704,2457225.7462704,2015-07-22,20150722,SXD,1.9580442,1.9580442e-06,153108115741207.47,,,,0.03290505,0.00037578048,0,no,SpeX Spectrograph,ShortXD,merged_v346nor_sxd_20150722.txt,1.0
2457225.7856901,2457225.7462704,2015-07-22,20150722,LXD,1.9581262,1.9581261999999997e-06,153101704067899.22,,,,0.033161305,0.0031784971,0,no,SpeX Spectrograph,LXD_short,merged_v346nor_lxd_20150722.txt,1.0
2457225.7856901,2457225.7462704,2015-07-22,20150722,LXD,1.9583945,1.9583945e-06,153080729138077.12,,,,0.023238497,0.0033099309,0,no,SpeX Spectrograph,LXD_short,merged_v346nor_lxd_20150722.txt,1.0
2457225.7462704,2457225.7462704,2015-07-22,20150722,SXD,1.9584047,1.9584047e-06,153079931844526.3,,,,0.023704827,0.00036487242,0,no,SpeX Spectrograph,ShortXD,merged_v346nor_sxd_20150722.txt,1.0
2457225.7856901,2457225.7462704,2015-07-22,20150722,LXD,1.958663,1.958663e-06,153059744325593.53,,,,0.01839678,0.0032385304,0,no,SpeX Spectrograph,LXD_short,merged_v346nor_lxd_20150722.txt,1.0
2457225.7462704,2457225.7462704,2015-07-22,20150722,SXD,1.958765,1.958765e-06,153051773949401.8,,,,0.020173037,0.00033915319,0,no,SpeX Spectrograph,ShortXD,merged_v346nor_sxd_20150722.txt,1.0
2457225.7856901,2457225.7462704,2015-07-22,20150722,LXD,1.9589313,1.9589313e-06,153038780890376.28,,,,0.016956272,0.002823605,0,no,SpeX Spectrograph,LXD_short,merged_v346nor_lxd_20150722.txt,1.0
2457225.7462704,2457225.7462704,2015-07-22,20150722,SXD,1.9591255,1.9591255e-06,153023610789609.94,,,,0.018968172,0.00030806157,0,no,SpeX Spectrograph,ShortXD,merged_v346nor_sxd_20150722.txt,1.0
2457225.7856901,2457225.7462704,2015-07-22,20150722,LXD,1.9591998,1.9591998e-06,153017807576338.06,,,,0.015824188,0.0022331791,0,no,SpeX Spectrograph,LXD_short,merged_v346nor_lxd_20150722.txt,1.0
2457225.7856901,2457225.7462704,2015-07-22,20150722,LXD,1.9594681,1.9594681e-06,152996855626279.4,,,,0.012419643,0.0017244207,0,no,SpeX Spectrograph,LXD_short,merged_v346nor_lxd_20150722.txt,1.0
2457225.7462704,2457225.7462704,2015-07-22,20150722,SXD,1.9594859,1.9594858999999997e-06,152995465800493.9,,,,0.018398834,0.00025199651,0,no,SpeX Spectrograph,ShortXD,merged_v346nor_sxd_20150722.txt,1.0
2457225.7856901,2457225.7462704,2015-07-22,20150722,LXD,1.9597366,1.9597366e-06,152975893801238.4,,,,0.011755279,0.0015283142,0,no,SpeX Spectrograph,LXD_short,merged_v346nor_lxd_20150722.txt,1.0
2457225.7462704,2457225.7462704,2015-07-22,20150722,SXD,1.9598464,1.9598464e-06,152967323357585.56,,,,0.017664108,0.00020495034,0,no,SpeX Spectrograph,ShortXD,merged_v346nor_sxd_20150722.txt,1.0
2457225.7856901,2457225.7462704,2015-07-22,20150722,LXD,1.9600049,1.9600049e-06,152954953326902.4,,,,0.018921154,0.0014783883,0,no,SpeX Spectrograph,LXD_short,merged_v346nor_lxd_20150722.txt,1.0
2457225.7462704,2457225.7462704,2015-07-22,20150722,SXD,1.9602067,1.9602067e-06,152939206870377.5,,,,0.017582003,0.00017984242,0,no,SpeX Spectrograph,ShortXD,merged_v346nor_sxd_20150722.txt,1.0
2457225.7856901,2457225.7462704,2015-07-22,20150722,LXD,1.9602734,1.9602733999999998e-06,152934002981420.88,,,,0.023665132,0.0015587154,0,no,SpeX Spectrograph,LXD_short,merged_v346nor_lxd_20150722.txt,1.0
2457225.7856901,2457225.7462704,2015-07-22,20150722,LXD,1.9605417,1.9605416999999998e-06,152913073973381.97,,,,0.018593282,0.0016130073,0,no,SpeX Spectrograph,LXD_short,merged_v346nor_lxd_20150722.txt,1.0
2457225.7462704,2457225.7462704,2015-07-22,20150722,SXD,1.9605672,1.9605672e-06,152911085118633.03,,,,0.017357349,0.00018629211,0,no,SpeX Spectrograph,ShortXD,merged_v346nor_sxd_20150722.txt,1.0
2457225.7856901,2457225.7462704,2015-07-22,20150722,LXD,1.9608101,1.9608100999999997e-06,152892142895428.8,,,,0.017979108,0.001590714,0,no,SpeX Spectrograph,LXD_short,merged_v346nor_lxd_20150722.txt,1.0
2457225.7462704,2457225.7462704,2015-07-22,20150722,SXD,1.9609276,1.9609276e-06,152882981503243.7,,,,0.01727454,0.00018448045,0,no,SpeX Spectrograph,ShortXD,merged_v346nor_sxd_20150722.txt,1.0
2457225.7856901,2457225.7462704,2015-07-22,20150722,LXD,1.9610785,1.9610784999999997e-06,152871217546875.38,,,,0.018161146,0.0014968025,0,no,SpeX Spectrograph,LXD_short,merged_v346nor_lxd_20150722.txt,1.0
2457225.7462704,2457225.7462704,2015-07-22,20150722,SXD,1.961288,1.961288e-06,152854888216315.0,,,,0.017460175,0.00019205234,0,no,SpeX Spectrograph,ShortXD,merged_v346nor_sxd_20150722.txt,1.0
2457225.7856901,2457225.7462704,2015-07-22,20150722,LXD,1.9613469,1.9613468999999996e-06,152850297925369.6,,,,0.02057248,0.0014649839,0,no,SpeX Spectrograph,LXD_short,merged_v346nor_lxd_20150722.txt,1.0
2457225.7856901,2457225.7462704,2015-07-22,20150722,LXD,1.9616152,1.9616152e-06,152829391819557.7,,,,0.023191692,0.0015449703,0,no,SpeX Spectrograph,LXD_short,merged_v346nor_lxd_20150722.txt,1.0
2457225.7462704,2457225.7462704,2015-07-22,20150722,SXD,1.9616483,1.9616483e-06,152826813042888.47,,,,0.017243665,0.00019380904,0,no,SpeX Spectrograph,ShortXD,merged_v346nor_sxd_20150722.txt,1.0
2457225.7856901,2457225.7462704,2015-07-22,20150722,LXD,1.9618837,1.9618837e-06,152808475854098.78,,,,0.021550322,0.0016577024,0,no,SpeX Spectrograph,LXD_short,merged_v346nor_lxd_20150722.txt,1.0
2457225.7462704,2457225.7462704,2015-07-22,20150722,SXD,1.9620088,1.9620087999999998e-06,152798732605072.94,,,,0.01756867,0.00020088092,0,no,SpeX Spectrograph,ShortXD,merged_v346nor_sxd_20150722.txt,1.0
2457225.7856901,2457225.7462704,2015-07-22,20150722,LXD,1.962152,1.962152e-06,152787581186370.88,,,,0.023644451,0.0018663253,0,no,SpeX Spectrograph,LXD_short,merged_v346nor_lxd_20150722.txt,1.0
2457225.7462704,2457225.7462704,2015-07-22,20150722,SXD,1.9623692,1.9623691999999997e-06,152770670269386.62,,,,0.017390918,0.00021599712,0,no,SpeX Spectrograph,ShortXD,merged_v346nor_sxd_20150722.txt,1.0
2457225.7856901,2457225.7462704,2015-07-22,20150722,LXD,1.9624203,1.9624203e-06,152766692232036.12,,,,0.028635718,0.0021251321,0,no,SpeX Spectrograph,LXD_short,merged_v346nor_lxd_20150722.txt,1.0
2457225.7856901,2457225.7462704,2015-07-22,20150722,LXD,1.9626887,1.9626887e-06,152745801206273.8,,,,0.026015544,0.0023778544,0,no,SpeX Spectrograph,LXD_short,merged_v346nor_lxd_20150722.txt,1.0
2457225.7462704,2457225.7462704,2015-07-22,20150722,SXD,1.9627296,1.9627296e-06,152742618239415.16,,,,0.018239811,0.00024336038,0,no,SpeX Spectrograph,ShortXD,merged_v346nor_sxd_20150722.txt,1.0
2457225.7856901,2457225.7462704,2015-07-22,20150722,LXD,1.962957,1.962957e-06,152724923673824.75,,,,0.022717433,0.0024932888,0,no,SpeX Spectrograph,LXD_short,merged_v346nor_lxd_20150722.txt,1.0
2457225.7462704,2457225.7462704,2015-07-22,20150722,SXD,1.9630899,1.9630898999999997e-06,152714584288778.66,,,,0.017639842,0.00027416411,0,no,SpeX Spectrograph,ShortXD,merged_v346nor_sxd_20150722.txt,1.0
2457225.7856901,2457225.7462704,2015-07-22,20150722,LXD,1.9632254,1.9632254e-06,152704044069519.47,,,,0.017059335,0.0024319638,0,no,SpeX Spectrograph,LXD_short,merged_v346nor_lxd_20150722.txt,1.0
2457225.7462704,2457225.7462704,2015-07-22,20150722,SXD,1.9634503,1.9634503e-06,152686552850357.34,,,,0.018229792,0.00031729185,0,no,SpeX Spectrograph,ShortXD,merged_v346nor_sxd_20150722.txt,1.0
2457225.7856901,2457225.7462704,2015-07-22,20150722,LXD,1.9634938,1.9634938e-06,152683170173493.8,,,,0.020590318,0.00232935,0,no,SpeX Spectrograph,LXD_short,merged_v346nor_lxd_20150722.txt,1.0
2457225.7856901,2457225.7462704,2015-07-22,20150722,LXD,1.9637622,1.9637622e-06,152662301983407.16,,,,0.019035084,0.0021836399,0,no,SpeX Spectrograph,LXD_short,merged_v346nor_lxd_20150722.txt,1.0
2457225.7462704,2457225.7462704,2015-07-22,20150722,SXD,1.9638107,1.9638107e-06,152658531700636.94,,,,0.018148843,0.00033394454,0,no,SpeX Spectrograph,ShortXD,merged_v346nor_sxd_20150722.txt,1.0
2457225.7856901,2457225.7462704,2015-07-22,20150722,LXD,1.9640305,1.9640305e-06,152641447268766.97,,,,0.020318357,0.002015908,0,no,SpeX Spectrograph,LXD_short,merged_v346nor_lxd_20150722.txt,1.0
2457225.7462704,2457225.7462704,2015-07-22,20150722,SXD,1.9641711,1.9641711e-06,152630520833953.8,,,,0.01838829,0.0003197953,0,no,SpeX Spectrograph,ShortXD,merged_v346nor_sxd_20150722.txt,1.0
2457225.7856901,2457225.7462704,2015-07-22,20150722,LXD,1.9642988,1.9642988e-06,152620598251141.84,,,,0.02147859,0.0018546329,0,no,SpeX Spectrograph,LXD_short,merged_v346nor_lxd_20150722.txt,1.0
2457225.7462704,2457225.7462704,2015-07-22,20150722,SXD,1.9645314,1.9645314e-06,152602528012532.66,,,,0.018299112,0.00028774972,0,no,SpeX Spectrograph,ShortXD,merged_v346nor_sxd_20150722.txt,1.0
2457225.7856901,2457225.7462704,2015-07-22,20150722,LXD,1.9645672,1.9645672e-06,152599747160596.0,,,,0.017821543,0.0017596789,0,no,SpeX Spectrograph,LXD_short,merged_v346nor_lxd_20150722.txt,1.0
2457225.7856901,2457225.7462704,2015-07-22,20150722,LXD,1.9648355,1.9648355e-06,152578909532121.16,,,,0.019312043,0.0016586455,0,no,SpeX Spectrograph,LXD_short,merged_v346nor_lxd_20150722.txt,1.0
2457225.7462704,2457225.7462704,2015-07-22,20150722,SXD,1.9648918,1.9648918e-06,152574537692100.9,,,,0.018481359,0.00025341602,0,no,SpeX Spectrograph,ShortXD,merged_v346nor_sxd_20150722.txt,1.0
2457225.7856901,2457225.7462704,2015-07-22,20150722,LXD,1.9651039,1.9651038999999998e-06,152558069830302.62,,,,0.023530325,0.0016487848,0,no,SpeX Spectrograph,LXD_short,merged_v346nor_lxd_20150722.txt,1.0
2457225.7462704,2457225.7462704,2015-07-22,20150722,SXD,1.9652522,1.9652522e-06,152546557637742.38,,,,0.017539317,0.0002051598,0,no,SpeX Spectrograph,ShortXD,merged_v346nor_sxd_20150722.txt,1.0
2457225.7856901,2457225.7462704,2015-07-22,20150722,LXD,1.9653722,1.9653722e-06,152537243581648.3,,,,0.023039097,0.0016272649,0,no,SpeX Spectrograph,LXD_short,merged_v346nor_lxd_20150722.txt,1.0
2457225.7462704,2457225.7462704,2015-07-22,20150722,SXD,1.9656124,1.9656124e-06,152518603362494.06,,,,0.018071709,0.00018890397,0,no,SpeX Spectrograph,ShortXD,merged_v346nor_sxd_20150722.txt,1.0
2457225.7856901,2457225.7462704,2015-07-22,20150722,LXD,1.9656404,1.9656404e-06,152516430777470.8,,,,0.018134031,0.001552387,0,no,SpeX Spectrograph,LXD_short,merged_v346nor_lxd_20150722.txt,1.0
2457225.7856901,2457225.7462704,2015-07-22,20150722,LXD,1.9659088,1.9659088e-06,152495608138078.44,,,,0.020937443,0.0014698942,0,no,SpeX Spectrograph,LXD_short,merged_v346nor_lxd_20150722.txt,1.0
2457225.7462704,2457225.7462704,2015-07-22,20150722,SXD,1.9659728,1.9659728e-06,152490643817656.1,,,,0.018104877,0.00017759294,0,no,SpeX Spectrograph,ShortXD,merged_v346nor_sxd_20150722.txt,1.0
2457225.7856901,2457225.7462704,2015-07-22,20150722,LXD,1.9661771,1.9661771e-06,152474798938508.66,,,,0.019023784,0.0013822571,0,no,SpeX Spectrograph,LXD_short,merged_v346nor_lxd_20150722.txt,1.0
2457225.7462704,2457225.7462704,2015-07-22,20150722,SXD,1.9663332,1.9663332e-06,152462694521966.06,,,,0.018847626,0.00017152149,0,no,SpeX Spectrograph,ShortXD,merged_v346nor_sxd_20150722.txt,1.0
2457225.7856901,2457225.7462704,2015-07-22,20150722,LXD,1.9664454,1.9664454e-06,152453995417314.94,,,,0.02096536,0.00136266,0,no,SpeX Spectrograph,LXD_short,merged_v346nor_lxd_20150722.txt,1.0
2457225.7462704,2457225.7462704,2015-07-22,20150722,SXD,1.9666934,1.9666934e-06,152434770971418.3,,,,0.019060144,0.0001720804,0,no,SpeX Spectrograph,ShortXD,merged_v346nor_sxd_20150722.txt,1.0
2457225.7856901,2457225.7462704,2015-07-22,20150722,LXD,1.9667138,1.9667138e-06,152433189821518.53,,,,0.021091977,0.0013971248,0,no,SpeX Spectrograph,LXD_short,merged_v346nor_lxd_20150722.txt,1.0
2457225.7856901,2457225.7462704,2015-07-22,20150722,LXD,1.9669821,1.9669821e-06,152412397652220.62,,,,0.022821277,0.0013821372,0,no,SpeX Spectrograph,LXD_short,merged_v346nor_lxd_20150722.txt,1.0
2457225.7462704,2457225.7462704,2015-07-22,20150722,SXD,1.9670538,1.9670538e-06,152406842151444.97,,,,0.018712819,0.00017781758,0,no,SpeX Spectrograph,ShortXD,merged_v346nor_sxd_20150722.txt,1.0
2457225.7856901,2457225.7462704,2015-07-22,20150722,LXD,1.9672503,1.9672503e-06,152391618900757.06,,,,0.023577679,0.0014361753,0,no,SpeX Spectrograph,LXD_short,merged_v346nor_lxd_20150722.txt,1.0
2457225.7462704,2457225.7462704,2015-07-22,20150722,SXD,1.967414,1.967414e-06,152378939054006.94,,,,0.01882345,0.00018369633,0,no,SpeX Spectrograph,ShortXD,merged_v346nor_sxd_20150722.txt,1.0
2457225.7856901,2457225.7462704,2015-07-22,20150722,LXD,1.9675187,1.9675187e-06,152370830325526.28,,,,0.0238693,0.0014858948,0,no,SpeX Spectrograph,LXD_short,merged_v346nor_lxd_20150722.txt,1.0
2457225.7462704,2457225.7462704,2015-07-22,20150722,SXD,1.9677744,1.9677744e-06,152351030687257.66,,,,0.018829178,0.00018937032,0,no,SpeX Spectrograph,ShortXD,merged_v346nor_sxd_20150722.txt,1.0
2457225.7856901,2457225.7462704,2015-07-22,20150722,LXD,1.967787,1.967787e-06,152350055163490.78,,,,0.021093953,0.0014408805,0,no,SpeX Spectrograph,LXD_short,merged_v346nor_lxd_20150722.txt,1.0
2457225.7856901,2457225.7462704,2015-07-22,20150722,LXD,1.9680552,1.9680552e-06,152329293405997.97,,,,0.01957058,0.0013777611,0,no,SpeX Spectrograph,LXD_short,merged_v346nor_lxd_20150722.txt,1.0
2457225.7462704,2457225.7462704,2015-07-22,20150722,SXD,1.9681346,1.9681346e-06,152323148020465.7,,,,0.018637795,0.00018408266,0,no,SpeX Spectrograph,ShortXD,merged_v346nor_sxd_20150722.txt,1.0
2457225.7856901,2457225.7462704,2015-07-22,20150722,LXD,1.9683236,1.9683236e-06,152308521830455.12,,,,0.019402172,0.001273013,0,no,SpeX Spectrograph,LXD_short,merged_v346nor_lxd_20150722.txt,1.0
2457225.7462704,2457225.7462704,2015-07-22,20150722,SXD,1.968495,1.968495e-06,152295260084480.78,,,,0.018559294,0.00017548945,0,no,SpeX Spectrograph,ShortXD,merged_v346nor_sxd_20150722.txt,1.0
2457225.7856901,2457225.7462704,2015-07-22,20150722,LXD,1.9685919,1.9685919e-06,152287763654823.53,,,,0.020826366,0.0012568142,0,no,SpeX Spectrograph,LXD_short,merged_v346nor_lxd_20150722.txt,1.0
2457225.7462704,2457225.7462704,2015-07-22,20150722,SXD,1.9688553,1.9688553e-06,152267390092100.72,,,,0.01871041,0.00016888021,0,no,SpeX Spectrograph,ShortXD,merged_v346nor_sxd_20150722.txt,1.0
2457225.7856901,2457225.7462704,2015-07-22,20150722,LXD,1.9688601,1.9688601e-06,152267018870462.16,,,,0.019061279,0.0012145803,0,no,SpeX Spectrograph,LXD_short,merged_v346nor_lxd_20150722.txt,1.0
2457225.7856901,2457225.7462704,2015-07-22,20150722,LXD,1.9691285,1.9691285e-06,152246264273763.75,,,,0.020635396,0.0012228059,0,no,SpeX Spectrograph,LXD_short,merged_v346nor_lxd_20150722.txt,1.0
2457225.7462704,2457225.7462704,2015-07-22,20150722,SXD,1.9692156,1.9692156e-06,152239530298256.84,,,,0.019267617,0.0001814362,0,no,SpeX Spectrograph,ShortXD,merged_v346nor_sxd_20150722.txt,1.0
2457225.7856901,2457225.7462704,2015-07-22,20150722,LXD,1.9693968,1.9693968e-06,152225523063711.7,,,,0.02191784,0.001192164,0,no,SpeX Spectrograph,LXD_short,merged_v346nor_lxd_20150722.txt,1.0
2457225.7462704,2457225.7462704,2015-07-22,20150722,SXD,1.9695759,1.9695759e-06,152211680697352.16,,,,0.020015432,0.00019555338,0,no,SpeX Spectrograph,ShortXD,merged_v346nor_sxd_20150722.txt,1.0
2457225.7856901,2457225.7462704,2015-07-22,20150722,LXD,1.9696651,1.9696651e-06,152204787504231.06,,,,0.021205962,0.0011939865,0,no,SpeX Spectrograph,LXD_short,merged_v346nor_lxd_20150722.txt,1.0
2457225.7856901,2457225.7462704,2015-07-22,20150722,LXD,1.9699334,1.9699334e-06,152184057593013.03,,,,0.024098326,0.0011953018,0,no,SpeX Spectrograph,LXD_short,merged_v346nor_lxd_20150722.txt,1.0
2457225.7462704,2457225.7462704,2015-07-22,20150722,SXD,1.9699361,1.9699361e-06,152183849009112.53,,,,0.019789213,0.00020099113,0,no,SpeX Spectrograph,ShortXD,merged_v346nor_sxd_20150722.txt,1.0
2457225.7856901,2457225.7462704,2015-07-22,20150722,LXD,1.9702016,1.9702016e-06,152163341050986.84,,,,0.023716724,0.0012142161,0,no,SpeX Spectrograph,LXD_short,merged_v346nor_lxd_20150722.txt,1.0
2457225.7462704,2457225.7462704,2015-07-22,20150722,SXD,1.9702964,1.9702964e-06,152156019774486.72,,,,0.019970892,0.00020468576,0,no,SpeX Spectrograph,ShortXD,merged_v346nor_sxd_20150722.txt,1.0
2457225.7856901,2457225.7462704,2015-07-22,20150722,LXD,1.97047,1.97047e-06,152142614706136.1,,,,0.024033004,0.0012879111,0,no,SpeX Spectrograph,LXD_short,merged_v346nor_lxd_20150722.txt,1.0
2457225.7462704,2457225.7462704,2015-07-22,20150722,SXD,1.9706568,1.9706568e-06,152128192996365.47,,,,0.01884966,0.00019526799,0,no,SpeX Spectrograph,ShortXD,merged_v346nor_sxd_20150722.txt,1.0
2457225.7856901,2457225.7462704,2015-07-22,20150722,LXD,1.9707382,1.9707382e-06,152121909444897.34,,,,0.024413068,0.001412657,0,no,SpeX Spectrograph,LXD_short,merged_v346nor_lxd_20150722.txt,1.0
2457225.7856901,2457225.7462704,2015-07-22,20150722,LXD,1.9710065,1.9710065e-06,152101202101565.88,,,,0.023830721,0.0015006891,0,no,SpeX Spectrograph,LXD_short,merged_v346nor_lxd_20150722.txt,1.0
2457225.7462704,2457225.7462704,2015-07-22,20150722,SXD,1.971017,1.971017e-06,152100391828178.03,,,,0.018410113,0.00018555376,0,no,SpeX Spectrograph,ShortXD,merged_v346nor_sxd_20150722.txt,1.0
2457225.7856901,2457225.7462704,2015-07-22,20150722,LXD,1.9712747,1.9712746999999998e-06,152080508109803.28,,,,0.023891062,0.0015160926,0,no,SpeX Spectrograph,LXD_short,merged_v346nor_lxd_20150722.txt,1.0
2457225.7462704,2457225.7462704,2015-07-22,20150722,SXD,1.9713773,1.9713773e-06,152072593105338.06,,,,0.017901152,0.00017242982,0,no,SpeX Spectrograph,ShortXD,merged_v346nor_sxd_20150722.txt,1.0
2457225.7856901,2457225.7462704,2015-07-22,20150722,LXD,1.971543,1.971543e-06,152059812035547.8,,,,0.020534441,0.0014701914,0,no,SpeX Spectrograph,LXD_short,merged_v346nor_lxd_20150722.txt,1.0
2457225.7462704,2457225.7462704,2015-07-22,20150722,SXD,1.9717375,1.9717374999999998e-06,152044812253152.38,,,,0.01854701,0.00016682992,0,no,SpeX Spectrograph,ShortXD,merged_v346nor_sxd_20150722.txt,1.0
2457225.7856901,2457225.7462704,2015-07-22,20150722,LXD,1.9718113,1.9718113e-06,152039121593430.38,,,,0.01643941,0.0013248996,0,no,SpeX Spectrograph,LXD_short,merged_v346nor_lxd_20150722.txt,1.0
2457225.7856901,2457225.7462704,2015-07-22,20150722,LXD,1.9720795,1.9720795e-06,152018444489687.16,,,,0.017639868,0.001170367,0,no,SpeX Spectrograph,LXD_short,merged_v346nor_lxd_20150722.txt,1.0
2457225.7462704,2457225.7462704,2015-07-22,20150722,SXD,1.9720978,1.9720977999999998e-06,152017033840816.62,,,,0.018957956,0.00015679185,0,no,SpeX Spectrograph,ShortXD,merged_v346nor_sxd_20150722.txt,1.0
2457225.7856901,2457225.7462704,2015-07-22,20150722,LXD,1.9723477,1.9723477e-06,151997773009292.44,,,,0.017926319,0.0011265532,0,no,SpeX Spectrograph,LXD_short,merged_v346nor_lxd_20150722.txt,1.0
2457225.7462704,2457225.7462704,2015-07-22,20150722,SXD,1.972458,1.972458e-06,151989273282371.56,,,,0.019352924,0.00014907881,0,no,SpeX Spectrograph,ShortXD,merged_v346nor_sxd_20150722.txt,1.0
2457225.7856901,2457225.7462704,2015-07-22,20150722,LXD,1.9726161,1.9726161e-06,151977091741266.84,,,,0.021512328,0.0010388969,0,no,SpeX Spectrograph,LXD_short,merged_v346nor_lxd_20150722.txt,1.0
2457225.7462704,2457225.7462704,2015-07-22,20150722,SXD,1.9728183,1.9728183e-06,151961515158289.03,,,,0.018905951,0.00015235855,0,no,SpeX Spectrograph,ShortXD,merged_v346nor_sxd_20150722.txt,1.0
2457225.7856901,2457225.7462704,2015-07-22,20150722,LXD,1.9728843,1.9728843e-06,151956431504878.4,,,,0.021954089,0.0010537331,0,no,SpeX Spectrograph,LXD_short,merged_v346nor_lxd_20150722.txt,1.0
2457225.7856901,2457225.7462704,2015-07-22,20150722,LXD,1.9731525,1.9731525e-06,151935776884959.47,,,,0.023821296,0.0011384891,0,no,SpeX Spectrograph,LXD_short,merged_v346nor_lxd_20150722.txt,1.0
2457225.7462704,2457225.7462704,2015-07-22,20150722,SXD,1.9731785,1.9731785e-06,151933774871356.03,,,,0.019091556,0.00014694589,0,no,SpeX Spectrograph,ShortXD,merged_v346nor_sxd_20150722.txt,1.0
2457225.7856901,2457225.7462704,2015-07-22,20150722,LXD,1.9734207,1.9734206999999997e-06,151915127879220.1,,,,0.024652585,0.0012371532,0,no,SpeX Spectrograph,LXD_short,merged_v346nor_lxd_20150722.txt,1.0
2457225.7462704,2457225.7462704,2015-07-22,20150722,SXD,1.9735386,1.9735385999999997e-06,151906052407589.12,,,,0.018634452,0.00015519028,0,no,SpeX Spectrograph,ShortXD,merged_v346nor_sxd_20150722.txt,1.0
2457225.7856901,2457225.7462704,2015-07-22,20150722,LXD,1.9736891,1.9736891e-06,151894469093435.22,,,,0.022857256,0.0013178324,0,no,SpeX Spectrograph,LXD_short,merged_v346nor_lxd_20150722.txt,1.0
2457225.7462704,2457225.7462704,2015-07-22,20150722,SXD,1.9738989,1.9738989e-06,151878324670022.34,,,,0.019247578,0.00016915333,0,no,SpeX Spectrograph,ShortXD,merged_v346nor_sxd_20150722.txt,1.0
2457225.7856901,2457225.7462704,2015-07-22,20150722,LXD,1.9739573,1.9739572999999998e-06,151873831313372.4,,,,0.021327544,0.001261034,0,no,SpeX Spectrograph,LXD_short,merged_v346nor_lxd_20150722.txt,1.0
2457225.7856901,2457225.7462704,2015-07-22,20150722,LXD,1.9742255,1.9742255e-06,151853199140625.03,,,,0.019883454,0.0011544707,0,no,SpeX Spectrograph,LXD_short,merged_v346nor_lxd_20150722.txt,1.0
2457225.7462704,2457225.7462704,2015-07-22,20150722,SXD,1.9742591,1.9742590999999998e-06,151850614744538.88,,,,0.018879736,0.00017216874,0,no,SpeX Spectrograph,ShortXD,merged_v346nor_sxd_20150722.txt,1.0
2457225.7856901,2457225.7462704,2015-07-22,20150722,LXD,1.9744937,1.9744937e-06,151832572572908.2,,,,0.02083871,0.0010632258,0,no,SpeX Spectrograph,LXD_short,merged_v346nor_lxd_20150722.txt,1.0
2457225.7462704,2457225.7462704,2015-07-22,20150722,SXD,1.9746194,1.9746193999999998e-06,151822907239744.56,,,,0.019025678,0.00017185124,0,no,SpeX Spectrograph,ShortXD,merged_v346nor_sxd_20150722.txt,1.0
2457225.7856901,2457225.7462704,2015-07-22,20150722,LXD,1.974762,1.974762e-06,151811943920330.66,,,,0.020247111,0.001026786,0,no,SpeX Spectrograph,LXD_short,merged_v346nor_lxd_20150722.txt,1.0
2457225.7462704,2457225.7462704,2015-07-22,20150722,SXD,1.9749795,1.9749795e-06,151795225216261.75,,,,0.01901998,0.00016722582,0,no,SpeX Spectrograph,ShortXD,merged_v346nor_sxd_20150722.txt,1.0
2457225.7856901,2457225.7462704,2015-07-22,20150722,LXD,1.9750302,1.9750302e-06,151791328557912.7,,,,0.022579327,0.0010586041,0,no,SpeX Spectrograph,LXD_short,merged_v346nor_lxd_20150722.txt,1.0
2457225.7856901,2457225.7462704,2015-07-22,20150722,LXD,1.9752984,1.9752984e-06,151770718793676.94,,,,0.022033844,0.0010888658,0,no,SpeX Spectrograph,LXD_short,merged_v346nor_lxd_20150722.txt,1.0
2457225.7462704,2457225.7462704,2015-07-22,20150722,SXD,1.9753398,1.9753398e-06,151767537919298.75,,,,0.018610328,0.00016433507,0,no,SpeX Spectrograph,ShortXD,merged_v346nor_sxd_20150722.txt,1.0
2457225.7856901,2457225.7462704,2015-07-22,20150722,LXD,1.9755666,1.9755666e-06,151750114625343.4,,,,0.022602167,0.0010812721,0,no,SpeX Spectrograph,LXD_short,merged_v346nor_lxd_20150722.txt,1.0
2457225.7462704,2457225.7462704,2015-07-22,20150722,SXD,1.9756999,1.9756999e-06,151739876081382.6,,,,0.018413002,0.00016371325,0,no,SpeX Spectrograph,ShortXD,merged_v346nor_sxd_20150722.txt,1.0
2457225.7856901,2457225.7462704,2015-07-22,20150722,LXD,1.9758348,1.9758348e-06,151729516050633.4,,,,0.019802298,0.0010113469,0,no,SpeX Spectrograph,LXD_short,merged_v346nor_lxd_20150722.txt,1.0
2457225.7462704,2457225.7462704,2015-07-22,20150722,SXD,1.9760602,1.9760602e-06,151712208970151.8,,,,0.018480293,0.00016338164,0,no,SpeX Spectrograph,ShortXD,merged_v346nor_sxd_20150722.txt,1.0
2457225.7856901,2457225.7462704,2015-07-22,20150722,LXD,1.9761031,1.9761031e-06,151708915390092.78,,,,0.019682145,0.00094146223,0,no,SpeX Spectrograph,LXD_short,merged_v346nor_lxd_20150722.txt,1.0
2457225.7856901,2457225.7462704,2015-07-22,20150722,LXD,1.9763713,1.9763713e-06,151688327997881.78,,,,0.019339938,0.00092378969,0,no,SpeX Spectrograph,LXD_short,merged_v346nor_lxd_20150722.txt,1.0
2457225.7462704,2457225.7462704,2015-07-22,20150722,SXD,1.9764203,1.9764202999999998e-06,151684567295731.6,,,,0.018857678,0.00017941912,0,no,SpeX Spectrograph,ShortXD,merged_v346nor_sxd_20150722.txt,1.0
2457225.7856901,2457225.7462704,2015-07-22,20150722,LXD,1.9766395,1.9766395e-06,151667746192464.53,,,,0.020547949,0.00095527305,0,no,SpeX Spectrograph,LXD_short,merged_v346nor_lxd_20150722.txt,1.0
2457225.7462704,2457225.7462704,2015-07-22,20150722,SXD,1.9767805,1.9767805e-06,151656928020081.16,,,,0.019338494,0.00018771808,0,no,SpeX Spectrograph,ShortXD,merged_v346nor_sxd_20150722.txt,1.0
2457225.7856901,2457225.7462704,2015-07-22,20150722,LXD,1.9769077,1.9769076999999996e-06,151647169971567.25,,,,0.022672106,0.0010055789,0,no,SpeX Spectrograph,LXD_short,merged_v346nor_lxd_20150722.txt,1.0
2457225.7462704,2457225.7462704,2015-07-22,20150722,SXD,1.9771407,1.9771407e-06,151629298815203.2,,,,0.019501051,0.00019354356,0,no,SpeX Spectrograph,ShortXD,merged_v346nor_sxd_20150722.txt,1.0
2457225.7856901,2457225.7462704,2015-07-22,20150722,LXD,1.977176,1.977176e-06,151626591664070.38,,,,0.02232492,0.0010181435,0,no,SpeX Spectrograph,LXD_short,merged_v346nor_lxd_20150722.txt,1.0
2457225.7856901,2457225.7462704,2015-07-22,20150722,LXD,1.9774442,1.9774442e-06,151606026607476.44,,,,0.022675684,0.0010110467,0,no,SpeX Spectrograph,LXD_short,merged_v346nor_lxd_20150722.txt,1.0
2457225.7462704,2457225.7462704,2015-07-22,20150722,SXD,1.9775009,1.9775009e-06,151601679675594.6,,,,0.01931688,0.00019144942,0,no,SpeX Spectrograph,ShortXD,merged_v346nor_sxd_20150722.txt,1.0
2457225.7856901,2457225.7462704,2015-07-22,20150722,LXD,1.9777124,1.9777124e-06,151585467128587.56,,,,0.021050777,0.00099167018,0,no,SpeX Spectrograph,LXD_short,merged_v346nor_lxd_20150722.txt,1.0
2457225.7462704,2457225.7462704,2015-07-22,20150722,SXD,1.977861,1.977861e-06,151574078259291.22,,,,0.019041784,0.00017424703,0,no,SpeX Spectrograph,ShortXD,merged_v346nor_sxd_20150722.txt,1.0
2457225.7856901,2457225.7462704,2015-07-22,20150722,LXD,1.9779806,1.9779806e-06,151564913225134.78,,,,0.021600574,0.00094516663,0,no,SpeX Spectrograph,LXD_short,merged_v346nor_lxd_20150722.txt,1.0
2457225.7462704,2457225.7462704,2015-07-22,20150722,SXD,1.9782212,1.9782212e-06,151546479230937.38,,,,0.019158481,0.00014560751,0,no,SpeX Spectrograph,ShortXD,merged_v346nor_sxd_20150722.txt,1.0
2457225.7856901,2457225.7462704,2015-07-22,20150722,LXD,1.9782488,1.9782488e-06,151544364894850.44,,,,0.022024294,0.00095353957,0,no,SpeX Spectrograph,LXD_short,merged_v346nor_lxd_20150722.txt,1.0
2457225.7856901,2457225.7462704,2015-07-22,20150722,LXD,1.9785169,1.9785169e-06,151523829793922.9,,,,0.02235255,0.0009471011,0,no,SpeX Spectrograph,LXD_short,merged_v346nor_lxd_20150722.txt,1.0
2457225.7462704,2457225.7462704,2015-07-22,20150722,SXD,1.9785813,1.9785813e-06,151518897909325.25,,,,0.019280495,0.00013046041,0,no,SpeX Spectrograph,ShortXD,merged_v346nor_sxd_20150722.txt,1.0
2457225.7856901,2457225.7462704,2015-07-22,20150722,LXD,1.9787852,1.9787851999999997e-06,151503284944722.7,,,,0.024166718,0.001022473,0,no,SpeX Spectrograph,LXD_short,merged_v346nor_lxd_20150722.txt,1.0
2457225.7462704,2457225.7462704,2015-07-22,20150722,SXD,1.9789416,1.9789416e-06,151491311315098.94,,,,0.019501086,0.00012907755,0,no,SpeX Spectrograph,ShortXD,merged_v346nor_sxd_20150722.txt,1.0
2457225.7856901,2457225.7462704,2015-07-22,20150722,LXD,1.9790534,1.9790533999999998e-06,151482753320350.03,,,,0.026380092,0.0011707857,0,no,SpeX Spectrograph,LXD_short,merged_v346nor_lxd_20150722.txt,1.0
2457225.7462704,2457225.7462704,2015-07-22,20150722,SXD,1.9793017,1.9793016999999997e-06,151463750069026.9,,,,0.019630054,0.00014238014,0,no,SpeX Spectrograph,ShortXD,merged_v346nor_sxd_20150722.txt,1.0
2457225.7856901,2457225.7462704,2015-07-22,20150722,LXD,1.9793216,1.9793216e-06,151462227260087.5,,,,0.028302506,0.0013682469,0,no,SpeX Spectrograph,LXD_short,merged_v346nor_lxd_20150722.txt,1.0
2457225.7856901,2457225.7462704,2015-07-22,20150722,LXD,1.9795897,1.9795897e-06,151441714411829.88,,,,0.027506314,0.0015414366,0,no,SpeX Spectrograph,LXD_short,merged_v346nor_lxd_20150722.txt,1.0
2457225.7462704,2457225.7462704,2015-07-22,20150722,SXD,1.9796618,1.9796617999999998e-06,151436198849722.72,,,,0.019336773,0.000155323,0,no,SpeX Spectrograph,ShortXD,merged_v346nor_sxd_20150722.txt,1.0
2457225.7856901,2457225.7462704,2015-07-22,20150722,LXD,1.9798579,1.9798579e-06,151421199470931.72,,,,0.022421416,0.0015357209,0,no,SpeX Spectrograph,LXD_short,merged_v346nor_lxd_20150722.txt,1.0
2457225.7462704,2457225.7462704,2015-07-22,20150722,SXD,1.980022,1.980022e-06,151408650004898.94,,,,0.019254923,0.00016061685,0,no,SpeX Spectrograph,ShortXD,merged_v346nor_sxd_20150722.txt,1.0
2457225.7856901,2457225.7462704,2015-07-22,20150722,LXD,1.9801261,1.9801260999999997e-06,151400690087363.66,,,,0.017621005,0.0013388922,0,no,SpeX Spectrograph,LXD_short,merged_v346nor_lxd_20150722.txt,1.0
2457225.7462704,2457225.7462704,2015-07-22,20150722,SXD,1.9803821,1.9803821e-06,151381118825503.44,,,,0.019849425,0.00015566856,0,no,SpeX Spectrograph,ShortXD,merged_v346nor_sxd_20150722.txt,1.0
2457225.7856901,2457225.7462704,2015-07-22,20150722,LXD,1.9803942,1.9803942e-06,151380193902809.88,,,,0.018291643,0.0011394495,0,no,SpeX Spectrograph,LXD_short,merged_v346nor_lxd_20150722.txt,1.0
2457225.7856901,2457225.7462704,2015-07-22,20150722,LXD,1.9806625,1.9806625e-06,151359687983187.47,,,,0.02000718,0.00099469314,0,no,SpeX Spectrograph,LXD_short,merged_v346nor_lxd_20150722.txt,1.0
2457225.7462704,2457225.7462704,2015-07-22,20150722,SXD,1.9807422,1.9807421999999997e-06,151353597656474.44,,,,0.019523954,0.00014534296,0,no,SpeX Spectrograph,ShortXD,merged_v346nor_sxd_20150722.txt,1.0
2457225.7856901,2457225.7462704,2015-07-22,20150722,LXD,1.9809307,1.9809307e-06,151339195258067.34,,,,0.019377584,0.00090557581,0,no,SpeX Spectrograph,LXD_short,merged_v346nor_lxd_20150722.txt,1.0
2457225.7462704,2457225.7462704,2015-07-22,20150722,SXD,1.9811023,1.9811023e-06,151326086492353.28,,,,0.019862629,0.00012906471,0,no,SpeX Spectrograph,ShortXD,merged_v346nor_sxd_20150722.txt,1.0
2457225.7856901,2457225.7462704,2015-07-22,20150722,LXD,1.9811988,1.9811988e-06,151318715718987.9,,,,0.020453731,0.00088076317,0,no,SpeX Spectrograph,LXD_short,merged_v346nor_lxd_20150722.txt,1.0
2457225.7462704,2457225.7462704,2015-07-22,20150722,SXD,1.9814625,1.9814625e-06,151298577691982.56,,,,0.019845465,0.00012136238,0,no,SpeX Spectrograph,ShortXD,merged_v346nor_sxd_20150722.txt,1.0
2457225.7856901,2457225.7462704,2015-07-22,20150722,LXD,1.981467,1.981467e-06,151298234086159.38,,,,0.022606967,0.00088145642,0,no,SpeX Spectrograph,LXD_short,merged_v346nor_lxd_20150722.txt,1.0
2457225.7856901,2457225.7462704,2015-07-22,20150722,LXD,1.9817351,1.9817351e-06,151277765630734.4,,,,0.023209607,0.0008866624,0,no,SpeX Spectrograph,LXD_short,merged_v346nor_lxd_20150722.txt,1.0
2457225.7462704,2457225.7462704,2015-07-22,20150722,SXD,1.9818226,1.9818226e-06,151271086524091.5,,,,0.019395154,0.00011759045,0,no,SpeX Spectrograph,ShortXD,merged_v346nor_sxd_20150722.txt,1.0
2457225.7856901,2457225.7462704,2015-07-22,20150722,LXD,1.9820033,1.9820033e-06,151257295081193.88,,,,0.022033909,0.00091059465,0,no,SpeX Spectrograph,LXD_short,merged_v346nor_lxd_20150722.txt,1.0
2457225.7462704,2457225.7462704,2015-07-22,20150722,SXD,1.9821826,1.9821826e-06,151243612974909.6,,,,0.019266404,0.00011899339,0,no,SpeX Spectrograph,ShortXD,merged_v346nor_sxd_20150722.txt,1.0
2457225.7856901,2457225.7462704,2015-07-22,20150722,LXD,1.9822714,1.9822713999999997e-06,151236837700427.94,,,,0.023710547,0.00094987091,0,no,SpeX Spectrograph,LXD_short,merged_v346nor_lxd_20150722.txt,1.0
2457225.7856901,2457225.7462704,2015-07-22,20150722,LXD,1.9825397,1.9825397e-06,151216370597774.16,,,,0.023432147,0.00097647181,0,no,SpeX Spectrograph,LXD_short,merged_v346nor_lxd_20150722.txt,1.0
2457225.7462704,2457225.7462704,2015-07-22,20150722,SXD,1.9825428,1.9825428e-06,151216134148528.84,,,,0.019303862,0.00012255598,0,no,SpeX Spectrograph,ShortXD,merged_v346nor_sxd_20150722.txt,1.0
2457225.7856901,2457225.7462704,2015-07-22,20150722,LXD,1.9828078,1.9828078e-06,151195924284744.1,,,,0.021524096,0.00096226885,0,no,SpeX Spectrograph,LXD_short,merged_v346nor_lxd_20150722.txt,1.0
2457225.7462704,2457225.7462704,2015-07-22,20150722,SXD,1.9829029,1.9829029e-06,151188672929975.53,,,,0.019419387,0.0001284778,0,no,SpeX Spectrograph,ShortXD,merged_v346nor_sxd_20150722.txt,1.0
2457225.7856901,2457225.7462704,2015-07-22,20150722,LXD,1.983076,1.983076e-06,151175475876870.1,,,,0.023041081,0.0009230689,0,no,SpeX Spectrograph,LXD_short,merged_v346nor_lxd_20150722.txt,1.0
2457225.7462704,2457225.7462704,2015-07-22,20150722,SXD,1.983263,1.9832629999999998e-06,151161221683659.72,,,,0.019653788,0.00013741732,0,no,SpeX Spectrograph,ShortXD,merged_v346nor_sxd_20150722.txt,1.0
2457225.7856901,2457225.7462704,2015-07-22,20150722,LXD,1.9833441,1.9833441e-06,151155040620535.78,,,,0.022036187,0.00088661106,0,no,SpeX Spectrograph,LXD_short,merged_v346nor_lxd_20150722.txt,1.0
2457225.7856901,2457225.7462704,2015-07-22,20150722,LXD,1.9836123,1.9836123e-06,151134603268995.66,,,,0.021518348,0.00091233948,0,no,SpeX Spectrograph,LXD_short,merged_v346nor_lxd_20150722.txt,1.0
2457225.7462704,2457225.7462704,2015-07-22,20150722,SXD,1.983623,1.983623e-06,151133788023228.22,,,,0.019725727,0.00014104949,0,no,SpeX Spectrograph,ShortXD,merged_v346nor_sxd_20150722.txt,1.0
2457225.7856901,2457225.7462704,2015-07-22,20150722,LXD,1.9838804,1.9838804e-06,151114179060390.97,,,,0.022844559,0.0009169681,0,no,SpeX Spectrograph,LXD_short,merged_v346nor_lxd_20150722.txt,1.0
2457225.7462704,2457225.7462704,2015-07-22,20150722,SXD,1.9839832,1.9839832e-06,151106349086020.5,,,,0.020171026,0.00014117836,0,no,SpeX Spectrograph,ShortXD,merged_v346nor_sxd_20150722.txt,1.0
2457225.7856901,2457225.7462704,2015-07-22,20150722,LXD,1.9841485,1.9841485e-06,151093760371262.53,,,,0.023202946,0.00091402436,0,no,SpeX Spectrograph,LXD_short,merged_v346nor_lxd_20150722.txt,1.0
2457225.7462704,2457225.7462704,2015-07-22,20150722,SXD,1.9843432,1.9843432e-06,151078935337395.28,,,,0.020026088,0.0001399715,0,no,SpeX Spectrograph,ShortXD,merged_v346nor_sxd_20150722.txt,1.0
2457225.7856901,2457225.7462704,2015-07-22,20150722,LXD,1.9844167,1.9844167e-06,151073339586388.28,,,,0.022455115,0.00094628904,0,no,SpeX Spectrograph,LXD_short,merged_v346nor_lxd_20150722.txt,1.0
2457225.7856901,2457225.7462704,2015-07-22,20150722,LXD,1.9846848,1.9846847999999997e-06,151052931931559.12,,,,0.023472426,0.00096640032,0,no,SpeX Spectrograph,LXD_short,merged_v346nor_lxd_20150722.txt,1.0
2457225.7462704,2457225.7462704,2015-07-22,20150722,SXD,1.9847033,1.9847033e-06,151051523922996.47,,,,0.01977432,0.00013390834,0,no,SpeX Spectrograph,ShortXD,merged_v346nor_sxd_20150722.txt,1.0
2457225.7856901,2457225.7462704,2015-07-22,20150722,LXD,1.9849529,1.9849529e-06,151032529789497.78,,,,0.024493691,0.00098032446,0,no,SpeX Spectrograph,LXD_short,merged_v346nor_lxd_20150722.txt,1.0
2457225.7462704,2457225.7462704,2015-07-22,20150722,SXD,1.9850633,1.9850632999999997e-06,151024130061746.66,,,,0.019827047,0.00012683362,0,no,SpeX Spectrograph,ShortXD,merged_v346nor_sxd_20150722.txt,1.0
2457225.7856901,2457225.7462704,2015-07-22,20150722,LXD,1.985221,1.985221e-06,151012133157970.8,,,,0.023195945,0.00098223379,0,no,SpeX Spectrograph,LXD_short,merged_v346nor_lxd_20150722.txt,1.0
2457225.7462704,2457225.7462704,2015-07-22,20150722,SXD,1.9854234,1.9854234e-06,150996738529424.0,,,,0.020111304,0.00012233644,0,no,SpeX Spectrograph,ShortXD,merged_v346nor_sxd_20150722.txt,1.0
2457225.7856901,2457225.7462704,2015-07-22,20150722,LXD,1.9854892,1.9854891999999997e-06,150991734429983.3,,,,0.021355527,0.00091062061,0,no,SpeX Spectrograph,LXD_short,merged_v346nor_lxd_20150722.txt,1.0
2457225.7856901,2457225.7462704,2015-07-22,20150722,LXD,1.9857574,1.9857573999999997e-06,150971341212174.28,,,,0.02206574,0.00092152134,0,no,SpeX Spectrograph,LXD_short,merged_v346nor_lxd_20150722.txt,1.0
2457225.7462704,2457225.7462704,2015-07-22,20150722,SXD,1.9857835,1.9857835e-06,150969356931407.7,,,,0.019972909,0.00012083087,0,no,SpeX Spectrograph,ShortXD,merged_v346nor_sxd_20150722.txt,1.0
2457225.7856901,2457225.7462704,2015-07-22,20150722,LXD,1.9860255,1.9860255e-06,150950961102966.72,,,,0.027255213,0.0010132077,0,no,SpeX Spectrograph,LXD_short,merged_v346nor_lxd_20150722.txt,1.0
2457225.7462704,2457225.7462704,2015-07-22,20150722,SXD,1.9861436,1.9861435999999997e-06,150941985262294.25,,,,0.020118117,0.00012309685,0,no,SpeX Spectrograph,ShortXD,merged_v346nor_sxd_20150722.txt,1.0
2457225.7856901,2457225.7462704,2015-07-22,20150722,LXD,1.9862936,1.9862936e-06,150930586495370.06,,,,0.026139868,0.0011443892,0,no,SpeX Spectrograph,LXD_short,merged_v346nor_lxd_20150722.txt,1.0
2457225.7462704,2457225.7462704,2015-07-22,20150722,SXD,1.9865036,1.9865036e-06,150914631113681.34,,,,0.020129085,0.00013092642,0,no,SpeX Spectrograph,ShortXD,merged_v346nor_sxd_20150722.txt,1.0
2457225.7856901,2457225.7462704,2015-07-22,20150722,LXD,1.9865617,1.9865616999999997e-06,150910217387156.94,,,,0.025382264,0.001215367,0,no,SpeX Spectrograph,LXD_short,merged_v346nor_lxd_20150722.txt,1.0
2457225.7856901,2457225.7462704,2015-07-22,20150722,LXD,1.9868299,1.9868299e-06,150889846181598.16,,,,0.023800353,0.0012053251,0,no,SpeX Spectrograph,LXD_short,merged_v346nor_lxd_20150722.txt,1.0
2457225.7462704,2457225.7462704,2015-07-22,20150722,SXD,1.9868636,1.9868635999999997e-06,150887286877669.94,,,,0.020394394,0.00013649809,0,no,SpeX Spectrograph,ShortXD,merged_v346nor_sxd_20150722.txt,1.0
2457225.7856901,2457225.7462704,2015-07-22,20150722,LXD,1.987098,1.987098e-06,150869488067523.6,,,,0.022480436,0.0011027498,0,no,SpeX Spectrograph,LXD_short,merged_v346nor_lxd_20150722.txt,1.0
2457225.7462704,2457225.7462704,2015-07-22,20150722,SXD,1.9872236,1.9872236e-06,150859952548872.72,,,,0.020416912,0.0001357844,0,no,SpeX Spectrograph,ShortXD,merged_v346nor_sxd_20150722.txt,1.0
2457225.7856901,2457225.7462704,2015-07-22,20150722,LXD,1.9873661,1.9873661e-06,150849135446156.6,,,,0.020425089,0.00099523726,0,no,SpeX Spectrograph,LXD_short,merged_v346nor_lxd_20150722.txt,1.0
2457225.7462704,2457225.7462704,2015-07-22,20150722,SXD,1.9875838,1.9875838e-06,150832612944420.25,,,,0.020206852,0.00012877809,0,no,SpeX Spectrograph,ShortXD,merged_v346nor_sxd_20150722.txt,1.0
2457225.7856901,2457225.7462704,2015-07-22,20150722,LXD,1.9876342,1.9876342e-06,150828788315274.53,,,,0.02189043,0.00095292047,0,no,SpeX Spectrograph,LXD_short,merged_v346nor_lxd_20150722.txt,1.0
2457225.7856901,2457225.7462704,2015-07-22,20150722,LXD,1.9879023,1.9879023e-06,150808446672655.9,,,,0.022722648,0.00091465941,0,no,SpeX Spectrograph,LXD_short,merged_v346nor_lxd_20150722.txt,1.0
2457225.7462704,2457225.7462704,2015-07-22,20150722,SXD,1.9879438,1.9879438e-06,150805298419402.0,,,,0.020200329,0.0001220193,0,no,SpeX Spectrograph,ShortXD,merged_v346nor_sxd_20150722.txt,1.0
2457225.7856901,2457225.7462704,2015-07-22,20150722,LXD,1.9881704,1.9881704e-06,150788110516080.5,,,,0.022304071,0.00090263836,0,no,SpeX Spectrograph,LXD_short,merged_v346nor_lxd_20150722.txt,1.0
2457225.7462704,2457225.7462704,2015-07-22,20150722,SXD,1.9883038,1.9883038e-06,150777993785456.75,,,,0.020184044,0.00012140443,0,no,SpeX Spectrograph,ShortXD,merged_v346nor_sxd_20150722.txt,1.0
2457225.7856901,2457225.7462704,2015-07-22,20150722,LXD,1.9884385,1.9884384999999998e-06,150767779843329.34,,,,0.02226945,0.0009001143,0,no,SpeX Spectrograph,LXD_short,merged_v346nor_lxd_20150722.txt,1.0
2457225.7462704,2457225.7462704,2015-07-22,20150722,SXD,1.9886638,1.9886638e-06,150750699037212.8,,,,0.019999735,0.00012667265,0,no,SpeX Spectrograph,ShortXD,merged_v346nor_sxd_20150722.txt,1.0
2457225.7856901,2457225.7462704,2015-07-22,20150722,LXD,1.9887066,1.9887066e-06,150747454652184.5,,,,0.024011569,0.00091513211,0,no,SpeX Spectrograph,LXD_short,merged_v346nor_lxd_20150722.txt,1.0
2457225.7856901,2457225.7462704,2015-07-22,20150722,LXD,1.9889747,1.9889747e-06,150727134940429.34,,,,0.024642305,0.00097624952,0,no,SpeX Spectrograph,LXD_short,merged_v346nor_lxd_20150722.txt,1.0
2457225.7462704,2457225.7462704,2015-07-22,20150722,SXD,1.9890238,1.9890238e-06,150723414169302.56,,,,0.019948419,0.0001260088,0,no,SpeX Spectrograph,ShortXD,merged_v346nor_sxd_20150722.txt,1.0
2457225.7856901,2457225.7462704,2015-07-22,20150722,LXD,1.9892428,1.9892427999999998e-06,150706820705848.5,,,,0.023569928,0.0010680334,0,no,SpeX Spectrograph,LXD_short,merged_v346nor_lxd_20150722.txt,1.0
2457225.7462704,2457225.7462704,2015-07-22,20150722,SXD,1.9893838,1.9893837999999996e-06,150696139176362.06,,,,0.019339032,0.00013153946,0,no,SpeX Spectrograph,ShortXD,merged_v346nor_sxd_20150722.txt,1.0
2457225.7856901,2457225.7462704,2015-07-22,20150722,LXD,1.9895109,1.9895109e-06,150686511946227.6,,,,0.025040118,0.0011638133,0,no,SpeX Spectrograph,LXD_short,merged_v346nor_lxd_20150722.txt,1.0
2457225.7462704,2457225.7462704,2015-07-22,20150722,SXD,1.9897438,1.9897438e-06,150668874053031.38,,,,0.019225085,0.00013935578,0,no,SpeX Spectrograph,ShortXD,merged_v346nor_sxd_20150722.txt,1.0
2457225.7856901,2457225.7462704,2015-07-22,20150722,LXD,1.989779,1.989779e-06,150666208659353.62,,,,0.022648655,0.0012387363,0,no,SpeX Spectrograph,LXD_short,merged_v346nor_lxd_20150722.txt,1.0
2457225.7856901,2457225.7462704,2015-07-22,20150722,LXD,1.9900471,1.9900470999999998e-06,150645910843014.75,,,,0.021587161,0.0012323209,0,no,SpeX Spectrograph,LXD_short,merged_v346nor_lxd_20150722.txt,1.0
2457225.7462704,2457225.7462704,2015-07-22,20150722,SXD,1.9901038,1.9901038e-06,150641618793954.38,,,,0.019113958,0.00014341917,0,no,SpeX Spectrograph,ShortXD,merged_v346nor_sxd_20150722.txt,1.0
2457225.7856901,2457225.7462704,2015-07-22,20150722,LXD,1.9903152,1.9903152e-06,150625618495000.2,,,,0.018556092,0.0011740801,0,no,SpeX Spectrograph,LXD_short,merged_v346nor_lxd_20150722.txt,1.0
2457225.7462704,2457225.7462704,2015-07-22,20150722,SXD,1.9904639,1.9904638999999997e-06,150614365826981.34,,,,0.019421905,0.00013960853,0,no,SpeX Spectrograph,ShortXD,merged_v346nor_sxd_20150722.txt,1.0
2457225.7856901,2457225.7462704,2015-07-22,20150722,LXD,1.9905832,1.9905832e-06,150605339178990.34,,,,0.019282455,0.0010270547,0,no,SpeX Spectrograph,LXD_short,merged_v346nor_lxd_20150722.txt,1.0
2457225.7462704,2457225.7462704,2015-07-22,20150722,SXD,1.9908239,1.9908239e-06,150587130283095.38,,,,0.019798314,0.00013357578,0,no,SpeX Spectrograph,ShortXD,merged_v346nor_sxd_20150722.txt,1.0
2457225.7856901,2457225.7462704,2015-07-22,20150722,LXD,1.9908513,1.9908513e-06,150585057758959.72,,,,0.020230753,0.00095974858,0,no,SpeX Spectrograph,LXD_short,merged_v346nor_lxd_20150722.txt,1.0
2457225.7856901,2457225.7462704,2015-07-22,20150722,LXD,1.9911194,1.9911194e-06,150564781800629.34,,,,0.02017317,0.00092352612,0,no,SpeX Spectrograph,LXD_short,merged_v346nor_lxd_20150722.txt,1.0
2457225.7462704,2457225.7462704,2015-07-22,20150722,SXD,1.9911838,1.9911837999999998e-06,150559912148742.88,,,,0.020059604,0.00012773667,0,no,SpeX Spectrograph,ShortXD,merged_v346nor_sxd_20150722.txt,1.0
2457225.7856901,2457225.7462704,2015-07-22,20150722,LXD,1.9913875,1.9913875e-06,150544511301793.34,,,,0.020883799,0.00092005945,0,no,SpeX Spectrograph,LXD_short,merged_v346nor_lxd_20150722.txt,1.0
2457225.7462704,2457225.7462704,2015-07-22,20150722,SXD,1.9915438,1.9915438e-06,150532696293197.28,,,,0.020162264,0.00012401216,0,no,SpeX Spectrograph,ShortXD,merged_v346nor_sxd_20150722.txt,1.0
2457225.7856901,2457225.7462704,2015-07-22,20150722,LXD,1.9916556,1.9916556e-06,150524246260247.03,,,,0.020910257,0.00091410452,0,no,SpeX Spectrograph,LXD_short,merged_v346nor_lxd_20150722.txt,1.0
2457225.7462704,2457225.7462704,2015-07-22,20150722,SXD,1.9919038,1.9919037999999997e-06,150505490275183.0,,,,0.020214485,0.00012405588,0,no,SpeX Spectrograph,ShortXD,merged_v346nor_sxd_20150722.txt,1.0
2457225.7856901,2457225.7462704,2015-07-22,20150722,LXD,1.9919236,1.9919236e-06,150503994229497.56,,,,0.023076182,0.00091177993,0,no,SpeX Spectrograph,LXD_short,merged_v346nor_lxd_20150722.txt,1.0
2457225.7856901,2457225.7462704,2015-07-22,20150722,LXD,1.9921917,1.9921916999999997e-06,150483740093887.56,,,,0.022039803,0.00092113618,0,no,SpeX Spectrograph,LXD_short,merged_v346nor_lxd_20150722.txt,1.0
2457225.7462704,2457225.7462704,2015-07-22,20150722,SXD,1.9922637,1.9922637e-06,150478301642498.44,,,,0.020304615,0.00012803366,0,no,SpeX Spectrograph,ShortXD,merged_v346nor_sxd_20150722.txt,1.0
2457225.7856901,2457225.7462704,2015-07-22,20150722,LXD,1.9924598,1.9924598e-06,150463491408960.94,,,,0.022328153,0.00091673451,0,no,SpeX Spectrograph,LXD_short,merged_v346nor_lxd_20150722.txt,1.0
2457225.7462704,2457225.7462704,2015-07-22,20150722,SXD,1.9926237,1.9926236999999998e-06,150451115280822.97,,,,0.020779453,0.00012652,0,no,SpeX Spectrograph,ShortXD,merged_v346nor_sxd_20150722.txt,1.0
2457225.7856901,2457225.7462704,2015-07-22,20150722,LXD,1.9927279,1.9927279e-06,150443248172517.7,,,,0.022947205,0.00092222274,0,no,SpeX Spectrograph,LXD_short,merged_v346nor_lxd_20150722.txt,1.0
2457225.7462704,2457225.7462704,2015-07-22,20150722,SXD,1.9929837,1.9929837e-06,150423938740693.16,,,,0.020675274,0.00012495108,0,no,SpeX Spectrograph,ShortXD,merged_v346nor_sxd_20150722.txt,1.0
2457225.7856901,2457225.7462704,2015-07-22,20150722,LXD,1.9929959,1.9929958999999998e-06,150423017929941.56,,,,0.022575784,0.00096653838,0,no,SpeX Spectrograph,LXD_short,merged_v346nor_lxd_20150722.txt,1.0
2457225.7856901,2457225.7462704,2015-07-22,20150722,LXD,1.993264,1.993264e-06,150402785581839.66,,,,0.025398511,0.0009904108,0,no,SpeX Spectrograph,LXD_short,merged_v346nor_lxd_20150722.txt,1.0
2457225.7462704,2457225.7462704,2015-07-22,20150722,SXD,1.9933436,1.9933436e-06,150396779561737.38,,,,0.020910457,0.00012958104,0,no,SpeX Spectrograph,ShortXD,merged_v346nor_sxd_20150722.txt,1.0
2457225.7856901,2457225.7462704,2015-07-22,20150722,LXD,1.9935321,1.9935321e-06,150382558675629.06,,,,0.023588737,0.0010291572,0,no,SpeX Spectrograph,LXD_short,merged_v346nor_lxd_20150722.txt,1.0
2457225.7462704,2457225.7462704,2015-07-22,20150722,SXD,1.9937036,1.9937036e-06,150369622646014.2,,,,0.021084554,0.00012961683,0,no,SpeX Spectrograph,ShortXD,merged_v346nor_sxd_20150722.txt,1.0
2457225.7856901,2457225.7462704,2015-07-22,20150722,LXD,1.9938,1.9938e-06,150362352292105.53,,,,0.025285318,0.0010665677,0,no,SpeX Spectrograph,LXD_short,merged_v346nor_lxd_20150722.txt,1.0
2457225.7462704,2457225.7462704,2015-07-22,20150722,SXD,1.9940635,1.9940635e-06,150342483075388.53,,,,0.021254197,0.00013046518,0,no,SpeX Spectrograph,ShortXD,merged_v346nor_sxd_20150722.txt,1.0
2457225.7856901,2457225.7462704,2015-07-22,20150722,LXD,1.9940681,1.9940681e-06,150342136259037.5,,,,0.02355198,0.0010752343,0,no,SpeX Spectrograph,LXD_short,merged_v346nor_lxd_20150722.txt,1.0
2457225.7856901,2457225.7462704,2015-07-22,20150722,LXD,1.9943361,1.9943360999999998e-06,150321933198722.12,,,,0.024026299,0.0010530314,0,no,SpeX Spectrograph,LXD_short,merged_v346nor_lxd_20150722.txt,1.0
2457225.7462704,2457225.7462704,2015-07-22,20150722,SXD,1.9944235,1.9944234999999996e-06,150315345762823.22,,,,0.021361217,0.0001310677,0,no,SpeX Spectrograph,ShortXD,merged_v346nor_sxd_20150722.txt,1.0
2457225.7856901,2457225.7462704,2015-07-22,20150722,LXD,1.9946042,1.9946042e-06,150301728032057.7,,,,0.021958247,0.0010725765,0,no,SpeX Spectrograph,LXD_short,merged_v346nor_lxd_20150722.txt,1.0
2457225.7462704,2457225.7462704,2015-07-22,20150722,SXD,1.9947834,1.9947834e-06,150288225779300.16,,,,0.0207066,0.00013026196,0,no,SpeX Spectrograph,ShortXD,merged_v346nor_sxd_20150722.txt,1.0
2457225.7856901,2457225.7462704,2015-07-22,20150722,LXD,1.9948722,1.9948722e-06,150281535829713.78,,,,0.025020877,0.0010751102,0,no,SpeX Spectrograph,LXD_short,merged_v346nor_lxd_20150722.txt,1.0
2457225.7856901,2457225.7462704,2015-07-22,20150722,LXD,1.9951403,1.9951403e-06,150261341520694.06,,,,0.024037596,0.0010852263,0,no,SpeX Spectrograph,LXD_short,merged_v346nor_lxd_20150722.txt,1.0
2457225.7462704,2457225.7462704,2015-07-22,20150722,SXD,1.9951433,1.9951433e-06,150261115580018.72,,,,0.02071752,0.00013245751,0,no,SpeX Spectrograph,ShortXD,merged_v346nor_sxd_20150722.txt,1.0
2457225.7856901,2457225.7462704,2015-07-22,20150722,LXD,1.9954083,1.9954083e-06,150241160167570.72,,,,0.024696525,0.0011503012,0,no,SpeX Spectrograph,LXD_short,merged_v346nor_lxd_20150722.txt,1.0
2457225.7462704,2457225.7462704,2015-07-22,20150722,SXD,1.9955033,1.9955033e-06,150234007631057.28,,,,0.020833435,0.00013480184,0,no,SpeX Spectrograph,ShortXD,merged_v346nor_sxd_20150722.txt,1.0
2457225.7856901,2457225.7462704,2015-07-22,20150722,LXD,1.9956764,1.9956763999999997e-06,150220976707446.2,,,,0.0218229,0.0011484944,0,no,SpeX Spectrograph,LXD_short,merged_v346nor_lxd_20150722.txt,1.0
2457225.7462704,2457225.7462704,2015-07-22,20150722,SXD,1.9958632,1.9958632e-06,150206916987096.1,,,,0.020784896,0.00013809567,0,no,SpeX Spectrograph,ShortXD,merged_v346nor_sxd_20150722.txt,1.0
2457225.7856901,2457225.7462704,2015-07-22,20150722,LXD,1.9959444,1.9959444e-06,150200806194801.8,,,,0.025877658,0.0012050748,0,no,SpeX Spectrograph,LXD_short,merged_v346nor_lxd_20150722.txt,1.0
2457225.7856901,2457225.7462704,2015-07-22,20150722,LXD,1.9962125,1.9962124999999997e-06,150180633574832.38,,,,0.024937848,0.001258331,0,no,SpeX Spectrograph,LXD_short,merged_v346nor_lxd_20150722.txt,1.0
2457225.7462704,2457225.7462704,2015-07-22,20150722,SXD,1.9962231,1.9962231e-06,150179836111504.78,,,,0.021141181,0.00014346209,0,no,SpeX Spectrograph,ShortXD,merged_v346nor_sxd_20150722.txt,1.0
2457225.7856901,2457225.7462704,2015-07-22,20150722,LXD,1.9964805,1.9964805e-06,150160473893934.88,,,,0.025540683,0.0013720477,0,no,SpeX Spectrograph,LXD_short,merged_v346nor_lxd_20150722.txt,1.0
2457225.7462704,2457225.7462704,2015-07-22,20150722,SXD,1.996583,1.996583e-06,150152764999000.8,,,,0.021128174,0.00014697106,0,no,SpeX Spectrograph,ShortXD,merged_v346nor_sxd_20150722.txt,1.0
2457225.7856901,2457225.7462704,2015-07-22,20150722,LXD,1.9967486,1.9967486e-06,150140312105389.72,,,,0.025159381,0.0013592218,0,no,SpeX Spectrograph,LXD_short,merged_v346nor_lxd_20150722.txt,1.0
2457225.7462704,2457225.7462704,2015-07-22,20150722,SXD,1.9969429,1.9969429e-06,150125703644305.5,,,,0.020797998,0.00015087381,0,no,SpeX Spectrograph,ShortXD,merged_v346nor_sxd_20150722.txt,1.0
2457225.7856901,2457225.7462704,2015-07-22,20150722,LXD,1.9970165,1.9970165e-06,150120170764738.3,,,,0.024972355,0.0014218712,0,no,SpeX Spectrograph,LXD_short,merged_v346nor_lxd_20150722.txt,1.0
2457225.7856901,2457225.7462704,2015-07-22,20150722,LXD,1.9972845,1.9972845e-06,150100027312082.97,,,,0.023806781,0.0015164011,0,no,SpeX Spectrograph,LXD_short,merged_v346nor_lxd_20150722.txt,1.0
2457225.7462704,2457225.7462704,2015-07-22,20150722,SXD,1.9973029,1.9973029e-06,150098644527077.0,,,,0.020322205,0.00015773262,0,no,SpeX Spectrograph,ShortXD,merged_v346nor_sxd_20150722.txt,1.0
2457225.7856901,2457225.7462704,2015-07-22,20150722,LXD,1.9975526,1.9975525999999997e-06,150079881751299.1,,,,0.026273344,0.0016826737,0,no,SpeX Spectrograph,LXD_short,merged_v346nor_lxd_20150722.txt,1.0
2457225.7462704,2457225.7462704,2015-07-22,20150722,SXD,1.9976628,1.9976628e-06,150071602674885.88,,,,0.019928282,0.00016643533,0,no,SpeX Spectrograph,ShortXD,merged_v346nor_sxd_20150722.txt,1.0
2457225.7856901,2457225.7462704,2015-07-22,20150722,LXD,1.9978206,1.9978206e-06,150059749108603.66,,,,0.02547616,0.001811371,0,no,SpeX Spectrograph,LXD_short,merged_v346nor_lxd_20150722.txt,1.0
2457225.7462704,2457225.7462704,2015-07-22,20150722,SXD,1.9980227,1.9980227e-06,150044570564688.78,,,,0.020379173,0.00017813755,0,no,SpeX Spectrograph,ShortXD,merged_v346nor_sxd_20150722.txt,1.0
2457225.7856901,2457225.7462704,2015-07-22,20150722,LXD,1.9980886,1.9980885999999997e-06,150039621866617.94,,,,0.02725853,0.0019098888,0,no,SpeX Spectrograph,LXD_short,merged_v346nor_lxd_20150722.txt,1.0
2457225.7856901,2457225.7462704,2015-07-22,20150722,LXD,1.9983567,1.9983567e-06,150019492516025.8,,,,0.022182401,0.0019155942,0,no,SpeX Spectrograph,LXD_short,merged_v346nor_lxd_20150722.txt,1.0
2457225.7462704,2457225.7462704,2015-07-22,20150722,SXD,1.9983826,1.9983825999999998e-06,150017548191222.25,,,,0.020281127,0.00018801243,0,no,SpeX Spectrograph,ShortXD,merged_v346nor_sxd_20150722.txt,1.0
2457225.7856901,2457225.7462704,2015-07-22,20150722,LXD,1.9986247,1.9986247e-06,149999376070955.2,,,,0.023746571,0.0019604294,0,no,SpeX Spectrograph,LXD_short,merged_v346nor_lxd_20150722.txt,1.0
2457225.7462704,2457225.7462704,2015-07-22,20150722,SXD,1.9987425,1.9987425e-06,149990535549226.56,,,,0.020810837,0.00019904113,0,no,SpeX Spectrograph,ShortXD,merged_v346nor_sxd_20150722.txt,1.0
2457225.7856901,2457225.7462704,2015-07-22,20150722,LXD,1.9988927,1.9988927e-06,149979265020078.38,,,,0.023533063,0.0020602001,0,no,SpeX Spectrograph,LXD_short,merged_v346nor_lxd_20150722.txt,1.0
2457225.7462704,2457225.7462704,2015-07-22,20150722,SXD,1.9991022,1.9991022e-06,149963547636534.03,,,,0.020993819,0.00021378405,0,no,SpeX Spectrograph,ShortXD,merged_v346nor_sxd_20150722.txt,1.0
2457225.7856901,2457225.7462704,2015-07-22,20150722,LXD,1.9991608,1.9991608e-06,149959151860120.5,,,,0.026496118,0.0021813777,0,no,SpeX Spectrograph,LXD_short,merged_v346nor_lxd_20150722.txt,1.0
2457225.7856901,2457225.7462704,2015-07-22,20150722,LXD,1.9994287,1.9994287e-06,149939059092229.72,,,,0.026261134,0.0022992394,0,no,SpeX Spectrograph,LXD_short,merged_v346nor_lxd_20150722.txt,1.0
2457225.7462704,2457225.7462704,2015-07-22,20150722,SXD,1.9994621,1.9994621e-06,149936554436315.66,,,,0.0209103,0.00024980522,0,no,SpeX Spectrograph,ShortXD,merged_v346nor_sxd_20150722.txt,1.0
2457225.7856901,2457225.7462704,2015-07-22,20150722,LXD,1.9996967,1.9996967e-06,149918964210922.6,,,,0.020587219,0.0024548401,0,no,SpeX Spectrograph,LXD_short,merged_v346nor_lxd_20150722.txt,1.0
2457225.7462704,2457225.7462704,2015-07-22,20150722,SXD,1.999822,1.999822e-06,149909570951814.72,,,,0.021144388,0.00033704811,0,no,SpeX Spectrograph,ShortXD,merged_v346nor_sxd_20150722.txt,1.0
2457225.7856901,2457225.7462704,2015-07-22,20150722,LXD,1.9999647,1.9999646999999998e-06,149898874715138.75,,,,0.022732645,0.0026667234,0,no,SpeX Spectrograph,LXD_short,merged_v346nor_lxd_20150722.txt,1.0
2457225.7462704,2457225.7462704,2015-07-22,20150722,SXD,2.0001819,2.0001819e-06,149882597177786.7,,,,0.020545589,0.00045458972,0,no,SpeX Spectrograph,ShortXD,merged_v346nor_sxd_20150722.txt,1.0
2457225.7856901,2457225.7462704,2015-07-22,20150722,LXD,2.0002327,2.0002327e-06,149878790602713.38,,,,0.025357762,0.003068167,0,no,SpeX Spectrograph,LXD_short,merged_v346nor_lxd_20150722.txt,1.0
2457225.7856901,2457225.7462704,2015-07-22,20150722,LXD,2.0005007,2.0005006999999997e-06,149858711871483.0,,,,0.027281124,0.0035075247,0,no,SpeX Spectrograph,LXD_short,merged_v346nor_lxd_20150722.txt,1.0
2457225.7462704,2457225.7462704,2015-07-22,20150722,SXD,2.0005417,2.0005417e-06,149855640599743.56,,,,0.021436902,0.00054868514,0,no,SpeX Spectrograph,ShortXD,merged_v346nor_sxd_20150722.txt,1.0
2457225.7856901,2457225.7462704,2015-07-22,20150722,LXD,2.0007687,2.0007687e-06,149838638519285.12,,,,0.028538888,0.0038780975,0,no,SpeX Spectrograph,LXD_short,merged_v346nor_lxd_20150722.txt,1.0
2457225.7462704,2457225.7462704,2015-07-22,20150722,SXD,2.0009017,2.0009017e-06,149828678740190.0,,,,0.020404706,0.00062995526,0,no,SpeX Spectrograph,ShortXD,merged_v346nor_sxd_20150722.txt,1.0
2457225.7856901,2457225.7462704,2015-07-22,20150722,LXD,2.0010366,2.0010365999999998e-06,149818578031006.53,,,,0.02984746,0.0042122691,0,no,SpeX Spectrograph,LXD_short,merged_v346nor_lxd_20150722.txt,1.0
2457225.7462704,2457225.7462704,2015-07-22,20150722,SXD,2.0012615,2.0012615e-06,149801741551516.38,,,,0.020914938,0.00065357116,0,no,SpeX Spectrograph,ShortXD,merged_v346nor_sxd_20150722.txt,1.0
2457225.7856901,2457225.7462704,2015-07-22,20150722,LXD,2.0013046,2.0013046e-06,149798515428386.06,,,,0.029507024,0.004302979,0,no,SpeX Spectrograph,LXD_short,merged_v346nor_lxd_20150722.txt,1.0
2457225.7856901,2457225.7462704,2015-07-22,20150722,LXD,2.0015726,2.0015725999999997e-06,149778458198318.7,,,,0.023192907,0.0044041886,0,no,SpeX Spectrograph,LXD_short,merged_v346nor_lxd_20150722.txt,1.0
2457225.7462704,2457225.7462704,2015-07-22,20150722,SXD,2.0016212,2.0016212000000003e-06,149774821529668.03,,,,0.021551359,0.00058176246,0,no,SpeX Spectrograph,ShortXD,merged_v346nor_sxd_20150722.txt,1.0
2457225.7856901,2457225.7462704,2015-07-22,20150722,LXD,2.0018406,2.0018406e-06,149758406338646.56,,,,0.02485056,0.0049718274,0,no,SpeX Spectrograph,LXD_short,merged_v346nor_lxd_20150722.txt,1.0
2457225.7462704,2457225.7462704,2015-07-22,20150722,SXD,2.0019813,2.0019813e-06,149747881261428.38,,,,0.021276129,0.00049587985,0,no,SpeX Spectrograph,ShortXD,merged_v346nor_sxd_20150722.txt,1.0
2457225.7856901,2457225.7462704,2015-07-22,20150722,LXD,2.0021086,2.0021086e-06,149738359847213.06,,,,0.031547062,0.005522219,0,no,SpeX Spectrograph,LXD_short,merged_v346nor_lxd_20150722.txt,1.0
2457225.7462704,2457225.7462704,2015-07-22,20150722,SXD,2.002341,2.002341e-06,149720980592216.8,,,,0.021664688,0.00052188226,0,no,SpeX Spectrograph,ShortXD,merged_v346nor_sxd_20150722.txt,1.0
2457225.7856901,2457225.7462704,2015-07-22,20150722,LXD,2.0023766,2.0023766e-06,149718318721862.8,,,,0.029041586,0.0059244125,0,no,SpeX Spectrograph,LXD_short,merged_v346nor_lxd_20150722.txt,1.0
2457225.7856901,2457225.7462704,2015-07-22,20150722,LXD,2.0026445,2.0026445e-06,149698290435471.7,,,,0.027774528,0.0059039039,0,no,SpeX Spectrograph,LXD_short,merged_v346nor_lxd_20150722.txt,1.0
2457225.7462704,2457225.7462704,2015-07-22,20150722,SXD,2.0027008,2.0027008e-06,149694082111516.62,,,,0.021586452,0.00060066255,0,no,SpeX Spectrograph,ShortXD,merged_v346nor_sxd_20150722.txt,1.0
2457225.7856901,2457225.7462704,2015-07-22,20150722,LXD,2.0029125,2.0029125e-06,149678260033825.75,,,,0.029930277,0.0057167336,0,no,SpeX Spectrograph,LXD_short,merged_v346nor_lxd_20150722.txt,1.0
2457225.7462704,2457225.7462704,2015-07-22,20150722,SXD,2.0030606,2.0030605999999997e-06,149667193294102.06,,,,0.022399208,0.00064072508,0,no,SpeX Spectrograph,ShortXD,merged_v346nor_sxd_20150722.txt,1.0
2457225.7856901,2457225.7462704,2015-07-22,20150722,LXD,2.0031805,2.0031805e-06,149658234991804.28,,,,0.022921689,0.0053666648,0,no,SpeX Spectrograph,LXD_short,merged_v346nor_lxd_20150722.txt,1.0
2457225.7462704,2457225.7462704,2015-07-22,20150722,SXD,2.0034206,2.0034206e-06,149640299196284.6,,,,0.021773148,0.0006122092,0,no,SpeX Spectrograph,ShortXD,merged_v346nor_sxd_20150722.txt,1.0
2457225.7856901,2457225.7462704,2015-07-22,20150722,LXD,2.0034485,2.0034485e-06,149638215307256.47,,,,0.013142617,0.0053464975,0,no,SpeX Spectrograph,LXD_short,merged_v346nor_lxd_20150722.txt,1.0
2457225.7856901,2457225.7462704,2015-07-22,20150722,LXD,2.0037165,2.0037164999999997e-06,149618200978032.6,,,,0.029188674,0.0053133927,0,no,SpeX Spectrograph,LXD_short,merged_v346nor_lxd_20150722.txt,1.0
2457225.7462704,2457225.7462704,2015-07-22,20150722,SXD,2.0037804,2.0037804000000002e-06,149613429695190.12,,,,0.022941327,0.00057390315,0,no,SpeX Spectrograph,ShortXD,merged_v346nor_sxd_20150722.txt,1.0
2457225.7856901,2457225.7462704,2015-07-22,20150722,LXD,2.0039845,2.0039845e-06,149598192001984.06,,,,0.02583741,0.0053308606,0,no,SpeX Spectrograph,LXD_short,merged_v346nor_lxd_20150722.txt,1.0
2457225.7462704,2457225.7462704,2015-07-22,20150722,SXD,2.0041401,2.0041400999999998e-06,149586577305648.47,,,,0.022525208,0.00050526857,0,no,SpeX Spectrograph,ShortXD,merged_v346nor_sxd_20150722.txt,1.0
2457225.7856901,2457225.7462704,2015-07-22,20150722,LXD,2.0042524,2.0042523999999997e-06,149578195840005.0,,,,0.032416809,0.0055008526,0,no,SpeX Spectrograph,LXD_short,merged_v346nor_lxd_20150722.txt,1.0
2457225.7462704,2457225.7462704,2015-07-22,20150722,SXD,2.0044999,2.0044998999999997e-06,149559727092029.3,,,,0.021900976,0.00045924415,0,no,SpeX Spectrograph,ShortXD,merged_v346nor_sxd_20150722.txt,1.0
2457225.7856901,2457225.7462704,2015-07-22,20150722,LXD,2.0045204,2.0045204e-06,149558197561870.66,,,,0.030455241,0.0058220923,0,no,SpeX Spectrograph,LXD_short,merged_v346nor_lxd_20150722.txt,1.0
2457225.7856901,2457225.7462704,2015-07-22,20150722,LXD,2.0047884,2.0047883999999997e-06,149538204630473.75,,,,0.028642567,0.0061239367,0,no,SpeX Spectrograph,LXD_short,merged_v346nor_lxd_20150722.txt,1.0
2457225.7462704,2457225.7462704,2015-07-22,20150722,SXD,2.0048597,2.0048597e-06,149532886515699.8,,,,0.022103062,0.00046250454,0,no,SpeX Spectrograph,ShortXD,merged_v346nor_sxd_20150722.txt,1.0
2457225.7856901,2457225.7462704,2015-07-22,20150722,LXD,2.0050564,2.0050564e-06,149518217043670.2,,,,0.028933967,0.0066583203,0,no,SpeX Spectrograph,LXD_short,merged_v346nor_lxd_20150722.txt,1.0
2457225.7462704,2457225.7462704,2015-07-22,20150722,SXD,2.0052195,2.0052195e-06,149506055571472.34,,,,0.021883901,0.00047559565,0,no,SpeX Spectrograph,ShortXD,merged_v346nor_sxd_20150722.txt,1.0
2457225.7856901,2457225.7462704,2015-07-22,20150722,LXD,2.0053244,2.0053244e-06,149498234799317.25,,,,0.024098095,0.0062752613,0,no,SpeX Spectrograph,LXD_short,merged_v346nor_lxd_20150722.txt,1.0
2457225.7462704,2457225.7462704,2015-07-22,20150722,SXD,2.0055792,2.0055792e-06,149479241707333.25,,,,0.021841889,0.00046747454,0,no,SpeX Spectrograph,ShortXD,merged_v346nor_sxd_20150722.txt,1.0
2457225.7856901,2457225.7462704,2015-07-22,20150722,LXD,2.0055923,2.0055923e-06,149478265348346.22,,,,0.026052587,0.0056079873,0,no,SpeX Spectrograph,LXD_short,merged_v346nor_lxd_20150722.txt,1.0
2457225.7856901,2457225.7462704,2015-07-22,20150722,LXD,2.0058603,2.0058603e-06,149458293780479.12,,,,0.022181815,0.0047731553,0,no,SpeX Spectrograph,LXD_short,merged_v346nor_lxd_20150722.txt,1.0
2457225.7462704,2457225.7462704,2015-07-22,20150722,SXD,2.005939,2.005939e-06,149452430009088.0,,,,0.022633474,0.00045271462,0,no,SpeX Spectrograph,ShortXD,merged_v346nor_sxd_20150722.txt,1.0
2457225.7856901,2457225.7462704,2015-07-22,20150722,LXD,2.0061283,2.0061283e-06,149438327548641.84,,,,0.038261913,0.004293283,0,no,SpeX Spectrograph,LXD_short,merged_v346nor_lxd_20150722.txt,1.0
2457225.7462704,2457225.7462704,2015-07-22,20150722,SXD,2.006299,2.006299e-06,149425613031756.5,,,,0.0216993,0.00038780022,0,no,SpeX Spectrograph,ShortXD,merged_v346nor_sxd_20150722.txt,1.0
2457225.7856901,2457225.7462704,2015-07-22,20150722,LXD,2.0063963,2.0063963e-06,149418366650696.06,,,,0.022489395,0.0036986989,0,no,SpeX Spectrograph,LXD_short,merged_v346nor_lxd_20150722.txt,1.0
2457225.7462704,2457225.7462704,2015-07-22,20150722,SXD,2.0066588,2.0066588e-06,149398820566804.9,,,,0.021692825,0.00034525554,0,no,SpeX Spectrograph,ShortXD,merged_v346nor_sxd_20150722.txt,1.0
2457225.7856901,2457225.7462704,2015-07-22,20150722,LXD,2.006664,2.0066639999999996e-06,149398433419845.1,,,,0.020398548,0.0034117065,0,no,SpeX Spectrograph,LXD_short,merged_v346nor_lxd_20150722.txt,1.0
2457225.7856901,2457225.7462704,2015-07-22,20150722,LXD,2.006932,2.006932e-06,149378483177307.47,,,,0.022423707,0.0031837071,0,no,SpeX Spectrograph,LXD_short,merged_v346nor_lxd_20150722.txt,1.0
2457225.7462704,2457225.7462704,2015-07-22,20150722,SXD,2.0070186,2.0070185999999997e-06,149372037708071.1,,,,0.022006949,0.00031244359,0,no,SpeX Spectrograph,ShortXD,merged_v346nor_sxd_20150722.txt,1.0
2457225.7856901,2457225.7462704,2015-07-22,20150722,LXD,2.0072,2.0072e-06,149358538262255.88,,,,0.026933759,0.003045667,0,no,SpeX Spectrograph,LXD_short,merged_v346nor_lxd_20150722.txt,1.0
2457225.7462704,2457225.7462704,2015-07-22,20150722,SXD,2.0073783,2.0073783e-06,149345271890206.25,,,,0.022117388,0.00029232565,0,no,SpeX Spectrograph,ShortXD,merged_v346nor_sxd_20150722.txt,1.0
2457225.7856901,2457225.7462704,2015-07-22,20150722,LXD,2.007468,2.007468e-06,149338598672556.7,,,,0.01765435,0.0028730892,0,no,SpeX Spectrograph,LXD_short,merged_v346nor_lxd_20150722.txt,1.0
2457225.7856901,2457225.7462704,2015-07-22,20150722,LXD,2.007736,2.007736e-06,149318664406077.28,,,,0.025235385,0.0026522342,0,no,SpeX Spectrograph,LXD_short,merged_v346nor_lxd_20150722.txt,1.0
2457225.7462704,2457225.7462704,2015-07-22,20150722,SXD,2.0077381,2.0077381e-06,149318508225749.16,,,,0.022468487,0.00027397793,0,no,SpeX Spectrograph,ShortXD,merged_v346nor_sxd_20150722.txt,1.0
2457225.7856901,2457225.7462704,2015-07-22,20150722,LXD,2.008004,2.008004e-06,149298735460686.3,,,,0.024448916,0.0023728097,0,no,SpeX Spectrograph,LXD_short,merged_v346nor_lxd_20150722.txt,1.0
2457225.7462704,2457225.7462704,2015-07-22,20150722,SXD,2.0080979,2.0080979e-06,149291754152026.16,,,,0.021962998,0.00023846682,0,no,SpeX Spectrograph,ShortXD,merged_v346nor_sxd_20150722.txt,1.0
2457225.7856901,2457225.7462704,2015-07-22,20150722,LXD,2.0082717,2.0082716999999997e-06,149278834133847.53,,,,0.021978492,0.0021050347,0,no,SpeX Spectrograph,LXD_short,merged_v346nor_lxd_20150722.txt,1.0
2457225.7462704,2457225.7462704,2015-07-22,20150722,SXD,2.0084574,2.0084574e-06,149265031959353.5,,,,0.021911116,0.0002120133,0,no,SpeX Spectrograph,ShortXD,merged_v346nor_sxd_20150722.txt,1.0
2457225.7856901,2457225.7462704,2015-07-22,20150722,LXD,2.0085397,2.0085397e-06,149258915818293.28,,,,0.020491412,0.0019785927,0,no,SpeX Spectrograph,LXD_short,merged_v346nor_lxd_20150722.txt,1.0
2457225.7856901,2457225.7462704,2015-07-22,20150722,LXD,2.0088077,2.0088077e-06,149239002817442.4,,,,0.024479372,0.0019999505,0,no,SpeX Spectrograph,LXD_short,merged_v346nor_lxd_20150722.txt,1.0
2457225.7462704,2457225.7462704,2015-07-22,20150722,SXD,2.0088172,2.0088172000000003e-06,149238297043653.34,,,,0.021602863,0.00020003198,0,no,SpeX Spectrograph,ShortXD,merged_v346nor_sxd_20150722.txt,1.0
2457225.7856901,2457225.7462704,2015-07-22,20150722,LXD,2.0090756,2.0090756e-06,149219102556419.47,,,,0.026186666,0.0020972956,0,no,SpeX Spectrograph,LXD_short,merged_v346nor_lxd_20150722.txt,1.0
2457225.7462704,2457225.7462704,2015-07-22,20150722,SXD,2.009177,2.009177e-06,149211571703239.66,,,,0.021147188,0.000199184,0,no,SpeX Spectrograph,ShortXD,merged_v346nor_sxd_20150722.txt,1.0
2457225.7856901,2457225.7462704,2015-07-22,20150722,LXD,2.0093436,2.0093435999999997e-06,149199200176614.9,,,,0.023478083,0.0024002946,0,no,SpeX Spectrograph,LXD_short,merged_v346nor_lxd_20150722.txt,1.0
2457225.7462704,2457225.7462704,2015-07-22,20150722,SXD,2.0095367,2.0095366999999997e-06,149184863356812.56,,,,0.021149827,0.00021458544,0,no,SpeX Spectrograph,ShortXD,merged_v346nor_sxd_20150722.txt,1.0
2457225.7856901,2457225.7462704,2015-07-22,20150722,LXD,2.0096114,2.0096113999999996e-06,149179317951719.44,,,,0.024641907,0.0027031251,0,no,SpeX Spectrograph,LXD_short,merged_v346nor_lxd_20150722.txt,1.0
2457225.7856901,2457225.7462704,2015-07-22,20150722,LXD,2.0098794,2.0098794e-06,149159426182486.38,,,,0.032101046,0.0029994694,0,no,SpeX Spectrograph,LXD_short,merged_v346nor_lxd_20150722.txt,1.0
2457225.7462704,2457225.7462704,2015-07-22,20150722,SXD,2.0098965,2.0098965e-06,149158157148888.0,,,,0.021212272,0.00023574849,0,no,SpeX Spectrograph,ShortXD,merged_v346nor_sxd_20150722.txt,1.0
2457225.7856901,2457225.7462704,2015-07-22,20150722,LXD,2.0101473,2.0101472999999997e-06,149139547136670.06,,,,0.023681771,0.0032456489,0,no,SpeX Spectrograph,LXD_short,merged_v346nor_lxd_20150722.txt,1.0
2457225.7462704,2457225.7462704,2015-07-22,20150722,SXD,2.0102563,2.0102563e-06,149131460500832.66,,,,0.021140233,0.00026260971,0,no,SpeX Spectrograph,ShortXD,merged_v346nor_sxd_20150722.txt,1.0
2457225.7856901,2457225.7462704,2015-07-22,20150722,LXD,2.0104153,2.0104153e-06,149119665971503.5,,,,0.020282162,0.0033068995,0,no,SpeX Spectrograph,LXD_short,merged_v346nor_lxd_20150722.txt,1.0
2457225.7462704,2457225.7462704,2015-07-22,20150722,SXD,2.0106161,2.0106161e-06,149104773407514.25,,,,0.021608716,0.00029957853,0,no,SpeX Spectrograph,ShortXD,merged_v346nor_sxd_20150722.txt,1.0
2457225.7856901,2457225.7462704,2015-07-22,20150722,LXD,2.0106831,2.0106830999999998e-06,149099804936939.12,,,,0.02787324,0.0034166547,0,no,SpeX Spectrograph,LXD_short,merged_v346nor_lxd_20150722.txt,1.0
2457225.7856901,2457225.7462704,2015-07-22,20150722,LXD,2.010951,2.010951e-06,149079941778790.22,,,,0.019886106,0.0034438251,0,no,SpeX Spectrograph,LXD_short,merged_v346nor_lxd_20150722.txt,1.0
2457225.7462704,2457225.7462704,2015-07-22,20150722,SXD,2.0109756,2.0109756e-06,149078118103471.78,,,,0.021806939,0.00028980925,0,no,SpeX Spectrograph,ShortXD,merged_v346nor_sxd_20150722.txt,1.0
2457225.7856901,2457225.7462704,2015-07-22,20150722,LXD,2.011219,2.011219e-06,149060076500868.4,,,,0.022728844,0.0034604615,0,no,SpeX Spectrograph,LXD_short,merged_v346nor_lxd_20150722.txt,1.0
2457225.7462704,2457225.7462704,2015-07-22,20150722,SXD,2.0113354,2.0113354e-06,149051450096289.25,,,,0.021763703,0.00030629255,0,no,SpeX Spectrograph,ShortXD,merged_v346nor_sxd_20150722.txt,1.0
2457225.7856901,2457225.7462704,2015-07-22,20150722,LXD,2.011487,2.0114869999999996e-06,149040216516437.88,,,,0.029053573,0.0035325408,0,no,SpeX Spectrograph,LXD_short,merged_v346nor_lxd_20150722.txt,1.0
2457225.7462704,2457225.7462704,2015-07-22,20150722,SXD,2.0116951,2.0116950999999997e-06,149024799036394.75,,,,0.021767244,0.00029720014,0,no,SpeX Spectrograph,ShortXD,merged_v346nor_sxd_20150722.txt,1.0
2457225.7856901,2457225.7462704,2015-07-22,20150722,LXD,2.0117548,2.0117548e-06,149020376638345.78,,,,0.028354427,0.0035365792,0,no,SpeX Spectrograph,LXD_short,merged_v346nor_lxd_20150722.txt,1.0
2457225.7856901,2457225.7462704,2015-07-22,20150722,LXD,2.0120227,2.0120227e-06,149000534636115.2,,,,0.02802253,0.0037480602,0,no,SpeX Spectrograph,LXD_short,merged_v346nor_lxd_20150722.txt,1.0
2457225.7462704,2457225.7462704,2015-07-22,20150722,SXD,2.0120549,2.0120548999999996e-06,148998150100178.72,,,,0.021882525,0.00030513579,0,no,SpeX Spectrograph,ShortXD,merged_v346nor_sxd_20150722.txt,1.0
2457225.7856901,2457225.7462704,2015-07-22,20150722,LXD,2.0122907,2.0122907e-06,148980690513552.53,,,,0.029784039,0.0035735853,0,no,SpeX Spectrograph,LXD_short,merged_v346nor_lxd_20150722.txt,1.0
2457225.7462704,2457225.7462704,2015-07-22,20150722,SXD,2.0124147,2.0124147e-06,148971510693099.2,,,,0.022799108,0.00030600675,0,no,SpeX Spectrograph,ShortXD,merged_v346nor_sxd_20150722.txt,1.0
2457225.7856901,2457225.7462704,2015-07-22,20150722,LXD,2.0125585,2.0125585e-06,148960866479160.75,,,,0.019137321,0.0035321277,0,no,SpeX Spectrograph,LXD_short,merged_v346nor_lxd_20150722.txt,1.0
2457225.7462704,2457225.7462704,2015-07-22,20150722,SXD,2.0127742,2.0127742e-06,148944903009984.94,,,,0.022153538,0.00030111021,0,no,SpeX Spectrograph,ShortXD,merged_v346nor_sxd_20150722.txt,1.0
2457225.7856901,2457225.7462704,2015-07-22,20150722,LXD,2.0128264,2.0128263999999997e-06,148941040320218.4,,,,0.033018213,0.0036444587,0,no,SpeX Spectrograph,LXD_short,merged_v346nor_lxd_20150722.txt,1.0
2457225.7856901,2457225.7462704,2015-07-22,20150722,LXD,2.0130944,2.0130944e-06,148921212040528.25,,,,0.022662163,0.0035872872,0,no,SpeX Spectrograph,LXD_short,merged_v346nor_lxd_20150722.txt,1.0
2457225.7462704,2457225.7462704,2015-07-22,20150722,SXD,2.013134,2.013134e-06,148918282637916.8,,,,0.022423312,0.00030138475,0,no,SpeX Spectrograph,ShortXD,merged_v346nor_sxd_20150722.txt,1.0
2457225.7856901,2457225.7462704,2015-07-22,20150722,LXD,2.0133622,2.0133621999999997e-06,148901403830865.62,,,,0.028332535,0.0036511885,0,no,SpeX Spectrograph,LXD_short,merged_v346nor_lxd_20150722.txt,1.0
2457225.7462704,2457225.7462704,2015-07-22,20150722,SXD,2.0134938,2.0134938e-06,148891671779669.75,,,,0.022277208,0.0002970708,0,no,SpeX Spectrograph,ShortXD,merged_v346nor_sxd_20150722.txt,1.0
2457225.7856901,2457225.7462704,2015-07-22,20150722,LXD,2.0136302,2.0136302e-06,148881586102552.5,,,,0.03423072,0.0036904006,0,no,SpeX Spectrograph,LXD_short,merged_v346nor_lxd_20150722.txt,1.0
2457225.7462704,2457225.7462704,2015-07-22,20150722,SXD,2.0138533,2.0138533e-06,148865092606298.6,,,,0.021994393,0.00028879422,0,no,SpeX Spectrograph,ShortXD,merged_v346nor_sxd_20150722.txt,1.0
2457225.7856901,2457225.7462704,2015-07-22,20150722,LXD,2.0138981,2.0138980999999998e-06,148861781040460.8,,,,0.018078709,0.0033600961,0,no,SpeX Spectrograph,LXD_short,merged_v346nor_lxd_20150722.txt,1.0
2457225.7856901,2457225.7462704,2015-07-22,20150722,LXD,2.0141659,2.0141659e-06,148841988636586.47,,,,0.025986988,0.0033648147,0,no,SpeX Spectrograph,LXD_short,merged_v346nor_lxd_20150722.txt,1.0
2457225.7462704,2457225.7462704,2015-07-22,20150722,SXD,2.0142131,2.0142131e-06,148838500752477.5,,,,0.022112129,0.00028272942,0,no,SpeX Spectrograph,ShortXD,merged_v346nor_sxd_20150722.txt,1.0
2457225.7856901,2457225.7462704,2015-07-22,20150722,LXD,2.0144339,2.0144339000000003e-06,148822186719554.28,,,,0.026444361,0.0032600579,0,no,SpeX Spectrograph,LXD_short,merged_v346nor_lxd_20150722.txt,1.0
2457225.7462704,2457225.7462704,2015-07-22,20150722,SXD,2.0145726,2.0145726e-06,148811940557515.78,,,,0.022543514,0.00027621325,0,no,SpeX Spectrograph,ShortXD,merged_v346nor_sxd_20150722.txt,1.0
2457225.7856901,2457225.7462704,2015-07-22,20150722,LXD,2.0147016,2.0147016e-06,148802412228193.0,,,,0.022590131,0.0032646132,0,no,SpeX Spectrograph,LXD_short,merged_v346nor_lxd_20150722.txt,1.0
2457225.7462704,2457225.7462704,2015-07-22,20150722,SXD,2.0149324,2.0149324e-06,148785367687769.56,,,,0.022487214,0.00026637097,0,no,SpeX Spectrograph,ShortXD,merged_v346nor_sxd_20150722.txt,1.0
2457225.7856901,2457225.7462704,2015-07-22,20150722,LXD,2.0149696,2.0149696e-06,148782620839540.22,,,,0.025907828,0.0032458114,0,no,SpeX Spectrograph,LXD_short,merged_v346nor_lxd_20150722.txt,1.0
2457225.7856901,2457225.7462704,2015-07-22,20150722,LXD,2.0152376,2.0152376e-06,148762834714874.34,,,,0.030906642,0.0032205658,0,no,SpeX Spectrograph,LXD_short,merged_v346nor_lxd_20150722.txt,1.0
2457225.7462704,2457225.7462704,2015-07-22,20150722,SXD,2.0152922,2.0152922e-06,148758804306392.88,,,,0.022895167,0.00026815585,0,no,SpeX Spectrograph,ShortXD,merged_v346nor_sxd_20150722.txt,1.0
2457225.7856901,2457225.7462704,2015-07-22,20150722,LXD,2.0155053,2.0155052999999998e-06,148743075991911.3,,,,0.023916379,0.0031369263,0,no,SpeX Spectrograph,LXD_short,merged_v346nor_lxd_20150722.txt,1.0
2457225.7462704,2457225.7462704,2015-07-22,20150722,SXD,2.0156517,2.0156516999999997e-06,148732272544904.47,,,,0.023126477,0.00026557554,0,no,SpeX Spectrograph,ShortXD,merged_v346nor_sxd_20150722.txt,1.0
2457225.7856901,2457225.7462704,2015-07-22,20150722,LXD,2.0157733,2.0157733e-06,148723300383034.16,,,,0.027352663,0.0032928053,0,no,SpeX Spectrograph,LXD_short,merged_v346nor_lxd_20150722.txt,1.0
2457225.7462704,2457225.7462704,2015-07-22,20150722,SXD,2.0160115,2.0160114999999996e-06,148705728117126.34,,,,0.022414446,0.00026516238,0,no,SpeX Spectrograph,ShortXD,merged_v346nor_sxd_20150722.txt,1.0
2457225.7856901,2457225.7462704,2015-07-22,20150722,LXD,2.016041,2.016041e-06,148703552159901.53,,,,0.024321368,0.0032991844,0,no,SpeX Spectrograph,LXD_short,merged_v346nor_lxd_20150722.txt,1.0
2457225.7856901,2457225.7462704,2015-07-22,20150722,LXD,2.016309,2.016309e-06,148683787058432.0,,,,0.031626984,0.0033839813,0,no,SpeX Spectrograph,LXD_short,merged_v346nor_lxd_20150722.txt,1.0
2457225.7462704,2457225.7462704,2015-07-22,20150722,SXD,2.016371,2.0163709999999997e-06,148679215283298.6,,,,0.02170345,0.00027242448,0,no,SpeX Spectrograph,ShortXD,merged_v346nor_sxd_20150722.txt,1.0
2457225.7856901,2457225.7462704,2015-07-22,20150722,LXD,2.016577,2.016577e-06,148664027210466.06,,,,0.024670213,0.0034456279,0,no,SpeX Spectrograph,LXD_short,merged_v346nor_lxd_20150722.txt,1.0
2457225.7462704,2457225.7462704,2015-07-22,20150722,SXD,2.0167308,2.0167308e-06,148652689788840.44,,,,0.022021921,0.00027506216,0,no,SpeX Spectrograph,ShortXD,merged_v346nor_sxd_20150722.txt,1.0
2457225.7856901,2457225.7462704,2015-07-22,20150722,LXD,2.0168447,2.0168447e-06,148644294724328.56,,,,0.025768651,0.0031852825,0,no,SpeX Spectrograph,LXD_short,merged_v346nor_lxd_20150722.txt,1.0
2457225.7462704,2457225.7462704,2015-07-22,20150722,SXD,2.0170903,2.0170903e-06,148626195862426.2,,,,0.022696232,0.00026626655,0,no,SpeX Spectrograph,ShortXD,merged_v346nor_sxd_20150722.txt,1.0
2457225.7856901,2457225.7462704,2015-07-22,20150722,LXD,2.0171127,2.0171127e-06,148624545371213.03,,,,0.025383504,0.0030293881,0,no,SpeX Spectrograph,LXD_short,merged_v346nor_lxd_20150722.txt,1.0
2457225.7856901,2457225.7462704,2015-07-22,20150722,LXD,2.0173805,2.0173804999999995e-06,148604815997775.38,,,,0.024282996,0.0029204611,0,no,SpeX Spectrograph,LXD_short,merged_v346nor_lxd_20150722.txt,1.0
2457225.7462704,2457225.7462704,2015-07-22,20150722,SXD,2.0174501,2.0174501e-06,148599689281038.47,,,,0.023114989,0.0002604344,0,no,SpeX Spectrograph,ShortXD,merged_v346nor_sxd_20150722.txt,1.0
2457225.7856901,2457225.7462704,2015-07-22,20150722,LXD,2.0176485,2.0176484999999997e-06,148585077133108.2,,,,0.025852898,0.0027408116,0,no,SpeX Spectrograph,LXD_short,merged_v346nor_lxd_20150722.txt,1.0
2457225.7462704,2457225.7462704,2015-07-22,20150722,SXD,2.0178096,2.0178096e-06,148573214241819.44,,,,0.023237601,0.00024872975,0,no,SpeX Spectrograph,ShortXD,merged_v346nor_sxd_20150722.txt,1.0
2457225.7856901,2457225.7462704,2015-07-22,20150722,LXD,2.0179162,2.0179162e-06,148565365598432.7,,,,0.027986066,0.0027542384,0,no,SpeX Spectrograph,LXD_short,merged_v346nor_lxd_20150722.txt,1.0
2457225.7462704,2457225.7462704,2015-07-22,20150722,SXD,2.0181694,2.0181694e-06,148546726553281.4,,,,0.023474583,0.00025046506,0,no,SpeX Spectrograph,ShortXD,merged_v346nor_sxd_20150722.txt,1.0
2457225.7856901,2457225.7462704,2015-07-22,20150722,LXD,2.0181842,2.0181842e-06,148545637211905.66,,,,0.028804109,0.0027122332,0,no,SpeX Spectrograph,LXD_short,merged_v346nor_lxd_20150722.txt,1.0
2457225.7856901,2457225.7462704,2015-07-22,20150722,LXD,2.0184519,2.0184519e-06,148525936139474.03,,,,0.024778491,0.0025417327,0,no,SpeX Spectrograph,LXD_short,merged_v346nor_lxd_20150722.txt,1.0
2457225.7462704,2457225.7462704,2015-07-22,20150722,SXD,2.0185289,2.0185289e-06,148520270381068.12,,,,0.023584086,0.00026279944,0,no,SpeX Spectrograph,ShortXD,merged_v346nor_sxd_20150722.txt,1.0
2457225.7856901,2457225.7462704,2015-07-22,20150722,LXD,2.0187199,2.0187198999999996e-06,148506218222746.03,,,,0.026969649,0.002484221,0,no,SpeX Spectrograph,LXD_short,merged_v346nor_lxd_20150722.txt,1.0
2457225.7462704,2457225.7462704,2015-07-22,20150722,SXD,2.0188885,2.0188885e-06,148493816275638.78,,,,0.022850847,0.00026192004,0,no,SpeX Spectrograph,ShortXD,merged_v346nor_sxd_20150722.txt,1.0
2457225.7856901,2457225.7462704,2015-07-22,20150722,LXD,2.0189877,2.0189877e-06,148486520249727.12,,,,0.022629423,0.0024581016,0,no,SpeX Spectrograph,LXD_short,merged_v346nor_lxd_20150722.txt,1.0
2457225.7462704,2457225.7462704,2015-07-22,20150722,SXD,2.0192482,2.0192481999999996e-06,148467364239819.6,,,,0.022904957,0.00025123853,0,no,SpeX Spectrograph,ShortXD,merged_v346nor_sxd_20150722.txt,1.0
2457225.7856901,2457225.7462704,2015-07-22,20150722,LXD,2.0192556,2.0192556e-06,148466820148969.75,,,,0.023628617,0.0022935912,0,no,SpeX Spectrograph,LXD_short,merged_v346nor_lxd_20150722.txt,1.0
2457225.7856901,2457225.7462704,2015-07-22,20150722,LXD,2.0195234,2.0195234e-06,148447132625450.12,,,,0.026497776,0.0023203162,0,no,SpeX Spectrograph,LXD_short,merged_v346nor_lxd_20150722.txt,1.0
2457225.7462704,2457225.7462704,2015-07-22,20150722,SXD,2.0196078,2.0196078e-06,148440928976408.2,,,,0.022540117,0.00024043389,0,no,SpeX Spectrograph,ShortXD,merged_v346nor_sxd_20150722.txt,1.0
2457225.7856901,2457225.7462704,2015-07-22,20150722,LXD,2.0197914,2.0197914e-06,148427435625282.9,,,,0.023508392,0.002230827,0,no,SpeX Spectrograph,LXD_short,merged_v346nor_lxd_20150722.txt,1.0
2457225.7462704,2457225.7462704,2015-07-22,20150722,SXD,2.0199673,2.0199672999999997e-06,148414510472521.03,,,,0.022265246,0.00022061086,0,no,SpeX Spectrograph,ShortXD,merged_v346nor_sxd_20150722.txt,1.0
2457225.7856901,2457225.7462704,2015-07-22,20150722,LXD,2.0200591,2.0200591000000002e-06,148407765891601.88,,,,0.026012029,0.0021612847,0,no,SpeX Spectrograph,LXD_short,merged_v346nor_lxd_20150722.txt,1.0
2457225.7856901,2457225.7462704,2015-07-22,20150722,LXD,2.0203271,2.0203270999999996e-06,148388079336261.97,,,,0.028358879,0.0021777481,0,no,SpeX Spectrograph,LXD_short,merged_v346nor_lxd_20150722.txt,1.0
2457225.7462704,2457225.7462704,2015-07-22,20150722,SXD,2.0203271,2.0203270999999996e-06,148388079336261.97,,,,0.021980204,0.0002043846,0,no,SpeX Spectrograph,ShortXD,merged_v346nor_sxd_20150722.txt,1.0
2457225.7856901,2457225.7462704,2015-07-22,20150722,LXD,2.0205948,2.0205948e-06,148368420031566.94,,,,0.023701428,0.0021726978,0,no,SpeX Spectrograph,LXD_short,merged_v346nor_lxd_20150722.txt,1.0
2457225.7462704,2457225.7462704,2015-07-22,20150722,SXD,2.0206866,2.0206865999999997e-06,148361679638990.06,,,,0.022465535,0.00019528138,0,no,SpeX Spectrograph,ShortXD,merged_v346nor_sxd_20150722.txt,1.0
2457225.7856901,2457225.7462704,2015-07-22,20150722,LXD,2.0208626,2.0208626e-06,148348758594473.47,,,,0.025311606,0.0020413701,0,no,SpeX Spectrograph,LXD_short,merged_v346nor_lxd_20150722.txt,1.0
2457225.7462704,2457225.7462704,2015-07-22,20150722,SXD,2.0210462,2.0210461999999997e-06,148335281994048.47,,,,0.023058437,0.0001930134,0,no,SpeX Spectrograph,ShortXD,merged_v346nor_sxd_20150722.txt,1.0
2457225.7856901,2457225.7462704,2015-07-22,20150722,LXD,2.0211306,2.0211306e-06,148329087689830.62,,,,0.028616311,0.001973087,0,no,SpeX Spectrograph,LXD_short,merged_v346nor_lxd_20150722.txt,1.0
2457225.7856901,2457225.7462704,2015-07-22,20150722,LXD,2.0213983,2.0213983e-06,148309444012097.97,,,,0.027511228,0.0019134666,0,no,SpeX Spectrograph,LXD_short,merged_v346nor_lxd_20150722.txt,1.0
2457225.7462704,2457225.7462704,2015-07-22,20150722,SXD,2.0214057,2.0214056999999997e-06,148308901078096.3,,,,0.023917239,0.00018781811,0,no,SpeX Spectrograph,ShortXD,merged_v346nor_sxd_20150722.txt,1.0
2457225.7462704,2457225.7462704,2015-07-22,20150722,SXD,2.0217655,2.0217654999999996e-06,148282507541057.6,,,,0.023852549,0.00017992452,0,no,SpeX Spectrograph,ShortXD,merged_v346nor_sxd_20150722.txt,1.0
2457225.7856901,2457225.7462704,2015-07-22,20150722,LXD,2.0217884,2.0217884e-06,148280828003563.56,,,,0.026607338,0.00167714,0,no,SpeX Spectrograph,LXD_short,merged_v346nor_lxd_20150722.txt,1.0
2457225.7856901,2457225.7462704,2015-07-22,20150722,LXD,2.0220885,2.0220885e-06,148258821510532.3,,,,0.024800431,0.0015916405,0,no,SpeX Spectrograph,LXD_short,merged_v346nor_lxd_20150722.txt,1.0
2457225.7462704,2457225.7462704,2015-07-22,20150722,SXD,2.022125,2.0221249999999997e-06,148256145391605.38,,,,0.023678385,0.00017199462,0,no,SpeX Spectrograph,ShortXD,merged_v346nor_sxd_20150722.txt,1.0
2457225.7856901,2457225.7462704,2015-07-22,20150722,LXD,2.0223887,2.0223887e-06,148236814218750.34,,,,0.025047505,0.0014941242,0,no,SpeX Spectrograph,LXD_short,merged_v346nor_lxd_20150722.txt,1.0
2457225.7462704,2457225.7462704,2015-07-22,20150722,SXD,2.0224845,2.0224845e-06,148229792613985.44,,,,0.023192124,0.00016678494,0,no,SpeX Spectrograph,ShortXD,merged_v346nor_sxd_20150722.txt,1.0
2457225.7856901,2457225.7462704,2015-07-22,20150722,LXD,2.0226889,2.0226888999999997e-06,148214813459449.97,,,,0.025879156,0.0014621294,0,no,SpeX Spectrograph,LXD_short,merged_v346nor_lxd_20150722.txt,1.0
2457225.7462704,2457225.7462704,2015-07-22,20150722,SXD,2.0228441,2.0228441e-06,148203441876712.12,,,,0.02363498,0.0001652951,0,no,SpeX Spectrograph,ShortXD,merged_v346nor_sxd_20150722.txt,1.0
2457225.7856901,2457225.7462704,2015-07-22,20150722,LXD,2.022989,2.022989e-06,148192826555161.72,,,,0.027051091,0.0014589576,0,no,SpeX Spectrograph,LXD_short,merged_v346nor_lxd_20150722.txt,1.0
2457225.7462704,2457225.7462704,2015-07-22,20150722,SXD,2.0232036,2.0232036e-06,148177107830373.6,,,,0.023620861,0.00016901111,0,no,SpeX Spectrograph,ShortXD,merged_v346nor_sxd_20150722.txt,1.0
2457225.7856901,2457225.7462704,2015-07-22,20150722,LXD,2.0232892,2.0232891999999995e-06,148170838849928.16,,,,0.027058328,0.0013864198,0,no,SpeX Spectrograph,LXD_short,merged_v346nor_lxd_20150722.txt,1.0
2457225.7462704,2457225.7462704,2015-07-22,20150722,SXD,2.0235634,2.0235633999999998e-06,148150761177040.47,,,,0.023793265,0.00016204061,0,no,SpeX Spectrograph,ShortXD,merged_v346nor_sxd_20150722.txt,1.0
2457225.7856901,2457225.7462704,2015-07-22,20150722,LXD,2.0235894,2.0235894e-06,148148857668457.84,,,,0.025616447,0.0013588789,0,no,SpeX Spectrograph,LXD_short,merged_v346nor_lxd_20150722.txt,1.0
2457225.7856901,2457225.7462704,2015-07-22,20150722,LXD,2.0238895,2.0238895e-06,148126890326769.34,,,,0.029180931,0.0013747846,0,no,SpeX Spectrograph,LXD_short,merged_v346nor_lxd_20150722.txt,1.0
2457225.7462704,2457225.7462704,2015-07-22,20150722,SXD,2.0239229,2.0239229e-06,148124445847220.78,,,,0.023747407,0.00016174736,0,no,SpeX Spectrograph,ShortXD,merged_v346nor_sxd_20150722.txt,1.0
2457225.7856901,2457225.7462704,2015-07-22,20150722,LXD,2.0241897,2.0241897e-06,148104922181947.7,,,,0.028003119,0.001448557,0,no,SpeX Spectrograph,LXD_short,merged_v346nor_lxd_20150722.txt,1.0
2457225.7462704,2457225.7462704,2015-07-22,20150722,SXD,2.0242825,2.0242825e-06,148098132548199.2,,,,0.024091562,0.00015807105,0,no,SpeX Spectrograph,ShortXD,merged_v346nor_sxd_20150722.txt,1.0
2457225.7856901,2457225.7462704,2015-07-22,20150722,LXD,2.0244899,2.0244898999999996e-06,148082960552186.53,,,,0.02798827,0.0014034343,0,no,SpeX Spectrograph,LXD_short,merged_v346nor_lxd_20150722.txt,1.0
2457225.7462704,2457225.7462704,2015-07-22,20150722,SXD,2.024642,2.024642e-06,148071835909755.9,,,,0.024078997,0.00015634669,0,no,SpeX Spectrograph,ShortXD,merged_v346nor_sxd_20150722.txt,1.0
2457225.7856901,2457225.7462704,2015-07-22,20150722,LXD,2.02479,2.02479e-06,148061012747000.94,,,,0.026627202,0.0012986377,0,no,SpeX Spectrograph,LXD_short,merged_v346nor_lxd_20150722.txt,1.0
2457225.7462704,2457225.7462704,2015-07-22,20150722,SXD,2.0250015,2.0250015e-06,148045548608235.6,,,,0.023844624,0.00015157345,0,no,SpeX Spectrograph,ShortXD,merged_v346nor_sxd_20150722.txt,1.0
2457225.7856901,2457225.7462704,2015-07-22,20150722,LXD,2.0250902,2.0250902e-06,148039064136501.2,,,,0.02569863,0.0012293,0,no,SpeX Spectrograph,LXD_short,merged_v346nor_lxd_20150722.txt,1.0
2457225.7462704,2457225.7462704,2015-07-22,20150722,SXD,2.0253611,2.0253611e-06,148019263330376.0,,,,0.023628088,0.00015165505,0,no,SpeX Spectrograph,ShortXD,merged_v346nor_sxd_20150722.txt,1.0
2457225.7856901,2457225.7462704,2015-07-22,20150722,LXD,2.0253904,2.0253904e-06,148017122032374.6,,,,0.026942356,0.0011932024,0,no,SpeX Spectrograph,LXD_short,merged_v346nor_lxd_20150722.txt,1.0
2457225.7856901,2457225.7462704,2015-07-22,20150722,LXD,2.0256906,2.0256905999999997e-06,147995186431728.53,,,,0.024598982,0.0011565113,0,no,SpeX Spectrograph,LXD_short,merged_v346nor_lxd_20150722.txt,1.0
2457225.7462704,2457225.7462704,2015-07-22,20150722,SXD,2.0257206,2.0257206e-06,147992994690383.25,,,,0.023291497,0.00014865903,0,no,SpeX Spectrograph,ShortXD,merged_v346nor_sxd_20150722.txt,1.0
2457225.7856901,2457225.7462704,2015-07-22,20150722,LXD,2.0259907,2.0259907e-06,147973264635420.1,,,,0.026225451,0.0011420662,0,no,SpeX Spectrograph,LXD_short,merged_v346nor_lxd_20150722.txt,1.0
2457225.7462704,2457225.7462704,2015-07-22,20150722,SXD,2.0260801,2.0260801e-06,147966735372407.03,,,,0.023335073,0.00015182464,0,no,SpeX Spectrograph,ShortXD,merged_v346nor_sxd_20150722.txt,1.0
2457225.7856901,2457225.7462704,2015-07-22,20150722,LXD,2.0262909,2.0262908999999996e-06,147951342030899.94,,,,0.02693516,0.0011568029,0,no,SpeX Spectrograph,LXD_short,merged_v346nor_lxd_20150722.txt,1.0
2457225.7462704,2457225.7462704,2015-07-22,20150722,SXD,2.0264397,2.0264397e-06,147940478070973.47,,,,0.023142276,0.00017368792,0,no,SpeX Spectrograph,ShortXD,merged_v346nor_sxd_20150722.txt,1.0
2457225.7856901,2457225.7462704,2015-07-22,20150722,LXD,2.0265911,2.0265911e-06,147929425921193.47,,,,0.026351267,0.0012128473,0,no,SpeX Spectrograph,LXD_short,merged_v346nor_lxd_20150722.txt,1.0
2457225.7462704,2457225.7462704,2015-07-22,20150722,SXD,2.0267992,2.0267992e-06,147914237384739.47,,,,0.023581708,0.00020948992,0,no,SpeX Spectrograph,ShortXD,merged_v346nor_sxd_20150722.txt,1.0
2457225.7856901,2457225.7462704,2015-07-22,20150722,LXD,2.026891,2.026891e-06,147907538195196.5,,,,0.026977306,0.0012727532,0,no,SpeX Spectrograph,LXD_short,merged_v346nor_lxd_20150722.txt,1.0
2457225.7462704,2457225.7462704,2015-07-22,20150722,SXD,2.0271587,2.0271587e-06,147888006005647.22,,,,0.024001863,0.00023666307,0,no,SpeX Spectrograph,ShortXD,merged_v346nor_sxd_20150722.txt,1.0
2457225.7856901,2457225.7462704,2015-07-22,20150722,LXD,2.0271912,2.0271911999999997e-06,147885635059978.6,,,,0.026231099,0.0012743574,0,no,SpeX Spectrograph,LXD_short,merged_v346nor_lxd_20150722.txt,1.0
2457225.7856901,2457225.7462704,2015-07-22,20150722,LXD,2.0274913,2.0274913e-06,147863745703865.66,,,,0.028010702,0.0012630048,0,no,SpeX Spectrograph,LXD_short,merged_v346nor_lxd_20150722.txt,1.0
2457225.7462704,2457225.7462704,2015-07-22,20150722,SXD,2.0275183,2.0275183e-06,147861776635998.8,,,,0.02382189,0.00024884826,0,no,SpeX Spectrograph,ShortXD,merged_v346nor_sxd_20150722.txt,1.0
2457225.7856901,2457225.7462704,2015-07-22,20150722,LXD,2.0277915,2.0277915e-06,147841855535936.5,,,,0.02714779,0.0012599612,0,no,SpeX Spectrograph,LXD_short,merged_v346nor_lxd_20150722.txt,1.0
2457225.7462704,2457225.7462704,2015-07-22,20150722,SXD,2.0278778,2.0278778e-06,147835563858926.8,,,,0.023861045,0.00025127875,0,no,SpeX Spectrograph,ShortXD,merged_v346nor_sxd_20150722.txt,1.0
2457225.7856901,2457225.7462704,2015-07-22,20150722,LXD,2.0280914,2.0280914e-06,147819993714287.25,,,,0.027335176,0.0012108566,0,no,SpeX Spectrograph,LXD_short,merged_v346nor_lxd_20150722.txt,1.0
2457225.7462704,2457225.7462704,2015-07-22,20150722,SXD,2.0282373,2.0282372999999997e-06,147809360374153.47,,,,0.023689605,0.00022777676,0,no,SpeX Spectrograph,ShortXD,merged_v346nor_sxd_20150722.txt,1.0
2457225.7856901,2457225.7462704,2015-07-22,20150722,LXD,2.0283916,2.0283916e-06,147798116497820.25,,,,0.029133715,0.0011875191,0,no,SpeX Spectrograph,LXD_short,merged_v346nor_lxd_20150722.txt,1.0
2457225.7462704,2457225.7462704,2015-07-22,20150722,SXD,2.0285969,2.0285969e-06,147783158891744.34,,,,0.023679877,0.00018629344,0,no,SpeX Spectrograph,ShortXD,merged_v346nor_sxd_20150722.txt,1.0
2457225.7856901,2457225.7462704,2015-07-22,20150722,LXD,2.0286918,2.0286917999999996e-06,147776245756008.9,,,,0.026702324,0.0011729322,0,no,SpeX Spectrograph,LXD_short,merged_v346nor_lxd_20150722.txt,1.0
2457225.7462704,2457225.7462704,2015-07-22,20150722,SXD,2.0289562,2.0289562e-06,147756988544158.8,,,,0.023641843,0.00015860806,0,no,SpeX Spectrograph,ShortXD,merged_v346nor_sxd_20150722.txt,1.0
2457225.7856901,2457225.7462704,2015-07-22,20150722,LXD,2.0289917,2.0289917e-06,147754403332453.25,,,,0.026805228,0.0011550321,0,no,SpeX Spectrograph,LXD_short,merged_v346nor_lxd_20150722.txt,1.0
2457225.7856901,2457225.7462704,2015-07-22,20150722,LXD,2.0292919,2.0292919e-06,147732545524870.03,,,,0.026209412,0.0011486148,0,no,SpeX Spectrograph,LXD_short,merged_v346nor_lxd_20150722.txt,1.0
2457225.7462704,2457225.7462704,2015-07-22,20150722,SXD,2.0293157,2.0293157e-06,147730812904074.03,,,,0.023926977,0.000147557,0,no,SpeX Spectrograph,ShortXD,merged_v346nor_sxd_20150722.txt,1.0
2457225.7856901,2457225.7462704,2015-07-22,20150722,LXD,2.029592,2.029592e-06,147710701461180.38,,,,0.027581358,0.0011145649,0,no,SpeX Spectrograph,LXD_short,merged_v346nor_lxd_20150722.txt,1.0
2457225.7462704,2457225.7462704,2015-07-22,20150722,SXD,2.0296752,2.0296751999999996e-06,147704646536549.3,,,,0.023792867,0.00014763931,0,no,SpeX Spectrograph,ShortXD,merged_v346nor_sxd_20150722.txt,1.0
2457225.7856901,2457225.7462704,2015-07-22,20150722,LXD,2.029892,2.0298919999999996e-06,147688871132060.25,,,,0.026926035,0.0010775778,0,no,SpeX Spectrograph,LXD_short,merged_v346nor_lxd_20150722.txt,1.0
2457225.7462704,2457225.7462704,2015-07-22,20150722,SXD,2.0300348,2.0300348e-06,147678482161980.66,,,,0.023972262,0.00013995846,0,no,SpeX Spectrograph,ShortXD,merged_v346nor_sxd_20150722.txt,1.0
2457225.7856901,2457225.7462704,2015-07-22,20150722,LXD,2.0301921,2.0301920999999998e-06,147667039981093.44,,,,0.028448319,0.0010551997,0,no,SpeX Spectrograph,LXD_short,merged_v346nor_lxd_20150722.txt,1.0
2457225.7462704,2457225.7462704,2015-07-22,20150722,SXD,2.0303943,2.0303943e-06,147652334327376.7,,,,0.02385037,0.00013938427,0,no,SpeX Spectrograph,ShortXD,merged_v346nor_sxd_20150722.txt,1.0
2457225.7856901,2457225.7462704,2015-07-22,20150722,LXD,2.0304921,2.0304921e-06,147645222554670.38,,,,0.02691618,0.0010299083,0,no,SpeX Spectrograph,LXD_short,merged_v346nor_lxd_20150722.txt,1.0
2457225.7462704,2457225.7462704,2015-07-22,20150722,SXD,2.0307536,2.0307536e-06,147626210289618.6,,,,0.02415619,0.00013898045,0,no,SpeX Spectrograph,ShortXD,merged_v346nor_sxd_20150722.txt,1.0
2457225.7856901,2457225.7462704,2015-07-22,20150722,LXD,2.0307922,2.0307921999999998e-06,147623404304980.12,,,,0.027857997,0.0010286937,0,no,SpeX Spectrograph,LXD_short,merged_v346nor_lxd_20150722.txt,1.0
2457225.7856901,2457225.7462704,2015-07-22,20150722,LXD,2.0310922,2.0310921999999996e-06,147601599769818.47,,,,0.027413461,0.0010514915,0,no,SpeX Spectrograph,LXD_short,merged_v346nor_lxd_20150722.txt,1.0
2457225.7462704,2457225.7462704,2015-07-22,20150722,SXD,2.0311131,2.0311130999999996e-06,147600080960533.44,,,,0.024132706,0.0001383862,0,no,SpeX Spectrograph,ShortXD,merged_v346nor_sxd_20150722.txt,1.0
2457225.7856901,2457225.7462704,2015-07-22,20150722,LXD,2.0313923,2.0313922999999997e-06,147579794409971.94,,,,0.028009349,0.0010484433,0,no,SpeX Spectrograph,LXD_short,merged_v346nor_lxd_20150722.txt,1.0
2457225.7462704,2457225.7462704,2015-07-22,20150722,SXD,2.0314727,2.0314727e-06,147573953615030.12,,,,0.024813488,0.000138982,0,no,SpeX Spectrograph,ShortXD,merged_v346nor_sxd_20150722.txt,1.0
2457225.7856901,2457225.7462704,2015-07-22,20150722,LXD,2.0316923,2.0316923e-06,147558002754649.4,,,,0.026902348,0.0010804594,0,no,SpeX Spectrograph,LXD_short,merged_v346nor_lxd_20150722.txt,1.0
2457225.7462704,2457225.7462704,2015-07-22,20150722,SXD,2.0318322,2.0318322e-06,147547842779536.62,,,,0.024973886,0.00014071977,0,no,SpeX Spectrograph,ShortXD,merged_v346nor_sxd_20150722.txt,1.0
2457225.7856901,2457225.7462704,2015-07-22,20150722,LXD,2.0319924,2.0319923999999997e-06,147536210273227.4,,,,0.029337458,0.0010841211,0,no,SpeX Spectrograph,LXD_short,merged_v346nor_lxd_20150722.txt,1.0
2457225.7462704,2457225.7462704,2015-07-22,20150722,SXD,2.0321915,2.0321915e-06,147521755700680.78,,,,0.025322786,0.00014196875,0,no,SpeX Spectrograph,ShortXD,merged_v346nor_sxd_20150722.txt,1.0
2457225.7856901,2457225.7462704,2015-07-22,20150722,LXD,2.0322924,2.0322924e-06,147514431486335.34,,,,0.028874483,0.0010580218,0,no,SpeX Spectrograph,LXD_short,merged_v346nor_lxd_20150722.txt,1.0
2457225.7462704,2457225.7462704,2015-07-22,20150722,SXD,2.0325511,2.0325511e-06,147495656074772.25,,,,0.026283089,0.00014854486,0,no,SpeX Spectrograph,ShortXD,merged_v346nor_sxd_20150722.txt,1.0
2457225.7856901,2457225.7462704,2015-07-22,20150722,LXD,2.0325923,2.0325923e-06,147492666384695.06,,,,0.029324729,0.0010468948,0,no,SpeX Spectrograph,LXD_short,merged_v346nor_lxd_20150722.txt,1.0
2457225.7856901,2457225.7462704,2015-07-22,20150722,LXD,2.0328925,2.0328925e-06,147470885942075.16,,,,0.031073784,0.0010624337,0,no,SpeX Spectrograph,LXD_short,merged_v346nor_lxd_20150722.txt,1.0
2457225.7462704,2457225.7462704,2015-07-22,20150722,SXD,2.0329106,2.0329106e-06,147469572936458.7,,,,0.028112084,0.00016564189,0,no,SpeX Spectrograph,ShortXD,merged_v346nor_sxd_20150722.txt,1.0
2457225.7856901,2457225.7462704,2015-07-22,20150722,LXD,2.0331924,2.0331924e-06,147449133687495.6,,,,0.035824142,0.0010668595,0,no,SpeX Spectrograph,LXD_short,merged_v346nor_lxd_20150722.txt,1.0
2457225.7462704,2457225.7462704,2015-07-22,20150722,SXD,2.0332699,2.0332699e-06,147443513524692.4,,,,0.030458322,0.00019038869,0,no,SpeX Spectrograph,ShortXD,merged_v346nor_sxd_20150722.txt,1.0
2457225.7856901,2457225.7462704,2015-07-22,20150722,LXD,2.0334923,2.0334922999999997e-06,147427387848972.94,,,,0.035005786,0.0010713444,0,no,SpeX Spectrograph,LXD_short,merged_v346nor_lxd_20150722.txt,1.0
2457225.7462704,2457225.7462704,2015-07-22,20150722,SXD,2.0336294,2.0336294000000002e-06,147417448823271.3,,,,0.031220248,0.0002025112,0,no,SpeX Spectrograph,ShortXD,merged_v346nor_sxd_20150722.txt,1.0
2457225.7856901,2457225.7462704,2015-07-22,20150722,LXD,2.0337925,2.0337925000000002e-06,147405626680204.56,,,,0.036902618,0.001098974,0,no,SpeX Spectrograph,LXD_short,merged_v346nor_lxd_20150722.txt,1.0
2457225.7462704,2457225.7462704,2015-07-22,20150722,SXD,2.033989,2.033989e-06,147391386089108.66,,,,0.029727945,0.00020125935,0,no,SpeX Spectrograph,ShortXD,merged_v346nor_sxd_20150722.txt,1.0
2457225.7856901,2457225.7462704,2015-07-22,20150722,LXD,2.0340924,2.0340924e-06,147383893671693.56,,,,0.035615128,0.0011016682,0,no,SpeX Spectrograph,LXD_short,merged_v346nor_lxd_20150722.txt,1.0
2457225.7462704,2457225.7462704,2015-07-22,20150722,SXD,2.0343482,2.0343482e-06,147365361544302.0,,,,0.027604098,0.0001910235,0,no,SpeX Spectrograph,ShortXD,merged_v346nor_sxd_20150722.txt,1.0
2457225.7856901,2457225.7462704,2015-07-22,20150722,LXD,2.0343924,2.0343924e-06,147362159827179.84,,,,0.030106746,0.0011119524,0,no,SpeX Spectrograph,LXD_short,merged_v346nor_lxd_20150722.txt,1.0
2457225.7856901,2457225.7462704,2015-07-22,20150722,LXD,2.0346923,2.0346923e-06,147340439633059.0,,,,0.028706765,0.0010394119,0,no,SpeX Spectrograph,LXD_short,merged_v346nor_lxd_20150722.txt,1.0
2457225.7462704,2457225.7462704,2015-07-22,20150722,SXD,2.0347078,2.0347078e-06,147339317222846.44,,,,0.025755845,0.00016928476,0,no,SpeX Spectrograph,ShortXD,merged_v346nor_sxd_20150722.txt,1.0
2457225.7856901,2457225.7462704,2015-07-22,20150722,LXD,2.0349925,2.0349925e-06,147318704122988.2,,,,0.026922632,0.0010073112,0,no,SpeX Spectrograph,LXD_short,merged_v346nor_lxd_20150722.txt,1.0
2457225.7462704,2457225.7462704,2015-07-22,20150722,SXD,2.0350671,2.0350671e-06,147313303821775.72,,,,0.025019528,0.00014869231,0,no,SpeX Spectrograph,ShortXD,merged_v346nor_sxd_20150722.txt,1.0
2457225.7856901,2457225.7462704,2015-07-22,20150722,LXD,2.0352924,2.0352923999999998e-06,147296996736193.78,,,,0.028506324,0.0010013093,0,no,SpeX Spectrograph,LXD_short,merged_v346nor_lxd_20150722.txt,1.0
2457225.7462704,2457225.7462704,2015-07-22,20150722,SXD,2.0354266,2.0354266e-06,147287285132266.62,,,,0.024643946,0.00013983044,0,no,SpeX Spectrograph,ShortXD,merged_v346nor_sxd_20150722.txt,1.0
2457225.7856901,2457225.7462704,2015-07-22,20150722,LXD,2.0355923,2.0355922999999996e-06,147275295745616.66,,,,0.027391111,0.00097221398,0,no,SpeX Spectrograph,LXD_short,merged_v346nor_lxd_20150722.txt,1.0
2457225.7462704,2457225.7462704,2015-07-22,20150722,SXD,2.0357859,2.0357859e-06,147261290099317.4,,,,0.024512941,0.0001374861,0,no,SpeX Spectrograph,ShortXD,merged_v346nor_sxd_20150722.txt,1.0
2457225.7856901,2457225.7462704,2015-07-22,20150722,LXD,2.0358922,2.0358922e-06,147253601148430.16,,,,0.027372729,0.00097525015,0,no,SpeX Spectrograph,LXD_short,merged_v346nor_lxd_20150722.txt,1.0
2457225.7462704,2457225.7462704,2015-07-22,20150722,SXD,2.0361454,2.0361454e-06,147235289778421.53,,,,0.024609771,0.00013889148,0,no,SpeX Spectrograph,ShortXD,merged_v346nor_sxd_20150722.txt,1.0
2457225.7856901,2457225.7462704,2015-07-22,20150722,LXD,2.0361922,2.0361921999999997e-06,147231905711062.06,,,,0.028360823,0.00099035783,0,no,SpeX Spectrograph,LXD_short,merged_v346nor_lxd_20150722.txt,1.0
2457225.7856901,2457225.7462704,2015-07-22,20150722,LXD,2.0364921,2.0364920999999996e-06,147210223894313.2,,,,0.028139347,0.0010199186,0,no,SpeX Spectrograph,LXD_short,merged_v346nor_lxd_20150722.txt,1.0
2457225.7462704,2457225.7462704,2015-07-22,20150722,SXD,2.0365047,2.0365047e-06,147209313094146.06,,,,0.025121327,0.00013597764,0,no,SpeX Spectrograph,ShortXD,merged_v346nor_sxd_20150722.txt,1.0
2457225.7856901,2457225.7462704,2015-07-22,20150722,LXD,2.036792,2.036792e-06,147188548462484.16,,,,0.030159628,0.0010534638,0,no,SpeX Spectrograph,LXD_short,merged_v346nor_lxd_20150722.txt,1.0
2457225.7462704,2457225.7462704,2015-07-22,20150722,SXD,2.0368643,2.0368643e-06,147183323896442.2,,,,0.025110392,0.00013618422,0,no,SpeX Spectrograph,ShortXD,merged_v346nor_sxd_20150722.txt,1.0
2457225.7856901,2457225.7462704,2015-07-22,20150722,LXD,2.0370922,2.0370922e-06,147166857739674.22,,,,0.027848044,0.0010318964,0,no,SpeX Spectrograph,LXD_short,merged_v346nor_lxd_20150722.txt,1.0
2457225.7462704,2457225.7462704,2015-07-22,20150722,SXD,2.0372236,2.0372236e-06,147157365543968.78,,,,0.025383651,0.00013478068,0,no,SpeX Spectrograph,ShortXD,merged_v346nor_sxd_20150722.txt,1.0
2457225.7856901,2457225.7462704,2015-07-22,20150722,LXD,2.0373921,2.0373921e-06,147145195075606.72,,,,0.028725835,0.0010064094,0,no,SpeX Spectrograph,LXD_short,merged_v346nor_lxd_20150722.txt,1.0
2457225.7462704,2457225.7462704,2015-07-22,20150722,SXD,2.0375831,2.0375831e-06,147131401904540.75,,,,0.025340363,0.0001363695,0,no,SpeX Spectrograph,ShortXD,merged_v346nor_sxd_20150722.txt,1.0
2457225.7856901,2457225.7462704,2015-07-22,20150722,LXD,2.0376921,2.0376921e-06,147123531567894.88,,,,0.028870286,0.00098965887,0,no,SpeX Spectrograph,LXD_short,merged_v346nor_lxd_20150722.txt,1.0
2457225.7462704,2457225.7462704,2015-07-22,20150722,SXD,2.0379424,2.0379423999999996e-06,147105461861925.06,,,,0.025572352,0.00013749576,0,no,SpeX Spectrograph,ShortXD,merged_v346nor_sxd_20150722.txt,1.0
2457225.7856901,2457225.7462704,2015-07-22,20150722,LXD,2.037992,2.037992e-06,147101881656061.47,,,,0.028231755,0.00098809565,0,no,SpeX Spectrograph,LXD_short,merged_v346nor_lxd_20150722.txt,1.0
2457225.7856901,2457225.7462704,2015-07-22,20150722,LXD,2.0382919,2.0382919e-06,147080238115060.97,,,,0.028889064,0.00099304295,0,no,SpeX Spectrograph,LXD_short,merged_v346nor_lxd_20150722.txt,1.0
2457225.7462704,2457225.7462704,2015-07-22,20150722,SXD,2.0383017,2.0383017e-06,147079530964429.88,,,,0.025244208,0.00013746838,0,no,SpeX Spectrograph,ShortXD,merged_v346nor_sxd_20150722.txt,1.0
2457225.7856901,2457225.7462704,2015-07-22,20150722,LXD,2.0385919,2.0385919e-06,147058593728347.5,,,,0.028884895,0.001006936,0,no,SpeX Spectrograph,LXD_short,merged_v346nor_lxd_20150722.txt,1.0
2457225.7462704,2457225.7462704,2015-07-22,20150722,SXD,2.0386612,2.0386612e-06,147053594780731.6,,,,0.025026668,0.00013550746,0,no,SpeX Spectrograph,ShortXD,merged_v346nor_sxd_20150722.txt,1.0
2457225.7856901,2457225.7462704,2015-07-22,20150722,LXD,2.0388916,2.0388915999999997e-06,147036977345926.6,,,,0.028392058,0.0010392152,0,no,SpeX Spectrograph,LXD_short,merged_v346nor_lxd_20150722.txt,1.0
2457225.7462704,2457225.7462704,2015-07-22,20150722,SXD,2.0390205,2.0390204999999997e-06,147027682164058.7,,,,0.024817619,0.00013677763,0,no,SpeX Spectrograph,ShortXD,merged_v346nor_sxd_20150722.txt,1.0
2457225.7856901,2457225.7462704,2015-07-22,20150722,LXD,2.0391915,2.0391914999999995e-06,147015352898440.4,,,,0.028354311,0.001063692,0,no,SpeX Spectrograph,LXD_short,merged_v346nor_lxd_20150722.txt,1.0
2457225.7462704,2457225.7462704,2015-07-22,20150722,SXD,2.0393801,2.0393800999999997e-06,147001757053528.2,,,,0.024801992,0.00014274901,0,no,SpeX Spectrograph,ShortXD,merged_v346nor_sxd_20150722.txt,1.0
2457225.7856901,2457225.7462704,2015-07-22,20150722,LXD,2.0394914,2.0394914000000003e-06,146993734810551.28,,,,0.028430235,0.0010986699,0,no,SpeX Spectrograph,LXD_short,merged_v346nor_lxd_20150722.txt,1.0
2457225.7462704,2457225.7462704,2015-07-22,20150722,SXD,2.0397394,2.0397394e-06,146975862700892.1,,,,0.024908269,0.00015462456,0,no,SpeX Spectrograph,ShortXD,merged_v346nor_sxd_20150722.txt,1.0
2457225.7856901,2457225.7462704,2015-07-22,20150722,LXD,2.0397913,2.0397913e-06,146972123079454.25,,,,0.029747425,0.0011061131,0,no,SpeX Spectrograph,LXD_short,merged_v346nor_lxd_20150722.txt,1.0
2457225.7856901,2457225.7462704,2015-07-22,20150722,LXD,2.0400913,2.0400912999999995e-06,146950510499211.5,,,,0.02961958,0.0010945277,0,no,SpeX Spectrograph,LXD_short,merged_v346nor_lxd_20150722.txt,1.0
2457225.7462704,2457225.7462704,2015-07-22,20150722,SXD,2.0400987,2.0400987e-06,146949977469227.34,,,,0.024794802,0.00017589699,0,no,SpeX Spectrograph,ShortXD,merged_v346nor_sxd_20150722.txt,1.0
2457225.7856901,2457225.7462704,2015-07-22,20150722,LXD,2.0403912,2.0403912000000002e-06,146928911475407.25,,,,0.0276637,0.0010739438,0,no,SpeX Spectrograph,LXD_short,merged_v346nor_lxd_20150722.txt,1.0
2457225.7462704,2457225.7462704,2015-07-22,20150722,SXD,2.040458,2.040458e-06,146924101353715.7,,,,0.025295816,0.00023478556,0,no,SpeX Spectrograph,ShortXD,merged_v346nor_sxd_20150722.txt,1.0
2457225.7856901,2457225.7462704,2015-07-22,20150722,LXD,2.0406911,2.0406911e-06,146907318799988.88,,,,0.027523512,0.0010964802,0,no,SpeX Spectrograph,LXD_short,merged_v346nor_lxd_20150722.txt,1.0
2457225.7462704,2457225.7462704,2015-07-22,20150722,SXD,2.0408175,2.0408175e-06,146898219953523.53,,,,0.025330231,0.00025730813,0,no,SpeX Spectrograph,ShortXD,merged_v346nor_sxd_20150722.txt,1.0
2457225.7856901,2457225.7462704,2015-07-22,20150722,LXD,2.0409908,2.0409907999999997e-06,146885746863729.16,,,,0.027985811,0.0011215023,0,no,SpeX Spectrograph,LXD_short,merged_v346nor_lxd_20150722.txt,1.0
2457225.7462704,2457225.7462704,2015-07-22,20150722,SXD,2.0411768,2.0411768e-06,146872362060944.44,,,,0.025247397,0.00026457259,0,no,SpeX Spectrograph,ShortXD,merged_v346nor_sxd_20150722.txt,1.0
2457225.7856901,2457225.7462704,2015-07-22,20150722,LXD,2.0412908,2.0412908e-06,146864159677788.2,,,,0.027199907,0.0011322299,0,no,SpeX Spectrograph,LXD_short,merged_v346nor_lxd_20150722.txt,1.0
2457225.7462704,2457225.7462704,2015-07-22,20150722,SXD,2.0415361,2.0415361e-06,146846513270081.28,,,,0.024922207,0.00027569212,0,no,SpeX Spectrograph,ShortXD,merged_v346nor_sxd_20150722.txt,1.0
2457225.7856901,2457225.7462704,2015-07-22,20150722,LXD,2.0415907,2.0415907e-06,146842586028629.56,,,,0.027809573,0.001153852,0,no,SpeX Spectrograph,LXD_short,merged_v346nor_lxd_20150722.txt,1.0
2457225.7856901,2457225.7462704,2015-07-22,20150722,LXD,2.0418906,2.0418905999999997e-06,146821018716673.7,,,,0.027813053,0.0011260496,0,no,SpeX Spectrograph,LXD_short,merged_v346nor_lxd_20150722.txt,1.0
2457225.7462704,2457225.7462704,2015-07-22,20150722,SXD,2.0418954,2.0418954e-06,146820673576129.3,,,,0.025758952,0.00023266653,0,no,SpeX Spectrograph,ShortXD,merged_v346nor_sxd_20150722.txt,1.0
2457225.7856901,2457225.7462704,2015-07-22,20150722,LXD,2.0421903,2.0421903e-06,146799472115796.44,,,,0.028973904,0.0010632125,0,no,SpeX Spectrograph,LXD_short,merged_v346nor_lxd_20150722.txt,1.0
2457225.7462704,2457225.7462704,2015-07-22,20150722,SXD,2.0422549,2.0422549000000002e-06,146794828598526.06,,,,0.02532796,0.00018078808,0,no,SpeX Spectrograph,ShortXD,merged_v346nor_sxd_20150722.txt,1.0
2457225.7856901,2457225.7462704,2015-07-22,20150722,LXD,2.0424902,2.0424902e-06,146777917465650.5,,,,0.028161963,0.0010282664,0,no,SpeX Spectrograph,LXD_short,merged_v346nor_lxd_20150722.txt,1.0
2457225.7462704,2457225.7462704,2015-07-22,20150722,SXD,2.0426142,2.0426142e-06,146769007089052.84,,,,0.026055053,0.00015753787,0,no,SpeX Spectrograph,ShortXD,merged_v346nor_sxd_20150722.txt,1.0
2457225.7856901,2457225.7462704,2015-07-22,20150722,LXD,2.0427902,2.0427901999999998e-06,146756361960224.8,,,,0.029648086,0.0010167316,0,no,SpeX Spectrograph,LXD_short,merged_v346nor_lxd_20150722.txt,1.0
2457225.7462704,2457225.7462704,2015-07-22,20150722,SXD,2.0429735,2.0429734999999998e-06,146743194662094.25,,,,0.026023407,0.00014660975,0,no,SpeX Spectrograph,ShortXD,merged_v346nor_sxd_20150722.txt,1.0
2457225.7856901,2457225.7462704,2015-07-22,20150722,LXD,2.0430899,2.0430898999999998e-06,146734834331078.66,,,,0.028475536,0.0010153841,0,no,SpeX Spectrograph,LXD_short,merged_v346nor_lxd_20150722.txt,1.0
2457225.7462704,2457225.7462704,2015-07-22,20150722,SXD,2.0433328,2.0433328e-06,146717391312859.06,,,,0.025594981,0.00014411718,0,no,SpeX Spectrograph,ShortXD,merged_v346nor_sxd_20150722.txt,1.0
2457225.7856901,2457225.7462704,2015-07-22,20150722,LXD,2.0433898,2.0433897999999996e-06,146713298656967.0,,,,0.030313678,0.0010386932,0,no,SpeX Spectrograph,LXD_short,merged_v346nor_lxd_20150722.txt,1.0
2457225.7856901,2457225.7462704,2015-07-22,20150722,LXD,2.0436895,2.0436895e-06,146691783658916.88,,,,0.02960515,0.0010585408,0,no,SpeX Spectrograph,LXD_short,merged_v346nor_lxd_20150722.txt,1.0
2457225.7462704,2457225.7462704,2015-07-22,20150722,SXD,2.0436921,2.0436920999999997e-06,146691597036559.5,,,,0.025506113,0.00014324769,0,no,SpeX Spectrograph,ShortXD,merged_v346nor_sxd_20150722.txt,1.0
2457225.7856901,2457225.7462704,2015-07-22,20150722,LXD,2.0439894,2.0439894e-06,146670260618768.38,,,,0.028987464,0.0011023844,0,no,SpeX Spectrograph,LXD_short,merged_v346nor_lxd_20150722.txt,1.0
2457225.7462704,2457225.7462704,2015-07-22,20150722,SXD,2.0440514,2.0440514e-06,146665811828410.97,,,,0.025432007,0.00014178688,0,no,SpeX Spectrograph,ShortXD,merged_v346nor_sxd_20150722.txt,1.0
2457225.7856901,2457225.7462704,2015-07-22,20150722,LXD,2.0442891,2.0442891e-06,146648758240700.9,,,,0.028823677,0.0010887469,0,no,SpeX Spectrograph,LXD_short,merged_v346nor_lxd_20150722.txt,1.0
2457225.7462704,2457225.7462704,2015-07-22,20150722,SXD,2.0444107,2.0444106999999997e-06,146640035683632.47,,,,0.025294943,0.00014040167,0,no,SpeX Spectrograph,ShortXD,merged_v346nor_sxd_20150722.txt,1.0
2457225.7856901,2457225.7462704,2015-07-22,20150722,LXD,2.044589,2.044589e-06,146627247823401.16,,,,0.029600557,0.0010665196,0,no,SpeX Spectrograph,LXD_short,merged_v346nor_lxd_20150722.txt,1.0
2457225.7462704,2457225.7462704,2015-07-22,20150722,SXD,2.0447702,2.0447701999999998e-06,146614254257030.94,,,,0.025350718,0.00014332646,0,no,SpeX Spectrograph,ShortXD,merged_v346nor_sxd_20150722.txt,1.0
2457225.7856901,2457225.7462704,2015-07-22,20150722,LXD,2.0448887,2.0448886999999998e-06,146605758054215.88,,,,0.027904684,0.0010437351,0,no,SpeX Spectrograph,LXD_short,merged_v346nor_lxd_20150722.txt,1.0
2457225.7462704,2457225.7462704,2015-07-22,20150722,SXD,2.0451295,2.0451294999999996e-06,146588496229700.88,,,,0.025920384,0.00014433598,0,no,SpeX Spectrograph,ShortXD,merged_v346nor_sxd_20150722.txt,1.0
2457225.7856901,2457225.7462704,2015-07-22,20150722,LXD,2.0451887,2.0451887e-06,146584253081390.47,,,,0.02718951,0.0010169308,0,no,SpeX Spectrograph,LXD_short,merged_v346nor_lxd_20150722.txt,1.0
2457225.7856901,2457225.7462704,2015-07-22,20150722,LXD,2.0454884,2.0454884e-06,146562775912100.0,,,,0.029589197,0.0010076716,0,no,SpeX Spectrograph,LXD_short,merged_v346nor_lxd_20150722.txt,1.0
2457225.7462704,2457225.7462704,2015-07-22,20150722,SXD,2.0454888,2.0454888e-06,146562747251414.9,,,,0.025723279,0.00014593554,0,no,SpeX Spectrograph,ShortXD,merged_v346nor_sxd_20150722.txt,1.0
2457225.7856901,2457225.7462704,2015-07-22,20150722,LXD,2.0457883,2.0457883e-06,146541290709307.53,,,,0.030073058,0.0010169665,0,no,SpeX Spectrograph,LXD_short,merged_v346nor_lxd_20150722.txt,1.0
2457225.7462704,2457225.7462704,2015-07-22,20150722,SXD,2.0458481,2.0458481e-06,146537007317405.44,,,,0.025963334,0.00014637306,0,no,SpeX Spectrograph,ShortXD,merged_v346nor_sxd_20150722.txt,1.0
2457225.7856901,2457225.7462704,2015-07-22,20150722,LXD,2.046088,2.046088e-06,146519826126735.53,,,,0.029347921,0.001034421,0,no,SpeX Spectrograph,LXD_short,merged_v346nor_lxd_20150722.txt,1.0
2457225.7462704,2457225.7462704,2015-07-22,20150722,SXD,2.0462074,2.0462074e-06,146511276422908.06,,,,0.026585875,0.00014984232,0,no,SpeX Spectrograph,ShortXD,merged_v346nor_sxd_20150722.txt,1.0
2457225.7856901,2457225.7462704,2015-07-22,20150722,LXD,2.0463879,2.0463878999999997e-06,146498353513525.0,,,,0.028850237,0.0010702503,0,no,SpeX Spectrograph,LXD_short,merged_v346nor_lxd_20150722.txt,1.0
2457225.7462704,2457225.7462704,2015-07-22,20150722,SXD,2.0465667,2.0465667e-06,146485554563161.8,,,,0.026409397,0.00015213976,0,no,SpeX Spectrograph,ShortXD,merged_v346nor_sxd_20150722.txt,1.0
2457225.7856901,2457225.7462704,2015-07-22,20150722,LXD,2.0466876,2.0466875999999997e-06,146476901506610.03,,,,0.030399986,0.0011089173,0,no,SpeX Spectrograph,LXD_short,merged_v346nor_lxd_20150722.txt,1.0
2457225.7462704,2457225.7462704,2015-07-22,20150722,SXD,2.046926,2.046926e-06,146459841733409.0,,,,0.026771192,0.00014838373,0,no,SpeX Spectrograph,ShortXD,merged_v346nor_sxd_20150722.txt,1.0
2457225.7856901,2457225.7462704,2015-07-22,20150722,LXD,2.0469873,2.0469873e-06,146455455781284.03,,,,0.029908489,0.0011271612,0,no,SpeX Spectrograph,LXD_short,merged_v346nor_lxd_20150722.txt,1.0
2457225.7462704,2457225.7462704,2015-07-22,20150722,SXD,2.0472853,2.0472853e-06,146434137928895.4,,,,0.026380667,0.00015748075,0,no,SpeX Spectrograph,ShortXD,merged_v346nor_sxd_20150722.txt,1.0
2457225.7856901,2457225.7462704,2015-07-22,20150722,LXD,2.0472872,2.0472872e-06,146434002029612.66,,,,0.029563984,0.0011183788,0,no,SpeX Spectrograph,LXD_short,merged_v346nor_lxd_20150722.txt,1.0
2457225.7856901,2457225.7462704,2015-07-22,20150722,LXD,2.0475869,2.0475869e-06,146412568863377.66,,,,0.029843027,0.0013764533,0,no,SpeX Spectrograph,LXD_short,merged_v346nor_lxd_20150722.txt,1.0
2457225.7462704,2457225.7462704,2015-07-22,20150722,SXD,2.0476446,2.0476445999999997e-06,146408443144870.0,,,,0.026479889,0.00015905719,0,no,SpeX Spectrograph,ShortXD,merged_v346nor_sxd_20150722.txt,1.0
2457225.7856901,2457225.7462704,2015-07-22,20150722,LXD,2.0478866,2.0478866e-06,146391141970458.72,,,,0.030375661,0.0013961924,0,no,SpeX Spectrograph,LXD_short,merged_v346nor_lxd_20150722.txt,1.0
2457225.7462704,2457225.7462704,2015-07-22,20150722,SXD,2.0480037,2.0480037e-06,146382771671750.4,,,,0.026713874,0.00015527467,0,no,SpeX Spectrograph,ShortXD,merged_v346nor_sxd_20150722.txt,1.0
2457225.7856901,2457225.7462704,2015-07-22,20150722,LXD,2.0481865,2.0481865e-06,146369707055485.44,,,,0.031387463,0.0014324846,0,no,SpeX Spectrograph,LXD_short,merged_v346nor_lxd_20150722.txt,1.0
2457225.7462704,2457225.7462704,2015-07-22,20150722,SXD,2.048363,2.048363e-06,146357094909447.2,,,,0.026697434,0.00015881711,0,no,SpeX Spectrograph,ShortXD,merged_v346nor_sxd_20150722.txt,1.0
2457225.7856901,2457225.7462704,2015-07-22,20150722,LXD,2.0484862,2.0484862e-06,146348292705120.5,,,,0.027216807,0.0013994476,0,no,SpeX Spectrograph,LXD_short,merged_v346nor_lxd_20150722.txt,1.0
2457225.7462704,2457225.7462704,2015-07-22,20150722,SXD,2.0487223,2.0487223e-06,146331427153401.9,,,,0.025871538,0.00017015991,0,no,SpeX Spectrograph,ShortXD,merged_v346nor_sxd_20150722.txt,1.0
2457225.7856901,2457225.7462704,2015-07-22,20150722,LXD,2.0487859,2.0487859e-06,146326884619813.12,,,,0.030808346,0.0014187004,0,no,SpeX Spectrograph,LXD_short,merged_v346nor_lxd_20150722.txt,1.0
2457225.7462704,2457225.7462704,2015-07-22,20150722,SXD,2.0490816,2.0490816e-06,146305768398876.84,,,,0.025811503,0.00018267802,0,no,SpeX Spectrograph,ShortXD,merged_v346nor_sxd_20150722.txt,1.0
2457225.7856901,2457225.7462704,2015-07-22,20150722,LXD,2.0490856,2.0490856000000003e-06,146305482796814.3,,,,0.028538246,0.0014436465,0,no,SpeX Spectrograph,LXD_short,merged_v346nor_lxd_20150722.txt,1.0
2457225.7856901,2457225.7462704,2015-07-22,20150722,LXD,2.0493853,2.0493853e-06,146284087233376.78,,,,0.030988738,0.0014784337,0,no,SpeX Spectrograph,LXD_short,merged_v346nor_lxd_20150722.txt,1.0
2457225.7462704,2457225.7462704,2015-07-22,20150722,SXD,2.0494409,2.0494409e-06,146280118641137.7,,,,0.026116377,0.00018800472,0,no,SpeX Spectrograph,ShortXD,merged_v346nor_sxd_20150722.txt,1.0
2457225.7856901,2457225.7462704,2015-07-22,20150722,LXD,2.0496852,2.0496851999999997e-06,146262683655031.53,,,,0.028788937,0.0015108397,0,no,SpeX Spectrograph,LXD_short,merged_v346nor_lxd_20150722.txt,1.0
2457225.7462704,2457225.7462704,2015-07-22,20150722,SXD,2.0498002,2.0498001999999997e-06,146254477875453.44,,,,0.026110938,0.00019604176,0,no,SpeX Spectrograph,ShortXD,merged_v346nor_sxd_20150722.txt,1.0
2457225.7856901,2457225.7462704,2015-07-22,20150722,LXD,2.0499849,2.0499849e-06,146241300606653.25,,,,0.031890944,0.0015639989,0,no,SpeX Spectrograph,LXD_short,merged_v346nor_lxd_20150722.txt,1.0
2457225.7462704,2457225.7462704,2015-07-22,20150722,SXD,2.0501595,2.0501595e-06,146228846097096.34,,,,0.02628997,0.00019757572,0,no,SpeX Spectrograph,ShortXD,merged_v346nor_sxd_20150722.txt,1.0
2457225.7856901,2457225.7462704,2015-07-22,20150722,LXD,2.0502846,2.0502845999999997e-06,146219923809601.88,,,,0.02819103,0.0015716476,0,no,SpeX Spectrograph,LXD_short,merged_v346nor_lxd_20150722.txt,1.0
2457225.7462704,2457225.7462704,2015-07-22,20150722,SXD,2.0505185,2.0505185e-06,146203244691525.6,,,,0.026455607,0.00019530082,0,no,SpeX Spectrograph,ShortXD,merged_v346nor_sxd_20150722.txt,1.0
2457225.7856901,2457225.7462704,2015-07-22,20150722,LXD,2.0505843,2.0505843e-06,146198553261136.34,,,,0.031082664,0.0015866214,0,no,SpeX Spectrograph,LXD_short,merged_v346nor_lxd_20150722.txt,1.0
2457225.7462704,2457225.7462704,2015-07-22,20150722,SXD,2.0508778,2.0508777999999996e-06,146177630866158.9,,,,0.027050916,0.00019220015,0,no,SpeX Spectrograph,ShortXD,merged_v346nor_sxd_20150722.txt,1.0
2457225.7856901,2457225.7462704,2015-07-22,20150722,LXD,2.050884,2.0508839999999997e-06,146177188958517.44,,,,0.027638704,0.0015670267,0,no,SpeX Spectrograph,LXD_short,merged_v346nor_lxd_20150722.txt,1.0
2457225.7856901,2457225.7462704,2015-07-22,20150722,LXD,2.0511837,2.0511837e-06,146155830899007.22,,,,0.028879851,0.0016004106,0,no,SpeX Spectrograph,LXD_short,merged_v346nor_lxd_20150722.txt,1.0
2457225.7462704,2457225.7462704,2015-07-22,20150722,SXD,2.0512371,2.0512371e-06,146152026013960.06,,,,0.026959663,0.00017917062,0,no,SpeX Spectrograph,ShortXD,merged_v346nor_sxd_20150722.txt,1.0
2457225.7856901,2457225.7462704,2015-07-22,20150722,LXD,2.0514834,2.0514833999999997e-06,146134479079869.75,,,,0.025646428,0.0016717715,0,no,SpeX Spectrograph,LXD_short,merged_v346nor_lxd_20150722.txt,1.0
2457225.7462704,2457225.7462704,2015-07-22,20150722,SXD,2.0515964,2.0515964e-06,146126430130214.7,,,,0.026482271,0.00017998325,0,no,SpeX Spectrograph,ShortXD,merged_v346nor_sxd_20150722.txt,1.0
2457225.7856901,2457225.7462704,2015-07-22,20150722,LXD,2.0517831,2.0517831e-06,146113133498370.25,,,,0.026422244,0.0017195944,0,no,SpeX Spectrograph,LXD_short,merged_v346nor_lxd_20150722.txt,1.0
2457225.7462704,2457225.7462704,2015-07-22,20150722,SXD,2.0519555,2.0519555e-06,146100857450368.7,,,,0.026484139,0.00018332578,0,no,SpeX Spectrograph,ShortXD,merged_v346nor_sxd_20150722.txt,1.0
2457225.7856901,2457225.7462704,2015-07-22,20150722,LXD,2.0520828,2.0520828e-06,146091794151775.94,,,,0.026969919,0.0017120662,0,no,SpeX Spectrograph,LXD_short,merged_v346nor_lxd_20150722.txt,1.0
2457225.7462704,2457225.7462704,2015-07-22,20150722,SXD,2.0523148,2.0523147999999997e-06,146075279484414.4,,,,0.026332462,0.00018474365,0,no,SpeX Spectrograph,ShortXD,merged_v346nor_sxd_20150722.txt,1.0
2457225.7856901,2457225.7462704,2015-07-22,20150722,LXD,2.0523825,2.0523825e-06,146070461037355.38,,,,0.02804378,0.0017007178,0,no,SpeX Spectrograph,LXD_short,merged_v346nor_lxd_20150722.txt,1.0
2457225.7462704,2457225.7462704,2015-07-22,20150722,SXD,2.0526741,2.0526741e-06,146049710472792.53,,,,0.026613066,0.00018776218,0,no,SpeX Spectrograph,ShortXD,merged_v346nor_sxd_20150722.txt,1.0
2457225.7856901,2457225.7462704,2015-07-22,20150722,LXD,2.0526822,2.0526822e-06,146049134152378.78,,,,0.027849302,0.0017010489,0,no,SpeX Spectrograph,LXD_short,merged_v346nor_lxd_20150722.txt,1.0
2457225.7856901,2457225.7462704,2015-07-22,20150722,LXD,2.0529819,2.0529818999999996e-06,146027813494118.03,,,,0.030275797,0.0017096449,0,no,SpeX Spectrograph,LXD_short,merged_v346nor_lxd_20150722.txt,1.0
2457225.7462704,2457225.7462704,2015-07-22,20150722,SXD,2.0530331,2.0530331e-06,146024171748619.16,,,,0.026469843,0.0001908277,0,no,SpeX Spectrograph,ShortXD,merged_v346nor_sxd_20150722.txt,1.0
2457225.7856901,2457225.7462704,2015-07-22,20150722,LXD,2.0532815,2.0532815e-06,146006506170732.06,,,,0.02922274,0.0017649791,0,no,SpeX Spectrograph,LXD_short,merged_v346nor_lxd_20150722.txt,1.0
2457225.7462704,2457225.7462704,2015-07-22,20150722,SXD,2.0533924,2.0533923999999996e-06,145998620624095.06,,,,0.02633287,0.00019297068,0,no,SpeX Spectrograph,ShortXD,merged_v346nor_sxd_20150722.txt,1.0
2457225.7856901,2457225.7462704,2015-07-22,20150722,LXD,2.0535812,2.0535812e-06,145985197955649.38,,,,0.029470399,0.0017668499,0,no,SpeX Spectrograph,LXD_short,merged_v346nor_lxd_20150722.txt,1.0
2457225.7462704,2457225.7462704,2015-07-22,20150722,SXD,2.0537517,2.0537517e-06,145973078439813.34,,,,0.026519056,0.0001986446,0,no,SpeX Spectrograph,ShortXD,merged_v346nor_sxd_20150722.txt,1.0
2457225.7856901,2457225.7462704,2015-07-22,20150722,LXD,2.0538809,2.0538808999999997e-06,145963895959108.47,,,,0.030685168,0.0017814869,0,no,SpeX Spectrograph,LXD_short,merged_v346nor_lxd_20150722.txt,1.0
2457225.7462704,2457225.7462704,2015-07-22,20150722,SXD,2.0541108,2.0541108e-06,145947559401372.1,,,,0.026286617,0.00020389051,0,no,SpeX Spectrograph,ShortXD,merged_v346nor_sxd_20150722.txt,1.0
2457225.7856901,2457225.7462704,2015-07-22,20150722,LXD,2.0541804,2.0541804e-06,145942614387713.97,,,,0.027802553,0.0017979132,0,no,SpeX Spectrograph,LXD_short,merged_v346nor_lxd_20150722.txt,1.0
2457225.7462704,2457225.7462704,2015-07-22,20150722,SXD,2.0544701,2.0544701e-06,145922035078534.38,,,,0.026537668,0.00020346303,0,no,SpeX Spectrograph,ShortXD,merged_v346nor_sxd_20150722.txt,1.0
2457225.7856901,2457225.7462704,2015-07-22,20150722,LXD,2.0544801,2.0544801000000002e-06,145921324815947.34,,,,0.028080471,0.0018053867,0,no,SpeX Spectrograph,LXD_short,merged_v346nor_lxd_20150722.txt,1.0
2457225.7856901,2457225.7462704,2015-07-22,20150722,LXD,2.0547798,2.0547797999999998e-06,145900041454563.66,,,,0.030827677,0.0018201011,0,no,SpeX Spectrograph,LXD_short,merged_v346nor_lxd_20150722.txt,1.0
2457225.7462704,2457225.7462704,2015-07-22,20150722,SXD,2.0548294,2.0548294e-06,145896519681877.22,,,,0.026584992,0.00021182053,0,no,SpeX Spectrograph,ShortXD,merged_v346nor_sxd_20150722.txt,1.0
2457225.7856901,2457225.7462704,2015-07-22,20150722,LXD,2.0550795,2.0550795e-06,145878764300845.78,,,,0.030011145,0.0018099751,0,no,SpeX Spectrograph,LXD_short,merged_v346nor_lxd_20150722.txt,1.0
2457225.7462704,2457225.7462704,2015-07-22,20150722,SXD,2.0551884,2.0551884e-06,145871034499805.47,,,,0.026500067,0.00022973848,0,no,SpeX Spectrograph,ShortXD,merged_v346nor_sxd_20150722.txt,1.0
2457225.7856901,2457225.7462704,2015-07-22,20150722,LXD,2.0553792,2.0553791999999998e-06,145857493352078.3,,,,0.029339304,0.001741263,0,no,SpeX Spectrograph,LXD_short,merged_v346nor_lxd_20150722.txt,1.0
2457225.7462704,2457225.7462704,2015-07-22,20150722,SXD,2.0555477,2.0555477e-06,145845536934024.94,,,,0.027060365,0.00028339005,0,no,SpeX Spectrograph,ShortXD,merged_v346nor_sxd_20150722.txt,1.0
2457225.7856901,2457225.7462704,2015-07-22,20150722,LXD,2.0556786,2.0556785999999995e-06,145836249888479.7,,,,0.028842181,0.0017733264,0,no,SpeX Spectrograph,LXD_short,merged_v346nor_lxd_20150722.txt,1.0
2457225.7462704,2457225.7462704,2015-07-22,20150722,SXD,2.0559068,2.0559067999999998e-06,145820062465866.66,,,,0.026850199,0.00032279894,0,no,SpeX Spectrograph,ShortXD,merged_v346nor_sxd_20150722.txt,1.0
2457225.7856901,2457225.7462704,2015-07-22,20150722,LXD,2.0559783,2.0559783e-06,145814991335268.47,,,,0.025959618,0.0018492334,0,no,SpeX Spectrograph,LXD_short,merged_v346nor_lxd_20150722.txt,1.0
2457225.7462704,2457225.7462704,2015-07-22,20150722,SXD,2.0562661,2.0562661e-06,145794582714756.62,,,,0.027206516,0.00036195162,0,no,SpeX Spectrograph,ShortXD,merged_v346nor_sxd_20150722.txt,1.0
2457225.7856901,2457225.7462704,2015-07-22,20150722,LXD,2.056278,2.056278e-06,145793738978873.47,,,,0.031414144,0.0018681781,0,no,SpeX Spectrograph,LXD_short,merged_v346nor_lxd_20150722.txt,1.0
2457225.7856901,2457225.7462704,2015-07-22,20150722,LXD,2.0565774,2.0565774e-06,145772514080919.1,,,,0.028636696,0.0018678086,0,no,SpeX Spectrograph,LXD_short,merged_v346nor_lxd_20150722.txt,1.0
2457225.7462704,2457225.7462704,2015-07-22,20150722,SXD,2.0566251,2.0566251e-06,145769133129805.72,,,,0.027284965,0.00033215512,0,no,SpeX Spectrograph,ShortXD,merged_v346nor_sxd_20150722.txt,1.0
2457225.7856901,2457225.7462704,2015-07-22,20150722,LXD,2.0568771,2.0568770999999997e-06,145751274103834.44,,,,0.031035978,0.001855425,0,no,SpeX Spectrograph,LXD_short,merged_v346nor_lxd_20150722.txt,1.0
2457225.7462704,2457225.7462704,2015-07-22,20150722,SXD,2.0569844,2.0569844e-06,145743671172226.7,,,,0.027230127,0.00029636323,0,no,SpeX Spectrograph,ShortXD,merged_v346nor_sxd_20150722.txt,1.0
2457225.7856901,2457225.7462704,2015-07-22,20150722,LXD,2.0571768,2.0571768e-06,145730040315445.9,,,,0.030953689,0.0017043538,0,no,SpeX Spectrograph,LXD_short,merged_v346nor_lxd_20150722.txt,1.0
2457225.7462704,2457225.7462704,2015-07-22,20150722,SXD,2.0573435,2.0573435e-06,145718232273803.56,,,,0.027658574,0.00023971188,0,no,SpeX Spectrograph,ShortXD,merged_v346nor_sxd_20150722.txt,1.0
2457225.7856901,2457225.7462704,2015-07-22,20150722,LXD,2.0574763,2.0574762999999998e-06,145708826876887.97,,,,0.029249793,0.0016193638,0,no,SpeX Spectrograph,LXD_short,merged_v346nor_lxd_20150722.txt,1.0
2457225.7462704,2457225.7462704,2015-07-22,20150722,SXD,2.0577028,2.0577028e-06,145692788093596.44,,,,0.027134361,0.00020478567,0,no,SpeX Spectrograph,ShortXD,merged_v346nor_sxd_20150722.txt,1.0
2457225.7856901,2457225.7462704,2015-07-22,20150722,LXD,2.057776,2.0577759999999998e-06,145687605453654.84,,,,0.031787813,0.0015589634,0,no,SpeX Spectrograph,LXD_short,merged_v346nor_lxd_20150722.txt,1.0
2457225.7462704,2457225.7462704,2015-07-22,20150722,SXD,2.0580618,2.0580617999999997e-06,145667374031236.6,,,,0.027378302,0.00019007341,0,no,SpeX Spectrograph,ShortXD,merged_v346nor_sxd_20150722.txt,1.0
2457225.7856901,2457225.7462704,2015-07-22,20150722,LXD,2.0580757,2.0580756999999998e-06,145666390211011.22,,,,0.031372763,0.0014953134,0,no,SpeX Spectrograph,LXD_short,merged_v346nor_lxd_20150722.txt,1.0
2457225.7856901,2457225.7462704,2015-07-22,20150722,LXD,2.0583751,2.0583751e-06,145645202373464.4,,,,0.030642249,0.0015064842,0,no,SpeX Spectrograph,LXD_short,merged_v346nor_lxd_20150722.txt,1.0
2457225.7462704,2457225.7462704,2015-07-22,20150722,SXD,2.0584211,2.0584211e-06,145641947607319.03,,,,0.02779939,0.00018294001,0,no,SpeX Spectrograph,ShortXD,merged_v346nor_sxd_20150722.txt,1.0
2457225.7856901,2457225.7462704,2015-07-22,20150722,LXD,2.0586748,2.0586748e-06,145623999477722.28,,,,0.028354393,0.0014021759,0,no,SpeX Spectrograph,LXD_short,merged_v346nor_lxd_20150722.txt,1.0
2457225.7462704,2457225.7462704,2015-07-22,20150722,SXD,2.0587802,2.0587802000000003e-06,145616544204184.56,,,,0.027970217,0.00017533106,0,no,SpeX Spectrograph,ShortXD,merged_v346nor_sxd_20150722.txt,1.0
2457225.7856901,2457225.7462704,2015-07-22,20150722,LXD,2.0589743,2.0589743e-06,145602816897714.56,,,,0.029385155,0.0013500582,0,no,SpeX Spectrograph,LXD_short,merged_v346nor_lxd_20150722.txt,1.0
2457225.7462704,2457225.7462704,2015-07-22,20150722,SXD,2.0591393,2.0591392999999997e-06,145591149661414.38,,,,0.027590131,0.00016732907,0,no,SpeX Spectrograph,ShortXD,merged_v346nor_sxd_20150722.txt,1.0
2457225.7856901,2457225.7462704,2015-07-22,20150722,LXD,2.059274,2.0592739999999996e-06,145581626340156.8,,,,0.0321518,0.0012760133,0,no,SpeX Spectrograph,LXD_short,merged_v346nor_lxd_20150722.txt,1.0
2457225.7462704,2457225.7462704,2015-07-22,20150722,SXD,2.0594985,2.0594985e-06,145565756906353.66,,,,0.027808387,0.00016135485,0,no,SpeX Spectrograph,ShortXD,merged_v346nor_sxd_20150722.txt,1.0
2457225.7856901,2457225.7462704,2015-07-22,20150722,LXD,2.0595734,2.0595734000000002e-06,145560463152223.66,,,,0.028891848,0.0012211878,0,no,SpeX Spectrograph,LXD_short,merged_v346nor_lxd_20150722.txt,1.0
2457225.7462704,2457225.7462704,2015-07-22,20150722,SXD,2.0598576,2.0598576e-06,145540380072874.94,,,,0.027904175,0.00015696204,0,no,SpeX Spectrograph,ShortXD,merged_v346nor_sxd_20150722.txt,1.0
2457225.7856901,2457225.7462704,2015-07-22,20150722,LXD,2.0598731,2.0598731e-06,145539284920027.38,,,,0.029350352,0.001174049,0,no,SpeX Spectrograph,LXD_short,merged_v346nor_lxd_20150722.txt,1.0
2457225.7856901,2457225.7462704,2015-07-22,20150722,LXD,2.0601726,2.0601726e-06,145518126976351.4,,,,0.030519437,0.0011529817,0,no,SpeX Spectrograph,LXD_short,merged_v346nor_lxd_20150722.txt,1.0
2457225.7462704,2457225.7462704,2015-07-22,20150722,SXD,2.0602167,2.0602167e-06,145515012085864.56,,,,0.027744519,0.00015685464,0,no,SpeX Spectrograph,ShortXD,merged_v346nor_sxd_20150722.txt,1.0
2457225.7856901,2457225.7462704,2015-07-22,20150722,LXD,2.0604722,2.0604722e-06,145496968122161.5,,,,0.027927538,0.0011582224,0,no,SpeX Spectrograph,LXD_short,merged_v346nor_lxd_20150722.txt,1.0
2457225.7462704,2457225.7462704,2015-07-22,20150722,SXD,2.060576,2.060576e-06,145489638819436.9,,,,0.027268916,0.00015459734,0,no,SpeX Spectrograph,ShortXD,merged_v346nor_sxd_20150722.txt,1.0
2457225.7856901,2457225.7462704,2015-07-22,20150722,LXD,2.0607717,2.0607717e-06,145475822479510.94,,,,0.029222397,0.0012002114,0,no,SpeX Spectrograph,LXD_short,merged_v346nor_lxd_20150722.txt,1.0
2457225.7462704,2457225.7462704,2015-07-22,20150722,SXD,2.060935,2.060935e-06,145464295574581.44,,,,0.02726309,0.00015793416,0,no,SpeX Spectrograph,ShortXD,merged_v346nor_sxd_20150722.txt,1.0
2457225.7856901,2457225.7462704,2015-07-22,20150722,LXD,2.0610712,2.0610712e-06,145454682982324.9,,,,0.029664351,0.0012387687,0,no,SpeX Spectrograph,LXD_short,merged_v346nor_lxd_20150722.txt,1.0
2457225.7462704,2457225.7462704,2015-07-22,20150722,SXD,2.0612941,2.0612941e-06,145438954101697.6,,,,0.02737716,0.00016256585,0,no,SpeX Spectrograph,ShortXD,merged_v346nor_sxd_20150722.txt,1.0
2457225.7856901,2457225.7462704,2015-07-22,20150722,LXD,2.0613708,2.0613708000000002e-06,145433542572738.47,,,,0.029700348,0.0012784918,0,no,SpeX Spectrograph,LXD_short,merged_v346nor_lxd_20150722.txt,1.0
2457225.7462704,2457225.7462704,2015-07-22,20150722,SXD,2.0616534,2.0616534e-06,145413607350294.66,,,,0.027386328,0.00016608168,0,no,SpeX Spectrograph,ShortXD,merged_v346nor_sxd_20150722.txt,1.0
2457225.7856901,2457225.7462704,2015-07-22,20150722,LXD,2.0616703,2.0616703e-06,145412415360496.78,,,,0.028413618,0.0013002378,0,no,SpeX Spectrograph,LXD_short,merged_v346nor_lxd_20150722.txt,1.0
2457225.7856901,2457225.7462704,2015-07-22,20150722,LXD,2.0619698,2.0619698e-06,145391294285687.4,,,,0.031728595,0.0013300412,0,no,SpeX Spectrograph,LXD_short,merged_v346nor_lxd_20150722.txt,1.0
2457225.7462704,2457225.7462704,2015-07-22,20150722,SXD,2.0620124,2.0620124e-06,145388290584479.5,,,,0.027668407,0.00016970404,0,no,SpeX Spectrograph,ShortXD,merged_v346nor_sxd_20150722.txt,1.0
2457225.7856901,2457225.7462704,2015-07-22,20150722,LXD,2.0622694,2.0622693999999997e-06,145370172296597.16,,,,0.031050779,0.0013598198,0,no,SpeX Spectrograph,LXD_short,merged_v346nor_lxd_20150722.txt,1.0
2457225.7462704,2457225.7462704,2015-07-22,20150722,SXD,2.0623715,2.0623715e-06,145362975584175.8,,,,0.027568288,0.00017431671,0,no,SpeX Spectrograph,ShortXD,merged_v346nor_sxd_20150722.txt,1.0
2457225.7856901,2457225.7462704,2015-07-22,20150722,LXD,2.0625689,2.0625689e-06,145349063490679.03,,,,0.029363474,0.0013685427,0,no,SpeX Spectrograph,LXD_short,merged_v346nor_lxd_20150722.txt,1.0
2457225.7462704,2457225.7462704,2015-07-22,20150722,SXD,2.0627306,2.0627306e-06,145337669398030.0,,,,0.027842795,0.00018224251,0,no,SpeX Spectrograph,ShortXD,merged_v346nor_sxd_20150722.txt,1.0
2457225.7856901,2457225.7462704,2015-07-22,20150722,LXD,2.0628684,2.0628684e-06,145327960814175.06,,,,0.030444721,0.001395475,0,no,SpeX Spectrograph,LXD_short,merged_v346nor_lxd_20150722.txt,1.0
2457225.7462704,2457225.7462704,2015-07-22,20150722,SXD,2.0630898,2.0630898e-06,145312364978005.3,,,,0.027197633,0.00017399546,0,no,SpeX Spectrograph,ShortXD,merged_v346nor_sxd_20150722.txt,1.0
2457225.7856901,2457225.7462704,2015-07-22,20150722,LXD,2.0631678,2.0631678e-06,145306871307316.84,,,,0.030902818,0.0014860445,0,no,SpeX Spectrograph,LXD_short,merged_v346nor_lxd_20150722.txt,1.0
2457225.7462704,2457225.7462704,2015-07-22,20150722,SXD,2.0634489,2.0634489e-06,145287076408822.16,,,,0.027557462,0.00017736699,0,no,SpeX Spectrograph,ShortXD,merged_v346nor_sxd_20150722.txt,1.0
2457225.7856901,2457225.7462704,2015-07-22,20150722,LXD,2.0634675,2.0634674999999997e-06,145285766797877.88,,,,0.030278563,0.0013971649,0,no,SpeX Spectrograph,LXD_short,merged_v346nor_lxd_20150722.txt,1.0
2457225.7856901,2457225.7462704,2015-07-22,20150722,LXD,2.063767,2.0637669999999998e-06,145264682495649.97,,,,0.029184936,0.0014013293,0,no,SpeX Spectrograph,LXD_short,merged_v346nor_lxd_20150722.txt,1.0
2457225.7462704,2457225.7462704,2015-07-22,20150722,SXD,2.063808,2.063808e-06,145261796639997.53,,,,0.027331278,0.00017632039,0,no,SpeX Spectrograph,ShortXD,merged_v346nor_sxd_20150722.txt,1.0
2457225.7856901,2457225.7462704,2015-07-22,20150722,LXD,2.0640664,2.0640664e-06,145243611348937.22,,,,0.028757589,0.0013987748,0,no,SpeX Spectrograph,LXD_short,merged_v346nor_lxd_20150722.txt,1.0
2457225.7462704,2457225.7462704,2015-07-22,20150722,SXD,2.064167,2.064167e-06,145236532703022.6,,,,0.027686154,0.00017882766,0,no,SpeX Spectrograph,ShortXD,merged_v346nor_sxd_20150722.txt,1.0
2457225.7856901,2457225.7462704,2015-07-22,20150722,LXD,2.0643659,2.0643658999999996e-06,145222539279495.0,,,,0.030194579,0.0014025812,0,no,SpeX Spectrograph,LXD_short,merged_v346nor_lxd_20150722.txt,1.0
2457225.7462704,2457225.7462704,2015-07-22,20150722,SXD,2.0645261,2.0645261e-06,145211270518691.9,,,,0.027519088,0.00017857633,0,no,SpeX Spectrograph,ShortXD,merged_v346nor_sxd_20150722.txt,1.0
2457225.7856901,2457225.7462704,2015-07-22,20150722,LXD,2.0646653,2.0646653000000002e-06,145201480356162.3,,,,0.027232183,0.0014054313,0,no,SpeX Spectrograph,LXD_short,merged_v346nor_lxd_20150722.txt,1.0
2457225.7462704,2457225.7462704,2015-07-22,20150722,SXD,2.0648851,2.0648851e-06,145186024152142.9,,,,0.028158389,0.00018332699,0,no,SpeX Spectrograph,ShortXD,merged_v346nor_sxd_20150722.txt,1.0
2457225.7856901,2457225.7462704,2015-07-22,20150722,LXD,2.0649648,2.0649648e-06,145180420508862.9,,,,0.033177745,0.0014105488,0,no,SpeX Spectrograph,LXD_short,merged_v346nor_lxd_20150722.txt,1.0
2457225.7462704,2457225.7462704,2015-07-22,20150722,SXD,2.0652444,2.0652444e-06,145160765476473.4,,,,0.028347978,0.00018203171,0,no,SpeX Spectrograph,ShortXD,merged_v346nor_sxd_20150722.txt,1.0
2457225.7856901,2457225.7462704,2015-07-22,20150722,LXD,2.0652645,2.0652645e-06,145159352712449.2,,,,0.028055271,0.0013985231,0,no,SpeX Spectrograph,LXD_short,merged_v346nor_lxd_20150722.txt,1.0
2457225.7856901,2457225.7462704,2015-07-22,20150722,LXD,2.0655639,2.0655638999999997e-06,145138312109347.0,,,,0.031732947,0.0014075628,0,no,SpeX Spectrograph,LXD_short,merged_v346nor_lxd_20150722.txt,1.0
2457225.7462704,2457225.7462704,2015-07-22,20150722,SXD,2.0656035,2.0656034999999997e-06,145135529640611.1,,,,0.028684312,0.00018564741,0,no,SpeX Spectrograph,ShortXD,merged_v346nor_sxd_20150722.txt,1.0
2457225.7856901,2457225.7462704,2015-07-22,20150722,LXD,2.0658634,2.0658633999999998e-06,145117270580426.6,,,,0.030218884,0.0014049353,0,no,SpeX Spectrograph,LXD_short,merged_v346nor_lxd_20150722.txt,1.0
2457225.7462704,2457225.7462704,2015-07-22,20150722,SXD,2.0659626,2.0659626e-06,145110302577597.47,,,,0.028269982,0.00018377781,0,no,SpeX Spectrograph,ShortXD,merged_v346nor_sxd_20150722.txt,1.0
2457225.7856901,2457225.7462704,2015-07-22,20150722,LXD,2.0661628,2.0661628e-06,145096242174140.4,,,,0.030385302,0.00139591,0,no,SpeX Spectrograph,LXD_short,merged_v346nor_lxd_20150722.txt,1.0
2457225.7462704,2457225.7462704,2015-07-22,20150722,SXD,2.0663216,2.0663216e-06,145085091304277.12,,,,0.028383961,0.00018308962,0,no,SpeX Spectrograph,ShortXD,merged_v346nor_sxd_20150722.txt,1.0
2457225.7856901,2457225.7462704,2015-07-22,20150722,LXD,2.0664623,2.0664623e-06,145075212840805.28,,,,0.029733073,0.0013614109,0,no,SpeX Spectrograph,LXD_short,merged_v346nor_lxd_20150722.txt,1.0
2457225.7462704,2457225.7462704,2015-07-22,20150722,SXD,2.0666807,2.0666807e-06,145059881770802.8,,,,0.028148567,0.00018027723,0,no,SpeX Spectrograph,ShortXD,merged_v346nor_sxd_20150722.txt,1.0
2457225.7856901,2457225.7462704,2015-07-22,20150722,LXD,2.0667617,2.0667617e-06,145054196620732.8,,,,0.031112447,0.0013463744,0,no,SpeX Spectrograph,LXD_short,merged_v346nor_lxd_20150722.txt,1.0
2457225.7462704,2457225.7462704,2015-07-22,20150722,SXD,2.0670397,2.0670397e-06,145034688013007.22,,,,0.028544821,0.00017837652,0,no,SpeX Spectrograph,ShortXD,merged_v346nor_sxd_20150722.txt,1.0
2457225.7856901,2457225.7462704,2015-07-22,20150722,LXD,2.0670612,2.0670612e-06,145033179472383.3,,,,0.030614236,0.0013151321,0,no,SpeX Spectrograph,LXD_short,merged_v346nor_lxd_20150722.txt,1.0
2457225.7856901,2457225.7462704,2015-07-22,20150722,LXD,2.0673606,2.0673606e-06,145012175427934.53,,,,0.031720184,0.0012932346,0,no,SpeX Spectrograph,LXD_short,merged_v346nor_lxd_20150722.txt,1.0
2457225.7462704,2457225.7462704,2015-07-22,20150722,SXD,2.0673988,2.0673987999999998e-06,145009495990807.4,,,,0.028293276,0.00017552805,0,no,SpeX Spectrograph,ShortXD,merged_v346nor_sxd_20150722.txt,1.0
2457225.7856901,2457225.7462704,2015-07-22,20150722,LXD,2.0676601,2.0676601e-06,144991170453983.25,,,,0.03154083,0.0012969872,0,no,SpeX Spectrograph,LXD_short,merged_v346nor_lxd_20150722.txt,1.0
2457225.7462704,2457225.7462704,2015-07-22,20150722,SXD,2.0677578,2.0677577999999997e-06,144984319730289.5,,,,0.028742833,0.00017616144,0,no,SpeX Spectrograph,ShortXD,merged_v346nor_sxd_20150722.txt,1.0
2457225.7856901,2457225.7462704,2015-07-22,20150722,LXD,2.0679595,2.0679595e-06,144970178574580.4,,,,0.031481083,0.0012810149,0,no,SpeX Spectrograph,LXD_short,merged_v346nor_lxd_20150722.txt,1.0
2457225.7462704,2457225.7462704,2015-07-22,20150722,SXD,2.0681169,2.0681169e-06,144959145201124.75,,,,0.028706612,0.00017663871,0,no,SpeX Spectrograph,ShortXD,merged_v346nor_sxd_20150722.txt,1.0
2457225.7856901,2457225.7462704,2015-07-22,20150722,LXD,2.0682588,2.0682588000000002e-06,144949199780994.5,,,,0.02959667,0.0012899545,0,no,SpeX Spectrograph,LXD_short,merged_v346nor_lxd_20150722.txt,1.0
2457225.7462704,2457225.7462704,2015-07-22,20150722,SXD,2.068476,2.068476e-06,144933979412862.4,,,,0.028488694,0.00017541525,0,no,SpeX Spectrograph,ShortXD,merged_v346nor_sxd_20150722.txt,1.0
2457225.7856901,2457225.7462704,2015-07-22,20150722,LXD,2.0685582,2.0685582e-06,144928220052014.97,,,,0.027708679,0.0012720536,0,no,SpeX Spectrograph,LXD_short,merged_v346nor_lxd_20150722.txt,1.0
2457225.7462704,2457225.7462704,2015-07-22,20150722,SXD,2.068835,2.068835e-06,144908829365319.12,,,,0.028581301,0.00017443548,0,no,SpeX Spectrograph,ShortXD,merged_v346nor_sxd_20150722.txt,1.0
2457225.7856901,2457225.7462704,2015-07-22,20150722,LXD,2.0688577,2.0688577e-06,144907239391090.06,,,,0.031308688,0.0012383765,0,no,SpeX Spectrograph,LXD_short,merged_v346nor_lxd_20150722.txt,1.0
2457225.7856901,2457225.7462704,2015-07-22,20150722,LXD,2.0691571,2.0691571e-06,144886271806041.22,,,,0.03054839,0.0012944057,0,no,SpeX Spectrograph,LXD_short,merged_v346nor_lxd_20150722.txt,1.0
2457225.7462704,2457225.7462704,2015-07-22,20150722,SXD,2.0691941,2.0691941e-06,144883681042778.94,,,,0.028345725,0.00017288172,0,no,SpeX Spectrograph,ShortXD,merged_v346nor_sxd_20150722.txt,1.0
2457225.7856901,2457225.7462704,2015-07-22,20150722,LXD,2.0694566,2.0694566e-06,144865303287829.28,,,,0.032957684,0.0012330164,0,no,SpeX Spectrograph,LXD_short,merged_v346nor_lxd_20150722.txt,1.0
2457225.7462704,2457225.7462704,2015-07-22,20150722,SXD,2.0695531,2.0695530999999998e-06,144858548447005.3,,,,0.028472818,0.00017311363,0,no,SpeX Spectrograph,ShortXD,merged_v346nor_sxd_20150722.txt,1.0
2457225.7856901,2457225.7462704,2015-07-22,20150722,LXD,2.069756,2.0697559999999997e-06,144844347836170.1,,,,0.032338627,0.0012274788,0,no,SpeX Spectrograph,LXD_short,merged_v346nor_lxd_20150722.txt,1.0
2457225.7462704,2457225.7462704,2015-07-22,20150722,SXD,2.069912,2.0699119999999998e-06,144833431566172.88,,,,0.028929686,0.00017378738,0,no,SpeX Spectrograph,ShortXD,merged_v346nor_sxd_20150722.txt,1.0
2457225.7856901,2457225.7462704,2015-07-22,20150722,LXD,2.0700552,2.0700552e-06,144823412438470.25,,,,0.031446397,0.0012245926,0,no,SpeX Spectrograph,LXD_short,merged_v346nor_lxd_20150722.txt,1.0
2457225.7462704,2457225.7462704,2015-07-22,20150722,SXD,2.070271,2.0702709999999997e-06,144808316399157.44,,,,0.028864738,0.00017171921,0,no,SpeX Spectrograph,ShortXD,merged_v346nor_sxd_20150722.txt,1.0
2457225.7856901,2457225.7462704,2015-07-22,20150722,LXD,2.0703547,2.0703547e-06,144802462109511.94,,,,0.030579051,0.0012026004,0,no,SpeX Spectrograph,LXD_short,merged_v346nor_lxd_20150722.txt,1.0
2457225.7462704,2457225.7462704,2015-07-22,20150722,SXD,2.0706301,2.0706300999999996e-06,144783202948706.3,,,,0.028904714,0.00017108562,0,no,SpeX Spectrograph,ShortXD,merged_v346nor_sxd_20150722.txt,1.0
2457225.7856901,2457225.7462704,2015-07-22,20150722,LXD,2.0706542,2.0706542e-06,144781517841076.53,,,,0.033535153,0.0011954313,0,no,SpeX Spectrograph,LXD_short,merged_v346nor_lxd_20150722.txt,1.0
2457225.7856901,2457225.7462704,2015-07-22,20150722,LXD,2.0709536,2.0709536e-06,144760586620579.03,,,,0.03031395,0.0011766386,0,no,SpeX Spectrograph,LXD_short,merged_v346nor_lxd_20150722.txt,1.0
2457225.7462704,2457225.7462704,2015-07-22,20150722,SXD,2.0709891,2.0709890999999996e-06,144758105197173.7,,,,0.028898843,0.00017174646,0,no,SpeX Spectrograph,ShortXD,merged_v346nor_sxd_20150722.txt,1.0
2457225.7856901,2457225.7462704,2015-07-22,20150722,LXD,2.0712528,2.0712528e-06,144739675427354.9,,,,0.03092958,0.0011627282,0,no,SpeX Spectrograph,LXD_short,merged_v346nor_lxd_20150722.txt,1.0
2457225.7462704,2457225.7462704,2015-07-22,20150722,SXD,2.0713482,2.0713482e-06,144733009157996.72,,,,0.028862869,0.00017225434,0,no,SpeX Spectrograph,ShortXD,merged_v346nor_sxd_20150722.txt,1.0
2457225.7856901,2457225.7462704,2015-07-22,20150722,LXD,2.0715523,2.0715523e-06,144718749316635.66,,,,0.028116683,0.0011667662,0,no,SpeX Spectrograph,LXD_short,merged_v346nor_lxd_20150722.txt,1.0
2457225.7462704,2457225.7462704,2015-07-22,20150722,SXD,2.0717072,2.0717072e-06,144707928803838.7,,,,0.028818393,0.00018505749,0,no,SpeX Spectrograph,ShortXD,merged_v346nor_sxd_20150722.txt,1.0
2457225.7856901,2457225.7462704,2015-07-22,20150722,LXD,2.0718517,2.0718516999999997e-06,144697836239920.1,,,,0.031410761,0.0011248561,0,no,SpeX Spectrograph,LXD_short,merged_v346nor_lxd_20150722.txt,1.0
2457225.7462704,2457225.7462704,2015-07-22,20150722,SXD,2.0720663,2.0720662999999998e-06,144682850157835.22,,,,0.028936712,0.00021348758,0,no,SpeX Spectrograph,ShortXD,merged_v346nor_sxd_20150722.txt,1.0
2457225.7856901,2457225.7462704,2015-07-22,20150722,LXD,2.0721509,2.0721509e-06,144676943170499.78,,,,0.028593464,0.0011485332,0,no,SpeX Spectrograph,LXD_short,merged_v346nor_lxd_20150722.txt,1.0
2457225.7462704,2457225.7462704,2015-07-22,20150722,SXD,2.0724251,2.0724251e-06,144657801143211.4,,,,0.029548554,0.00023877306,0,no,SpeX Spectrograph,ShortXD,merged_v346nor_sxd_20150722.txt,1.0
2457225.7856901,2457225.7462704,2015-07-22,20150722,LXD,2.0724504,2.0724504e-06,144656035193894.12,,,,0.030589396,0.0011567563,0,no,SpeX Spectrograph,LXD_short,merged_v346nor_lxd_20150722.txt,1.0
2457225.7856901,2457225.7462704,2015-07-22,20150722,LXD,2.0727499,2.0727499e-06,144635133259444.38,,,,0.031453706,0.0011591588,0,no,SpeX Spectrograph,LXD_short,merged_v346nor_lxd_20150722.txt,1.0
2457225.7462704,2457225.7462704,2015-07-22,20150722,SXD,2.0727842,2.0727842e-06,144632739867469.06,,,,0.030068368,0.00024915981,0,no,SpeX Spectrograph,ShortXD,merged_v346nor_sxd_20150722.txt,1.0
2457225.7856901,2457225.7462704,2015-07-22,20150722,LXD,2.0730491,2.0730490999999997e-06,144614258292290.34,,,,0.032191727,0.0011592944,0,no,SpeX Spectrograph,LXD_short,merged_v346nor_lxd_20150722.txt,1.0
2457225.7462704,2457225.7462704,2015-07-22,20150722,SXD,2.0731432,2.0731432e-06,144607694249003.16,,,,0.030594742,0.0002445163,0,no,SpeX Spectrograph,ShortXD,merged_v346nor_sxd_20150722.txt,1.0
2457225.7856901,2457225.7462704,2015-07-22,20150722,LXD,2.0733485,2.0733485e-06,144593375402157.44,,,,0.031019533,0.0011438929,0,no,SpeX Spectrograph,LXD_short,merged_v346nor_lxd_20150722.txt,1.0
2457225.7462704,2457225.7462704,2015-07-22,20150722,SXD,2.0735023,2.0735023e-06,144582650330313.12,,,,0.030429834,0.00022759495,0,no,SpeX Spectrograph,ShortXD,merged_v346nor_sxd_20150722.txt,1.0
2457225.7856901,2457225.7462704,2015-07-22,20150722,LXD,2.0736477,2.0736476999999997e-06,144572512486089.16,,,,0.033539351,0.001111737,0,no,SpeX Spectrograph,LXD_short,merged_v346nor_lxd_20150722.txt,1.0
2457225.7462704,2457225.7462704,2015-07-22,20150722,SXD,2.0738611,2.0738610999999997e-06,144557635995969.1,,,,0.030336833,0.00019536988,0,no,SpeX Spectrograph,ShortXD,merged_v346nor_sxd_20150722.txt,1.0
2457225.7856901,2457225.7462704,2015-07-22,20150722,LXD,2.0739472,2.0739472e-06,144551634679995.72,,,,0.03133465,0.0010767991,0,no,SpeX Spectrograph,LXD_short,merged_v346nor_lxd_20150722.txt,1.0
2457225.7462704,2457225.7462704,2015-07-22,20150722,SXD,2.0742202,2.0742202e-06,144532609411479.06,,,,0.029819682,0.00017661774,0,no,SpeX Spectrograph,ShortXD,merged_v346nor_sxd_20150722.txt,1.0
2457225.7856901,2457225.7462704,2015-07-22,20150722,LXD,2.0742464,2.0742463999999997e-06,144530783806591.2,,,,0.033522286,0.0010596631,0,no,SpeX Spectrograph,LXD_short,merged_v346nor_lxd_20150722.txt,1.0
2457225.7856901,2457225.7462704,2015-07-22,20150722,LXD,2.0745459,2.0745459e-06,144509918050017.6,,,,0.031204881,0.0010664077,0,no,SpeX Spectrograph,LXD_short,merged_v346nor_lxd_20150722.txt,1.0
2457225.7462704,2457225.7462704,2015-07-22,20150722,SXD,2.0745792,2.0745792e-06,144507598456593.03,,,,0.029268622,0.0001691183,0,no,SpeX Spectrograph,ShortXD,merged_v346nor_sxd_20150722.txt,1.0
2457225.7856901,2457225.7462704,2015-07-22,20150722,LXD,2.0748451,2.0748451e-06,144489079208852.75,,,,0.03135867,0.0010676172,0,no,SpeX Spectrograph,LXD_short,merged_v346nor_lxd_20150722.txt,1.0
2457225.7462704,2457225.7462704,2015-07-22,20150722,SXD,2.0749381,2.0749380999999995e-06,144482603119582.25,,,,0.029016914,0.00016536127,0,no,SpeX Spectrograph,ShortXD,merged_v346nor_sxd_20150722.txt,1.0
2457225.7856901,2457225.7462704,2015-07-22,20150722,LXD,2.0751445,2.0751445e-06,144468232453209.9,,,,0.030403825,0.0010423013,0,no,SpeX Spectrograph,LXD_short,merged_v346nor_lxd_20150722.txt,1.0
2457225.7462704,2457225.7462704,2015-07-22,20150722,SXD,2.0752971,2.0752970999999995e-06,144457609467097.53,,,,0.028920742,0.00016297751,0,no,SpeX Spectrograph,ShortXD,merged_v346nor_sxd_20150722.txt,1.0
2457225.7856901,2457225.7462704,2015-07-22,20150722,LXD,2.0754437,2.0754437e-06,144447405631865.6,,,,0.030426761,0.0010376772,0,no,SpeX Spectrograph,LXD_short,merged_v346nor_lxd_20150722.txt,1.0
2457225.7462704,2457225.7462704,2015-07-22,20150722,SXD,2.0756562,2.0756562e-06,144432617501877.25,,,,0.029043142,0.00016630086,0,no,SpeX Spectrograph,ShortXD,merged_v346nor_sxd_20150722.txt,1.0
2457225.7856901,2457225.7462704,2015-07-22,20150722,LXD,2.0757432,2.0757432e-06,144426563941050.12,,,,0.030586656,0.001016601,0,no,SpeX Spectrograph,LXD_short,merged_v346nor_lxd_20150722.txt,1.0
2457225.7462704,2457225.7462704,2015-07-22,20150722,SXD,2.076015,2.076015e-06,144407655050661.97,,,,0.029482618,0.00016178226,0,no,SpeX Spectrograph,ShortXD,merged_v346nor_sxd_20150722.txt,1.0
2457225.7856901,2457225.7462704,2015-07-22,20150722,LXD,2.0760424,2.0760423999999998e-06,144405749131135.28,,,,0.031369131,0.0010009563,0,no,SpeX Spectrograph,LXD_short,merged_v346nor_lxd_20150722.txt,1.0
2457225.7856901,2457225.7462704,2015-07-22,20150722,LXD,2.0763416,2.0763416e-06,144384940320032.12,,,,0.031327162,0.0010132866,0,no,SpeX Spectrograph,LXD_short,merged_v346nor_lxd_20150722.txt,1.0
2457225.7462704,2457225.7462704,2015-07-22,20150722,SXD,2.0763741,2.0763741e-06,144382680365739.5,,,,0.028969789,0.00015938132,0,no,SpeX Spectrograph,ShortXD,merged_v346nor_sxd_20150722.txt,1.0
2457225.7856901,2457225.7462704,2015-07-22,20150722,LXD,2.0766411,2.0766410999999997e-06,144364116649718.66,,,,0.030898368,0.00098523055,0,no,SpeX Spectrograph,LXD_short,merged_v346nor_lxd_20150722.txt,1.0
2457225.7462704,2457225.7462704,2015-07-22,20150722,SXD,2.0767331,2.0767331e-06,144357721269045.1,,,,0.029209439,0.00016096966,0,no,SpeX Spectrograph,ShortXD,merged_v346nor_sxd_20150722.txt,1.0
2457225.7856901,2457225.7462704,2015-07-22,20150722,LXD,2.0769403,2.0769403e-06,144343319834469.97,,,,0.030541554,0.00099033595,0,no,SpeX Spectrograph,LXD_short,merged_v346nor_lxd_20150722.txt,1.0
2457225.7462704,2457225.7462704,2015-07-22,20150722,SXD,2.0770919,2.0770919e-06,144332784697682.38,,,,0.02939162,0.00016362951,0,no,SpeX Spectrograph,ShortXD,merged_v346nor_sxd_20150722.txt,1.0
2457225.7856901,2457225.7462704,2015-07-22,20150722,LXD,2.0772395,2.0772395e-06,144322529010256.16,,,,0.029864745,0.00098450261,0,no,SpeX Spectrograph,LXD_short,merged_v346nor_lxd_20150722.txt,1.0
2457225.7462704,2457225.7462704,2015-07-22,20150722,SXD,2.077451,2.0774509999999997e-06,144307835900822.72,,,,0.029457379,0.00015997198,0,no,SpeX Spectrograph,ShortXD,merged_v346nor_sxd_20150722.txt,1.0
2457225.7856901,2457225.7462704,2015-07-22,20150722,LXD,2.077539,2.0775389999999996e-06,144301723337083.0,,,,0.031009415,0.00098375475,0,no,SpeX Spectrograph,LXD_short,merged_v346nor_lxd_20150722.txt,1.0
2457225.7462704,2457225.7462704,2015-07-22,20150722,SXD,2.0778098,2.0778098e-06,144282916559542.66,,,,0.029984113,0.00016228466,0,no,SpeX Spectrograph,ShortXD,merged_v346nor_sxd_20150722.txt,1.0
2457225.7856901,2457225.7462704,2015-07-22,20150722,LXD,2.0778382,2.0778382e-06,144280944493175.66,,,,0.033239678,0.00097661535,0,no,SpeX Spectrograph,LXD_short,merged_v346nor_lxd_20150722.txt,1.0
2457225.7856901,2457225.7462704,2015-07-22,20150722,LXD,2.0781374,2.0781374e-06,144260171632539.78,,,,0.031349655,0.00095093681,0,no,SpeX Spectrograph,LXD_short,merged_v346nor_lxd_20150722.txt,1.0
2457225.7462704,2457225.7462704,2015-07-22,20150722,SXD,2.0781689,2.0781689e-06,144257984998235.7,,,,0.029898496,0.00015941339,0,no,SpeX Spectrograph,ShortXD,merged_v346nor_sxd_20150722.txt,1.0
2457225.7856901,2457225.7462704,2015-07-22,20150722,LXD,2.0784366,2.0784365999999997e-06,144239404752591.47,,,,0.033189826,0.00092204433,0,no,SpeX Spectrograph,LXD_short,merged_v346nor_lxd_20150722.txt,1.0
2457225.7462704,2457225.7462704,2015-07-22,20150722,SXD,2.0785277,2.0785276999999998e-06,144233082869186.7,,,,0.029713064,0.00015257993,0,no,SpeX Spectrograph,ShortXD,merged_v346nor_sxd_20150722.txt,1.0
2457225.7856901,2457225.7462704,2015-07-22,20150722,LXD,2.0787361,2.0787360999999998e-06,144218623037335.06,,,,0.030684859,0.00090988644,0,no,SpeX Spectrograph,LXD_short,merged_v346nor_lxd_20150722.txt,1.0
2457225.7462704,2457225.7462704,2015-07-22,20150722,SXD,2.0788867,2.0788866999999997e-06,144208175462376.1,,,,0.029617883,0.00015142285,0,no,SpeX Spectrograph,ShortXD,merged_v346nor_sxd_20150722.txt,1.0
2457225.7856901,2457225.7462704,2015-07-22,20150722,LXD,2.0790353,2.0790353e-06,144197868117006.0,,,,0.030053839,0.00088243914,0,no,SpeX Spectrograph,LXD_short,merged_v346nor_lxd_20150722.txt,1.0
2457225.7462704,2457225.7462704,2015-07-22,20150722,SXD,2.0792456,2.0792456e-06,144183283590933.16,,,,0.029714398,0.00014880463,0,no,SpeX Spectrograph,ShortXD,merged_v346nor_sxd_20150722.txt,1.0
2457225.7856901,2457225.7462704,2015-07-22,20150722,LXD,2.0793345,2.0793345e-06,144177119169618.94,,,,0.032196548,0.00090427691,0,no,SpeX Spectrograph,LXD_short,merged_v346nor_lxd_20150722.txt,1.0
2457225.7462704,2457225.7462704,2015-07-22,20150722,SXD,2.0796046,2.0796046e-06,144158393379202.94,,,,0.029758472,0.0001496616,0,no,SpeX Spectrograph,ShortXD,merged_v346nor_sxd_20150722.txt,1.0
2457225.7856901,2457225.7462704,2015-07-22,20150722,LXD,2.0796337,2.0796337e-06,144156376192595.84,,,,0.030703707,0.00086650305,0,no,SpeX Spectrograph,LXD_short,merged_v346nor_lxd_20150722.txt,1.0
2457225.7856901,2457225.7462704,2015-07-22,20150722,LXD,2.0799329,2.0799329e-06,144135639183360.2,,,,0.031266984,0.00086191576,0,no,SpeX Spectrograph,LXD_short,merged_v346nor_lxd_20150722.txt,1.0
2457225.7462704,2457225.7462704,2015-07-22,20150722,SXD,2.0799634,2.0799633999999998e-06,144133525618768.12,,,,0.029868942,0.00015084527,0,no,SpeX Spectrograph,ShortXD,merged_v346nor_sxd_20150722.txt,1.0
2457225.7856901,2457225.7462704,2015-07-22,20150722,LXD,2.0802324,2.0802324e-06,144114887355855.06,,,,0.031966656,0.000865835,0,no,SpeX Spectrograph,LXD_short,merged_v346nor_lxd_20150722.txt,1.0
2457225.7462704,2457225.7462704,2015-07-22,20150722,SXD,2.0803225,2.0803224999999997e-06,144108645654700.2,,,,0.029746395,0.00015262903,0,no,SpeX Spectrograph,ShortXD,merged_v346nor_sxd_20150722.txt,1.0
2457225.7856901,2457225.7462704,2015-07-22,20150722,LXD,2.0805316,2.0805316e-06,144094162280447.94,,,,0.032645918,0.00087246345,0,no,SpeX Spectrograph,LXD_short,merged_v346nor_lxd_20150722.txt,1.0
2457225.7462704,2457225.7462704,2015-07-22,20150722,SXD,2.0806813,2.0806813e-06,144083795053091.5,,,,0.029844087,0.00015676541,0,no,SpeX Spectrograph,ShortXD,merged_v346nor_sxd_20150722.txt,1.0
2457225.7856901,2457225.7462704,2015-07-22,20150722,LXD,2.0808308,2.0808308e-06,144073443165105.03,,,,0.033845898,0.00086913048,0,no,SpeX Spectrograph,LXD_short,merged_v346nor_lxd_20150722.txt,1.0
2457225.7462704,2457225.7462704,2015-07-22,20150722,SXD,2.0810401,2.0810401e-06,144058953020655.4,,,,0.02972113,0.00015426388,0,no,SpeX Spectrograph,ShortXD,merged_v346nor_sxd_20150722.txt,1.0
2457225.7856901,2457225.7462704,2015-07-22,20150722,LXD,2.08113,2.08113e-06,144052730007255.7,,,,0.028895611,0.00087557267,0,no,SpeX Spectrograph,LXD_short,merged_v346nor_lxd_20150722.txt,1.0
2457225.7462704,2457225.7462704,2015-07-22,20150722,SXD,2.0813992,2.0813991999999997e-06,144034098792773.66,,,,0.029917844,0.00015611322,0,no,SpeX Spectrograph,ShortXD,merged_v346nor_sxd_20150722.txt,1.0
2457225.7856901,2457225.7462704,2015-07-22,20150722,LXD,2.0814292,2.0814292e-06,144032022804330.78,,,,0.030948365,0.00087175821,0,no,SpeX Spectrograph,LXD_short,merged_v346nor_lxd_20150722.txt,1.0
2457225.7856901,2457225.7462704,2015-07-22,20150722,LXD,2.0817285,2.0817285e-06,144011314635890.3,,,,0.03180664,0.00087599154,0,no,SpeX Spectrograph,LXD_short,merged_v346nor_lxd_20150722.txt,1.0
2457225.7462704,2457225.7462704,2015-07-22,20150722,SXD,2.081758,2.0817580000000002e-06,144009273892546.56,,,,0.030115077,0.00015680668,0,no,SpeX Spectrograph,ShortXD,merged_v346nor_sxd_20150722.txt,1.0
2457225.7856901,2457225.7462704,2015-07-22,20150722,LXD,2.0820277,2.0820277e-06,143990619337101.06,,,,0.031587694,0.00088218978,0,no,SpeX Spectrograph,LXD_short,merged_v346nor_lxd_20150722.txt,1.0
2457225.7462704,2457225.7462704,2015-07-22,20150722,SXD,2.0821171,2.0821171e-06,143984436802329.7,,,,0.030024342,0.00015829585,0,no,SpeX Spectrograph,ShortXD,merged_v346nor_sxd_20150722.txt,1.0
2457225.7856901,2457225.7462704,2015-07-22,20150722,LXD,2.0823269,2.0823268999999997e-06,143969929985536.88,,,,0.030690769,0.00088923017,0,no,SpeX Spectrograph,LXD_short,merged_v346nor_lxd_20150722.txt,1.0
2457225.7462704,2457225.7462704,2015-07-22,20150722,SXD,2.0824759,2.0824759e-06,143959629016595.12,,,,0.029878685,0.00015813913,0,no,SpeX Spectrograph,ShortXD,merged_v346nor_sxd_20150722.txt,1.0
2457225.7856901,2457225.7462704,2015-07-22,20150722,LXD,2.0826261,2.0826261e-06,143949246578634.53,,,,0.033494253,0.00088897912,0,no,SpeX Spectrograph,LXD_short,merged_v346nor_lxd_20150722.txt,1.0
2457225.7462704,2457225.7462704,2015-07-22,20150722,SXD,2.0828347,2.0828347e-06,143934829777898.38,,,,0.029808845,0.00015758103,0,no,SpeX Spectrograph,ShortXD,merged_v346nor_sxd_20150722.txt,1.0
2457225.7856901,2457225.7462704,2015-07-22,20150722,LXD,2.0829253,2.0829253e-06,143928569113832.38,,,,0.03159003,0.00089235196,0,no,SpeX Spectrograph,LXD_short,merged_v346nor_lxd_20150722.txt,1.0
2457225.7462704,2457225.7462704,2015-07-22,20150722,SXD,2.0831938,2.0831938e-06,143910018357389.5,,,,0.02981245,0.00015656803,0,no,SpeX Spectrograph,ShortXD,merged_v346nor_sxd_20150722.txt,1.0
2457225.7856901,2457225.7462704,2015-07-22,20150722,LXD,2.0832245,2.0832244999999997e-06,143907897588570.03,,,,0.031487882,0.00088878052,0,no,SpeX Spectrograph,LXD_short,merged_v346nor_lxd_20150722.txt,1.0
2457225.7856901,2457225.7462704,2015-07-22,20150722,LXD,2.0835238,2.0835238e-06,143887225094332.97,,,,0.032278765,0.00088344945,0,no,SpeX Spectrograph,LXD_short,merged_v346nor_lxd_20150722.txt,1.0
2457225.7462704,2457225.7462704,2015-07-22,20150722,SXD,2.0835526,2.0835526e-06,143885236206659.72,,,,0.030064825,0.00015591906,0,no,SpeX Spectrograph,ShortXD,merged_v346nor_sxd_20150722.txt,1.0
2457225.7856901,2457225.7462704,2015-07-22,20150722,LXD,2.083823,2.0838230000000003e-06,143866565442458.38,,,,0.032370407,0.0008834374,0,no,SpeX Spectrograph,LXD_short,merged_v346nor_lxd_20150722.txt,1.0
2457225.7462704,2457225.7462704,2015-07-22,20150722,SXD,2.0839114,2.0839114e-06,143860462589724.3,,,,0.029990561,0.00015413341,0,no,SpeX Spectrograph,ShortXD,merged_v346nor_sxd_20150722.txt,1.0
2457225.7856901,2457225.7462704,2015-07-22,20150722,LXD,2.0841222,2.0841221999999997e-06,143845911722450.84,,,,0.032414213,0.00090131751,0,no,SpeX Spectrograph,LXD_short,merged_v346nor_lxd_20150722.txt,1.0
2457225.7462704,2457225.7462704,2015-07-22,20150722,SXD,2.0842702,2.0842702e-06,143835697502176.06,,,,0.030294491,0.00015595983,0,no,SpeX Spectrograph,ShortXD,merged_v346nor_sxd_20150722.txt,1.0
2457225.7856901,2457225.7462704,2015-07-22,20150722,LXD,2.0844212,2.0844211999999997e-06,143825277731775.16,,,,0.032895818,0.00090885273,0,no,SpeX Spectrograph,LXD_short,merged_v346nor_lxd_20150722.txt,1.0
2457225.7462704,2457225.7462704,2015-07-22,20150722,SXD,2.0846293,2.0846293e-06,143810920243709.53,,,,0.030385803,0.00015778918,0,no,SpeX Spectrograph,ShortXD,merged_v346nor_sxd_20150722.txt,1.0
2457225.7856901,2457225.7462704,2015-07-22,20150722,LXD,2.0847204,2.0847204e-06,143804635863878.9,,,,0.03235941,0.00090393459,0,no,SpeX Spectrograph,LXD_short,merged_v346nor_lxd_20150722.txt,1.0
2457225.7462704,2457225.7462704,2015-07-22,20150722,SXD,2.0849881,2.0849881e-06,143786172208848.6,,,,0.030431677,0.00016364477,0,no,SpeX Spectrograph,ShortXD,merged_v346nor_sxd_20150722.txt,1.0
2457225.7856901,2457225.7462704,2015-07-22,20150722,LXD,2.0850196,2.0850196e-06,143783999920192.6,,,,0.031217782,0.00089958461,0,no,SpeX Spectrograph,LXD_short,merged_v346nor_lxd_20150722.txt,1.0
2457225.7856901,2457225.7462704,2015-07-22,20150722,LXD,2.0853188,2.0853187999999998e-06,143763369898166.2,,,,0.032492954,0.00089318905,0,no,SpeX Spectrograph,LXD_short,merged_v346nor_lxd_20150722.txt,1.0
2457225.7462704,2457225.7462704,2015-07-22,20150722,SXD,2.0853469,2.0853468999999996e-06,143761432690167.78,,,,0.030461274,0.00017459461,0,no,SpeX Spectrograph,ShortXD,merged_v346nor_sxd_20150722.txt,1.0
2457225.7856901,2457225.7462704,2015-07-22,20150722,LXD,2.085618,2.085618e-06,143742745795251.1,,,,0.033301383,0.0008860486,0,no,SpeX Spectrograph,LXD_short,merged_v346nor_lxd_20150722.txt,1.0
2457225.7462704,2457225.7462704,2015-07-22,20150722,SXD,2.0857058,2.0857057999999996e-06,143736694791758.28,,,,0.030391484,0.00017629926,0,no,SpeX Spectrograph,ShortXD,merged_v346nor_sxd_20150722.txt,1.0
2457225.7856901,2457225.7462704,2015-07-22,20150722,LXD,2.085917,2.0859169999999996e-06,143722141389134.88,,,,0.031888042,0.00089324202,0,no,SpeX Spectrograph,LXD_short,merged_v346nor_lxd_20150722.txt,1.0
2457225.7462704,2457225.7462704,2015-07-22,20150722,SXD,2.0860648,2.0860648e-06,143711958516341.38,,,,0.030598775,0.00017635267,0,no,SpeX Spectrograph,ShortXD,merged_v346nor_sxd_20150722.txt,1.0
2457225.7856901,2457225.7462704,2015-07-22,20150722,LXD,2.0862162,2.0862162e-06,143701529112850.34,,,,0.031915355,0.00087789685,0,no,SpeX Spectrograph,LXD_short,merged_v346nor_lxd_20150722.txt,1.0
2457225.7462704,2457225.7462704,2015-07-22,20150722,SXD,2.0864236,2.0864235999999997e-06,143687244526950.34,,,,0.030220091,0.00017340138,0,no,SpeX Spectrograph,ShortXD,merged_v346nor_sxd_20150722.txt,1.0
2457225.7856901,2457225.7462704,2015-07-22,20150722,LXD,2.0865154,2.0865154000000002e-06,143680922748042.0,,,,0.032882433,0.00086625962,0,no,SpeX Spectrograph,LXD_short,merged_v346nor_lxd_20150722.txt,1.0
2457225.7462704,2457225.7462704,2015-07-22,20150722,SXD,2.0867825,2.0867824999999997e-06,143662532151769.56,,,,0.030181939,0.00016725651,0,no,SpeX Spectrograph,ShortXD,merged_v346nor_sxd_20150722.txt,1.0
2457225.7856901,2457225.7462704,2015-07-22,20150722,LXD,2.0868146,2.0868145999999997e-06,143660322292167.22,,,,0.031589512,0.00087864103,0,no,SpeX Spectrograph,LXD_short,merged_v346nor_lxd_20150722.txt,1.0
2457225.7856901,2457225.7462704,2015-07-22,20150722,LXD,2.0871136,2.0871135999999997e-06,143639741507122.6,,,,0.032070067,0.0008437552,0,no,SpeX Spectrograph,LXD_short,merged_v346nor_lxd_20150722.txt,1.0
2457225.7462704,2457225.7462704,2015-07-22,20150722,SXD,2.0871413,2.0871412999999998e-06,143637835157590.94,,,,0.029463321,0.00015936169,0,no,SpeX Spectrograph,ShortXD,merged_v346nor_sxd_20150722.txt,1.0
2457225.7856901,2457225.7462704,2015-07-22,20150722,LXD,2.0874128,2.0874128e-06,143619152857546.9,,,,0.031500809,0.00083412364,0,no,SpeX Spectrograph,LXD_short,merged_v346nor_lxd_20150722.txt,1.0
2457225.7462704,2457225.7462704,2015-07-22,20150722,SXD,2.0875001,2.0875001000000003e-06,143613146653262.4,,,,0.030482633,0.00015973403,0,no,SpeX Spectrograph,ShortXD,merged_v346nor_sxd_20150722.txt,1.0
2457225.7856901,2457225.7462704,2015-07-22,20150722,LXD,2.087712,2.087712e-06,143598570109287.12,,,,0.032473285,0.0008359662,0,no,SpeX Spectrograph,LXD_short,merged_v346nor_lxd_20150722.txt,1.0
2457225.7462704,2457225.7462704,2015-07-22,20150722,SXD,2.0878589,2.0878589e-06,143588466634407.16,,,,0.030468967,0.00016503011,0,no,SpeX Spectrograph,ShortXD,merged_v346nor_sxd_20150722.txt,1.0
2457225.7856901,2457225.7462704,2015-07-22,20150722,LXD,2.088011,2.088011e-06,143578007012415.2,,,,0.033412948,0.00083251466,0,no,SpeX Spectrograph,LXD_short,merged_v346nor_lxd_20150722.txt,1.0
2457225.7462704,2457225.7462704,2015-07-22,20150722,SXD,2.0882177,2.0882177e-06,143563795096651.1,,,,0.03062764,0.00015565018,0,no,SpeX Spectrograph,ShortXD,merged_v346nor_sxd_20150722.txt,1.0
2457225.7856901,2457225.7462704,2015-07-22,20150722,LXD,2.0883102,2.0883101999999997e-06,143557436055237.4,,,,0.032786485,0.00083496538,0,no,SpeX Spectrograph,LXD_short,merged_v346nor_lxd_20150722.txt,1.0
2457225.7462704,2457225.7462704,2015-07-22,20150722,SXD,2.0885766,2.0885766e-06,143539125163041.66,,,,0.030499255,0.00015490995,0,no,SpeX Spectrograph,ShortXD,merged_v346nor_sxd_20150722.txt,1.0
2457225.7856901,2457225.7462704,2015-07-22,20150722,LXD,2.0886095,2.0886095e-06,143536864119405.75,,,,0.032064591,0.00084708643,0,no,SpeX Spectrograph,LXD_short,merged_v346nor_lxd_20150722.txt,1.0
2457225.7856901,2457225.7462704,2015-07-22,20150722,LXD,2.0889084,2.0889084e-06,143516325560278.28,,,,0.032765593,0.00083116826,0,no,SpeX Spectrograph,LXD_short,merged_v346nor_lxd_20150722.txt,1.0
2457225.7462704,2457225.7462704,2015-07-22,20150722,SXD,2.0889356,2.0889356e-06,143514456836295.0,,,,0.030848084,0.00015447839,0,no,SpeX Spectrograph,ShortXD,merged_v346nor_sxd_20150722.txt,1.0
2457225.7856901,2457225.7462704,2015-07-22,20150722,LXD,2.0892076,2.0892076e-06,143495772272702.8,,,,0.03282987,0.00082410843,0,no,SpeX Spectrograph,LXD_short,merged_v346nor_lxd_20150722.txt,1.0
2457225.7462704,2457225.7462704,2015-07-22,20150722,SXD,2.0892944,2.0892944e-06,143489810722701.4,,,,0.030549582,0.00015450305,0,no,SpeX Spectrograph,ShortXD,merged_v346nor_sxd_20150722.txt,1.0
2457225.7856901,2457225.7462704,2015-07-22,20150722,LXD,2.0895066,2.0895066e-06,143475238604175.75,,,,0.032729119,0.00082943251,0,no,SpeX Spectrograph,LXD_short,merged_v346nor_lxd_20150722.txt,1.0
2457225.7462704,2457225.7462704,2015-07-22,20150722,SXD,2.0896533,2.0896533e-06,143465166207236.38,,,,0.030539617,0.00015709373,0,no,SpeX Spectrograph,ShortXD,merged_v346nor_sxd_20150722.txt,1.0
2457225.7856901,2457225.7462704,2015-07-22,20150722,LXD,2.0898058,2.0898058e-06,143454697082379.6,,,,0.033308335,0.00083146006,0,no,SpeX Spectrograph,LXD_short,merged_v346nor_lxd_20150722.txt,1.0
2457225.7462704,2457225.7462704,2015-07-22,20150722,SXD,2.0900121,2.0900120999999997e-06,143440537018900.53,,,,0.030747019,0.00016908046,0,no,SpeX Spectrograph,ShortXD,merged_v346nor_sxd_20150722.txt,1.0
2457225.7856901,2457225.7462704,2015-07-22,20150722,LXD,2.0901048,2.0901048e-06,143434175166718.9,,,,0.033189129,0.00083184609,0,no,SpeX Spectrograph,LXD_short,merged_v346nor_lxd_20150722.txt,1.0
2457225.7462704,2457225.7462704,2015-07-22,20150722,SXD,2.0903709,2.0903709e-06,143415916285478.34,,,,0.031018924,0.00018198049,0,no,SpeX Spectrograph,ShortXD,merged_v346nor_sxd_20150722.txt,1.0
2457225.7856901,2457225.7462704,2015-07-22,20150722,LXD,2.090404,2.090404e-06,143413645400602.0,,,,0.032418616,0.00083549914,0,no,SpeX Spectrograph,LXD_short,merged_v346nor_lxd_20150722.txt,1.0
2457225.7856901,2457225.7462704,2015-07-22,20150722,LXD,2.090703,2.090703e-06,143393135227720.06,,,,0.033684544,0.00083695655,0,no,SpeX Spectrograph,LXD_short,merged_v346nor_lxd_20150722.txt,1.0
2457225.7462704,2457225.7462704,2015-07-22,20150722,SXD,2.0907297,2.0907297e-06,143391304002616.9,,,,0.030862113,0.00018525572,0,no,SpeX Spectrograph,ShortXD,merged_v346nor_sxd_20150722.txt,1.0
2457225.7856901,2457225.7462704,2015-07-22,20150722,LXD,2.0910022,2.0910022e-06,143372617207193.75,,,,0.032620545,0.0008300959,0,no,SpeX Spectrograph,LXD_short,merged_v346nor_lxd_20150722.txt,1.0
2457225.7462704,2457225.7462704,2015-07-22,20150722,SXD,2.0910885,2.0910885e-06,143366700165966.2,,,,0.031261098,0.00018636584,0,no,SpeX Spectrograph,ShortXD,merged_v346nor_sxd_20150722.txt,1.0
2457225.7856901,2457225.7462704,2015-07-22,20150722,LXD,2.0913012,2.0913012e-06,143352118767014.53,,,,0.034173012,0.00083015062,0,no,SpeX Spectrograph,LXD_short,merged_v346nor_lxd_20150722.txt,1.0
2457225.7462704,2457225.7462704,2015-07-22,20150722,SXD,2.0914474,2.0914473999999996e-06,143342097917451.84,,,,0.031188004,0.00018170707,0,no,SpeX Spectrograph,ShortXD,merged_v346nor_sxd_20150722.txt,1.0
2457225.7856901,2457225.7462704,2015-07-22,20150722,LXD,2.0916004,2.0916003999999998e-06,143331612482001.84,,,,0.034633901,0.00081026834,0,no,SpeX Spectrograph,LXD_short,merged_v346nor_lxd_20150722.txt,1.0
2457225.7462704,2457225.7462704,2015-07-22,20150722,SXD,2.0918062,2.0918062e-06,143317510962535.62,,,,0.031460047,0.00017001496,0,no,SpeX Spectrograph,ShortXD,merged_v346nor_sxd_20150722.txt,1.0
2457225.7856901,2457225.7462704,2015-07-22,20150722,LXD,2.0918994,2.0918993999999998e-06,143311125764460.78,,,,0.033438448,0.0008051006,0,no,SpeX Spectrograph,LXD_short,merged_v346nor_lxd_20150722.txt,1.0
2457225.7462704,2457225.7462704,2015-07-22,20150722,SXD,2.092165,2.092165e-06,143292932440796.97,,,,0.030873746,0.00015866529,0,no,SpeX Spectrograph,ShortXD,merged_v346nor_sxd_20150722.txt,1.0
2457225.7856901,2457225.7462704,2015-07-22,20150722,LXD,2.0921984,2.0921983999999998e-06,143290644902510.22,,,,0.033735409,0.00080332661,0,no,SpeX Spectrograph,LXD_short,merged_v346nor_lxd_20150722.txt,1.0
2457225.7856901,2457225.7462704,2015-07-22,20150722,LXD,2.0924976,2.0924976e-06,143270156199940.2,,,,0.033757996,0.00081501686,0,no,SpeX Spectrograph,LXD_short,merged_v346nor_lxd_20150722.txt,1.0
2457225.7462704,2457225.7462704,2015-07-22,20150722,SXD,2.0925236,2.0925236e-06,143268376041254.7,,,,0.03132141,0.00016324528,0,no,SpeX Spectrograph,ShortXD,merged_v346nor_sxd_20150722.txt,1.0
2457225.7856901,2457225.7462704,2015-07-22,20150722,LXD,2.0927966,2.0927965999999996e-06,143249687045554.28,,,,0.034011099,0.00079679198,0,no,SpeX Spectrograph,LXD_short,merged_v346nor_lxd_20150722.txt,1.0
2457225.7462704,2457225.7462704,2015-07-22,20150722,SXD,2.0928824,2.0928824e-06,143243814368165.16,,,,0.031322677,0.00015606028,0,no,SpeX Spectrograph,ShortXD,merged_v346nor_sxd_20150722.txt,1.0
2457225.7856901,2457225.7462704,2015-07-22,20150722,LXD,2.0930958,2.0930958e-06,143229210053357.34,,,,0.034929976,0.00080598932,0,no,SpeX Spectrograph,LXD_short,merged_v346nor_lxd_20150722.txt,1.0
2457225.7462704,2457225.7462704,2015-07-22,20150722,SXD,2.0932412,2.0932412e-06,143219261115250.34,,,,0.031153759,0.00015469897,0,no,SpeX Spectrograph,ShortXD,merged_v346nor_sxd_20150722.txt,1.0
2457225.7856901,2457225.7462704,2015-07-22,20150722,LXD,2.0933948,2.0933948e-06,143208752596500.2,,,,0.034285408,0.00080864265,0,no,SpeX Spectrograph,LXD_short,merged_v346nor_lxd_20150722.txt,1.0
2457225.7462704,2457225.7462704,2015-07-22,20150722,SXD,2.0936,2.0935999999999997e-06,143194716278181.16,,,,0.031201698,0.00015458869,0,no,SpeX Spectrograph,ShortXD,merged_v346nor_sxd_20150722.txt,1.0
2457225.7856901,2457225.7462704,2015-07-22,20150722,LXD,2.0936937,2.0936937e-06,143188307821721.97,,,,0.031654112,0.00084054383,0,no,SpeX Spectrograph,LXD_short,merged_v346nor_lxd_20150722.txt,1.0
2457225.7462704,2457225.7462704,2015-07-22,20150722,SXD,2.0939589,2.0939589e-06,143170173015334.72,,,,0.031044811,0.00015388573,0,no,SpeX Spectrograph,ShortXD,merged_v346nor_sxd_20150722.txt,1.0
2457225.7856901,2457225.7462704,2015-07-22,20150722,LXD,2.0939927,2.0939926999999995e-06,143167862046510.5,,,,0.034376614,0.00080852461,0,no,SpeX Spectrograph,LXD_short,merged_v346nor_lxd_20150722.txt,1.0
2457225.7856901,2457225.7462704,2015-07-22,20150722,LXD,2.0942919,2.0942919e-06,143147408439100.6,,,,0.034061648,0.00080105959,0,no,SpeX Spectrograph,LXD_short,merged_v346nor_lxd_20150722.txt,1.0
2457225.7462704,2457225.7462704,2015-07-22,20150722,SXD,2.0943177,2.0943177e-06,143145644999323.66,,,,0.031119332,0.00016489833,0,no,SpeX Spectrograph,ShortXD,merged_v346nor_sxd_20150722.txt,1.0
2457225.7856901,2457225.7462704,2015-07-22,20150722,LXD,2.0945909,2.0945909e-06,143126974341385.72,,,,0.033135675,0.00077834865,0,no,SpeX Spectrograph,LXD_short,merged_v346nor_lxd_20150722.txt,1.0
2457225.7462704,2457225.7462704,2015-07-22,20150722,SXD,2.0946765,2.0946765e-06,143121125386187.3,,,,0.031289801,0.00015097461,0,no,SpeX Spectrograph,ShortXD,merged_v346nor_sxd_20150722.txt,1.0
2457225.7856901,2457225.7462704,2015-07-22,20150722,LXD,2.0948899,2.0948899e-06,143106546076717.47,,,,0.032857306,0.00077619904,0,no,SpeX Spectrograph,LXD_short,merged_v346nor_lxd_20150722.txt,1.0
2457225.7462704,2457225.7462704,2015-07-22,20150722,SXD,2.0950351,2.0950351e-06,143096627832154.22,,,,0.031343352,0.00015171403,0,no,SpeX Spectrograph,ShortXD,merged_v346nor_sxd_20150722.txt,1.0
2457225.7856901,2457225.7462704,2015-07-22,20150722,LXD,2.0951889,2.0951889e-06,143086123642598.53,,,,0.033102628,0.00076776178,0,no,SpeX Spectrograph,LXD_short,merged_v346nor_lxd_20150722.txt,1.0
2457225.7462704,2457225.7462704,2015-07-22,20150722,SXD,2.0953939,2.0953938999999998e-06,143072125007140.7,,,,0.031277411,0.00014898126,0,no,SpeX Spectrograph,ShortXD,merged_v346nor_sxd_20150722.txt,1.0
2457225.7856901,2457225.7462704,2015-07-22,20150722,LXD,2.0954881,2.0954880999999997e-06,143065693381890.38,,,,0.034514815,0.00076872669,0,no,SpeX Spectrograph,LXD_short,merged_v346nor_lxd_20150722.txt,1.0
2457225.7462704,2457225.7462704,2015-07-22,20150722,SXD,2.0957527,2.0957527e-06,143047630572061.3,,,,0.031381994,0.00015191711,0,no,SpeX Spectrograph,ShortXD,merged_v346nor_sxd_20150722.txt,1.0
2457225.7856901,2457225.7462704,2015-07-22,20150722,LXD,2.095787,2.0957869999999998e-06,143045289430653.03,,,,0.034500111,0.00076496706,0,no,SpeX Spectrograph,LXD_short,merged_v346nor_lxd_20150722.txt,1.0
2457225.7856901,2457225.7462704,2015-07-22,20150722,LXD,2.096086,2.096086e-06,143024884475159.88,,,,0.035329841,0.00076968438,0,no,SpeX Spectrograph,LXD_short,merged_v346nor_lxd_20150722.txt,1.0
2457225.7462704,2457225.7462704,2015-07-22,20150722,SXD,2.0961115,2.0961115e-06,143023144522607.7,,,,0.031409677,0.00015316768,0,no,SpeX Spectrograph,ShortXD,merged_v346nor_sxd_20150722.txt,1.0
2457225.7856901,2457225.7462704,2015-07-22,20150722,LXD,2.096385,2.096385e-06,143004485340240.44,,,,0.033966165,0.00077930372,0,no,SpeX Spectrograph,LXD_short,merged_v346nor_lxd_20150722.txt,1.0
2457225.7462704,2457225.7462704,2015-07-22,20150722,SXD,2.0964704,2.0964704e-06,142998660033549.72,,,,0.031579286,0.00015444738,0,no,SpeX Spectrograph,ShortXD,merged_v346nor_sxd_20150722.txt,1.0
2457225.7856901,2457225.7462704,2015-07-22,20150722,LXD,2.096684,2.096684e-06,142984092023404.56,,,,0.033154186,0.00077342149,0,no,SpeX Spectrograph,LXD_short,merged_v346nor_lxd_20150722.txt,1.0
2457225.7462704,2457225.7462704,2015-07-22,20150722,SXD,2.0968289,2.0968289e-06,142974211200541.9,,,,0.031361587,0.00015148024,0,no,SpeX Spectrograph,ShortXD,merged_v346nor_sxd_20150722.txt,1.0
2457225.7856901,2457225.7462704,2015-07-22,20150722,LXD,2.096983,2.0969829999999997e-06,142963704522163.53,,,,0.035373446,0.00076543359,0,no,SpeX Spectrograph,LXD_short,merged_v346nor_lxd_20150722.txt,1.0
2457225.7462704,2457225.7462704,2015-07-22,20150722,SXD,2.0971878,2.0971878e-06,142949743461219.84,,,,0.031626239,0.00015093424,0,no,SpeX Spectrograph,ShortXD,merged_v346nor_sxd_20150722.txt,1.0
2457225.7856901,2457225.7462704,2015-07-22,20150722,LXD,2.0972819,2.0972819e-06,142943329649676.6,,,,0.033696834,0.00076856738,0,no,SpeX Spectrograph,LXD_short,merged_v346nor_lxd_20150722.txt,1.0
2457225.7462704,2457225.7462704,2015-07-22,20150722,SXD,2.0975466,2.0975466e-06,142925290908912.34,,,,0.031250224,0.00014946031,0,no,SpeX Spectrograph,ShortXD,merged_v346nor_sxd_20150722.txt,1.0
2457225.7856901,2457225.7462704,2015-07-22,20150722,LXD,2.0975809,2.0975809e-06,142922953770221.7,,,,0.033708118,0.00076280761,0,no,SpeX Spectrograph,LXD_short,merged_v346nor_lxd_20150722.txt,1.0
2457225.7856901,2457225.7462704,2015-07-22,20150722,LXD,2.0978799,2.0978799e-06,142902583698904.78,,,,0.034286276,0.00077629735,0,no,SpeX Spectrograph,LXD_short,merged_v346nor_lxd_20150722.txt,1.0
2457225.7462704,2457225.7462704,2015-07-22,20150722,SXD,2.0979052,2.0979052e-06,142900860343927.84,,,,0.031658541,0.00015201262,0,no,SpeX Spectrograph,ShortXD,merged_v346nor_sxd_20150722.txt,1.0
2457225.7856901,2457225.7462704,2015-07-22,20150722,LXD,2.0981791,2.0981790999999997e-06,142882205813602.88,,,,0.032431722,0.00078473194,0,no,SpeX Spectrograph,LXD_short,merged_v346nor_lxd_20150722.txt,1.0
2457225.7462704,2457225.7462704,2015-07-22,20150722,SXD,2.098264,2.0982639999999997e-06,142876424510929.06,,,,0.031771451,0.0001551313,0,no,SpeX Spectrograph,ShortXD,merged_v346nor_sxd_20150722.txt,1.0
2457225.7856901,2457225.7462704,2015-07-22,20150722,LXD,2.0984781,2.0984780999999997e-06,142861847354995.06,,,,0.034137305,0.00079827837,0,no,SpeX Spectrograph,LXD_short,merged_v346nor_lxd_20150722.txt,1.0
2457225.7462704,2457225.7462704,2015-07-22,20150722,SXD,2.0986228,2.0986228e-06,142851997033483.12,,,,0.031775594,0.00015710917,0,no,SpeX Spectrograph,ShortXD,merged_v346nor_sxd_20150722.txt,1.0
2457225.7856901,2457225.7462704,2015-07-22,20150722,LXD,2.0987771,2.0987770999999996e-06,142841494697078.62,,,,0.033951942,0.00080479705,0,no,SpeX Spectrograph,LXD_short,merged_v346nor_lxd_20150722.txt,1.0
2457225.7462704,2457225.7462704,2015-07-22,20150722,SXD,2.0989816,2.0989816e-06,142827577907305.16,,,,0.031838156,0.00015583153,0,no,SpeX Spectrograph,ShortXD,merged_v346nor_sxd_20150722.txt,1.0
2457225.7856901,2457225.7462704,2015-07-22,20150722,LXD,2.099076,2.099076e-06,142821154641375.53,,,,0.035364054,0.00078847905,0,no,SpeX Spectrograph,LXD_short,merged_v346nor_lxd_20150722.txt,1.0
2457225.7462704,2457225.7462704,2015-07-22,20150722,SXD,2.0993402,2.0993401999999997e-06,142803180732689.28,,,,0.031591695,0.00015409591,0,no,SpeX Spectrograph,ShortXD,merged_v346nor_sxd_20150722.txt,1.0
2457225.7856901,2457225.7462704,2015-07-22,20150722,LXD,2.0993748,2.0993748e-06,142800827179596.53,,,,0.034586072,0.00077561144,0,no,SpeX Spectrograph,LXD_short,merged_v346nor_lxd_20150722.txt,1.0
2457225.7856901,2457225.7462704,2015-07-22,20150722,LXD,2.0996737,2.0996737e-06,142780498703203.28,,,,0.034995388,0.00076259265,0,no,SpeX Spectrograph,LXD_short,merged_v346nor_lxd_20150722.txt,1.0
2457225.7462704,2457225.7462704,2015-07-22,20150722,SXD,2.099699,2.099699e-06,142778778291555.12,,,,0.031763729,0.00015294195,0,no,SpeX Spectrograph,ShortXD,merged_v346nor_sxd_20150722.txt,1.0
2457225.7856901,2457225.7462704,2015-07-22,20150722,LXD,2.0999727,2.0999727e-06,142760169215533.16,,,,0.034139242,0.00075955468,0,no,SpeX Spectrograph,LXD_short,merged_v346nor_lxd_20150722.txt,1.0
2457225.7462704,2457225.7462704,2015-07-22,20150722,SXD,2.1000576,2.1000576e-06,142754397784136.97,,,,0.031994622,0.00015923587,0,no,SpeX Spectrograph,ShortXD,merged_v346nor_sxd_20150722.txt,1.0
2457225.7856901,2457225.7462704,2015-07-22,20150722,LXD,2.1002717,2.1002717e-06,142739845516177.75,,,,0.034386542,0.000765656,0,no,SpeX Spectrograph,LXD_short,merged_v346nor_lxd_20150722.txt,1.0
2457225.7462704,2457225.7462704,2015-07-22,20150722,SXD,2.1004164,2.1004163999999996e-06,142730012010951.75,,,,0.032093253,0.00015715178,0,no,SpeX Spectrograph,ShortXD,merged_v346nor_sxd_20150722.txt,1.0
2457225.7856901,2457225.7462704,2015-07-22,20150722,LXD,2.1005707,2.1005707e-06,142719527602665.3,,,,0.033739433,0.00075783511,0,no,SpeX Spectrograph,LXD_short,merged_v346nor_lxd_20150722.txt,1.0
2457225.7462704,2457225.7462704,2015-07-22,20150722,SXD,2.1007752,2.1007752e-06,142705634567658.62,,,,0.032195956,0.00015880143,0,no,SpeX Spectrograph,ShortXD,merged_v346nor_sxd_20150722.txt,1.0
2457225.7856901,2457225.7462704,2015-07-22,20150722,LXD,2.1008697,2.1008697e-06,142699215472525.5,,,,0.033776488,0.00077480072,0,no,SpeX Spectrograph,LXD_short,merged_v346nor_lxd_20150722.txt,1.0
2457225.7462704,2457225.7462704,2015-07-22,20150722,SXD,2.1011338,2.1011338e-06,142681279031349.66,,,,0.032313958,0.0001616684,0,no,SpeX Spectrograph,ShortXD,merged_v346nor_sxd_20150722.txt,1.0
2457225.7856901,2457225.7462704,2015-07-22,20150722,LXD,2.1011686,2.1011686e-06,142678915913744.38,,,,0.033433795,0.00076403696,0,no,SpeX Spectrograph,LXD_short,merged_v346nor_lxd_20150722.txt,1.0
2457225.7856901,2457225.7462704,2015-07-22,20150722,LXD,2.1014676,2.1014676e-06,142658615341012.16,,,,0.034877244,0.00077458669,0,no,SpeX Spectrograph,LXD_short,merged_v346nor_lxd_20150722.txt,1.0
2457225.7462704,2457225.7462704,2015-07-22,20150722,SXD,2.1014926,2.1014925999999995e-06,142656918230404.47,,,,0.032193422,0.00016252644,0,no,SpeX Spectrograph,ShortXD,merged_v346nor_sxd_20150722.txt,1.0
2457225.7856901,2457225.7462704,2015-07-22,20150722,LXD,2.1017666,2.1017666e-06,142638320544250.72,,,,0.035573803,0.00077699631,0,no,SpeX Spectrograph,LXD_short,merged_v346nor_lxd_20150722.txt,1.0
2457225.7462704,2457225.7462704,2015-07-22,20150722,SXD,2.1018512,2.1018511999999997e-06,142632579318650.16,,,,0.032006659,0.00016096116,0,no,SpeX Spectrograph,ShortXD,merged_v346nor_sxd_20150722.txt,1.0
2457225.7856901,2457225.7462704,2015-07-22,20150722,LXD,2.1020653,2.1020653e-06,142618051874982.2,,,,0.034473747,0.00076389854,0,no,SpeX Spectrograph,LXD_short,merged_v346nor_lxd_20150722.txt,1.0
2457225.7462704,2457225.7462704,2015-07-22,20150722,SXD,2.10221,2.10221e-06,142608235143016.16,,,,0.032133821,0.00016162085,0,no,SpeX Spectrograph,ShortXD,merged_v346nor_sxd_20150722.txt,1.0
2457225.7856901,2457225.7462704,2015-07-22,20150722,LXD,2.1023643,2.1023643e-06,142597768616980.4,,,,0.034836072,0.0007531296,0,no,SpeX Spectrograph,LXD_short,merged_v346nor_lxd_20150722.txt,1.0
2457225.7462704,2457225.7462704,2015-07-22,20150722,SXD,2.1025686,2.1025686e-06,142583912838801.06,,,,0.032225821,0.0001604289,0,no,SpeX Spectrograph,ShortXD,merged_v346nor_sxd_20150722.txt,1.0
2457225.7856901,2457225.7462704,2015-07-22,20150722,LXD,2.1026633,2.1026633e-06,142577491127561.88,,,,0.034902658,0.00073576468,0,no,SpeX Spectrograph,LXD_short,merged_v346nor_lxd_20150722.txt,1.0
2457225.7462704,2457225.7462704,2015-07-22,20150722,SXD,2.1029274,2.1029274e-06,142559585271464.9,,,,0.032318529,0.00016181693,0,no,SpeX Spectrograph,ShortXD,merged_v346nor_sxd_20150722.txt,1.0
2457225.7856901,2457225.7462704,2015-07-22,20150722,LXD,2.1029623,2.1029623e-06,142557219404266.06,,,,0.034513414,0.00073569553,0,no,SpeX Spectrograph,LXD_short,merged_v346nor_lxd_20150722.txt,1.0
2457225.7856901,2457225.7462704,2015-07-22,20150722,LXD,2.103261,2.103261e-06,142536973775484.84,,,,0.034748148,0.00074968312,0,no,SpeX Spectrograph,LXD_short,merged_v346nor_lxd_20150722.txt,1.0
2457225.7462704,2457225.7462704,2015-07-22,20150722,SXD,2.103286,2.1032860000000003e-06,142535279557796.7,,,,0.032575078,0.00016119496,0,no,SpeX Spectrograph,ShortXD,merged_v346nor_sxd_20150722.txt,1.0
2457225.7856901,2457225.7462704,2015-07-22,20150722,LXD,2.10356,2.10356e-06,142516713571279.2,,,,0.034759104,0.00073485379,0,no,SpeX Spectrograph,LXD_short,merged_v346nor_lxd_20150722.txt,1.0
2457225.7462704,2457225.7462704,2015-07-22,20150722,SXD,2.1036448,2.1036448e-06,142510968581768.2,,,,0.032096278,0.00015909907,0,no,SpeX Spectrograph,ShortXD,merged_v346nor_sxd_20150722.txt,1.0
2457225.7856901,2457225.7462704,2015-07-22,20150722,LXD,2.1038589,2.1038589e-06,142496465898925.06,,,,0.034588184,0.00072992384,0,no,SpeX Spectrograph,LXD_short,merged_v346nor_lxd_20150722.txt,1.0
2457225.7462704,2457225.7462704,2015-07-22,20150722,SXD,2.1040034,2.1040033999999997e-06,142486679441677.72,,,,0.032195382,0.00015892835,0,no,SpeX Spectrograph,ShortXD,merged_v346nor_sxd_20150722.txt,1.0
2457225.7856901,2457225.7462704,2015-07-22,20150722,LXD,2.1041577,2.1041577e-06,142476230750195.2,,,,0.034289442,0.00072522956,0,no,SpeX Spectrograph,LXD_short,merged_v346nor_lxd_20150722.txt,1.0
2457225.7462704,2457225.7462704,2015-07-22,20150722,SXD,2.1043622,2.1043622000000002e-06,142462385039989.78,,,,0.032484237,0.00015815605,0,no,SpeX Spectrograph,ShortXD,merged_v346nor_sxd_20150722.txt,1.0
2457225.7856901,2457225.7462704,2015-07-22,20150722,LXD,2.1044567,2.1044567e-06,142455987809110.06,,,,0.034319539,0.00073162292,0,no,SpeX Spectrograph,LXD_short,merged_v346nor_lxd_20150722.txt,1.0
2457225.7462704,2457225.7462704,2015-07-22,20150722,SXD,2.1047208,2.1047208e-06,142438112456531.06,,,,0.032363344,0.00015786495,0,no,SpeX Spectrograph,ShortXD,merged_v346nor_sxd_20150722.txt,1.0
2457225.7856901,2457225.7462704,2015-07-22,20150722,LXD,2.1047556,2.1047555999999996e-06,142435757386748.4,,,,0.033818927,0.00072931085,0,no,SpeX Spectrograph,LXD_short,merged_v346nor_lxd_20150722.txt,1.0
2457225.7856901,2457225.7462704,2015-07-22,20150722,LXD,2.1050544,2.1050544e-06,142415539474894.3,,,,0.035088088,0.00073273096,0,no,SpeX Spectrograph,LXD_short,merged_v346nor_lxd_20150722.txt,1.0
2457225.7462704,2457225.7462704,2015-07-22,20150722,SXD,2.1050794,2.1050794e-06,142413848142735.12,,,,0.032207597,0.00015834726,0,no,SpeX Spectrograph,ShortXD,merged_v346nor_sxd_20150722.txt,1.0
2457225.7856901,2457225.7462704,2015-07-22,20150722,LXD,2.1053534,2.1053533999999997e-06,142395313774875.06,,,,0.033657376,0.00073238014,0,no,SpeX Spectrograph,LXD_short,merged_v346nor_lxd_20150722.txt,1.0
2457225.7462704,2457225.7462704,2015-07-22,20150722,SXD,2.1054382,2.1054382e-06,142389578568489.94,,,,0.032840289,0.00016561827,0,no,SpeX Spectrograph,ShortXD,merged_v346nor_sxd_20150722.txt,1.0
2457225.7856901,2457225.7462704,2015-07-22,20150722,LXD,2.1056523,2.1056522999999998e-06,142375100580470.97,,,,0.035509963,0.00073506177,0,no,SpeX Spectrograph,LXD_short,merged_v346nor_lxd_20150722.txt,1.0
2457225.7462704,2457225.7462704,2015-07-22,20150722,SXD,2.1057968,2.1057967999999996e-06,142365330785952.4,,,,0.032342691,0.00016857058,0,no,SpeX Spectrograph,ShortXD,merged_v346nor_sxd_20150722.txt,1.0
2457225.7856901,2457225.7462704,2015-07-22,20150722,LXD,2.1059511,2.1059511e-06,142354899883477.84,,,,0.034683753,0.00073935383,0,no,SpeX Spectrograph,LXD_short,merged_v346nor_lxd_20150722.txt,1.0
2457225.7462704,2457225.7462704,2015-07-22,20150722,SXD,2.1061556,2.1061556e-06,142341077743733.66,,,,0.032631941,0.00017507211,0,no,SpeX Spectrograph,ShortXD,merged_v346nor_sxd_20150722.txt,1.0
2457225.7856901,2457225.7462704,2015-07-22,20150722,LXD,2.10625,2.10625e-06,142334698160237.4,,,,0.035768602,0.00073983829,0,no,SpeX Spectrograph,LXD_short,merged_v346nor_lxd_20150722.txt,1.0
2457225.7462704,2457225.7462704,2015-07-22,20150722,SXD,2.1065142,2.1065142e-06,142316846475566.12,,,,0.032878399,0.00017839667,0,no,SpeX Spectrograph,ShortXD,merged_v346nor_sxd_20150722.txt,1.0
2457225.7856901,2457225.7462704,2015-07-22,20150722,LXD,2.1065488,2.1065488e-06,142314508925689.25,,,,0.035514005,0.00074673467,0,no,SpeX Spectrograph,LXD_short,merged_v346nor_lxd_20150722.txt,1.0
2457225.7856901,2457225.7462704,2015-07-22,20150722,LXD,2.1068478,2.1068478e-06,142294311909953.8,,,,0.036456935,0.00074280641,0,no,SpeX Spectrograph,LXD_short,merged_v346nor_lxd_20150722.txt,1.0
2457225.7462704,2457225.7462704,2015-07-22,20150722,SXD,2.1068728,2.1068728e-06,142292623455958.03,,,,0.032942664,0.00017558577,0,no,SpeX Spectrograph,ShortXD,merged_v346nor_sxd_20150722.txt,1.0
2457225.7856901,2457225.7462704,2015-07-22,20150722,LXD,2.1071465,2.1071465e-06,142274140881993.75,,,,0.035109997,0.00073702226,0,no,SpeX Spectrograph,LXD_short,merged_v346nor_lxd_20150722.txt,1.0
2457225.7462704,2457225.7462704,2015-07-22,20150722,SXD,2.1072316,2.1072315999999998e-06,142268395177824.8,,,,0.032992449,0.00017105277,0,no,SpeX Spectrograph,ShortXD,merged_v346nor_sxd_20150722.txt,1.0
2457225.7856901,2457225.7462704,2015-07-22,20150722,LXD,2.1074455,2.1074455e-06,142253955321739.06,,,,0.035504632,0.00072870275,0,no,SpeX Spectrograph,LXD_short,merged_v346nor_lxd_20150722.txt,1.0
2457225.7462704,2457225.7462704,2015-07-22,20150722,SXD,2.1075902,2.1075902e-06,142244188647299.66,,,,0.032923479,0.00016707888,0,no,SpeX Spectrograph,ShortXD,merged_v346nor_sxd_20150722.txt,1.0
2457225.7856901,2457225.7462704,2015-07-22,20150722,LXD,2.1077442,2.1077442e-06,142233795732897.75,,,,0.036157697,0.00072781515,0,no,SpeX Spectrograph,LXD_short,merged_v346nor_lxd_20150722.txt,1.0
2457225.7462704,2457225.7462704,2015-07-22,20150722,SXD,2.1079488,2.1079487999999997e-06,142219990352706.88,,,,0.032590583,0.0001604968,0,no,SpeX Spectrograph,ShortXD,merged_v346nor_sxd_20150722.txt,1.0
2457225.7856901,2457225.7462704,2015-07-22,20150722,LXD,2.1080432,2.1080432e-06,142213621618380.5,,,,0.034890559,0.00072207599,0,no,SpeX Spectrograph,LXD_short,merged_v346nor_lxd_20150722.txt,1.0
2457225.7462704,2457225.7462704,2015-07-22,20150722,SXD,2.1083076,2.1083076e-06,142195786800749.6,,,,0.032677583,0.00015993573,0,no,SpeX Spectrograph,ShortXD,merged_v346nor_sxd_20150722.txt,1.0
2457225.7856901,2457225.7462704,2015-07-22,20150722,LXD,2.1083419,2.1083419e-06,142193473458929.97,,,,0.034763709,0.00072000548,0,no,SpeX Spectrograph,LXD_short,merged_v346nor_lxd_20150722.txt,1.0
2457225.7856901,2457225.7462704,2015-07-22,20150722,LXD,2.1086409,2.1086409e-06,142173310780417.84,,,,0.034879915,0.00072058017,0,no,SpeX Spectrograph,LXD_short,merged_v346nor_lxd_20150722.txt,1.0
2457225.7462704,2457225.7462704,2015-07-22,20150722,SXD,2.1086662,2.1086662e-06,142171604970004.25,,,,0.032678518,0.00016053673,0,no,SpeX Spectrograph,ShortXD,merged_v346nor_sxd_20150722.txt,1.0
2457225.7856901,2457225.7462704,2015-07-22,20150722,LXD,2.1089396,2.1089396e-06,142153174040641.1,,,,0.034365349,0.00072723307,0,no,SpeX Spectrograph,LXD_short,merged_v346nor_lxd_20150722.txt,1.0
2457225.7462704,2457225.7462704,2015-07-22,20150722,SXD,2.1090248,2.1090248e-06,142147431362589.97,,,,0.032481685,0.00016450447,0,no,SpeX Spectrograph,ShortXD,merged_v346nor_sxd_20150722.txt,1.0
2457225.7856901,2457225.7462704,2015-07-22,20150722,LXD,2.1092384,2.1092384e-06,142133036265601.84,,,,0.036237307,0.00074000825,0,no,SpeX Spectrograph,LXD_short,merged_v346nor_lxd_20150722.txt,1.0
2457225.7462704,2457225.7462704,2015-07-22,20150722,SXD,2.1093833,2.1093833e-06,142123272711981.75,,,,0.032498706,0.00016841911,0,no,SpeX Spectrograph,ShortXD,merged_v346nor_sxd_20150722.txt,1.0
2457225.7856901,2457225.7462704,2015-07-22,20150722,LXD,2.1095374,2.1095373999999996e-06,142112890721918.5,,,,0.034617696,0.00074339652,0,no,SpeX Spectrograph,LXD_short,merged_v346nor_lxd_20150722.txt,1.0
2457225.7462704,2457225.7462704,2015-07-22,20150722,SXD,2.1097422,2.1097421999999997e-06,142099095330225.7,,,,0.033044603,0.00017445139,0,no,SpeX Spectrograph,ShortXD,merged_v346nor_sxd_20150722.txt,1.0
2457225.7856901,2457225.7462704,2015-07-22,20150722,LXD,2.1098361,2.1098360999999998e-06,142092771092503.38,,,,0.036429625,0.00073927059,0,no,SpeX Spectrograph,LXD_short,merged_v346nor_lxd_20150722.txt,1.0
2457225.7462704,2457225.7462704,2015-07-22,20150722,SXD,2.1101007,2.1101007e-06,142074953105318.62,,,,0.033255119,0.00017942155,0,no,SpeX Spectrograph,ShortXD,merged_v346nor_sxd_20150722.txt,1.0
2457225.7856901,2457225.7462704,2015-07-22,20150722,LXD,2.1101351,2.1101350999999998e-06,142072636960543.44,,,,0.036312122,0.0007457881,0,no,SpeX Spectrograph,LXD_short,merged_v346nor_lxd_20150722.txt,1.0
2457225.7856901,2457225.7462704,2015-07-22,20150722,LXD,2.1104338,2.1104338e-06,142052528726558.5,,,,0.0351477,0.00073772517,0,no,SpeX Spectrograph,LXD_short,merged_v346nor_lxd_20150722.txt,1.0
2457225.7462704,2457225.7462704,2015-07-22,20150722,SXD,2.1104593,2.1104593e-06,142050812351605.16,,,,0.03313126,0.00018431537,0,no,SpeX Spectrograph,ShortXD,merged_v346nor_sxd_20150722.txt,1.0
2457225.7856901,2457225.7462704,2015-07-22,20150722,LXD,2.1107326,2.1107326e-06,142032419454742.88,,,,0.035025787,0.00074059301,0,no,SpeX Spectrograph,LXD_short,merged_v346nor_lxd_20150722.txt,1.0
2457225.7462704,2457225.7462704,2015-07-22,20150722,SXD,2.1108179,2.1108179e-06,142026679800280.28,,,,0.033401027,0.00018489543,0,no,SpeX Spectrograph,ShortXD,merged_v346nor_sxd_20150722.txt,1.0
2457225.7856901,2457225.7462704,2015-07-22,20150722,LXD,2.1110313,2.1110313e-06,142012322602701.34,,,,0.036540661,0.00075114169,0,no,SpeX Spectrograph,LXD_short,merged_v346nor_lxd_20150722.txt,1.0
2457225.7462704,2457225.7462704,2015-07-22,20150722,SXD,2.1111765,2.1111765e-06,142002555447164.16,,,,0.033266317,0.00018810832,0,no,SpeX Spectrograph,ShortXD,merged_v346nor_sxd_20150722.txt,1.0
2457225.7856901,2457225.7462704,2015-07-22,20150722,LXD,2.1113303,2.1113303e-06,141992211261307.62,,,,0.036287367,0.0007482841,0,no,SpeX Spectrograph,LXD_short,merged_v346nor_lxd_20150722.txt,1.0
2457225.7462704,2457225.7462704,2015-07-22,20150722,SXD,2.1115351,2.1115351000000003e-06,141978439288080.0,,,,0.032918971,0.00018512906,0,no,SpeX Spectrograph,ShortXD,merged_v346nor_sxd_20150722.txt,1.0
2457225.7856901,2457225.7462704,2015-07-22,20150722,LXD,2.111629,2.111629e-06,141972125785353.4,,,,0.03523479,0.00074998854,0,no,SpeX Spectrograph,LXD_short,merged_v346nor_lxd_20150722.txt,1.0
2457225.7462704,2457225.7462704,2015-07-22,20150722,SXD,2.1118939,2.1118939e-06,141954317875533.44,,,,0.03314561,0.00018198843,0,no,SpeX Spectrograph,ShortXD,merged_v346nor_sxd_20150722.txt,1.0
2457225.7856901,2457225.7462704,2015-07-22,20150722,LXD,2.1119277,2.1119276999999997e-06,141952045990968.38,,,,0.03785827,0.00076626462,0,no,SpeX Spectrograph,LXD_short,merged_v346nor_lxd_20150722.txt,1.0
2457225.7856901,2457225.7462704,2015-07-22,20150722,LXD,2.1122265,2.1122265e-06,141931965156198.94,,,,0.034847997,0.00073375815,0,no,SpeX Spectrograph,LXD_short,merged_v346nor_lxd_20150722.txt,1.0
2457225.7462704,2457225.7462704,2015-07-22,20150722,SXD,2.1122525,2.1122524999999997e-06,141930218096558.06,,,,0.033054717,0.00017695256,0,no,SpeX Spectrograph,ShortXD,merged_v346nor_sxd_20150722.txt,1.0
2457225.7856901,2457225.7462704,2015-07-22,20150722,LXD,2.1125255,2.1125255e-06,141911876566697.06,,,,0.035161875,0.00072159927,0,no,SpeX Spectrograph,LXD_short,merged_v346nor_lxd_20150722.txt,1.0
2457225.7462704,2457225.7462704,2015-07-22,20150722,SXD,2.1126111,2.1126111e-06,141906126499098.7,,,,0.033161886,0.00016178544,0,no,SpeX Spectrograph,ShortXD,merged_v346nor_sxd_20150722.txt,1.0
2457225.7856901,2457225.7462704,2015-07-22,20150722,LXD,2.1128242,2.1128242e-06,141891813810159.88,,,,0.035314817,0.00071057794,0,no,SpeX Spectrograph,LXD_short,merged_v346nor_lxd_20150722.txt,1.0
2457225.7462704,2457225.7462704,2015-07-22,20150722,SXD,2.1129696,2.1129695999999998e-06,141882049793806.8,,,,0.033290368,0.00015817943,0,no,SpeX Spectrograph,ShortXD,merged_v346nor_sxd_20150722.txt,1.0
2457225.7856901,2457225.7462704,2015-07-22,20150722,LXD,2.1131229,2.1131228999999998e-06,141871756725555.34,,,,0.034781191,0.00070667127,0,no,SpeX Spectrograph,LXD_short,merged_v346nor_lxd_20150722.txt,1.0
2457225.7462704,2457225.7462704,2015-07-22,20150722,SXD,2.1133282,2.1133282e-06,141857974544606.94,,,,0.033568162,0.00015807687,0,no,SpeX Spectrograph,ShortXD,merged_v346nor_sxd_20150722.txt,1.0
2457225.7856901,2457225.7462704,2015-07-22,20150722,LXD,2.1134217,2.1134217e-06,141851698598533.38,,,,0.035972495,0.00070248306,0,no,SpeX Spectrograph,LXD_short,merged_v346nor_lxd_20150722.txt,1.0
2457225.7462704,2457225.7462704,2015-07-22,20150722,SXD,2.1136868,2.1136867999999997e-06,141833907464436.1,,,,0.033838809,0.0001643979,0,no,SpeX Spectrograph,ShortXD,merged_v346nor_sxd_20150722.txt,1.0
2457225.7856901,2457225.7462704,2015-07-22,20150722,LXD,2.1137204,2.1137204e-06,141831652852477.56,,,,0.035859421,0.00070737361,0,no,SpeX Spectrograph,LXD_short,merged_v346nor_lxd_20150722.txt,1.0
2457225.7856901,2457225.7462704,2015-07-22,20150722,LXD,2.1140192,2.1140191999999998e-06,141811606062991.3,,,,0.036175385,0.0007006377,0,no,SpeX Spectrograph,LXD_short,merged_v346nor_lxd_20150722.txt,1.0
2457225.7462704,2457225.7462704,2015-07-22,20150722,SXD,2.1140454,2.1140454e-06,141809848549137.12,,,,0.033739928,0.0001569406,0,no,SpeX Spectrograph,ShortXD,merged_v346nor_sxd_20150722.txt,1.0
2457225.7856901,2457225.7462704,2015-07-22,20150722,LXD,2.1143181,2.1143181000000003e-06,141791558233361.38,,,,0.036267165,0.00070427108,0,no,SpeX Spectrograph,LXD_short,merged_v346nor_lxd_20150722.txt,1.0
2457225.7462704,2457225.7462704,2015-07-22,20150722,SXD,2.114404,2.1144039999999997e-06,141785797794555.84,,,,0.033900343,0.00016013513,0,no,SpeX Spectrograph,ShortXD,merged_v346nor_sxd_20150722.txt,1.0
2457225.7856901,2457225.7462704,2015-07-22,20150722,LXD,2.1146169,2.1146169e-06,141771522775591.2,,,,0.036014494,0.0007048503,0,no,SpeX Spectrograph,LXD_short,merged_v346nor_lxd_20150722.txt,1.0
2457225.7462704,2457225.7462704,2015-07-22,20150722,SXD,2.1147625,2.1147625e-06,141761761899976.94,,,,0.034179434,0.00017080105,0,no,SpeX Spectrograph,ShortXD,merged_v346nor_sxd_20150722.txt,1.0
2457225.7856901,2457225.7462704,2015-07-22,20150722,LXD,2.1149156,2.1149155999999997e-06,141751499681594.88,,,,0.036426585,0.00071173103,0,no,SpeX Spectrograph,LXD_short,merged_v346nor_lxd_20150722.txt,1.0
2457225.7462704,2457225.7462704,2015-07-22,20150722,SXD,2.1151211,2.1151211e-06,141737727452106.62,,,,0.033350602,0.00016677607,0,no,SpeX Spectrograph,ShortXD,merged_v346nor_sxd_20150722.txt,1.0
2457225.7856901,2457225.7462704,2015-07-22,20150722,LXD,2.1152143,2.1152143e-06,141731482242721.22,,,,0.03606433,0.0007103291,0,no,SpeX Spectrograph,LXD_short,merged_v346nor_lxd_20150722.txt,1.0
2457225.7462704,2457225.7462704,2015-07-22,20150722,SXD,2.1154797,2.1154797e-06,141713701152509.28,,,,0.03366369,0.00016792187,0,no,SpeX Spectrograph,ShortXD,merged_v346nor_sxd_20150722.txt,1.0
2457225.7856901,2457225.7462704,2015-07-22,20150722,LXD,2.1155131,2.1155130999999996e-06,141711463757894.03,,,,0.036938097,0.0007139495,0,no,SpeX Spectrograph,LXD_short,merged_v346nor_lxd_20150722.txt,1.0
2457225.7856901,2457225.7462704,2015-07-22,20150722,LXD,2.1158118,2.1158117999999997e-06,141691457623972.06,,,,0.036725111,0.00071306265,0,no,SpeX Spectrograph,LXD_short,merged_v346nor_lxd_20150722.txt,1.0
2457225.7462704,2457225.7462704,2015-07-22,20150722,SXD,2.1158383,2.1158383e-06,141689682997041.88,,,,0.033800714,0.00016904439,0,no,SpeX Spectrograph,ShortXD,merged_v346nor_sxd_20150722.txt,1.0
2457225.7856901,2457225.7462704,2015-07-22,20150722,LXD,2.1161106,2.1161106e-06,141671450443091.22,,,,0.03639248,0.00073758897,0,no,SpeX Spectrograph,LXD_short,merged_v346nor_lxd_20150722.txt,1.0
2457225.7462704,2457225.7462704,2015-07-22,20150722,SXD,2.1161969,2.1161969e-06,141665672981564.25,,,,0.033925239,0.00016860517,0,no,SpeX Spectrograph,ShortXD,merged_v346nor_sxd_20150722.txt,1.0
2457225.7856901,2457225.7462704,2015-07-22,20150722,LXD,2.1164093,2.1164093e-06,141651455604546.8,,,,0.035160489,0.00070726627,0,no,SpeX Spectrograph,LXD_short,merged_v346nor_lxd_20150722.txt,1.0
2457225.7462704,2457225.7462704,2015-07-22,20150722,SXD,2.1165555,2.1165555e-06,141641671101938.97,,,,0.03352562,0.00017006705,0,no,SpeX Spectrograph,ShortXD,merged_v346nor_sxd_20150722.txt,1.0
2457225.7856901,2457225.7462704,2015-07-22,20150722,LXD,2.116708,2.116708e-06,141631466409159.9,,,,0.035382945,0.00070880196,0,no,SpeX Spectrograph,LXD_short,merged_v346nor_lxd_20150722.txt,1.0
2457225.7462704,2457225.7462704,2015-07-22,20150722,SXD,2.116914,2.116914e-06,141617684043848.75,,,,0.033877954,0.00018308916,0,no,SpeX Spectrograph,ShortXD,merged_v346nor_sxd_20150722.txt,1.0
2457225.7856901,2457225.7462704,2015-07-22,20150722,LXD,2.1170068,2.1170068e-06,141611476165310.38,,,,0.03629132,0.00072124304,0,no,SpeX Spectrograph,LXD_short,merged_v346nor_lxd_20150722.txt,1.0
2457225.7462704,2457225.7462704,2015-07-22,20150722,SXD,2.1172726,2.1172726e-06,141593698421261.38,,,,0.03387465,0.00019195591,0,no,SpeX Spectrograph,ShortXD,merged_v346nor_sxd_20150722.txt,1.0
2457225.7856901,2457225.7462704,2015-07-22,20150722,LXD,2.1173055,2.1173055e-06,141591498250960.94,,,,0.036498997,0.0007319905,0,no,SpeX Spectrograph,LXD_short,merged_v346nor_lxd_20150722.txt,1.0
2457225.7856901,2457225.7462704,2015-07-22,20150722,LXD,2.1176043,2.1176042999999998e-06,141571519287149.2,,,,0.036111917,0.00073520257,0,no,SpeX Spectrograph,LXD_short,merged_v346nor_lxd_20150722.txt,1.0
2457225.7462704,2457225.7462704,2015-07-22,20150722,SXD,2.1176312,2.1176312e-06,141569720922132.25,,,,0.033636916,0.00019677661,0,no,SpeX Spectrograph,ShortXD,merged_v346nor_sxd_20150722.txt,1.0
2457225.7856901,2457225.7462704,2015-07-22,20150722,LXD,2.117903,2.117903e-06,141551552644290.12,,,,0.036733046,0.00075686607,0,no,SpeX Spectrograph,LXD_short,merged_v346nor_lxd_20150722.txt,1.0
2457225.7462704,2457225.7462704,2015-07-22,20150722,SXD,2.1179898,2.1179898e-06,141545751542335.1,,,,0.033938766,0.00019907042,0,no,SpeX Spectrograph,ShortXD,merged_v346nor_sxd_20150722.txt,1.0
2457225.7856901,2457225.7462704,2015-07-22,20150722,LXD,2.1182015,2.1182015e-06,141531604996030.84,,,,0.036280423,0.00075222726,0,no,SpeX Spectrograph,LXD_short,merged_v346nor_lxd_20150722.txt,1.0
2457225.7462704,2457225.7462704,2015-07-22,20150722,SXD,2.1183484,2.1183484e-06,141521790277746.56,,,,0.034194794,0.00018889159,0,no,SpeX Spectrograph,ShortXD,merged_v346nor_sxd_20150722.txt,1.0
2457225.7856901,2457225.7462704,2015-07-22,20150722,LXD,2.1185002,2.1185002e-06,141511649609473.72,,,,0.035760924,0.0007382555,0,no,SpeX Spectrograph,LXD_short,merged_v346nor_lxd_20150722.txt,1.0
2457225.7462704,2457225.7462704,2015-07-22,20150722,SXD,2.1187069,2.1187068999999998e-06,141497843802745.94,,,,0.033932321,0.00017515032,0,no,SpeX Spectrograph,ShortXD,merged_v346nor_sxd_20150722.txt,1.0
2457225.7856901,2457225.7462704,2015-07-22,20150722,LXD,2.118799,2.118799e-06,141491693171461.75,,,,0.03601088,0.00072879257,0,no,SpeX Spectrograph,LXD_short,merged_v346nor_lxd_20150722.txt,1.0
2457225.7462704,2457225.7462704,2015-07-22,20150722,SXD,2.1190655,2.1190655e-06,141473898753955.47,,,,0.034206208,0.00017054498,0,no,SpeX Spectrograph,ShortXD,merged_v346nor_sxd_20150722.txt,1.0
2457225.7856901,2457225.7462704,2015-07-22,20150722,LXD,2.1190977,2.1190977000000003e-06,141471749037337.9,,,,0.035869036,0.00071975734,0,no,SpeX Spectrograph,LXD_short,merged_v346nor_lxd_20150722.txt,1.0
2457225.7856901,2457225.7462704,2015-07-22,20150722,LXD,2.1193964,2.1193963999999996e-06,141451810524921.2,,,,0.036832515,0.00071543636,0,no,SpeX Spectrograph,LXD_short,merged_v346nor_lxd_20150722.txt,1.0
2457225.7462704,2457225.7462704,2015-07-22,20150722,SXD,2.1194239,2.1194239e-06,141449975155984.62,,,,0.033943459,0.00016588277,0,no,SpeX Spectrograph,ShortXD,merged_v346nor_sxd_20150722.txt,1.0
2457225.7856901,2457225.7462704,2015-07-22,20150722,LXD,2.1196952,2.1196951999999997e-06,141431870959560.62,,,,0.036393944,0.00071395113,0,no,SpeX Spectrograph,LXD_short,merged_v346nor_lxd_20150722.txt,1.0
2457225.7462704,2457225.7462704,2015-07-22,20150722,SXD,2.1197824,2.1197824e-06,141426052976003.56,,,,0.034386337,0.00016553485,0,no,SpeX Spectrograph,ShortXD,merged_v346nor_sxd_20150722.txt,1.0
2457225.7856901,2457225.7462704,2015-07-22,20150722,LXD,2.1199937,2.1199937e-06,141411957026098.72,,,,0.036486052,0.00070547342,0,no,SpeX Spectrograph,LXD_short,merged_v346nor_lxd_20150722.txt,1.0
2457225.7462704,2457225.7462704,2015-07-22,20150722,SXD,2.120141,2.120141e-06,141402132216678.06,,,,0.034258567,0.00016524452,0,no,SpeX Spectrograph,ShortXD,merged_v346nor_sxd_20150722.txt,1.0
2457225.7856901,2457225.7462704,2015-07-22,20150722,LXD,2.1202924,2.1202924e-06,141392035362669.8,,,,0.036050081,0.0007207233,0,no,SpeX Spectrograph,LXD_short,merged_v346nor_lxd_20150722.txt,1.0
2457225.7462704,2457225.7462704,2015-07-22,20150722,SXD,2.1204996,2.1204996e-06,141378219547883.9,,,,0.036787029,0.00017373989,0,no,SpeX Spectrograph,ShortXD,merged_v346nor_sxd_20150722.txt,1.0
2457225.7856901,2457225.7462704,2015-07-22,20150722,LXD,2.1205912,2.1205911999999995e-06,141372112644813.44,,,,0.037299223,0.00070009328,0,no,SpeX Spectrograph,LXD_short,merged_v346nor_lxd_20150722.txt,1.0
2457225.7462704,2457225.7462704,2015-07-22,20150722,SXD,2.1208582,2.1208582e-06,141354314965517.28,,,,0.042813137,0.00018230427,0,no,SpeX Spectrograph,ShortXD,merged_v346nor_sxd_20150722.txt,1.0
2457225.7856901,2457225.7462704,2015-07-22,20150722,LXD,2.1208899,2.1208898999999997e-06,141352202205310.16,,,,0.043323386,0.00070432073,0,no,SpeX Spectrograph,LXD_short,merged_v346nor_lxd_20150722.txt,1.0
2457225.7856901,2457225.7462704,2015-07-22,20150722,LXD,2.1211884,2.1211884e-06,141332310699040.22,,,,0.052732658,0.0007147537,0,no,SpeX Spectrograph,LXD_short,merged_v346nor_lxd_20150722.txt,1.0
2457225.7462704,2457225.7462704,2015-07-22,20150722,SXD,2.1212168,2.1212168e-06,141330418465476.97,,,,0.050627116,0.00019991385,0,no,SpeX Spectrograph,ShortXD,merged_v346nor_sxd_20150722.txt,1.0
2457225.7856901,2457225.7462704,2015-07-22,20150722,LXD,2.1214871,2.1214870999999997e-06,141312411468351.62,,,,0.060108159,0.00074036629,0,no,SpeX Spectrograph,LXD_short,merged_v346nor_lxd_20150722.txt,1.0
2457225.7462704,2457225.7462704,2015-07-22,20150722,SXD,2.1215751,2.1215750999999996e-06,141306550025026.25,,,,0.054529693,0.0002083189,0,no,SpeX Spectrograph,ShortXD,merged_v346nor_sxd_20150722.txt,1.0
2457225.7856901,2457225.7462704,2015-07-22,20150722,LXD,2.1217859,2.1217859e-06,141292511181264.8,,,,0.060606278,0.00072805065,0,no,SpeX Spectrograph,LXD_short,merged_v346nor_lxd_20150722.txt,1.0
2457225.7462704,2457225.7462704,2015-07-22,20150722,SXD,2.1219337,2.1219337e-06,141282669670593.4,,,,0.053204149,0.0002057098,0,no,SpeX Spectrograph,ShortXD,merged_v346nor_sxd_20150722.txt,1.0
2457225.7856901,2457225.7462704,2015-07-22,20150722,LXD,2.1220846,2.1220846e-06,141272623155551.84,,,,0.057774909,0.00072094786,0,no,SpeX Spectrograph,LXD_short,merged_v346nor_lxd_20150722.txt,1.0
2457225.7462704,2457225.7462704,2015-07-22,20150722,SXD,2.1222923,2.1222922999999996e-06,141258797386203.62,,,,0.046150219,0.00019326677,0,no,SpeX Spectrograph,ShortXD,merged_v346nor_sxd_20150722.txt,1.0
2457225.7856901,2457225.7462704,2015-07-22,20150722,LXD,2.1223831,2.1223831e-06,141252754038608.78,,,,0.048296511,0.00072106917,0,no,SpeX Spectrograph,LXD_short,merged_v346nor_lxd_20150722.txt,1.0
2457225.7462704,2457225.7462704,2015-07-22,20150722,SXD,2.1226509,2.1226509e-06,141234933167766.78,,,,0.039259043,0.00018454016,0,no,SpeX Spectrograph,ShortXD,merged_v346nor_sxd_20150722.txt,1.0
2457225.7856901,2457225.7462704,2015-07-22,20150722,LXD,2.1226819,2.1226819e-06,141232870549280.12,,,,0.040633712,0.00070330605,0,no,SpeX Spectrograph,LXD_short,merged_v346nor_lxd_20150722.txt,1.0
2457225.7856901,2457225.7462704,2015-07-22,20150722,LXD,2.1229804,2.1229804e-06,141213012611892.22,,,,0.037572544,0.00071521715,0,no,SpeX Spectrograph,LXD_short,merged_v346nor_lxd_20150722.txt,1.0
2457225.7462704,2457225.7462704,2015-07-22,20150722,SXD,2.1230092,2.1230091999999997e-06,141211096965571.34,,,,0.035707962,0.00017887655,0,no,SpeX Spectrograph,ShortXD,merged_v346nor_sxd_20150722.txt,1.0
2457225.7856901,2457225.7462704,2015-07-22,20150722,LXD,2.1232791,2.1232791e-06,141193146958400.34,,,,0.037954725,0.00069594441,0,no,SpeX Spectrograph,LXD_short,merged_v346nor_lxd_20150722.txt,1.0
2457225.7462704,2457225.7462704,2015-07-22,20150722,SXD,2.1233678,2.1233678e-06,141187248860042.06,,,,0.035014499,0.00017860014,0,no,SpeX Spectrograph,ShortXD,merged_v346nor_sxd_20150722.txt,1.0
2457225.7856901,2457225.7462704,2015-07-22,20150722,LXD,2.1235778,2.1235778e-06,141173286893468.2,,,,0.037352666,0.00069575355,0,no,SpeX Spectrograph,LXD_short,merged_v346nor_lxd_20150722.txt,1.0
2457225.7462704,2457225.7462704,2015-07-22,20150722,SXD,2.1237264,2.1237263999999997e-06,141163408808215.62,,,,0.03465724,0.00017981055,0,no,SpeX Spectrograph,ShortXD,merged_v346nor_sxd_20150722.txt,1.0
2457225.7856901,2457225.7462704,2015-07-22,20150722,LXD,2.1238763,2.1238763e-06,141153445706795.62,,,,0.036055829,0.000702116,0,no,SpeX Spectrograph,LXD_short,merged_v346nor_lxd_20150722.txt,1.0
2457225.7462704,2457225.7462704,2015-07-22,20150722,SXD,2.1240847,2.1240847e-06,141139596740186.47,,,,0.035033241,0.00019086002,0,no,SpeX Spectrograph,ShortXD,merged_v346nor_sxd_20150722.txt,1.0
2457225.7856901,2457225.7462704,2015-07-22,20150722,LXD,2.1241751,2.1241751e-06,141133590164012.38,,,,0.037395585,0.00071411364,0,no,SpeX Spectrograph,LXD_short,merged_v346nor_lxd_20150722.txt,1.0
2457225.7462704,2457225.7462704,2015-07-22,20150722,SXD,2.1244433,2.1244433e-06,141115772776802.28,,,,0.034820639,0.00020114564,0,no,SpeX Spectrograph,ShortXD,merged_v346nor_sxd_20150722.txt,1.0
2457225.7856901,2457225.7462704,2015-07-22,20150722,LXD,2.1244736,2.1244735999999997e-06,141113760133333.75,,,,0.035538644,0.00072990591,0,no,SpeX Spectrograph,LXD_short,merged_v346nor_lxd_20150722.txt,1.0
2457225.7856901,2457225.7462704,2015-07-22,20150722,LXD,2.1247723,2.1247723e-06,141093922393472.47,,,,0.038809836,0.00073029211,0,no,SpeX Spectrograph,LXD_short,merged_v346nor_lxd_20150722.txt,1.0
2457225.7462704,2457225.7462704,2015-07-22,20150722,SXD,2.1248019,2.1248019e-06,141091956854895.5,,,,0.035025593,0.00020406269,0,no,SpeX Spectrograph,ShortXD,merged_v346nor_sxd_20150722.txt,1.0
2457225.7856901,2457225.7462704,2015-07-22,20150722,LXD,2.1250708,2.1250707999999997e-06,141074103507516.1,,,,0.036407873,0.00072854158,0,no,SpeX Spectrograph,LXD_short,merged_v346nor_lxd_20150722.txt,1.0
2457225.7462704,2457225.7462704,2015-07-22,20150722,SXD,2.1251602,2.1251601999999996e-06,141068168884397.53,,,,0.03463193,0.00020200988,0,no,SpeX Spectrograph,ShortXD,merged_v346nor_sxd_20150722.txt,1.0
2457225.7856901,2457225.7462704,2015-07-22,20150722,LXD,2.1253695,2.1253695e-06,141054276915143.47,,,,0.037555497,0.00071072852,0,no,SpeX Spectrograph,LXD_short,merged_v346nor_lxd_20150722.txt,1.0
2457225.7462704,2457225.7462704,2015-07-22,20150722,SXD,2.1255188,2.1255188e-06,141044369026517.22,,,,0.03495523,0.00019269565,0,no,SpeX Spectrograph,ShortXD,merged_v346nor_sxd_20150722.txt,1.0
2457225.7856901,2457225.7462704,2015-07-22,20150722,LXD,2.125668,2.125668e-06,141034469164516.75,,,,0.037547667,0.00069494417,0,no,SpeX Spectrograph,LXD_short,merged_v346nor_lxd_20150722.txt,1.0
2457225.7462704,2457225.7462704,2015-07-22,20150722,SXD,2.1258774,2.1258773999999996e-06,141020577197913.7,,,,0.034567829,0.00017411863,0,no,SpeX Spectrograph,ShortXD,merged_v346nor_sxd_20150722.txt,1.0
2457225.7856901,2457225.7462704,2015-07-22,20150722,LXD,2.1259668,2.1259668e-06,141014647077273.28,,,,0.037687227,0.0006777402,0,no,SpeX Spectrograph,LXD_short,merged_v346nor_lxd_20150722.txt,1.0
2457225.7462704,2457225.7462704,2015-07-22,20150722,SXD,2.1262357,2.1262357e-06,140996813288385.66,,,,0.034729641,0.00016430317,0,no,SpeX Spectrograph,ShortXD,merged_v346nor_sxd_20150722.txt,1.0
2457225.7856901,2457225.7462704,2015-07-22,20150722,LXD,2.1262653,2.1262652999999998e-06,140994850454456.47,,,,0.037497919,0.00068192929,0,no,SpeX Spectrograph,LXD_short,merged_v346nor_lxd_20150722.txt,1.0
2457225.7856901,2457225.7462704,2015-07-22,20150722,LXD,2.126564,2.126564e-06,140975046130753.66,,,,0.036997978,0.00068354211,0,no,SpeX Spectrograph,LXD_short,merged_v346nor_lxd_20150722.txt,1.0
2457225.7462704,2457225.7462704,2015-07-22,20150722,SXD,2.1265943,2.1265942999999998e-06,140973037499442.2,,,,0.035069168,0.00016479862,0,no,SpeX Spectrograph,ShortXD,merged_v346nor_sxd_20150722.txt,1.0
2457225.7856901,2457225.7462704,2015-07-22,20150722,LXD,2.1268625,2.1268625e-06,140955260624511.47,,,,0.037775222,0.00069013418,0,no,SpeX Spectrograph,LXD_short,merged_v346nor_lxd_20150722.txt,1.0
2457225.7462704,2457225.7462704,2015-07-22,20150722,SXD,2.1269526,2.1269526e-06,140949289608052.38,,,,0.034712061,0.00016587375,0,no,SpeX Spectrograph,ShortXD,merged_v346nor_sxd_20150722.txt,1.0
2457225.7856901,2457225.7462704,2015-07-22,20150722,LXD,2.1271613,2.1271613e-06,140935460794628.03,,,,0.038538698,0.00069899746,0,no,SpeX Spectrograph,LXD_short,merged_v346nor_lxd_20150722.txt,1.0
2457225.7462704,2457225.7462704,2015-07-22,20150722,SXD,2.1273112,2.1273112e-06,140925529842554.3,,,,0.034779046,0.0001722499,0,no,SpeX Spectrograph,ShortXD,merged_v346nor_sxd_20150722.txt,1.0
2457225.7856901,2457225.7462704,2015-07-22,20150722,LXD,2.1274598,2.1274598e-06,140915686397458.62,,,,0.03759183,0.00072121376,0,no,SpeX Spectrograph,LXD_short,merged_v346nor_lxd_20150722.txt,1.0
2457225.7462704,2457225.7462704,2015-07-22,20150722,SXD,2.1276698,2.1276698e-06,140901778086054.5,,,,0.035004273,0.00018488489,0,no,SpeX Spectrograph,ShortXD,merged_v346nor_sxd_20150722.txt,1.0
2457225.7856901,2457225.7462704,2015-07-22,20150722,LXD,2.1277583,2.1277582999999997e-06,140895917548529.84,,,,0.038327932,0.0007155147,0,no,SpeX Spectrograph,LXD_short,merged_v346nor_lxd_20150722.txt,1.0
2457225.7462704,2457225.7462704,2015-07-22,20150722,SXD,2.1280282,2.1280282e-06,140878047574745.47,,,,0.034876432,0.00017969076,0,no,SpeX Spectrograph,ShortXD,merged_v346nor_sxd_20150722.txt,1.0
2457225.7856901,2457225.7462704,2015-07-22,20150722,LXD,2.128057,2.128057e-06,140876141005621.56,,,,0.037558027,0.00071302481,0,no,SpeX Spectrograph,LXD_short,merged_v346nor_lxd_20150722.txt,1.0
2457225.7856901,2457225.7462704,2015-07-22,20150722,LXD,2.1283555,2.1283555e-06,140856383249884.7,,,,0.038073596,0.00069765211,0,no,SpeX Spectrograph,LXD_short,merged_v346nor_lxd_20150722.txt,1.0
2457225.7462704,2457225.7462704,2015-07-22,20150722,SXD,2.1283867,2.1283867e-06,140854318437528.3,,,,0.035101008,0.00017015355,0,no,SpeX Spectrograph,ShortXD,merged_v346nor_sxd_20150722.txt,1.0
2457225.7856901,2457225.7462704,2015-07-22,20150722,LXD,2.128654,2.128654e-06,140836631035386.7,,,,0.037981987,0.00068542367,0,no,SpeX Spectrograph,LXD_short,merged_v346nor_lxd_20150722.txt,1.0
2457225.7462704,2457225.7462704,2015-07-22,20150722,SXD,2.1287451,2.1287451e-06,140830603908377.75,,,,0.034853105,0.00016618296,0,no,SpeX Spectrograph,ShortXD,merged_v346nor_sxd_20150722.txt,1.0
2457225.7856901,2457225.7462704,2015-07-22,20150722,LXD,2.1289527,2.1289527000000002e-06,140816871131049.53,,,,0.037201636,0.00067560858,0,no,SpeX Spectrograph,LXD_short,merged_v346nor_lxd_20150722.txt,1.0
2457225.7462704,2457225.7462704,2015-07-22,20150722,SXD,2.1291037,2.1291037e-06,140806884136268.25,,,,0.035040151,0.0001631051,0,no,SpeX Spectrograph,ShortXD,merged_v346nor_sxd_20150722.txt,1.0
2457225.7856901,2457225.7462704,2015-07-22,20150722,LXD,2.1292512,2.1292512e-06,140797129995746.84,,,,0.036117643,0.00067679817,0,no,SpeX Spectrograph,LXD_short,merged_v346nor_lxd_20150722.txt,1.0
2457225.7462704,2457225.7462704,2015-07-22,20150722,SXD,2.129462,2.129462e-06,140783192186571.06,,,,0.035056602,0.00016401827,0,no,SpeX Spectrograph,ShortXD,merged_v346nor_sxd_20150722.txt,1.0
2457225.7856901,2457225.7462704,2015-07-22,20150722,LXD,2.1295497,2.1295497e-06,140777394394692.94,,,,0.037434876,0.00068386865,0,no,SpeX Spectrograph,LXD_short,merged_v346nor_lxd_20150722.txt,1.0
2457225.7462704,2457225.7462704,2015-07-22,20150722,SXD,2.1298206,2.1298205999999997e-06,140759488381321.9,,,,0.03502848,0.00016512661,0,no,SpeX Spectrograph,ShortXD,merged_v346nor_sxd_20150722.txt,1.0
2457225.7856901,2457225.7462704,2015-07-22,20150722,LXD,2.1298485,2.1298485e-06,140757644499127.5,,,,0.038261842,0.00068001781,0,no,SpeX Spectrograph,LXD_short,merged_v346nor_lxd_20150722.txt,1.0
2457225.7856901,2457225.7462704,2015-07-22,20150722,LXD,2.130147,2.130147e-06,140737919965147.94,,,,0.037317615,0.00067987229,0,no,SpeX Spectrograph,LXD_short,merged_v346nor_lxd_20150722.txt,1.0
2457225.7462704,2457225.7462704,2015-07-22,20150722,SXD,2.1301789,2.1301789e-06,140735812377073.11,,,,0.035163235,0.00016743744,0,no,SpeX Spectrograph,ShortXD,merged_v346nor_sxd_20150722.txt,1.0
2457225.7856901,2457225.7462704,2015-07-22,20150722,LXD,2.1304455,2.1304455e-06,140718200958438.05,,,,0.036059171,0.00068416563,0,no,SpeX Spectrograph,LXD_short,merged_v346nor_lxd_20150722.txt,1.0
2457225.7462704,2457225.7462704,2015-07-22,20150722,SXD,2.1305373,2.1305373e-06,140712137731641.69,,,,0.035250645,0.00016406929,0,no,SpeX Spectrograph,ShortXD,merged_v346nor_sxd_20150722.txt,1.0
2457225.7856901,2457225.7462704,2015-07-22,20150722,LXD,2.130744,2.1307439999999997e-06,140698487476674.83,,,,0.037186932,0.00067980989,0,no,SpeX Spectrograph,LXD_short,merged_v346nor_lxd_20150722.txt,1.0
2457225.7462704,2457225.7462704,2015-07-22,20150722,SXD,2.1308959,2.1308959e-06,140688457845359.78,,,,0.03548811,0.00017094643,0,no,SpeX Spectrograph,ShortXD,merged_v346nor_sxd_20150722.txt,1.0
2457225.7856901,2457225.7462704,2015-07-22,20150722,LXD,2.1310427,2.1310427e-06,140678766314724.72,,,,0.037995983,0.00068589789,0,no,SpeX Spectrograph,LXD_short,merged_v346nor_lxd_20150722.txt,1.0
2457225.7462704,2457225.7462704,2015-07-22,20150722,SXD,2.1312542,2.1312541999999997e-06,140664805728007.5,,,,0.035074852,0.00017146411,0,no,SpeX Spectrograph,ShortXD,merged_v346nor_sxd_20150722.txt,1.0
2457225.7856901,2457225.7462704,2015-07-22,20150722,LXD,2.1313412,2.1313411999999998e-06,140659063879589.08,,,,0.03764734,0.00070378254,0,no,SpeX Spectrograph,LXD_short,merged_v346nor_lxd_20150722.txt,1.0
2457225.7462704,2457225.7462704,2015-07-22,20150722,SXD,2.1316128,2.1316128e-06,140641141768336.17,,,,0.035753381,0.00017811009,0,no,SpeX Spectrograph,ShortXD,merged_v346nor_sxd_20150722.txt,1.0
2457225.7856901,2457225.7462704,2015-07-22,20150722,LXD,2.1316397,2.1316397e-06,140639366962437.4,,,,0.0372639,0.00068861991,0,no,SpeX Spectrograph,LXD_short,merged_v346nor_lxd_20150722.txt,1.0
2457225.7856901,2457225.7462704,2015-07-22,20150722,LXD,2.1319382,2.1319382e-06,140619675560952.0,,,,0.039833415,0.00068876118,0,no,SpeX Spectrograph,LXD_short,merged_v346nor_lxd_20150722.txt,1.0
2457225.7462704,2457225.7462704,2015-07-22,20150722,SXD,2.1319711,2.1319711e-06,140617505556243.25,,,,0.035781723,0.00018416438,0,no,SpeX Spectrograph,ShortXD,merged_v346nor_sxd_20150722.txt,1.0
2457225.7856901,2457225.7462704,2015-07-22,20150722,LXD,2.1322367,2.1322367e-06,140599989672816.36,,,,0.038529713,0.00069491775,0,no,SpeX Spectrograph,LXD_short,merged_v346nor_lxd_20150722.txt,1.0
2457225.7462704,2457225.7462704,2015-07-22,20150722,SXD,2.1323297,2.1323297e-06,140593857507120.03,,,,0.036068097,0.00018461402,0,no,SpeX Spectrograph,ShortXD,merged_v346nor_sxd_20150722.txt,1.0
2457225.7856901,2457225.7462704,2015-07-22,20150722,LXD,2.1325352,2.1325351999999997e-06,140580309295715.28,,,,0.038087834,0.0006919736,0,no,SpeX Spectrograph,LXD_short,merged_v346nor_lxd_20150722.txt,1.0
2457225.7462704,2457225.7462704,2015-07-22,20150722,SXD,2.132688,2.132688e-06,140570237184248.23,,,,0.035740864,0.00018121304,0,no,SpeX Spectrograph,ShortXD,merged_v346nor_sxd_20150722.txt,1.0
2457225.7856901,2457225.7462704,2015-07-22,20150722,LXD,2.1328337,2.1328337e-06,140560634427334.86,,,,0.038863126,0.00069561036,0,no,SpeX Spectrograph,LXD_short,merged_v346nor_lxd_20150722.txt,1.0
2457225.7462704,2457225.7462704,2015-07-22,20150722,SXD,2.1330464,2.1330464e-06,140546618207648.94,,,,0.036068678,0.00017778018,0,no,SpeX Spectrograph,ShortXD,merged_v346nor_sxd_20150722.txt,1.0
2457225.7856901,2457225.7462704,2015-07-22,20150722,LXD,2.1331325,2.1331324999999997e-06,140540945299928.64,,,,0.038389146,0.00068478775,0,no,SpeX Spectrograph,LXD_short,merged_v346nor_lxd_20150722.txt,1.0
2457225.7462704,2457225.7462704,2015-07-22,20150722,SXD,2.133405,2.133405e-06,140522993993170.53,,,,0.035746615,0.00017009322,0,no,SpeX Spectrograph,ShortXD,merged_v346nor_sxd_20150722.txt,1.0
2457225.7856901,2457225.7462704,2015-07-22,20150722,LXD,2.133431,2.1334309999999996e-06,140521281447583.75,,,,0.0378231,0.00067688251,0,no,SpeX Spectrograph,LXD_short,merged_v346nor_lxd_20150722.txt,1.0
2457225.7856901,2457225.7462704,2015-07-22,20150722,LXD,2.1337295,2.1337295e-06,140501623097023.31,,,,0.038423486,0.00067216693,0,no,SpeX Spectrograph,LXD_short,merged_v346nor_lxd_20150722.txt,1.0
2457225.7462704,2457225.7462704,2015-07-22,20150722,SXD,2.1337633,2.1337633e-06,140499397472999.92,,,,0.035591614,0.00016786996,0,no,SpeX Spectrograph,ShortXD,merged_v346nor_sxd_20150722.txt,1.0
2457225.7856901,2457225.7462704,2015-07-22,20150722,LXD,2.134028,2.1340279999999997e-06,140481970245938.69,,,,0.038263071,0.00067561568,0,no,SpeX Spectrograph,LXD_short,merged_v346nor_lxd_20150722.txt,1.0
2457225.7462704,2457225.7462704,2015-07-22,20150722,SXD,2.1341217,2.1341217e-06,140475802293749.23,,,,0.035539538,0.00016488586,0,no,SpeX Spectrograph,ShortXD,merged_v346nor_sxd_20150722.txt,1.0
2457225.7856901,2457225.7462704,2015-07-22,20150722,LXD,2.1343265,2.1343264999999996e-06,140462322892022.4,,,,0.03877385,0.0006706175,0,no,SpeX Spectrograph,LXD_short,merged_v346nor_lxd_20150722.txt,1.0
2457225.7462704,2457225.7462704,2015-07-22,20150722,SXD,2.1344802,2.1344802e-06,140452208458059.27,,,,0.03592835,0.00017171171,0,no,SpeX Spectrograph,ShortXD,merged_v346nor_sxd_20150722.txt,1.0
2457225.7856901,2457225.7462704,2015-07-22,20150722,LXD,2.134625,2.134625e-06,140442681032968.33,,,,0.039212726,0.00068159873,0,no,SpeX Spectrograph,LXD_short,merged_v346nor_lxd_20150722.txt,1.0
2457225.7462704,2457225.7462704,2015-07-22,20150722,SXD,2.1348386,2.1348386e-06,140428629124468.7,,,,0.035675462,0.00016566896,0,no,SpeX Spectrograph,ShortXD,merged_v346nor_sxd_20150722.txt,1.0
2457225.7856901,2457225.7462704,2015-07-22,20150722,LXD,2.1349235,2.1349235e-06,140423044666471.64,,,,0.038829427,0.00069197168,0,no,SpeX Spectrograph,LXD_short,merged_v346nor_lxd_20150722.txt,1.0
2457225.7462704,2457225.7462704,2015-07-22,20150722,SXD,2.1351969,2.1351968999999997e-06,140405064282361.98,,,,0.036230113,0.00016732738,0,no,SpeX Spectrograph,ShortXD,merged_v346nor_sxd_20150722.txt,1.0
2457225.7856901,2457225.7462704,2015-07-22,20150722,LXD,2.135222,2.135222e-06,140403413790228.83,,,,0.03849208,0.0006867859,0,no,SpeX Spectrograph,LXD_short,merged_v346nor_lxd_20150722.txt,1.0
2457225.7856901,2457225.7462704,2015-07-22,20150722,LXD,2.1355205,2.1355205e-06,140383788401937.61,,,,0.038450073,0.00068363582,0,no,SpeX Spectrograph,LXD_short,merged_v346nor_lxd_20150722.txt,1.0
2457225.7462704,2457225.7462704,2015-07-22,20150722,SXD,2.1355553,2.1355553e-06,140381500774060.97,,,,0.035845205,0.00016722427,0,no,SpeX Spectrograph,ShortXD,merged_v346nor_sxd_20150722.txt,1.0
2457225.7856901,2457225.7462704,2015-07-22,20150722,LXD,2.135819,2.135819e-06,140364168499297.0,,,,0.037690394,0.00068396732,0,no,SpeX Spectrograph,LXD_short,merged_v346nor_lxd_20150722.txt,1.0
2457225.7462704,2457225.7462704,2015-07-22,20150722,SXD,2.1359138,2.1359138e-06,140357938602203.9,,,,0.036333185,0.0001696531,0,no,SpeX Spectrograph,ShortXD,merged_v346nor_sxd_20150722.txt,1.0
2457225.7856901,2457225.7462704,2015-07-22,20150722,LXD,2.1361175,2.1361175e-06,140344554080007.3,,,,0.038223863,0.00068283663,0,no,SpeX Spectrograph,LXD_short,merged_v346nor_lxd_20150722.txt,1.0
2457225.7462704,2457225.7462704,2015-07-22,20150722,SXD,2.1362722,2.1362722e-06,140334390907675.52,,,,0.036352906,0.00017096034,0,no,SpeX Spectrograph,ShortXD,merged_v346nor_sxd_20150722.txt,1.0
2457225.7856901,2457225.7462704,2015-07-22,20150722,LXD,2.136416,2.136416e-06,140324945141770.14,,,,0.039782275,0.00068249257,0,no,SpeX Spectrograph,LXD_short,merged_v346nor_lxd_20150722.txt,1.0
2457225.7462704,2457225.7462704,2015-07-22,20150722,SXD,2.1366305,2.1366304999999997e-06,140310857679884.31,,,,0.036184262,0.00016828698,0,no,SpeX Spectrograph,ShortXD,merged_v346nor_sxd_20150722.txt,1.0
2457225.7856901,2457225.7462704,2015-07-22,20150722,LXD,2.1367145,2.1367145e-06,140305341682288.4,,,,0.038111083,0.00069746957,0,no,SpeX Spectrograph,LXD_short,merged_v346nor_lxd_20150722.txt,1.0
2457225.7462704,2457225.7462704,2015-07-22,20150722,SXD,2.1369889,2.1369889e-06,140287325778809.61,,,,0.035975602,0.00016805287,0,no,SpeX Spectrograph,ShortXD,merged_v346nor_sxd_20150722.txt,1.0
2457225.7856901,2457225.7462704,2015-07-22,20150722,LXD,2.1370127,2.1370127e-06,140285763392983.11,,,,0.038112387,0.00067319698,0,no,SpeX Spectrograph,LXD_short,merged_v346nor_lxd_20150722.txt,1.0
2457225.7856901,2457225.7462704,2015-07-22,20150722,LXD,2.1373112,2.1373112e-06,140266170878625.45,,,,0.037923813,0.00067178824,0,no,SpeX Spectrograph,LXD_short,merged_v346nor_lxd_20150722.txt,1.0
2457225.7462704,2457225.7462704,2015-07-22,20150722,SXD,2.1373475,2.1373475e-06,140263788644569.95,,,,0.036059946,0.00016805292,0,no,SpeX Spectrograph,ShortXD,merged_v346nor_sxd_20150722.txt,1.0
2457225.7856901,2457225.7462704,2015-07-22,20150722,LXD,2.1376097,2.1376097e-06,140246583836141.83,,,,0.0376327,0.00068055285,0,no,SpeX Spectrograph,LXD_short,merged_v346nor_lxd_20150722.txt,1.0
2457225.7462704,2457225.7462704,2015-07-22,20150722,SXD,2.1377058,2.1377057999999997e-06,140240279087983.03,,,,0.036461506,0.00016883419,0,no,SpeX Spectrograph,ShortXD,merged_v346nor_sxd_20150722.txt,1.0
2457225.7856901,2457225.7462704,2015-07-22,20150722,LXD,2.1379082,2.1379082e-06,140227002263240.3,,,,0.037968349,0.00067325303,0,no,SpeX Spectrograph,LXD_short,merged_v346nor_lxd_20150722.txt,1.0
2457225.7462704,2457225.7462704,2015-07-22,20150722,SXD,2.1380641,2.1380640999999997e-06,140216777410929.84,,,,0.035933536,0.00016628021,0,no,SpeX Spectrograph,ShortXD,merged_v346nor_sxd_20150722.txt,1.0
2457225.7856901,2457225.7462704,2015-07-22,20150722,LXD,2.1382067,2.1382067e-06,140207426157630.14,,,,0.039169908,0.00067653612,0,no,SpeX Spectrograph,LXD_short,merged_v346nor_lxd_20150722.txt,1.0
2457225.7462704,2457225.7462704,2015-07-22,20150722,SXD,2.1384225,2.1384224999999996e-06,140193277053528.97,,,,0.036291182,0.0001671674,0,no,SpeX Spectrograph,ShortXD,merged_v346nor_sxd_20150722.txt,1.0
2457225.7856901,2457225.7462704,2015-07-22,20150722,LXD,2.1385052,2.1385051999999997e-06,140187855517021.9,,,,0.039085783,0.00068005821,0,no,SpeX Spectrograph,LXD_short,merged_v346nor_lxd_20150722.txt,1.0
2457225.7462704,2457225.7462704,2015-07-22,20150722,SXD,2.1387808,2.1387808e-06,140169791125860.12,,,,0.03600492,0.00016693264,0,no,SpeX Spectrograph,ShortXD,merged_v346nor_sxd_20150722.txt,1.0
2457225.7856901,2457225.7462704,2015-07-22,20150722,LXD,2.1388037,2.1388037e-06,140168290339127.42,,,,0.038650963,0.00068322028,0,no,SpeX Spectrograph,LXD_short,merged_v346nor_lxd_20150722.txt,1.0
2457225.7856901,2457225.7462704,2015-07-22,20150722,LXD,2.139102,2.1391019999999996e-06,140148743725170.69,,,,0.038671881,0.00069972058,0,no,SpeX Spectrograph,LXD_short,merged_v346nor_lxd_20150722.txt,1.0
2457225.7462704,2457225.7462704,2015-07-22,20150722,SXD,2.1391392,2.1391392e-06,140146306514321.28,,,,0.036432337,0.00016662182,0,no,SpeX Spectrograph,ShortXD,merged_v346nor_sxd_20150722.txt,1.0
2457225.7856901,2457225.7462704,2015-07-22,20150722,LXD,2.1394005,2.1394005e-06,140129189462188.12,,,,0.040644001,0.00068643189,0,no,SpeX Spectrograph,LXD_short,merged_v346nor_lxd_20150722.txt,1.0
2457225.7462704,2457225.7462704,2015-07-22,20150722,SXD,2.1394978,2.1394978e-06,140122816672211.58,,,,0.036379326,0.0001666829,0,no,SpeX Spectrograph,ShortXD,merged_v346nor_sxd_20150722.txt,1.0
2457225.7856901,2457225.7462704,2015-07-22,20150722,LXD,2.139699,2.139699e-06,140109640655064.11,,,,0.038520504,0.00069068727,0,no,SpeX Spectrograph,LXD_short,merged_v346nor_lxd_20150722.txt,1.0
2457225.7462704,2457225.7462704,2015-07-22,20150722,SXD,2.1398561,2.1398560999999996e-06,140099354344434.69,,,,0.03622679,0.00016583127,0,no,SpeX Spectrograph,ShortXD,merged_v346nor_sxd_20150722.txt,1.0
2457225.7856901,2457225.7462704,2015-07-22,20150722,LXD,2.1399975,2.1399975e-06,140090097301515.53,,,,0.038339019,0.00069085776,0,no,SpeX Spectrograph,LXD_short,merged_v346nor_lxd_20150722.txt,1.0
2457225.7462704,2457225.7462704,2015-07-22,20150722,SXD,2.1402144,2.1402144e-06,140075899872461.38,,,,0.036148649,0.00016502249,0,no,SpeX Spectrograph,ShortXD,merged_v346nor_sxd_20150722.txt,1.0
2457225.7856901,2457225.7462704,2015-07-22,20150722,LXD,2.1402957,2.1402956999999997e-06,140070579032607.52,,,,0.039489582,0.000690246,0,no,SpeX Spectrograph,LXD_short,merged_v346nor_lxd_20150722.txt,1.0
2457225.7462704,2457225.7462704,2015-07-22,20150722,SXD,2.1405728,2.1405728e-06,140052446709591.02,,,,0.036315218,0.00016621768,0,no,SpeX Spectrograph,ShortXD,merged_v346nor_sxd_20150722.txt,1.0
2457225.7856901,2457225.7462704,2015-07-22,20150722,LXD,2.1405942,2.1405941999999996e-06,140051046573890.58,,,,0.039756879,0.0006905449,0,no,SpeX Spectrograph,LXD_short,merged_v346nor_lxd_20150722.txt,1.0
2457225.7856901,2457225.7462704,2015-07-22,20150722,LXD,2.1408927,2.1408927e-06,140031519561909.86,,,,0.03836529,0.00067995238,0,no,SpeX Spectrograph,LXD_short,merged_v346nor_lxd_20150722.txt,1.0
2457225.7462704,2457225.7462704,2015-07-22,20150722,SXD,2.1409311,2.1409311e-06,140029007939582.94,,,,0.036221005,0.00016654597,0,no,SpeX Spectrograph,ShortXD,merged_v346nor_sxd_20150722.txt,1.0
2457225.7856901,2457225.7462704,2015-07-22,20150722,LXD,2.141191,2.141191e-06,140012011072342.45,,,,0.039091371,0.00067951332,0,no,SpeX Spectrograph,LXD_short,merged_v346nor_lxd_20150722.txt,1.0
2457225.7462704,2457225.7462704,2015-07-22,20150722,SXD,2.1412895,2.1412895e-06,140005570475173.94,,,,0.036470011,0.00016722961,0,no,SpeX Spectrograph,ShortXD,merged_v346nor_sxd_20150722.txt,1.0
2457225.7856901,2457225.7462704,2015-07-22,20150722,LXD,2.1414895,2.1414894999999998e-06,139992494943356.03,,,,0.037814979,0.00067741523,0,no,SpeX Spectrograph,LXD_short,merged_v346nor_lxd_20150722.txt,1.0
2457225.7462704,2457225.7462704,2015-07-22,20150722,SXD,2.1416478,2.1416477999999997e-06,139982147391368.48,,,,0.036366966,0.00017124396,0,no,SpeX Spectrograph,ShortXD,merged_v346nor_sxd_20150722.txt,1.0
2457225.7856901,2457225.7462704,2015-07-22,20150722,LXD,2.141788,2.141788e-06,139972984254277.27,,,,0.039276078,0.00068068953,0,no,SpeX Spectrograph,LXD_short,merged_v346nor_lxd_20150722.txt,1.0
2457225.7462704,2457225.7462704,2015-07-22,20150722,SXD,2.1420062,2.1420062e-06,139958725609664.44,,,,0.036308076,0.000167226,0,no,SpeX Spectrograph,ShortXD,merged_v346nor_sxd_20150722.txt,1.0
2457225.7856901,2457225.7462704,2015-07-22,20150722,LXD,2.1420863,2.1420862999999996e-06,139953492069857.34,,,,0.040244903,0.00067658426,0,no,SpeX Spectrograph,LXD_short,merged_v346nor_lxd_20150722.txt,1.0
2457225.7462704,2457225.7462704,2015-07-22,20150722,SXD,2.1423645,2.1423644999999996e-06,139935318196320.03,,,,0.036481451,0.0001749381,0,no,SpeX Spectrograph,ShortXD,merged_v346nor_sxd_20150722.txt,1.0
2457225.7856901,2457225.7462704,2015-07-22,20150722,LXD,2.1423848,2.1423848e-06,139933992250131.72,,,,0.039252605,0.00067010859,0,no,SpeX Spectrograph,LXD_short,merged_v346nor_lxd_20150722.txt,1.0
2457225.7856901,2457225.7462704,2015-07-22,20150722,LXD,2.1426833,2.1426833e-06,139914497863496.69,,,,0.039237805,0.00067274831,0,no,SpeX Spectrograph,LXD_short,merged_v346nor_lxd_20150722.txt,1.0
2457225.7462704,2457225.7462704,2015-07-22,20150722,SXD,2.1427228,2.1427228e-06,139911918611217.47,,,,0.036461305,0.00016701722,0,no,SpeX Spectrograph,ShortXD,merged_v346nor_sxd_20150722.txt,1.0
2457225.7856901,2457225.7462704,2015-07-22,20150722,LXD,2.1429815,2.1429815e-06,139895028491846.53,,,,0.039057478,0.00069068337,0,no,SpeX Spectrograph,LXD_short,merged_v346nor_lxd_20150722.txt,1.0
2457225.7462704,2457225.7462704,2015-07-22,20150722,SXD,2.1430812,2.1430812e-06,139888520322981.7,,,,0.036585569,0.00016858592,0,no,SpeX Spectrograph,ShortXD,merged_v346nor_sxd_20150722.txt,1.0
2457225.7856901,2457225.7462704,2015-07-22,20150722,LXD,2.14328,2.1432799999999997e-06,139875544959128.08,,,,0.038546428,0.00067185709,0,no,SpeX Spectrograph,LXD_short,merged_v346nor_lxd_20150722.txt,1.0
2457225.7462704,2457225.7462704,2015-07-22,20150722,SXD,2.1434395,2.1434395e-06,139865136384768.52,,,,0.037134472,0.00016901788,0,no,SpeX Spectrograph,ShortXD,merged_v346nor_sxd_20150722.txt,1.0
2457225.7856901,2457225.7462704,2015-07-22,20150722,LXD,2.1435783,2.1435783e-06,139856079901536.6,,,,0.039301801,0.00066942815,0,no,SpeX Spectrograph,LXD_short,merged_v346nor_lxd_20150722.txt,1.0
2457225.7462704,2457225.7462704,2015-07-22,20150722,SXD,2.1437979,2.1437979e-06,139841753739939.75,,,,0.036905903,0.00016916003,0,no,SpeX Spectrograph,ShortXD,merged_v346nor_sxd_20150722.txt,1.0
2457225.7856901,2457225.7462704,2015-07-22,20150722,LXD,2.1438768,2.1438768e-06,139836607215489.25,,,,0.038820971,0.00067031832,0,no,SpeX Spectrograph,LXD_short,merged_v346nor_lxd_20150722.txt,1.0
2457225.7462704,2457225.7462704,2015-07-22,20150722,SXD,2.1441562,2.1441561999999997e-06,139818385432926.97,,,,0.036902707,0.00016787401,0,no,SpeX Spectrograph,ShortXD,merged_v346nor_sxd_20150722.txt,1.0
2457225.7856901,2457225.7462704,2015-07-22,20150722,LXD,2.1441753,2.1441753e-06,139817139951197.1,,,,0.039045759,0.00067772088,0,no,SpeX Spectrograph,LXD_short,merged_v346nor_lxd_20150722.txt,1.0
2457225.7856901,2457225.7462704,2015-07-22,20150722,LXD,2.1444736,2.1444736e-06,139797691144344.23,,,,0.039272401,0.00067546096,0,no,SpeX Spectrograph,LXD_short,merged_v346nor_lxd_20150722.txt,1.0
2457225.7462704,2457225.7462704,2015-07-22,20150722,SXD,2.1445146,2.1445146e-06,139795018415822.39,,,,0.037313696,0.00016952086,0,no,SpeX Spectrograph,ShortXD,merged_v346nor_sxd_20150722.txt,1.0
2457225.7856901,2457225.7462704,2015-07-22,20150722,LXD,2.1447721,2.1447721e-06,139778234713142.73,,,,0.04010592,0.00067524059,0,no,SpeX Spectrograph,LXD_short,merged_v346nor_lxd_20150722.txt,1.0
2457225.7462704,2457225.7462704,2015-07-22,20150722,SXD,2.1448729,2.1448729e-06,139771665724341.98,,,,0.036877099,0.00016827164,0,no,SpeX Spectrograph,ShortXD,merged_v346nor_sxd_20150722.txt,1.0
2457225.7856901,2457225.7462704,2015-07-22,20150722,LXD,2.1450703,2.1450703e-06,139758803242952.0,,,,0.03990408,0.00067428185,0,no,SpeX Spectrograph,LXD_short,merged_v346nor_lxd_20150722.txt,1.0
2457225.7462704,2457225.7462704,2015-07-22,20150722,SXD,2.1452312,2.1452312e-06,139748320833670.52,,,,0.036980629,0.00016860859,0,no,SpeX Spectrograph,ShortXD,merged_v346nor_sxd_20150722.txt,1.0
2457225.7856901,2457225.7462704,2015-07-22,20150722,LXD,2.1453688,2.1453687999999997e-06,139739357633988.17,,,,0.038619243,0.0006985676,0,no,SpeX Spectrograph,LXD_short,merged_v346nor_lxd_20150722.txt,1.0
2457225.7462704,2457225.7462704,2015-07-22,20150722,SXD,2.1455896,2.1455896e-06,139724977227704.7,,,,0.036920521,0.00016810934,0,no,SpeX Spectrograph,ShortXD,merged_v346nor_sxd_20150722.txt,1.0
2457225.7856901,2457225.7462704,2015-07-22,20150722,LXD,2.1456671,2.1456670999999997e-06,139719930458923.5,,,,0.040050719,0.0006788997,0,no,SpeX Spectrograph,LXD_short,merged_v346nor_lxd_20150722.txt,1.0
2457225.7462704,2457225.7462704,2015-07-22,20150722,SXD,2.1459479,2.1459478999999998e-06,139701647929103.98,,,,0.037223261,0.00017011653,0,no,SpeX Spectrograph,ShortXD,merged_v346nor_sxd_20150722.txt,1.0
2457225.7856901,2457225.7462704,2015-07-22,20150722,LXD,2.1459653,2.1459652999999998e-06,139700515194723.81,,,,0.039709639,0.00067416026,0,no,SpeX Spectrograph,LXD_short,merged_v346nor_lxd_20150722.txt,1.0
2457225.7856901,2457225.7462704,2015-07-22,20150722,LXD,2.1462638,2.1462637999999997e-06,139681085801288.75,,,,0.039333526,0.00066965347,0,no,SpeX Spectrograph,LXD_short,merged_v346nor_lxd_20150722.txt,1.0
2457225.7462704,2457225.7462704,2015-07-22,20150722,SXD,2.1463063,2.1463063e-06,139678319911747.9,,,,0.037438672,0.00017111773,0,no,SpeX Spectrograph,ShortXD,merged_v346nor_sxd_20150722.txt,1.0
2457225.7856901,2457225.7462704,2015-07-22,20150722,LXD,2.1465621,2.1465621e-06,139661674824129.23,,,,0.039273221,0.00065640203,0,no,SpeX Spectrograph,LXD_short,merged_v346nor_lxd_20150722.txt,1.0
2457225.7462704,2457225.7462704,2015-07-22,20150722,SXD,2.1466646,2.1466645999999996e-06,139655006189602.25,,,,0.037422772,0.00017057924,0,no,SpeX Spectrograph,ShortXD,merged_v346nor_sxd_20150722.txt,1.0
2457225.7856901,2457225.7462704,2015-07-22,20150722,LXD,2.1468606,2.1468606e-06,139642256232193.19,,,,0.038409274,0.00065273338,0,no,SpeX Spectrograph,LXD_short,merged_v346nor_lxd_20150722.txt,1.0
2457225.7462704,2457225.7462704,2015-07-22,20150722,SXD,2.147023,2.147023e-06,139631693745246.33,,,,0.03750407,0.0001718915,0,no,SpeX Spectrograph,ShortXD,merged_v346nor_sxd_20150722.txt,1.0
2457225.7856901,2457225.7462704,2015-07-22,20150722,LXD,2.1471589,2.1471589e-06,139622856044794.83,,,,0.038427357,0.00064306654,0,no,SpeX Spectrograph,LXD_short,merged_v346nor_lxd_20150722.txt,1.0
2457225.7462704,2457225.7462704,2015-07-22,20150722,SXD,2.1473811,2.1473811e-06,139608408586626.75,,,,0.037462782,0.00017084517,0,no,SpeX Spectrograph,ShortXD,merged_v346nor_sxd_20150722.txt,1.0
2457225.7856901,2457225.7462704,2015-07-22,20150722,LXD,2.1474574,2.1474574e-06,139603448245352.86,,,,0.037978768,0.00063946907,0,no,SpeX Spectrograph,LXD_short,merged_v346nor_lxd_20150722.txt,1.0
2457225.7462704,2457225.7462704,2015-07-22,20150722,SXD,2.1477394,2.1477393999999996e-06,139585118194507.23,,,,0.037545666,0.00017133867,0,no,SpeX Spectrograph,ShortXD,merged_v346nor_sxd_20150722.txt,1.0
2457225.7856901,2457225.7462704,2015-07-22,20150722,LXD,2.1477556,2.1477556e-06,139584065337787.97,,,,0.037087694,0.00063342758,0,no,SpeX Spectrograph,LXD_short,merged_v346nor_lxd_20150722.txt,1.0
2457225.7856901,2457225.7462704,2015-07-22,20150722,LXD,2.1480539,2.1480539e-06,139564681314561.06,,,,0.036476545,0.00064660358,0,no,SpeX Spectrograph,LXD_short,merged_v346nor_lxd_20150722.txt,1.0
2457225.7462704,2457225.7462704,2015-07-22,20150722,SXD,2.1480978,2.1480978e-06,139561829075007.67,,,,0.037486218,0.0001712751,0,no,SpeX Spectrograph,ShortXD,merged_v346nor_sxd_20150722.txt,1.0
2457225.7856901,2457225.7462704,2015-07-22,20150722,LXD,2.1483524,2.1483523999999997e-06,139545289683387.16,,,,0.037836924,0.00065251242,0,no,SpeX Spectrograph,LXD_short,merged_v346nor_lxd_20150722.txt,1.0
2457225.7462704,2457225.7462704,2015-07-22,20150722,SXD,2.1484561,2.1484561000000003e-06,139538554220400.39,,,,0.037635062,0.00017245903,0,no,SpeX Spectrograph,ShortXD,merged_v346nor_sxd_20150722.txt,1.0
2457225.7856901,2457225.7462704,2015-07-22,20150722,LXD,2.1486506,2.1486506e-06,139525922921111.52,,,,0.037695922,0.00066375418,0,no,SpeX Spectrograph,LXD_short,merged_v346nor_lxd_20150722.txt,1.0
2457225.7462704,2457225.7462704,2015-07-22,20150722,SXD,2.1488144,2.1488144e-06,139515287127636.53,,,,0.037465423,0.00017444188,0,no,SpeX Spectrograph,ShortXD,merged_v346nor_sxd_20150722.txt,1.0
2457225.7856901,2457225.7462704,2015-07-22,20150722,LXD,2.1489489,2.1489489000000002e-06,139506555041862.55,,,,0.037088826,0.00066808559,0,no,SpeX Spectrograph,LXD_short,merged_v346nor_lxd_20150722.txt,1.0
2457225.7462704,2457225.7462704,2015-07-22,20150722,SXD,2.1491728,2.1491728e-06,139492021302335.48,,,,0.037314478,0.00018027661,0,no,SpeX Spectrograph,ShortXD,merged_v346nor_sxd_20150722.txt,1.0
2457225.7856901,2457225.7462704,2015-07-22,20150722,LXD,2.1492474,2.1492474e-06,139487179558760.89,,,,0.039366186,0.00069198274,0,no,SpeX Spectrograph,LXD_short,merged_v346nor_lxd_20150722.txt,1.0
2457225.7462704,2457225.7462704,2015-07-22,20150722,SXD,2.1495309,2.1495308999999998e-06,139468782700448.75,,,,0.037429415,0.00019155732,0,no,SpeX Spectrograph,ShortXD,merged_v346nor_sxd_20150722.txt,1.0
2457225.7856901,2457225.7462704,2015-07-22,20150722,LXD,2.1495457,2.1495457e-06,139467822433363.47,,,,0.038933814,0.00069323269,0,no,SpeX Spectrograph,LXD_short,merged_v346nor_lxd_20150722.txt,1.0
2457225.7856901,2457225.7462704,2015-07-22,20150722,LXD,2.1498439,2.1498438999999997e-06,139448477166179.39,,,,0.038947046,0.00071606814,0,no,SpeX Spectrograph,LXD_short,merged_v346nor_lxd_20150722.txt,1.0
2457225.7462704,2457225.7462704,2015-07-22,20150722,SXD,2.1498892,2.1498892e-06,139445538867770.48,,,,0.037568409,0.0002306556,0,no,SpeX Spectrograph,ShortXD,merged_v346nor_sxd_20150722.txt,1.0
2457225.7856901,2457225.7462704,2015-07-22,20150722,LXD,2.1501422,2.1501421999999997e-06,139429130780280.5,,,,0.040273737,0.00076214719,0,no,SpeX Spectrograph,LXD_short,merged_v346nor_lxd_20150722.txt,1.0
2457225.7462704,2457225.7462704,2015-07-22,20150722,SXD,2.1502476,2.1502476e-06,139422296297412.44,,,,0.037505902,0.00026000256,0,no,SpeX Spectrograph,ShortXD,merged_v346nor_sxd_20150722.txt,1.0
2457225.7856901,2457225.7462704,2015-07-22,20150722,LXD,2.1504407,2.1504406999999996e-06,139409776795984.22,,,,0.041082434,0.00079844665,0,no,SpeX Spectrograph,LXD_short,merged_v346nor_lxd_20150722.txt,1.0
2457225.7462704,2457225.7462704,2015-07-22,20150722,SXD,2.1506059,2.1506059e-06,139399067955686.34,,,,0.037881684,0.00026897527,0,no,SpeX Spectrograph,ShortXD,merged_v346nor_sxd_20150722.txt,1.0
2457225.7856901,2457225.7462704,2015-07-22,20150722,LXD,2.150739,2.150739e-06,139390441146043.28,,,,0.041355222,0.00081516348,0,no,SpeX Spectrograph,LXD_short,merged_v346nor_lxd_20150722.txt,1.0
2457225.7462704,2457225.7462704,2015-07-22,20150722,SXD,2.150964,2.150964e-06,139375860311934.55,,,,0.03805251,0.00027156761,0,no,SpeX Spectrograph,ShortXD,merged_v346nor_sxd_20150722.txt,1.0
2457225.7856901,2457225.7462704,2015-07-22,20150722,LXD,2.1510372,2.1510372e-06,139371117338184.56,,,,0.041087065,0.00083225925,0,no,SpeX Spectrograph,LXD_short,merged_v346nor_lxd_20150722.txt,1.0
2457225.7462704,2457225.7462704,2015-07-22,20150722,SXD,2.1513224,2.1513224e-06,139352640961670.83,,,,0.037741099,0.00025429414,0,no,SpeX Spectrograph,ShortXD,merged_v346nor_sxd_20150722.txt,1.0
2457225.7856901,2457225.7462704,2015-07-22,20150722,LXD,2.1513355,2.1513355e-06,139351792409877.48,,,,0.040766314,0.00077643711,0,no,SpeX Spectrograph,LXD_short,merged_v346nor_lxd_20150722.txt,1.0
2457225.7856901,2457225.7462704,2015-07-22,20150722,LXD,2.1516337,2.1516337e-06,139332479315600.97,,,,0.040361978,0.00075426733,0,no,SpeX Spectrograph,LXD_short,merged_v346nor_lxd_20150722.txt,1.0
2457225.7462704,2457225.7462704,2015-07-22,20150722,SXD,2.1516807,2.1516807e-06,139329435821960.02,,,,0.037976414,0.0002146054,0,no,SpeX Spectrograph,ShortXD,merged_v346nor_sxd_20150722.txt,1.0
2457225.7856901,2457225.7462704,2015-07-22,20150722,LXD,2.1519322,2.1519322e-06,139313152152284.34,,,,0.040226869,0.00071220292,0,no,SpeX Spectrograph,LXD_short,merged_v346nor_lxd_20150722.txt,1.0
2457225.7462704,2457225.7462704,2015-07-22,20150722,SXD,2.1520391,2.1520391e-06,139306231936027.56,,,,0.038037181,0.00019239885,0,no,SpeX Spectrograph,ShortXD,merged_v346nor_sxd_20150722.txt,1.0
2457225.7856901,2457225.7462704,2015-07-22,20150722,LXD,2.1522305,2.1522305e-06,139293843294201.06,,,,0.040557776,0.00069916685,0,no,SpeX Spectrograph,LXD_short,merged_v346nor_lxd_20150722.txt,1.0
2457225.7462704,2457225.7462704,2015-07-22,20150722,SXD,2.1523972,2.1523971999999995e-06,139283055190742.7,,,,0.038106695,0.000190591,0,no,SpeX Spectrograph,ShortXD,merged_v346nor_sxd_20150722.txt,1.0
2457225.7856901,2457225.7462704,2015-07-22,20150722,LXD,2.1525288,2.1525287999999996e-06,139274539787806.81,,,,0.040392064,0.00069899566,0,no,SpeX Spectrograph,LXD_short,merged_v346nor_lxd_20150722.txt,1.0
2457225.7462704,2457225.7462704,2015-07-22,20150722,SXD,2.1527555,2.1527555e-06,139259873218300.92,,,,0.038581666,0.0002000057,0,no,SpeX Spectrograph,ShortXD,merged_v346nor_sxd_20150722.txt,1.0
2457225.7856901,2457225.7462704,2015-07-22,20150722,LXD,2.152827,2.1528269999999996e-06,139255248099359.61,,,,0.040246964,0.00069974083,0,no,SpeX Spectrograph,LXD_short,merged_v346nor_lxd_20150722.txt,1.0
2457225.7462704,2457225.7462704,2015-07-22,20150722,SXD,2.1531138,2.1531138e-06,139236698961290.39,,,,0.038536724,0.00021708026,0,no,SpeX Spectrograph,ShortXD,merged_v346nor_sxd_20150722.txt,1.0
2457225.7856901,2457225.7462704,2015-07-22,20150722,LXD,2.1531253,2.1531253e-06,139235955287878.5,,,,0.039538529,0.00070295075,0,no,SpeX Spectrograph,LXD_short,merged_v346nor_lxd_20150722.txt,1.0
2457225.7856901,2457225.7462704,2015-07-22,20150722,LXD,2.1534235,2.1534235e-06,139216674286316.64,,,,0.040365621,0.00077653874,0,no,SpeX Spectrograph,LXD_short,merged_v346nor_lxd_20150722.txt,1.0
2457225.7462704,2457225.7462704,2015-07-22,20150722,SXD,2.1534719,2.1534719e-06,139213545345077.4,,,,0.03907682,0.00022468976,0,no,SpeX Spectrograph,ShortXD,merged_v346nor_sxd_20150722.txt,1.0
2457225.7856901,2457225.7462704,2015-07-22,20150722,LXD,2.1537218,2.1537218e-06,139197392160863.11,,,,0.041561563,0.00072705821,0,no,SpeX Spectrograph,LXD_short,merged_v346nor_lxd_20150722.txt,1.0
2457225.7462704,2457225.7462704,2015-07-22,20150722,SXD,2.1538303,2.1538303e-06,139190380040618.81,,,,0.038965467,0.00022968865,0,no,SpeX Spectrograph,ShortXD,merged_v346nor_sxd_20150722.txt,1.0
2457225.7856901,2457225.7462704,2015-07-22,20150722,LXD,2.1540201,2.1540200999999997e-06,139178115375989.31,,,,0.04124184,0.00073316926,0,no,SpeX Spectrograph,LXD_short,merged_v346nor_lxd_20150722.txt,1.0
2457225.7462704,2457225.7462704,2015-07-22,20150722,SXD,2.1541886,2.1541885999999998e-06,139167228904655.81,,,,0.039177444,0.00022024111,0,no,SpeX Spectrograph,ShortXD,merged_v346nor_sxd_20150722.txt,1.0
2457225.7856901,2457225.7462704,2015-07-22,20150722,LXD,2.1543183,2.1543182999999997e-06,139158850389007.06,,,,0.041579295,0.00070737483,0,no,SpeX Spectrograph,LXD_short,merged_v346nor_lxd_20150722.txt,1.0
2457225.7462704,2457225.7462704,2015-07-22,20150722,SXD,2.1545467,2.1545467e-06,139144098385057.06,,,,0.038876228,0.0002051489,0,no,SpeX Spectrograph,ShortXD,merged_v346nor_sxd_20150722.txt,1.0
2457225.7856901,2457225.7462704,2015-07-22,20150722,LXD,2.1546166,2.1546166e-06,139139584276849.98,,,,0.040788606,0.00070793071,0,no,SpeX Spectrograph,LXD_short,merged_v346nor_lxd_20150722.txt,1.0
2457225.7462704,2457225.7462704,2015-07-22,20150722,SXD,2.1549051,2.1549051e-06,139120956185031.06,,,,0.038648833,0.00019033541,0,no,SpeX Spectrograph,ShortXD,merged_v346nor_sxd_20150722.txt,1.0
2457225.7856901,2457225.7462704,2015-07-22,20150722,LXD,2.1549149,2.1549149e-06,139120323498621.67,,,,0.041124348,0.00069724541,0,no,SpeX Spectrograph,LXD_short,merged_v346nor_lxd_20150722.txt,1.0
2457225.7856901,2457225.7462704,2015-07-22,20150722,LXD,2.1552134,2.1552134e-06,139101055143773.69,,,,0.040868763,0.00069137284,0,no,SpeX Spectrograph,LXD_short,merged_v346nor_lxd_20150722.txt,1.0
2457225.7462704,2457225.7462704,2015-07-22,20150722,SXD,2.1552632,2.1552632e-06,139097841043265.62,,,,0.038425289,0.00018470376,0,no,SpeX Spectrograph,ShortXD,merged_v346nor_sxd_20150722.txt,1.0
2457225.7856901,2457225.7462704,2015-07-22,20150722,LXD,2.1555116,2.1555116e-06,139081811482712.5,,,,0.041178275,0.00068890169,0,no,SpeX Spectrograph,LXD_short,merged_v346nor_lxd_20150722.txt,1.0
2457225.7462704,2457225.7462704,2015-07-22,20150722,SXD,2.1556215,2.1556215e-06,139074720678004.02,,,,0.038518488,0.00018013912,0,no,SpeX Spectrograph,ShortXD,merged_v346nor_sxd_20150722.txt,1.0
2457225.7856901,2457225.7462704,2015-07-22,20150722,LXD,2.1558099,2.1558098999999997e-06,139062566694772.14,,,,0.041708648,0.0006831506,0,no,SpeX Spectrograph,LXD_short,merged_v346nor_lxd_20150722.txt,1.0
2457225.7462704,2457225.7462704,2015-07-22,20150722,SXD,2.1559799,2.1559799e-06,139051601547862.28,,,,0.038704365,0.00017899626,0,no,SpeX Spectrograph,ShortXD,merged_v346nor_sxd_20150722.txt,1.0
2457225.7856901,2457225.7462704,2015-07-22,20150722,LXD,2.1561079,2.1561079e-06,139043346578341.47,,,,0.040722989,0.00067941245,0,no,SpeX Spectrograph,LXD_short,merged_v346nor_lxd_20150722.txt,1.0
2457225.7462704,2457225.7462704,2015-07-22,20150722,SXD,2.156338,2.1563379999999998e-06,139028509445179.77,,,,0.038592074,0.00017931247,0,no,SpeX Spectrograph,ShortXD,merged_v346nor_sxd_20150722.txt,1.0
2457225.7856901,2457225.7462704,2015-07-22,20150722,LXD,2.1564062,2.1564062000000003e-06,139024112432991.5,,,,0.040647525,0.00069157162,0,no,SpeX Spectrograph,LXD_short,merged_v346nor_lxd_20150722.txt,1.0
2457225.7462704,2457225.7462704,2015-07-22,20150722,SXD,2.1566963,2.1566963e-06,139005412120380.6,,,,0.038801741,0.0001811853,0,no,SpeX Spectrograph,ShortXD,merged_v346nor_sxd_20150722.txt,1.0
2457225.7856901,2457225.7462704,2015-07-22,20150722,LXD,2.1567044,2.1567044e-06,139004890053546.52,,,,0.039830565,0.00067358499,0,no,SpeX Spectrograph,LXD_short,merged_v346nor_lxd_20150722.txt,1.0
2457225.7856901,2457225.7462704,2015-07-22,20150722,LXD,2.1570027,2.1570027e-06,138985666545526.36,,,,0.040316742,0.00067587808,0,no,SpeX Spectrograph,LXD_short,merged_v346nor_lxd_20150722.txt,1.0
2457225.7462704,2457225.7462704,2015-07-22,20150722,SXD,2.1570544,2.1570544e-06,138982335355102.78,,,,0.038796827,0.00018317401,0,no,SpeX Spectrograph,ShortXD,merged_v346nor_sxd_20150722.txt,1.0
2457225.7856901,2457225.7462704,2015-07-22,20150722,LXD,2.1573009,2.1573009e-06,138966454795434.42,,,,0.04148436,0.00067541923,0,no,SpeX Spectrograph,LXD_short,merged_v346nor_lxd_20150722.txt,1.0
2457225.7462704,2457225.7462704,2015-07-22,20150722,SXD,2.1574128,2.1574127999999997e-06,138959246927616.28,,,,0.038834728,0.00019737492,0,no,SpeX Spectrograph,ShortXD,merged_v346nor_sxd_20150722.txt,1.0
2457225.7856901,2457225.7462704,2015-07-22,20150722,LXD,2.1575992,2.1575992e-06,138947241915922.11,,,,0.040273346,0.00067995116,0,no,SpeX Spectrograph,LXD_short,merged_v346nor_lxd_20150722.txt,1.0
2457225.7462704,2457225.7462704,2015-07-22,20150722,SXD,2.1577709,2.1577709e-06,138936185486605.66,,,,0.039253946,0.00020070249,0,no,SpeX Spectrograph,ShortXD,merged_v346nor_sxd_20150722.txt,1.0
2457225.7856901,2457225.7462704,2015-07-22,20150722,LXD,2.1578975,2.1578974999999995e-06,138928034348248.73,,,,0.040796041,0.00068426871,0,no,SpeX Spectrograph,LXD_short,merged_v346nor_lxd_20150722.txt,1.0
2457225.7462704,2457225.7462704,2015-07-22,20150722,SXD,2.1581292,2.1581291999999998e-06,138913118825323.36,,,,0.039248411,0.0001996728,0,no,SpeX Spectrograph,ShortXD,merged_v346nor_sxd_20150722.txt,1.0
2457225.7856901,2457225.7462704,2015-07-22,20150722,LXD,2.1581957,2.1581956999999996e-06,138908838526552.55,,,,0.04017562,0.0006801975,0,no,SpeX Spectrograph,LXD_short,merged_v346nor_lxd_20150722.txt,1.0
2457225.7462704,2457225.7462704,2015-07-22,20150722,SXD,2.1584873,2.1584873e-06,138890072691185.17,,,,0.039224695,0.00019649843,0,no,SpeX Spectrograph,ShortXD,merged_v346nor_sxd_20150722.txt,1.0
2457225.7856901,2457225.7462704,2015-07-22,20150722,LXD,2.158494,2.158494e-06,138889641574171.62,,,,0.04061361,0.00068590569,0,no,SpeX Spectrograph,LXD_short,merged_v346nor_lxd_20150722.txt,1.0
2457225.7856901,2457225.7462704,2015-07-22,20150722,LXD,2.1587923,2.1587923e-06,138870449927026.33,,,,0.041235492,0.0006914761,0,no,SpeX Spectrograph,LXD_short,merged_v346nor_lxd_20150722.txt,1.0
2457225.7462704,2457225.7462704,2015-07-22,20150722,SXD,2.1588457,2.1588457e-06,138867014905233.84,,,,0.039158229,0.00019169065,0,no,SpeX Spectrograph,ShortXD,merged_v346nor_sxd_20150722.txt,1.0
2457225.7856901,2457225.7462704,2015-07-22,20150722,LXD,2.1590903,2.1590902999999998e-06,138851282875940.88,,,,0.041304152,0.00070890132,0,no,SpeX Spectrograph,LXD_short,merged_v346nor_lxd_20150722.txt,1.0
2457225.7462704,2457225.7462704,2015-07-22,20150722,SXD,2.1592038,2.1592038e-06,138843984064866.89,,,,0.039252166,0.00018614776,0,no,SpeX Spectrograph,ShortXD,merged_v346nor_sxd_20150722.txt,1.0
2457225.7856901,2457225.7462704,2015-07-22,20150722,LXD,2.1593885,2.1593885e-06,138832108256573.58,,,,0.040634863,0.00068896625,0,no,SpeX Spectrograph,LXD_short,merged_v346nor_lxd_20150722.txt,1.0
2457225.7462704,2457225.7462704,2015-07-22,20150722,SXD,2.1595621,2.1595620999999998e-06,138820948006079.58,,,,0.039197322,0.00018404103,0,no,SpeX Spectrograph,ShortXD,merged_v346nor_sxd_20150722.txt,1.0
2457225.7856901,2457225.7462704,2015-07-22,20150722,LXD,2.1596868,2.1596868e-06,138812932504842.84,,,,0.041910287,0.00068705447,0,no,SpeX Spectrograph,LXD_short,merged_v346nor_lxd_20150722.txt,1.0
2457225.7462704,2457225.7462704,2015-07-22,20150722,SXD,2.1599202,2.1599202000000003e-06,138797932442133.72,,,,0.03969381,0.00018447498,0,no,SpeX Spectrograph,ShortXD,merged_v346nor_sxd_20150722.txt,1.0
2457225.7856901,2457225.7462704,2015-07-22,20150722,LXD,2.1599851,2.1599851e-06,138793762049562.3,,,,0.041251983,0.0006912878,0,no,SpeX Spectrograph,LXD_short,merged_v346nor_lxd_20150722.txt,1.0
2457225.7462704,2457225.7462704,2015-07-22,20150722,SXD,2.1602786,2.1602785999999998e-06,138774905236759.75,,,,0.039866887,0.00018564526,0,no,SpeX Spectrograph,ShortXD,merged_v346nor_sxd_20150722.txt,1.0
2457225.7856901,2457225.7462704,2015-07-22,20150722,LXD,2.1602833,2.1602833e-06,138774603312445.19,,,,0.041908573,0.00069285306,0,no,SpeX Spectrograph,LXD_short,merged_v346nor_lxd_20150722.txt,1.0
2457225.7856901,2457225.7462704,2015-07-22,20150722,LXD,2.1605814,2.1605814e-06,138755456285979.33,,,,0.04180336,0.0007028504,0,no,SpeX Spectrograph,LXD_short,merged_v346nor_lxd_20150722.txt,1.0
2457225.7462704,2457225.7462704,2015-07-22,20150722,SXD,2.1606367,2.1606367e-06,138751904936169.98,,,,0.039892182,0.00018647198,0,no,SpeX Spectrograph,ShortXD,merged_v346nor_sxd_20150722.txt,1.0
2457225.7856901,2457225.7462704,2015-07-22,20150722,LXD,2.1608796,2.1608795999999996e-06,138736308121933.33,,,,0.041458424,0.00069962943,0,no,SpeX Spectrograph,LXD_short,merged_v346nor_lxd_20150722.txt,1.0
2457225.7462704,2457225.7462704,2015-07-22,20150722,SXD,2.160995,2.1609950000000002e-06,138728899419017.61,,,,0.039782558,0.0001847956,0,no,SpeX Spectrograph,ShortXD,merged_v346nor_sxd_20150722.txt,1.0
2457225.7856901,2457225.7462704,2015-07-22,20150722,LXD,2.1611779,2.1611779e-06,138717158823436.05,,,,0.041115258,0.00070173008,0,no,SpeX Spectrograph,LXD_short,merged_v346nor_lxd_20150722.txt,1.0
2457225.7462704,2457225.7462704,2015-07-22,20150722,SXD,2.1613531,2.1613531e-06,138705914364478.44,,,,0.040161192,0.00018718607,0,no,SpeX Spectrograph,ShortXD,merged_v346nor_sxd_20150722.txt,1.0
2457225.7856901,2457225.7462704,2015-07-22,20150722,LXD,2.1614761,2.1614760999999997e-06,138698021227253.02,,,,0.044273671,0.00069336867,0,no,SpeX Spectrograph,LXD_short,merged_v346nor_lxd_20150722.txt,1.0
2457225.7462704,2457225.7462704,2015-07-22,20150722,SXD,2.1617112,2.1617112e-06,138682936925154.48,,,,0.039918378,0.00018506206,0,no,SpeX Spectrograph,ShortXD,merged_v346nor_sxd_20150722.txt,1.0
2457225.7856901,2457225.7462704,2015-07-22,20150722,LXD,2.1617742,2.1617742e-06,138678895325885.58,,,,0.041377183,0.00069026544,0,no,SpeX Spectrograph,LXD_short,merged_v346nor_lxd_20150722.txt,1.0
2457225.7462704,2457225.7462704,2015-07-22,20150722,SXD,2.1620696,2.1620696e-06,138659947857367.78,,,,0.03997796,0.000185009,0,no,SpeX Spectrograph,ShortXD,merged_v346nor_sxd_20150722.txt,1.0
2457225.7856901,2457225.7462704,2015-07-22,20150722,LXD,2.1620724,2.1620724e-06,138659768285280.38,,,,0.041679084,0.00070586934,0,no,SpeX Spectrograph,LXD_short,merged_v346nor_lxd_20150722.txt,1.0
2457225.7856901,2457225.7462704,2015-07-22,20150722,LXD,2.1623707,2.1623707e-06,138640640108562.34,,,,0.041331839,0.0006924044,0,no,SpeX Spectrograph,LXD_short,merged_v346nor_lxd_20150722.txt,1.0
2457225.7462704,2457225.7462704,2015-07-22,20150722,SXD,2.1624277,2.1624277e-06,138636985643496.89,,,,0.039912611,0.00018618109,0,no,SpeX Spectrograph,ShortXD,merged_v346nor_sxd_20150722.txt,1.0
2457225.7856901,2457225.7462704,2015-07-22,20150722,LXD,2.1626687,2.1626687e-06,138621536437827.95,,,,0.041391369,0.00071536051,0,no,SpeX Spectrograph,LXD_short,merged_v346nor_lxd_20150722.txt,1.0
2457225.7462704,2457225.7462704,2015-07-22,20150722,SXD,2.162786,2.162786e-06,138614018215394.4,,,,0.038477562,0.00018974324,0,no,SpeX Spectrograph,ShortXD,merged_v346nor_sxd_20150722.txt,1.0
2457225.7856901,2457225.7462704,2015-07-22,20150722,LXD,2.162967,2.162967e-06,138602418807129.28,,,,0.041100178,0.00071748265,0,no,SpeX Spectrograph,LXD_short,merged_v346nor_lxd_20150722.txt,1.0
2457225.7462704,2457225.7462704,2015-07-22,20150722,SXD,2.1631441,2.1631440999999996e-06,138591071209726.64,,,,0.03766441,0.00018771499,0,no,SpeX Spectrograph,ShortXD,merged_v346nor_sxd_20150722.txt,1.0
2457225.7856901,2457225.7462704,2015-07-22,20150722,LXD,2.1632652,2.1632652e-06,138583312855030.44,,,,0.041937437,0.00072474254,0,no,SpeX Spectrograph,LXD_short,merged_v346nor_lxd_20150722.txt,1.0
2457225.7462704,2457225.7462704,2015-07-22,20150722,SXD,2.1635022,2.1635021999999996e-06,138568131800374.44,,,,0.037893947,0.00018901365,0,no,SpeX Spectrograph,ShortXD,merged_v346nor_sxd_20150722.txt,1.0
2457225.7856901,2457225.7462704,2015-07-22,20150722,LXD,2.1635633,2.1635632999999998e-06,138564218574053.3,,,,0.040740035,0.0007230019,0,no,SpeX Spectrograph,LXD_short,merged_v346nor_lxd_20150722.txt,1.0
2457225.7462704,2457225.7462704,2015-07-22,20150722,SXD,2.1638606,2.1638606e-06,138545180775508.38,,,,0.038638957,0.0001923026,0,no,SpeX Spectrograph,ShortXD,merged_v346nor_sxd_20150722.txt,1.0
2457225.7856901,2457225.7462704,2015-07-22,20150722,LXD,2.1638615,2.1638615e-06,138545123151366.22,,,,0.039725602,0.00071254338,0,no,SpeX Spectrograph,LXD_short,merged_v346nor_lxd_20150722.txt,1.0
2457225.7856901,2457225.7462704,2015-07-22,20150722,LXD,2.1641598,2.1641598000000003e-06,138526026590088.2,,,,0.040187337,0.00069247652,0,no,SpeX Spectrograph,LXD_short,merged_v346nor_lxd_20150722.txt,1.0
2457225.7462704,2457225.7462704,2015-07-22,20150722,SXD,2.1642187,2.1642187e-06,138522256553831.64,,,,0.039687634,0.0001925166,0,no,SpeX Spectrograph,ShortXD,merged_v346nor_sxd_20150722.txt,1.0
2457225.7856901,2457225.7462704,2015-07-22,20150722,LXD,2.1644578,2.1644578e-06,138506954489942.0,,,,0.040204212,0.00067521684,0,no,SpeX Spectrograph,LXD_short,merged_v346nor_lxd_20150722.txt,1.0
2457225.7462704,2457225.7462704,2015-07-22,20150722,SXD,2.1645768,2.1645767999999997e-06,138499339917160.73,,,,0.040083371,0.0001898839,0,no,SpeX Spectrograph,ShortXD,merged_v346nor_sxd_20150722.txt,1.0
2457225.7856901,2457225.7462704,2015-07-22,20150722,LXD,2.1647561,2.1647561e-06,138487868448551.78,,,,0.039686643,0.00067273213,0,no,SpeX Spectrograph,LXD_short,merged_v346nor_lxd_20150722.txt,1.0
2457225.7462704,2457225.7462704,2015-07-22,20150722,SXD,2.1649351,2.1649351e-06,138476418069068.2,,,,0.040616129,0.00018949731,0,no,SpeX Spectrograph,ShortXD,merged_v346nor_sxd_20150722.txt,1.0
2457225.7856901,2457225.7462704,2015-07-22,20150722,LXD,2.1650541,2.1650540999999998e-06,138468806853371.48,,,,0.041275941,0.00067219534,0,no,SpeX Spectrograph,LXD_short,merged_v346nor_lxd_20150722.txt,1.0
2457225.7462704,2457225.7462704,2015-07-22,20150722,SXD,2.1652932,2.1652931999999997e-06,138453516595350.7,,,,0.040272221,0.00019087241,0,no,SpeX Spectrograph,ShortXD,merged_v346nor_sxd_20150722.txt,1.0
2457225.7856901,2457225.7462704,2015-07-22,20150722,LXD,2.1653523,2.1653523e-06,138449737717044.95,,,,0.041753028,0.00068882393,0,no,SpeX Spectrograph,LXD_short,merged_v346nor_lxd_20150722.txt,1.0
2457225.7856901,2457225.7462704,2015-07-22,20150722,LXD,2.1656504,2.1656504e-06,138430680224287.36,,,,0.042133376,0.00068481249,0,no,SpeX Spectrograph,LXD_short,merged_v346nor_lxd_20150722.txt,1.0
2457225.7462704,2457225.7462704,2015-07-22,20150722,SXD,2.1656513,2.1656513e-06,138430622695352.67,,,,0.040284626,0.0001906784,0,no,SpeX Spectrograph,ShortXD,merged_v346nor_sxd_20150722.txt,1.0
2457225.7856901,2457225.7462704,2015-07-22,20150722,LXD,2.1659486,2.1659486e-06,138411621586957.33,,,,0.042673126,0.00069543498,0,no,SpeX Spectrograph,LXD_short,merged_v346nor_lxd_20150722.txt,1.0
2457225.7462704,2457225.7462704,2015-07-22,20150722,SXD,2.1660094,2.1660094e-06,138407736365317.72,,,,0.03987024,0.00019110528,0,no,SpeX Spectrograph,ShortXD,merged_v346nor_sxd_20150722.txt,1.0
2457225.7856901,2457225.7462704,2015-07-22,20150722,LXD,2.1662467,2.1662466999999997e-06,138392574585341.56,,,,0.041940313,0.00070461136,0,no,SpeX Spectrograph,LXD_short,merged_v346nor_lxd_20150722.txt,1.0
2457225.7462704,2457225.7462704,2015-07-22,20150722,SXD,2.1663678,2.1663678000000002e-06,138384838437868.2,,,,0.039963737,0.00019119037,0,no,SpeX Spectrograph,ShortXD,merged_v346nor_sxd_20150722.txt,1.0
2457225.7856901,2457225.7462704,2015-07-22,20150722,LXD,2.1665449,2.1665448999999997e-06,138373526438339.7,,,,0.042875051,0.00070712063,0,no,SpeX Spectrograph,LXD_short,merged_v346nor_lxd_20150722.txt,1.0
2457225.7462704,2457225.7462704,2015-07-22,20150722,SXD,2.1667259,2.1667259e-06,138361967242834.0,,,,0.039738864,0.00019126575,0,no,SpeX Spectrograph,ShortXD,merged_v346nor_sxd_20150722.txt,1.0
2457225.7856901,2457225.7462704,2015-07-22,20150722,LXD,2.1668429,2.1668428999999995e-06,138354496304277.56,,,,0.041695151,0.00070173125,0,no,SpeX Spectrograph,LXD_short,merged_v346nor_lxd_20150722.txt,1.0
2457225.7462704,2457225.7462704,2015-07-22,20150722,SXD,2.167084,2.167084e-06,138339103606505.33,,,,0.039820474,0.00018993979,0,no,SpeX Spectrograph,ShortXD,merged_v346nor_sxd_20150722.txt,1.0
2457225.7856901,2457225.7462704,2015-07-22,20150722,LXD,2.1671412,2.1671412e-06,138335452253872.53,,,,0.042963032,0.00069618365,0,no,SpeX Spectrograph,LXD_short,merged_v346nor_lxd_20150722.txt,1.0
2457225.7856901,2457225.7462704,2015-07-22,20150722,LXD,2.1674392,2.1674392e-06,138316432590127.55,,,,0.040594939,0.00068512809,0,no,SpeX Spectrograph,LXD_short,merged_v346nor_lxd_20150722.txt,1.0
2457225.7462704,2457225.7462704,2015-07-22,20150722,SXD,2.1674421,2.1674421e-06,138316247525135.73,,,,0.040302329,0.00019057268,0,no,SpeX Spectrograph,ShortXD,merged_v346nor_sxd_20150722.txt,1.0
2457225.7856901,2457225.7462704,2015-07-22,20150722,LXD,2.1677375,2.1677374999999997e-06,138297399016255.45,,,,0.039290696,0.00067499414,0,no,SpeX Spectrograph,LXD_short,merged_v346nor_lxd_20150722.txt,1.0
2457225.7462704,2457225.7462704,2015-07-22,20150722,SXD,2.1678004,2.1678004e-06,138293386236112.88,,,,0.040580969,0.00019210285,0,no,SpeX Spectrograph,ShortXD,merged_v346nor_sxd_20150722.txt,1.0
2457225.7856901,2457225.7462704,2015-07-22,20150722,LXD,2.1680355,2.1680355e-06,138278389814188.94,,,,0.041183267,0.00067792472,0,no,SpeX Spectrograph,LXD_short,merged_v346nor_lxd_20150722.txt,1.0
2457225.7462704,2457225.7462704,2015-07-22,20150722,SXD,2.1681585,2.1681585e-06,138270545257646.06,,,,0.040435974,0.0001922457,0,no,SpeX Spectrograph,ShortXD,merged_v346nor_sxd_20150722.txt,1.0
2457225.7856901,2457225.7462704,2015-07-22,20150722,LXD,2.1683338,2.1683338e-06,138259366708207.02,,,,0.041907217,0.00068375468,0,no,SpeX Spectrograph,LXD_short,merged_v346nor_lxd_20150722.txt,1.0
2457225.7462704,2457225.7462704,2015-07-22,20150722,SXD,2.1685166,2.1685165999999997e-06,138247711822911.6,,,,0.040284343,0.00019173483,0,no,SpeX Spectrograph,ShortXD,merged_v346nor_sxd_20150722.txt,1.0
2457225.7856901,2457225.7462704,2015-07-22,20150722,LXD,2.1686318,2.1686318e-06,138240367959189.75,,,,0.039970472,0.00067976338,0,no,SpeX Spectrograph,LXD_short,merged_v346nor_lxd_20150722.txt,1.0
2457225.7462704,2457225.7462704,2015-07-22,20150722,SXD,2.1688747,2.1688747e-06,138224885928172.81,,,,0.040813405,0.00019847503,0,no,SpeX Spectrograph,ShortXD,merged_v346nor_sxd_20150722.txt,1.0
2457225.7856901,2457225.7462704,2015-07-22,20150722,LXD,2.1689301,2.1689300999999996e-06,138221355312464.9,,,,0.041742019,0.00067476364,0,no,SpeX Spectrograph,LXD_short,merged_v346nor_lxd_20150722.txt,1.0
2457225.7856901,2457225.7462704,2015-07-22,20150722,LXD,2.1692281,2.1692281e-06,138202367007877.12,,,,0.041115504,0.00067312125,0,no,SpeX Spectrograph,LXD_short,merged_v346nor_lxd_20150722.txt,1.0
2457225.7462704,2457225.7462704,2015-07-22,20150722,SXD,2.1692328,2.1692328e-06,138202067569695.61,,,,0.040663224,0.00018970069,0,no,SpeX Spectrograph,ShortXD,merged_v346nor_sxd_20150722.txt,1.0
2457225.7856901,2457225.7462704,2015-07-22,20150722,LXD,2.1695261,2.1695261e-06,138183383919649.55,,,,0.041271038,0.00067089096,0,no,SpeX Spectrograph,LXD_short,merged_v346nor_lxd_20150722.txt,1.0
2457225.7462704,2457225.7462704,2015-07-22,20150722,SXD,2.1695912,2.1695912e-06,138179237637025.8,,,,0.040752891,0.00018947506,0,no,SpeX Spectrograph,ShortXD,merged_v346nor_sxd_20150722.txt,1.0
2457225.7856901,2457225.7462704,2015-07-22,20150722,LXD,2.1698244,2.1698244e-06,138164386943017.14,,,,0.040950395,0.0007144761,0,no,SpeX Spectrograph,LXD_short,merged_v346nor_lxd_20150722.txt,1.0
2457225.7462704,2457225.7462704,2015-07-22,20150722,SXD,2.1699493,2.1699493e-06,138156434346184.97,,,,0.041160468,0.0001929148,0,no,SpeX Spectrograph,ShortXD,merged_v346nor_sxd_20150722.txt,1.0
2457225.7856901,2457225.7462704,2015-07-22,20150722,LXD,2.1701224,2.1701223999999997e-06,138145414286309.4,,,,0.042171203,0.00067748339,0,no,SpeX Spectrograph,LXD_short,merged_v346nor_lxd_20150722.txt,1.0
2457225.7462704,2457225.7462704,2015-07-22,20150722,SXD,2.1703074,2.1703074e-06,138133638580414.92,,,,0.041136589,0.00020380848,0,no,SpeX Spectrograph,ShortXD,merged_v346nor_sxd_20150722.txt,1.0
2457225.7856901,2457225.7462704,2015-07-22,20150722,LXD,2.1704204,2.1704204e-06,138126446839515.52,,,,0.04226964,0.00068499974,0,no,SpeX Spectrograph,LXD_short,merged_v346nor_lxd_20150722.txt,1.0
2457225.7462704,2457225.7462704,2015-07-22,20150722,SXD,2.1706655,2.1706655e-06,138110850335991.42,,,,0.040604185,0.00021005725,0,no,SpeX Spectrograph,ShortXD,merged_v346nor_sxd_20150722.txt,1.0
2457225.7856901,2457225.7462704,2015-07-22,20150722,LXD,2.1707187,2.1707187e-06,138107465513610.78,,,,0.041901931,0.00069387467,0,no,SpeX Spectrograph,LXD_short,merged_v346nor_lxd_20150722.txt,1.0
2457225.7856901,2457225.7462704,2015-07-22,20150722,LXD,2.1710167,2.1710167e-06,138088508485448.31,,,,0.043079816,0.00069643842,0,no,SpeX Spectrograph,LXD_short,merged_v346nor_lxd_20150722.txt,1.0
2457225.7462704,2457225.7462704,2015-07-22,20150722,SXD,2.1710236,2.1710235999999997e-06,138088069609192.66,,,,0.041393075,0.00021351679,0,no,SpeX Spectrograph,ShortXD,merged_v346nor_sxd_20150722.txt,1.0
2457225.7856901,2457225.7462704,2015-07-22,20150722,LXD,2.1713147,2.1713147e-06,138069556660764.11,,,,0.041942656,0.00069472997,0,no,SpeX Spectrograph,LXD_short,merged_v346nor_lxd_20150722.txt,1.0
2457225.7462704,2457225.7462704,2015-07-22,20150722,SXD,2.1713817,2.1713816999999998e-06,138065296396299.2,,,,0.041159205,0.00021242484,0,no,SpeX Spectrograph,ShortXD,merged_v346nor_sxd_20150722.txt,1.0
2457225.7856901,2457225.7462704,2015-07-22,20150722,LXD,2.171613,2.171613e-06,138050590966254.12,,,,0.043485422,0.0006958801,0,no,SpeX Spectrograph,LXD_short,merged_v346nor_lxd_20150722.txt,1.0
2457225.7462704,2457225.7462704,2015-07-22,20150722,SXD,2.1717398,2.1717398e-06,138042530693594.16,,,,0.041202061,0.00020775652,0,no,SpeX Spectrograph,ShortXD,merged_v346nor_sxd_20150722.txt,1.0
2457225.7856901,2457225.7462704,2015-07-22,20150722,LXD,2.171911,2.171911e-06,138031649547334.12,,,,0.042837523,0.00069096987,0,no,SpeX Spectrograph,LXD_short,merged_v346nor_lxd_20150722.txt,1.0
2457225.7462704,2457225.7462704,2015-07-22,20150722,SXD,2.1720979,2.1720978999999995e-06,138019772497363.06,,,,0.040798429,0.00019956777,0,no,SpeX Spectrograph,ShortXD,merged_v346nor_sxd_20150722.txt,1.0
2457225.7856901,2457225.7462704,2015-07-22,20150722,LXD,2.172209,2.1722089999999998e-06,138012713325467.31,,,,0.042067725,0.00069028366,0,no,SpeX Spectrograph,LXD_short,merged_v346nor_lxd_20150722.txt,1.0
2457225.7462704,2457225.7462704,2015-07-22,20150722,SXD,2.172456,2.172456e-06,137997021803893.84,,,,0.040673096,0.00019223166,0,no,SpeX Spectrograph,ShortXD,merged_v346nor_sxd_20150722.txt,1.0
2457225.7856901,2457225.7462704,2015-07-22,20150722,LXD,2.172507,2.172507e-06,137993782298515.03,,,,0.041240979,0.00069794175,0,no,SpeX Spectrograph,LXD_short,merged_v346nor_lxd_20150722.txt,1.0
2457225.7856901,2457225.7462704,2015-07-22,20150722,LXD,2.1728053,2.1728053e-06,137974837414102.4,,,,0.042609956,0.00071518926,0,no,SpeX Spectrograph,LXD_short,merged_v346nor_lxd_20150722.txt,1.0
2457225.7462704,2457225.7462704,2015-07-22,20150722,SXD,2.1728144,2.1728144e-06,137974259559399.1,,,,0.04097601,0.00019061241,0,no,SpeX Spectrograph,ShortXD,merged_v346nor_sxd_20150722.txt,1.0
2457225.7856901,2457225.7462704,2015-07-22,20150722,LXD,2.1731033,2.1731033e-06,137955916775792.47,,,,0.041713689,0.00070533971,0,no,SpeX Spectrograph,LXD_short,merged_v346nor_lxd_20150722.txt,1.0
2457225.7462704,2457225.7462704,2015-07-22,20150722,SXD,2.1731725,2.1731725e-06,137951523866605.16,,,,0.041247834,0.00019190379,0,no,SpeX Spectrograph,ShortXD,merged_v346nor_sxd_20150722.txt,1.0
2457225.7856901,2457225.7462704,2015-07-22,20150722,LXD,2.1734014,2.1734014e-06,137936994979390.38,,,,0.042055078,0.0006956227,0,no,SpeX Spectrograph,LXD_short,merged_v346nor_lxd_20150722.txt,1.0
2457225.7462704,2457225.7462704,2015-07-22,20150722,SXD,2.1735306,2.1735305999999996e-06,137928795665448.67,,,,0.041088965,0.00019152684,0,no,SpeX Spectrograph,ShortXD,merged_v346nor_sxd_20150722.txt,1.0
2457225.7856901,2457225.7462704,2015-07-22,20150722,LXD,2.1736994,2.1736993999999996e-06,137918084717693.75,,,,0.042996507,0.00070455932,0,no,SpeX Spectrograph,LXD_short,merged_v346nor_lxd_20150722.txt,1.0
2457225.7462704,2457225.7462704,2015-07-22,20150722,SXD,2.1738887,2.1738886999999997e-06,137906074952227.33,,,,0.041199267,0.0001905502,0,no,SpeX Spectrograph,ShortXD,merged_v346nor_sxd_20150722.txt,1.0
2457225.7856901,2457225.7462704,2015-07-22,20150722,LXD,2.1739974,2.1739974e-06,137899179640233.23,,,,0.042382669,0.00070962781,0,no,SpeX Spectrograph,LXD_short,merged_v346nor_lxd_20150722.txt,1.0
2457225.7462704,2457225.7462704,2015-07-22,20150722,SXD,2.1742468,2.1742468000000002e-06,137883361723241.34,,,,0.041464068,0.00019259748,0,no,SpeX Spectrograph,ShortXD,merged_v346nor_sxd_20150722.txt,1.0
2457225.7856901,2457225.7462704,2015-07-22,20150722,LXD,2.1742954,2.1742954e-06,137880279744877.36,,,,0.043803405,0.00071889529,0,no,SpeX Spectrograph,LXD_short,merged_v346nor_lxd_20150722.txt,1.0
2457225.7856901,2457225.7462704,2015-07-22,20150722,LXD,2.1745937,2.1745937e-06,137861366010579.36,,,,0.043205664,0.00071997003,0,no,SpeX Spectrograph,LXD_short,merged_v346nor_lxd_20150722.txt,1.0
2457225.7462704,2457225.7462704,2015-07-22,20150722,SXD,2.1746049,2.1746049e-06,137860655974793.4,,,,0.041081797,0.00019061132,0,no,SpeX Spectrograph,ShortXD,merged_v346nor_sxd_20150722.txt,1.0
2457225.7856901,2457225.7462704,2015-07-22,20150722,LXD,2.1748917,2.1748916999999997e-06,137842476478254.1,,,,0.043260816,0.00071086868,0,no,SpeX Spectrograph,LXD_short,merged_v346nor_lxd_20150722.txt,1.0
2457225.7462704,2457225.7462704,2015-07-22,20150722,SXD,2.174963,2.174963e-06,137837957703188.52,,,,0.041318893,0.00019155037,0,no,SpeX Spectrograph,ShortXD,merged_v346nor_sxd_20150722.txt,1.0
2457225.7856901,2457225.7462704,2015-07-22,20150722,LXD,2.1751897,2.1751897e-06,137823592121643.47,,,,0.043922197,0.00070517679,0,no,SpeX Spectrograph,LXD_short,merged_v346nor_lxd_20150722.txt,1.0
2457225.7462704,2457225.7462704,2015-07-22,20150722,SXD,2.1753211,2.1753211e-06,137815266904734.2,,,,0.041043807,0.00019083358,0,no,SpeX Spectrograph,ShortXD,merged_v346nor_sxd_20150722.txt,1.0
2457225.7856901,2457225.7462704,2015-07-22,20150722,LXD,2.1754878,2.1754878e-06,137804706604192.4,,,,0.043473858,0.00070298061,0,no,SpeX Spectrograph,LXD_short,merged_v346nor_lxd_20150722.txt,1.0
2457225.7462704,2457225.7462704,2015-07-22,20150722,SXD,2.1756792,2.1756791999999997e-06,137792583575740.4,,,,0.041096039,0.00019238149,0,no,SpeX Spectrograph,ShortXD,merged_v346nor_sxd_20150722.txt,1.0
2457225.7856901,2457225.7462704,2015-07-22,20150722,LXD,2.1757858,2.1757857999999997e-06,137785832594366.61,,,,0.044833627,0.00070957566,0,no,SpeX Spectrograph,LXD_short,merged_v346nor_lxd_20150722.txt,1.0
2457225.7462704,2457225.7462704,2015-07-22,20150722,SXD,2.1760373,2.1760372999999998e-06,137769907712519.47,,,,0.040818796,0.0001931125,0,no,SpeX Spectrograph,ShortXD,merged_v346nor_sxd_20150722.txt,1.0
2457225.7856901,2457225.7462704,2015-07-22,20150722,LXD,2.1760838,2.1760838e-06,137766963753877.5,,,,0.044123627,0.00073088933,0,no,SpeX Spectrograph,LXD_short,merged_v346nor_lxd_20150722.txt,1.0
2457225.7856901,2457225.7462704,2015-07-22,20150722,LXD,2.1763818,2.1763818e-06,137748100080601.66,,,,0.041938215,0.00070923538,0,no,SpeX Spectrograph,LXD_short,merged_v346nor_lxd_20150722.txt,1.0
2457225.7462704,2457225.7462704,2015-07-22,20150722,SXD,2.1763954,2.1763954e-06,137747239311386.17,,,,0.041229881,0.00019452552,0,no,SpeX Spectrograph,ShortXD,merged_v346nor_sxd_20150722.txt,1.0
2457225.7856901,2457225.7462704,2015-07-22,20150722,LXD,2.1766798,2.1766798e-06,137729241572416.86,,,,0.042576492,0.00069979473,0,no,SpeX Spectrograph,LXD_short,merged_v346nor_lxd_20150722.txt,1.0
2457225.7462704,2457225.7462704,2015-07-22,20150722,SXD,2.1767535,2.1767534999999995e-06,137724578368657.77,,,,0.041221675,0.00019367736,0,no,SpeX Spectrograph,ShortXD,merged_v346nor_sxd_20150722.txt,1.0
2457225.7856901,2457225.7462704,2015-07-22,20150722,LXD,2.1769779,2.1769778999999995e-06,137710381901442.39,,,,0.043457322,0.00069437351,0,no,SpeX Spectrograph,LXD_short,merged_v346nor_lxd_20150722.txt,1.0
2457225.7462704,2457225.7462704,2015-07-22,20150722,SXD,2.1771116,2.1771116e-06,137701924880653.8,,,,0.041482136,0.00019187931,0,no,SpeX Spectrograph,ShortXD,merged_v346nor_sxd_20150722.txt,1.0
2457225.7856901,2457225.7462704,2015-07-22,20150722,LXD,2.1772759,2.1772759e-06,137691533718808.89,,,,0.043950107,0.0006870128,0,no,SpeX Spectrograph,LXD_short,merged_v346nor_lxd_20150722.txt,1.0
2457225.7462704,2457225.7462704,2015-07-22,20150722,SXD,2.1774695,2.1774695e-06,137679291489501.94,,,,0.041384544,0.00019061714,0,no,SpeX Spectrograph,ShortXD,merged_v346nor_sxd_20150722.txt,1.0
2457225.7856901,2457225.7462704,2015-07-22,20150722,LXD,2.1775739,2.1775739e-06,137672690694905.92,,,,0.044311963,0.00069374999,0,no,SpeX Spectrograph,LXD_short,merged_v346nor_lxd_20150722.txt,1.0
2457225.7462704,2457225.7462704,2015-07-22,20150722,SXD,2.1778276,2.1778276e-06,137656652895757.23,,,,0.041803181,0.00019254745,0,no,SpeX Spectrograph,ShortXD,merged_v346nor_sxd_20150722.txt,1.0
2457225.7856901,2457225.7462704,2015-07-22,20150722,LXD,2.1778719,2.1778719e-06,137653852827615.8,,,,0.043866396,0.00074290513,0,no,SpeX Spectrograph,LXD_short,merged_v346nor_lxd_20150722.txt,1.0
2457225.7856901,2457225.7462704,2015-07-22,20150722,LXD,2.17817,2.17817e-06,137635013795984.69,,,,0.041656427,0.00071678031,0,no,SpeX Spectrograph,LXD_short,merged_v346nor_lxd_20150722.txt,1.0
2457225.7462704,2457225.7462704,2015-07-22,20150722,SXD,2.1781857,2.1781856999999995e-06,137634021745712.53,,,,0.041088276,0.00019333071,0,no,SpeX Spectrograph,ShortXD,merged_v346nor_sxd_20150722.txt,1.0
2457225.7856901,2457225.7462704,2015-07-22,20150722,LXD,2.178468,2.178468e-06,137616186237300.72,,,,0.043594029,0.00071930635,0,no,SpeX Spectrograph,LXD_short,merged_v346nor_lxd_20150722.txt,1.0
2457225.7462704,2457225.7462704,2015-07-22,20150722,SXD,2.1785438,2.1785437999999996e-06,137611398035697.08,,,,0.041404556,0.00020714599,0,no,SpeX Spectrograph,ShortXD,merged_v346nor_sxd_20150722.txt,1.0
2457225.7856901,2457225.7462704,2015-07-22,20150722,LXD,2.178766,2.1787659999999997e-06,137597363828882.97,,,,0.042823408,0.00072267576,0,no,SpeX Spectrograph,LXD_short,merged_v346nor_lxd_20150722.txt,1.0
2457225.7462704,2457225.7462704,2015-07-22,20150722,SXD,2.1789019,2.1789019e-06,137588781762042.61,,,,0.041043546,0.00020615157,0,no,SpeX Spectrograph,ShortXD,merged_v346nor_sxd_20150722.txt,1.0
2457225.7856901,2457225.7462704,2015-07-22,20150722,LXD,2.179064,2.179064e-06,137578546568618.45,,,,0.043680023,0.00074564811,0,no,SpeX Spectrograph,LXD_short,merged_v346nor_lxd_20150722.txt,1.0
2457225.7462704,2457225.7462704,2015-07-22,20150722,SXD,2.17926,2.17926e-06,137566172921083.3,,,,0.041437771,0.00022763801,0,no,SpeX Spectrograph,ShortXD,merged_v346nor_sxd_20150722.txt,1.0
2457225.7856901,2457225.7462704,2015-07-22,20150722,LXD,2.1793621,2.1793621e-06,137559728142468.84,,,,0.042807136,0.00072088157,0,no,SpeX Spectrograph,LXD_short,merged_v346nor_lxd_20150722.txt,1.0
2457225.7462704,2457225.7462704,2015-07-22,20150722,SXD,2.1796181,2.1796181e-06,137543571509155.67,,,,0.04106788,0.00025258269,0,no,SpeX Spectrograph,ShortXD,merged_v346nor_sxd_20150722.txt,1.0
2457225.7856901,2457225.7462704,2015-07-22,20150722,LXD,2.1796601,2.1796600999999998e-06,137540921173902.31,,,,0.04143323,0.00074048515,0,no,SpeX Spectrograph,LXD_short,merged_v346nor_lxd_20150722.txt,1.0
2457225.7856901,2457225.7462704,2015-07-22,20150722,LXD,2.1799581,2.1799581e-06,137522119347156.27,,,,0.042838451,0.00074622507,0,no,SpeX Spectrograph,LXD_short,merged_v346nor_lxd_20150722.txt,1.0
2457225.7462704,2457225.7462704,2015-07-22,20150722,SXD,2.1799762,2.1799762e-06,137520977522598.64,,,,0.041059937,0.00026127652,0,no,SpeX Spectrograph,ShortXD,merged_v346nor_sxd_20150722.txt,1.0
2457225.7856901,2457225.7462704,2015-07-22,20150722,LXD,2.1802561,2.1802560999999997e-06,137503322660122.38,,,,0.04243508,0.00073791121,0,no,SpeX Spectrograph,LXD_short,merged_v346nor_lxd_20150722.txt,1.0
2457225.7462704,2457225.7462704,2015-07-22,20150722,SXD,2.1803341,2.1803341e-06,137498403570351.89,,,,0.041434966,0.0002595612,0,no,SpeX Spectrograph,ShortXD,merged_v346nor_sxd_20150722.txt,1.0
2457225.7856901,2457225.7462704,2015-07-22,20150722,LXD,2.1805542,2.1805542e-06,137484524805666.39,,,,0.043496497,0.00073094014,0,no,SpeX Spectrograph,LXD_short,merged_v346nor_lxd_20150722.txt,1.0
2457225.7462704,2457225.7462704,2015-07-22,20150722,SXD,2.1806922,2.1806922000000002e-06,137475824419420.58,,,,0.0410503,0.00024507038,0,no,SpeX Spectrograph,ShortXD,merged_v346nor_sxd_20150722.txt,1.0
2457225.7856901,2457225.7462704,2015-07-22,20150722,LXD,2.1808522,2.1808522e-06,137465738393459.22,,,,0.043836366,0.00070861884,0,no,SpeX Spectrograph,LXD_short,merged_v346nor_lxd_20150722.txt,1.0
2457225.7462704,2457225.7462704,2015-07-22,20150722,SXD,2.1810503,2.1810503e-06,137453252682893.2,,,,0.040731017,0.00021636594,0,no,SpeX Spectrograph,ShortXD,merged_v346nor_sxd_20150722.txt,1.0
2457225.7856901,2457225.7462704,2015-07-22,20150722,LXD,2.1811502,2.1811501999999997e-06,137446957114645.31,,,,0.042368807,0.00069361425,0,no,SpeX Spectrograph,LXD_short,merged_v346nor_lxd_20150722.txt,1.0
2457225.7462704,2457225.7462704,2015-07-22,20150722,SXD,2.1814084,2.1814084e-06,137430688357118.28,,,,0.040734615,0.00019316026,0,no,SpeX Spectrograph,ShortXD,merged_v346nor_sxd_20150722.txt,1.0
2457225.7856901,2457225.7462704,2015-07-22,20150722,LXD,2.1814482,2.1814482e-06,137428180967120.84,,,,0.042410567,0.00069195661,0,no,SpeX Spectrograph,LXD_short,merged_v346nor_lxd_20150722.txt,1.0
2457225.7856901,2457225.7462704,2015-07-22,20150722,LXD,2.1817462,2.1817462e-06,137409409948783.22,,,,0.043652818,0.00069717533,0,no,SpeX Spectrograph,LXD_short,merged_v346nor_lxd_20150722.txt,1.0
2457225.7462704,2457225.7462704,2015-07-22,20150722,SXD,2.1817665,2.1817665e-06,137408131438446.78,,,,0.040519968,0.00018693632,0,no,SpeX Spectrograph,ShortXD,merged_v346nor_sxd_20150722.txt,1.0
2457225.7856901,2457225.7462704,2015-07-22,20150722,LXD,2.182044,2.182044e-06,137390656650370.02,,,,0.043608222,0.00071802898,0,no,SpeX Spectrograph,LXD_short,merged_v346nor_lxd_20150722.txt,1.0
2457225.7462704,2457225.7462704,2015-07-22,20150722,SXD,2.1821246,2.1821245999999997e-06,137385581923232.08,,,,0.040998988,0.00018775351,0,no,SpeX Spectrograph,ShortXD,merged_v346nor_sxd_20150722.txt,1.0
2457225.7856901,2457225.7462704,2015-07-22,20150722,LXD,2.1823421,2.1823421e-06,137371889585963.62,,,,0.04412974,0.00071636168,0,no,SpeX Spectrograph,LXD_short,merged_v346nor_lxd_20150722.txt,1.0
2457225.7462704,2457225.7462704,2015-07-22,20150722,SXD,2.1824825,2.1824825e-06,137363052395609.14,,,,0.04088733,0.00019458254,0,no,SpeX Spectrograph,ShortXD,merged_v346nor_sxd_20150722.txt,1.0
2457225.7856901,2457225.7462704,2015-07-22,20150722,LXD,2.1826401,2.1826401e-06,137353133940863.64,,,,0.044089638,0.0007286538,0,no,SpeX Spectrograph,LXD_short,merged_v346nor_lxd_20150722.txt,1.0
2457225.7462704,2457225.7462704,2015-07-22,20150722,SXD,2.1828406,2.1828406e-06,137340517672247.81,,,,0.040701438,0.00019295311,0,no,SpeX Spectrograph,ShortXD,merged_v346nor_sxd_20150722.txt,1.0
2457225.7856901,2457225.7462704,2015-07-22,20150722,LXD,2.1829381,2.1829380999999996e-06,137334383416552.23,,,,0.044131231,0.00075076154,0,no,SpeX Spectrograph,LXD_short,merged_v346nor_lxd_20150722.txt,1.0
2457225.7462704,2457225.7462704,2015-07-22,20150722,SXD,2.1831987,2.1831987e-06,137317990341419.67,,,,0.040926553,0.00019622901,0,no,SpeX Spectrograph,ShortXD,merged_v346nor_sxd_20150722.txt,1.0
2457225.7856901,2457225.7462704,2015-07-22,20150722,LXD,2.1832361,2.1832360999999998e-06,137315638010932.5,,,,0.044745479,0.00075706263,0,no,SpeX Spectrograph,LXD_short,merged_v346nor_lxd_20150722.txt,1.0
2457225.7856901,2457225.7462704,2015-07-22,20150722,LXD,2.1835339,2.1835339e-06,137296910297568.53,,,,0.044580948,0.0007659999,0,no,SpeX Spectrograph,LXD_short,merged_v346nor_lxd_20150722.txt,1.0
2457225.7462704,2457225.7462704,2015-07-22,20150722,SXD,2.1835568,2.1835567999999997e-06,137295470399487.67,,,,0.041440517,0.00019771876,0,no,SpeX Spectrograph,ShortXD,merged_v346nor_sxd_20150722.txt,1.0
2457225.7856901,2457225.7462704,2015-07-22,20150722,LXD,2.1838319,2.1838319e-06,137278175119614.3,,,,0.044641726,0.00075612642,0,no,SpeX Spectrograph,LXD_short,merged_v346nor_lxd_20150722.txt,1.0
2457225.7462704,2457225.7462704,2015-07-22,20150722,SXD,2.1839147,2.1839147e-06,137272970414091.73,,,,0.041098706,0.00019452162,0,no,SpeX Spectrograph,ShortXD,merged_v346nor_sxd_20150722.txt,1.0
2457225.7856901,2457225.7462704,2015-07-22,20150722,LXD,2.18413,2.18413e-06,137259438769670.31,,,,0.045677427,0.0007639777,0,no,SpeX Spectrograph,LXD_short,merged_v346nor_lxd_20150722.txt,1.0
2457225.7462704,2457225.7462704,2015-07-22,20150722,SXD,2.1842728,2.1842728e-06,137250465234928.53,,,,0.041359663,0.00019698968,0,no,SpeX Spectrograph,ShortXD,merged_v346nor_sxd_20150722.txt,1.0
2457225.7856901,2457225.7462704,2015-07-22,20150722,LXD,2.184428,2.184428e-06,137240713816156.89,,,,0.045467395,0.00076859473,0,no,SpeX Spectrograph,LXD_short,merged_v346nor_lxd_20150722.txt,1.0
2457225.7462704,2457225.7462704,2015-07-22,20150722,SXD,2.1846309,2.1846309e-06,137227967433766.5,,,,0.041282985,0.00019687966,0,no,SpeX Spectrograph,ShortXD,merged_v346nor_sxd_20150722.txt,1.0
2457225.7856901,2457225.7462704,2015-07-22,20150722,LXD,2.1847258,2.1847257999999996e-06,137222006532810.69,,,,0.044034395,0.00077225163,0,no,SpeX Spectrograph,LXD_short,merged_v346nor_lxd_20150722.txt,1.0
2457225.7462704,2457225.7462704,2015-07-22,20150722,SXD,2.184989,2.1849889999999997e-06,137205477006978.08,,,,0.041478023,0.00019950117,0,no,SpeX Spectrograph,ShortXD,merged_v346nor_sxd_20150722.txt,1.0
2457225.7856901,2457225.7462704,2015-07-22,20150722,LXD,2.1850238,2.1850238e-06,137203291790231.28,,,,0.044055745,0.00079848035,0,no,SpeX Spectrograph,LXD_short,merged_v346nor_lxd_20150722.txt,1.0
2457225.7856901,2457225.7462704,2015-07-22,20150722,LXD,2.1853218,2.1853218e-06,137184582151699.58,,,,0.044000547,0.00074952224,0,no,SpeX Spectrograph,LXD_short,merged_v346nor_lxd_20150722.txt,1.0
2457225.7462704,2457225.7462704,2015-07-22,20150722,SXD,2.1853468,2.1853468e-06,137183012783142.7,,,,0.041801468,0.00019584573,0,no,SpeX Spectrograph,ShortXD,merged_v346nor_sxd_20150722.txt,1.0
2457225.7856901,2457225.7462704,2015-07-22,20150722,LXD,2.1856198,2.1856197999999997e-06,137165877615127.77,,,,0.044514835,0.00073342491,0,no,SpeX Spectrograph,LXD_short,merged_v346nor_lxd_20150722.txt,1.0
2457225.7462704,2457225.7462704,2015-07-22,20150722,SXD,2.1857049,2.1857049e-06,137160537088057.95,,,,0.041540198,0.00019202141,0,no,SpeX Spectrograph,ShortXD,merged_v346nor_sxd_20150722.txt,1.0
2457225.7856901,2457225.7462704,2015-07-22,20150722,LXD,2.1859176,2.1859175999999996e-06,137147190726677.0,,,,0.044414889,0.00071531261,0,no,SpeX Spectrograph,LXD_short,merged_v346nor_lxd_20150722.txt,1.0
2457225.7462704,2457225.7462704,2015-07-22,20150722,SXD,2.1860631,2.1860631e-06,137138062483191.81,,,,0.041426677,0.00019350297,0,no,SpeX Spectrograph,ShortXD,merged_v346nor_sxd_20150722.txt,1.0
2457225.7856901,2457225.7462704,2015-07-22,20150722,LXD,2.1862156,2.1862156e-06,137128496384345.61,,,,0.045576803,0.00072466547,0,no,SpeX Spectrograph,LXD_short,merged_v346nor_lxd_20150722.txt,1.0
2457225.7462704,2457225.7462704,2015-07-22,20150722,SXD,2.1864209,2.1864209e-06,137115620327266.36,,,,0.041154929,0.00020192067,0,no,SpeX Spectrograph,ShortXD,merged_v346nor_sxd_20150722.txt,1.0
2457225.7856901,2457225.7462704,2015-07-22,20150722,LXD,2.1865137,2.1865137e-06,137109800867014.92,,,,0.044952333,0.00073421263,0,no,SpeX Spectrograph,LXD_short,merged_v346nor_lxd_20150722.txt,1.0
2457225.7462704,2457225.7462704,2015-07-22,20150722,SXD,2.186779,2.186779e-06,137093166707746.88,,,,0.041293778,0.00021582513,0,no,SpeX Spectrograph,ShortXD,merged_v346nor_sxd_20150722.txt,1.0
2457225.7856901,2457225.7462704,2015-07-22,20150722,LXD,2.1868114,2.1868114e-06,137091135522706.72,,,,0.045630388,0.00075388333,0,no,SpeX Spectrograph,LXD_short,merged_v346nor_lxd_20150722.txt,1.0
2457225.7856901,2457225.7462704,2015-07-22,20150722,LXD,2.1871095,2.1871095e-06,137072450190536.88,,,,0.044619523,0.00076761114,0,no,SpeX Spectrograph,LXD_short,merged_v346nor_lxd_20150722.txt,1.0
2457225.7462704,2457225.7462704,2015-07-22,20150722,SXD,2.1871371,2.1871371e-06,137070720440890.5,,,,0.041371677,0.00022987679,0,no,SpeX Spectrograph,ShortXD,merged_v346nor_sxd_20150722.txt,1.0
2457225.7856901,2457225.7462704,2015-07-22,20150722,LXD,2.1874075,2.1874074999999997e-06,137053776216822.9,,,,0.045544926,0.0007721713,0,no,SpeX Spectrograph,LXD_short,merged_v346nor_lxd_20150722.txt,1.0
2457225.7462704,2457225.7462704,2015-07-22,20150722,SXD,2.187495,2.187495e-06,137048294053243.56,,,,0.041646209,0.00022560776,0,no,SpeX Spectrograph,ShortXD,merged_v346nor_sxd_20150722.txt,1.0
2457225.7856901,2457225.7462704,2015-07-22,20150722,LXD,2.1877053,2.1877053e-06,137035119858236.84,,,,0.046887003,0.00076865288,0,no,SpeX Spectrograph,LXD_short,merged_v346nor_lxd_20150722.txt,1.0
2457225.7462704,2457225.7462704,2015-07-22,20150722,SXD,2.1878531,2.1878531e-06,137025862476781.47,,,,0.042195678,0.00022345314,0,no,SpeX Spectrograph,ShortXD,merged_v346nor_sxd_20150722.txt,1.0
2457225.7856901,2457225.7462704,2015-07-22,20150722,LXD,2.1880033,2.1880033e-06,137016456053791.14,,,,0.045887075,0.00075788406,0,no,SpeX Spectrograph,LXD_short,merged_v346nor_lxd_20150722.txt,1.0
2457225.7462704,2457225.7462704,2015-07-22,20150722,SXD,2.1882112,2.1882112e-06,137003438242158.7,,,,0.041858606,0.0002067961,0,no,SpeX Spectrograph,ShortXD,merged_v346nor_sxd_20150722.txt,1.0
2457225.7856901,2457225.7462704,2015-07-22,20150722,LXD,2.1883011,2.1883010999999996e-06,136997809853497.8,,,,0.045232851,0.0007423567,0,no,SpeX Spectrograph,LXD_short,merged_v346nor_lxd_20150722.txt,1.0
2457225.7462704,2457225.7462704,2015-07-22,20150722,SXD,2.1885691,2.1885691e-06,136981033863632.64,,,,0.041911393,0.00019748777,0,no,SpeX Spectrograph,ShortXD,merged_v346nor_sxd_20150722.txt,1.0
2457225.7856901,2457225.7462704,2015-07-22,20150722,LXD,2.1885991,2.1885991e-06,136979156210015.81,,,,0.045951702,0.00075025653,0,no,SpeX Spectrograph,LXD_short,merged_v346nor_lxd_20150722.txt,1.0
2457225.7856901,2457225.7462704,2015-07-22,20150722,LXD,2.1888971,2.1888971e-06,136960507645608.38,,,,0.046276692,0.00073648785,0,no,SpeX Spectrograph,LXD_short,merged_v346nor_lxd_20150722.txt,1.0
2457225.7462704,2457225.7462704,2015-07-22,20150722,SXD,2.1889272,2.1889272e-06,136958624297783.88,,,,0.041994844,0.00019541962,0,no,SpeX Spectrograph,ShortXD,merged_v346nor_sxd_20150722.txt,1.0
2457225.7856901,2457225.7462704,2015-07-22,20150722,LXD,2.1891949,2.1891949e-06,136941876668906.92,,,,0.046040092,0.0007395306,0,no,SpeX Spectrograph,LXD_short,merged_v346nor_lxd_20150722.txt,1.0
2457225.7462704,2457225.7462704,2015-07-22,20150722,SXD,2.189285,2.1892849999999997e-06,136936240827484.78,,,,0.041853894,0.00019328788,0,no,SpeX Spectrograph,ShortXD,merged_v346nor_sxd_20150722.txt,1.0
2457225.7856901,2457225.7462704,2015-07-22,20150722,LXD,2.1894929,2.1894928999999996e-06,136923238253021.98,,,,0.045635633,0.00073846499,0,no,SpeX Spectrograph,LXD_short,merged_v346nor_lxd_20150722.txt,1.0
2457225.7462704,2457225.7462704,2015-07-22,20150722,SXD,2.1896431,2.1896431e-06,136913845913975.67,,,,0.041914452,0.00019652414,0,no,SpeX Spectrograph,ShortXD,merged_v346nor_sxd_20150722.txt,1.0
2457225.7856901,2457225.7462704,2015-07-22,20150722,LXD,2.1897907,2.1897907e-06,136904617413892.58,,,,0.045656595,0.00074211165,0,no,SpeX Spectrograph,LXD_short,merged_v346nor_lxd_20150722.txt,1.0
2457225.7462704,2457225.7462704,2015-07-22,20150722,SXD,2.1900012,2.1900012e-06,136891458324315.08,,,,0.041971225,0.00020110409,0,no,SpeX Spectrograph,ShortXD,merged_v346nor_sxd_20150722.txt,1.0
2457225.7856901,2457225.7462704,2015-07-22,20150722,LXD,2.1900887,2.1900887e-06,136885989138248.14,,,,0.045589421,0.00074842799,0,no,SpeX Spectrograph,LXD_short,merged_v346nor_lxd_20150722.txt,1.0
2457225.7462704,2457225.7462704,2015-07-22,20150722,SXD,2.1903591,2.1903590999999997e-06,136869090552320.88,,,,0.041731436,0.00019564532,0,no,SpeX Spectrograph,ShortXD,merged_v346nor_sxd_20150722.txt,1.0
2457225.7856901,2457225.7462704,2015-07-22,20150722,LXD,2.1903865,2.1903864999999995e-06,136867378428418.94,,,,0.045954864,0.00075131125,0,no,SpeX Spectrograph,LXD_short,merged_v346nor_lxd_20150722.txt,1.0
2457225.7856901,2457225.7462704,2015-07-22,20150722,LXD,2.1906846,2.1906846e-06,136848754037892.98,,,,0.045378346,0.00075062882,0,no,SpeX Spectrograph,LXD_short,merged_v346nor_lxd_20150722.txt,1.0
2457225.7462704,2457225.7462704,2015-07-22,20150722,SXD,2.1907172,2.1907171999999998e-06,136846717595497.97,,,,0.042176303,0.00019426804,0,no,SpeX Spectrograph,ShortXD,merged_v346nor_sxd_20150722.txt,1.0
2457225.7856901,2457225.7462704,2015-07-22,20150722,LXD,2.1909823,2.1909823e-06,136830159695950.08,,,,0.045811161,0.00074227463,0,no,SpeX Spectrograph,LXD_short,merged_v346nor_lxd_20150722.txt,1.0
2457225.7462704,2457225.7462704,2015-07-22,20150722,SXD,2.1910751,2.1910751e-06,136824364440999.77,,,,0.041931015,0.00019262792,0,no,SpeX Spectrograph,ShortXD,merged_v346nor_sxd_20150722.txt,1.0
2457225.7856901,2457225.7462704,2015-07-22,20150722,LXD,2.1912804,2.1912804e-06,136811545432524.28,,,,0.046011951,0.00072899234,0,no,SpeX Spectrograph,LXD_short,merged_v346nor_lxd_20150722.txt,1.0
2457225.7462704,2457225.7462704,2015-07-22,20150722,SXD,2.1914332,2.1914332e-06,136802006102672.89,,,,0.042515475,0.00019303092,0,no,SpeX Spectrograph,ShortXD,merged_v346nor_sxd_20150722.txt,1.0
2457225.7856901,2457225.7462704,2015-07-22,20150722,LXD,2.1915781,2.1915781e-06,136792961199968.19,,,,0.04746611,0.00073412328,0,no,SpeX Spectrograph,LXD_short,merged_v346nor_lxd_20150722.txt,1.0
2457225.7462704,2457225.7462704,2015-07-22,20150722,SXD,2.1917911,2.1917911e-06,136779667551346.48,,,,0.042610921,0.00019508615,0,no,SpeX Spectrograph,ShortXD,merged_v346nor_sxd_20150722.txt,1.0
2457225.7856901,2457225.7462704,2015-07-22,20150722,LXD,2.1918762,2.1918761999999998e-06,136774357055384.8,,,,0.047984298,0.00073301757,0,no,SpeX Spectrograph,LXD_short,merged_v346nor_lxd_20150722.txt,1.0
2457225.7462704,2457225.7462704,2015-07-22,20150722,SXD,2.1921492,2.1921492e-06,136757323817192.73,,,,0.04239165,0.00019300124,0,no,SpeX Spectrograph,ShortXD,merged_v346nor_sxd_20150722.txt,1.0
2457225.7856901,2457225.7462704,2015-07-22,20150722,LXD,2.192174,2.192174e-06,136755776685609.81,,,,0.045660838,0.00073021516,0,no,SpeX Spectrograph,LXD_short,merged_v346nor_lxd_20150722.txt,1.0
2457225.7856901,2457225.7462704,2015-07-22,20150722,LXD,2.192472,2.192472e-06,136737188889983.55,,,,0.046147,0.0007394256,0,no,SpeX Spectrograph,LXD_short,merged_v346nor_lxd_20150722.txt,1.0
2457225.7462704,2457225.7462704,2015-07-22,20150722,SXD,2.192507,2.1925069999999997e-06,136735006091200.64,,,,0.042427145,0.00019444885,0,no,SpeX Spectrograph,ShortXD,merged_v346nor_sxd_20150722.txt,1.0
2457225.7856901,2457225.7462704,2015-07-22,20150722,LXD,2.1927698,2.1927698e-06,136718618616509.58,,,,0.045474671,0.00073830545,0,no,SpeX Spectrograph,LXD_short,merged_v346nor_lxd_20150722.txt,1.0
2457225.7462704,2457225.7462704,2015-07-22,20150722,SXD,2.1928651,2.1928651e-06,136712676944879.11,,,,0.042040356,0.0001929468,0,no,SpeX Spectrograph,ShortXD,merged_v346nor_sxd_20150722.txt,1.0
2457225.7856901,2457225.7462704,2015-07-22,20150722,LXD,2.1930676,2.1930676e-06,136700053386407.23,,,,0.046507709,0.00072975946,0,no,SpeX Spectrograph,LXD_short,merged_v346nor_lxd_20150722.txt,1.0
2457225.7462704,2457225.7462704,2015-07-22,20150722,SXD,2.193223,2.193223e-06,136690367554963.62,,,,0.042402957,0.00019450544,0,no,SpeX Spectrograph,ShortXD,merged_v346nor_sxd_20150722.txt,1.0
2457225.7856901,2457225.7462704,2015-07-22,20150722,LXD,2.1933656,2.1933655999999998e-06,136681480734447.56,,,,0.047396075,0.00073534343,0,no,SpeX Spectrograph,LXD_short,merged_v346nor_lxd_20150722.txt,1.0
2457225.7462704,2457225.7462704,2015-07-22,20150722,SXD,2.1935811,2.1935810999999997e-06,136668052984227.5,,,,0.04244962,0.00019448432,0,no,SpeX Spectrograph,ShortXD,merged_v346nor_sxd_20150722.txt,1.0
2457225.7856901,2457225.7462704,2015-07-22,20150722,LXD,2.1936634,2.1936634e-06,136662925588310.4,,,,0.046711385,0.00076532643,0,no,SpeX Spectrograph,LXD_short,merged_v346nor_lxd_20150722.txt,1.0
2457225.7462704,2457225.7462704,2015-07-22,20150722,SXD,2.193939,2.193939e-06,136645758154625.1,,,,0.04236564,0.00019617875,0,no,SpeX Spectrograph,ShortXD,merged_v346nor_sxd_20150722.txt,1.0
2457225.7856901,2457225.7462704,2015-07-22,20150722,LXD,2.1939614,2.1939614e-06,136644363022977.53,,,,0.047472771,0.00074541877,0,no,SpeX Spectrograph,LXD_short,merged_v346nor_lxd_20150722.txt,1.0
2457225.7856901,2457225.7462704,2015-07-22,20150722,LXD,2.1942592,2.1942591999999997e-06,136625817952591.95,,,,0.048631471,0.00076938159,0,no,SpeX Spectrograph,LXD_short,merged_v346nor_lxd_20150722.txt,1.0
2457225.7462704,2457225.7462704,2015-07-22,20150722,SXD,2.1942971,2.1942971e-06,136623458145207.4,,,,0.04239345,0.00020830927,0,no,SpeX Spectrograph,ShortXD,merged_v346nor_sxd_20150722.txt,1.0
2457225.7856901,2457225.7462704,2015-07-22,20150722,LXD,2.194557,2.194557e-06,136607277915315.03,,,,0.046368305,0.00078106165,0,no,SpeX Spectrograph,LXD_short,merged_v346nor_lxd_20150722.txt,1.0
2457225.7462704,2457225.7462704,2015-07-22,20150722,SXD,2.1946549,2.1946549000000002e-06,136601184085935.31,,,,0.042685609,0.00023993422,0,no,SpeX Spectrograph,ShortXD,merged_v346nor_sxd_20150722.txt,1.0
2457225.7856901,2457225.7462704,2015-07-22,20150722,LXD,2.194855,2.1948549999999998e-06,136588730462832.4,,,,0.046731174,0.0008100649,0,no,SpeX Spectrograph,LXD_short,merged_v346nor_lxd_20150722.txt,1.0
2457225.7462704,2457225.7462704,2015-07-22,20150722,SXD,2.195013,2.195013e-06,136578898621557.14,,,,0.042296283,0.00027065628,0,no,SpeX Spectrograph,ShortXD,merged_v346nor_sxd_20150722.txt,1.0
2457225.7856901,2457225.7462704,2015-07-22,20150722,LXD,2.1951528,2.1951527999999996e-06,136570200489004.7,,,,0.04905514,0.00083949207,0,no,SpeX Spectrograph,LXD_short,merged_v346nor_lxd_20150722.txt,1.0
2457225.7462704,2457225.7462704,2015-07-22,20150722,SXD,2.1953709,2.1953708999999997e-06,136556632867822.03,,,,0.042706676,0.0002780442,0,no,SpeX Spectrograph,ShortXD,merged_v346nor_sxd_20150722.txt,1.0
2457225.7856901,2457225.7462704,2015-07-22,20150722,LXD,2.1954505,2.1954505e-06,136551681761898.08,,,,0.046609987,0.00083361712,0,no,SpeX Spectrograph,LXD_short,merged_v346nor_lxd_20150722.txt,1.0
2457225.7462704,2457225.7462704,2015-07-22,20150722,SXD,2.195729,2.1957289999999997e-06,136534361936286.33,,,,0.042733748,0.00027682789,0,no,SpeX Spectrograph,ShortXD,merged_v346nor_sxd_20150722.txt,1.0
2457225.7856901,2457225.7462704,2015-07-22,20150722,LXD,2.1957486,2.1957485999999997e-06,136533143184060.34,,,,0.04599278,0.00083024421,0,no,SpeX Spectrograph,LXD_short,merged_v346nor_lxd_20150722.txt,1.0
2457225.7856901,2457225.7462704,2015-07-22,20150722,LXD,2.1960464,2.1960464e-06,136514628288364.03,,,,0.048034314,0.00080851716,0,no,SpeX Spectrograph,LXD_short,merged_v346nor_lxd_20150722.txt,1.0
2457225.7462704,2457225.7462704,2015-07-22,20150722,SXD,2.1960869,2.1960869e-06,136512110700173.11,,,,0.042692542,0.00026406985,0,no,SpeX Spectrograph,ShortXD,merged_v346nor_sxd_20150722.txt,1.0
2457225.7856901,2457225.7462704,2015-07-22,20150722,LXD,2.1963441,2.1963441e-06,136496124628194.64,,,,0.047419932,0.00078399049,0,no,SpeX Spectrograph,LXD_short,merged_v346nor_lxd_20150722.txt,1.0
2457225.7462704,2457225.7462704,2015-07-22,20150722,SXD,2.1964447,2.1964446999999998e-06,136489872929648.55,,,,0.042874217,0.00022981841,0,no,SpeX Spectrograph,ShortXD,merged_v346nor_sxd_20150722.txt,1.0
2457225.7856901,2457225.7462704,2015-07-22,20150722,LXD,2.1966419,2.1966419e-06,136477619770432.33,,,,0.046940997,0.00075812748,0,no,SpeX Spectrograph,LXD_short,merged_v346nor_lxd_20150722.txt,1.0
2457225.7462704,2457225.7462704,2015-07-22,20150722,SXD,2.1968029,2.1968029e-06,136467617554583.53,,,,0.042913057,0.00020633383,0,no,SpeX Spectrograph,ShortXD,merged_v346nor_sxd_20150722.txt,1.0
2457225.7856901,2457225.7462704,2015-07-22,20150722,LXD,2.1969399,2.1969398999999996e-06,136459107506764.33,,,,0.046895832,0.00075873535,0,no,SpeX Spectrograph,LXD_short,merged_v346nor_lxd_20150722.txt,1.0
2457225.7462704,2457225.7462704,2015-07-22,20150722,SXD,2.1971607,2.1971607e-06,136445394276349.47,,,,0.04270786,0.00020172243,0,no,SpeX Spectrograph,ShortXD,merged_v346nor_sxd_20150722.txt,1.0
2457225.7856901,2457225.7462704,2015-07-22,20150722,LXD,2.1972377,2.1972377e-06,136440612683825.7,,,,0.046048336,0.00075944659,0,no,SpeX Spectrograph,LXD_short,merged_v346nor_lxd_20150722.txt,1.0
2457225.7462704,2457225.7462704,2015-07-22,20150722,SXD,2.1975188,2.1975188e-06,136423159610739.16,,,,0.042673774,0.00020397373,0,no,SpeX Spectrograph,ShortXD,merged_v346nor_sxd_20150722.txt,1.0
2457225.7856901,2457225.7462704,2015-07-22,20150722,LXD,2.1975355,2.1975354999999997e-06,136422122873555.42,,,,0.047348849,0.00077288452,0,no,SpeX Spectrograph,LXD_short,merged_v346nor_lxd_20150722.txt,1.0
2457225.7856901,2457225.7462704,2015-07-22,20150722,LXD,2.1978333,2.1978333e-06,136403638073915.8,,,,0.046333883,0.00079720252,0,no,SpeX Spectrograph,LXD_short,merged_v346nor_lxd_20150722.txt,1.0
2457225.7462704,2457225.7462704,2015-07-22,20150722,SXD,2.1978767,2.1978767e-06,136400944602579.39,,,,0.042930186,0.00021138829,0,no,SpeX Spectrograph,ShortXD,merged_v346nor_sxd_20150722.txt,1.0
2457225.7856901,2457225.7462704,2015-07-22,20150722,LXD,2.1981313,2.1981313e-06,136385145873679.17,,,,0.045713268,0.000818823,0,no,SpeX Spectrograph,LXD_short,merged_v346nor_lxd_20150722.txt,1.0
2457225.7462704,2457225.7462704,2015-07-22,20150722,SXD,2.1982346,2.1982346e-06,136378736828180.2,,,,0.042946626,0.0002106488,0,no,SpeX Spectrograph,ShortXD,merged_v346nor_sxd_20150722.txt,1.0
2457225.7856901,2457225.7462704,2015-07-22,20150722,LXD,2.1984291,2.1984290999999997e-06,136366671092554.25,,,,0.045944527,0.00082254189,0,no,SpeX Spectrograph,LXD_short,merged_v346nor_lxd_20150722.txt,1.0
2457225.7462704,2457225.7462704,2015-07-22,20150722,SXD,2.1985927,2.1985926999999998e-06,136356523880025.62,,,,0.04289509,0.00021345363,0,no,SpeX Spectrograph,ShortXD,merged_v346nor_sxd_20150722.txt,1.0
2457225.7856901,2457225.7462704,2015-07-22,20150722,LXD,2.1987269,2.1987269e-06,136348201315952.42,,,,0.048335366,0.00083394226,0,no,SpeX Spectrograph,LXD_short,merged_v346nor_lxd_20150722.txt,1.0
2457225.7462704,2457225.7462704,2015-07-22,20150722,SXD,2.1989505,2.1989505e-06,136334336766562.05,,,,0.042776596,0.00021599523,0,no,SpeX Spectrograph,ShortXD,merged_v346nor_sxd_20150722.txt,1.0
2457225.7856901,2457225.7462704,2015-07-22,20150722,LXD,2.1990247,2.1990247e-06,136329736541840.58,,,,0.047196288,0.00082364003,0,no,SpeX Spectrograph,LXD_short,merged_v346nor_lxd_20150722.txt,1.0
2457225.7462704,2457225.7462704,2015-07-22,20150722,SXD,2.1993084,2.1993084e-06,136312150674275.61,,,,0.042717792,0.0002166065,0,no,SpeX Spectrograph,ShortXD,merged_v346nor_sxd_20150722.txt,1.0
2457225.7856901,2457225.7462704,2015-07-22,20150722,LXD,2.1993225,2.1993225e-06,136311276768186.56,,,,0.047898069,0.00084498239,0,no,SpeX Spectrograph,LXD_short,merged_v346nor_lxd_20150722.txt,1.0
2457225.7856901,2457225.7462704,2015-07-22,20150722,LXD,2.1996205,2.1996205e-06,136292809600565.19,,,,0.04714036,0.00088929513,0,no,SpeX Spectrograph,LXD_short,merged_v346nor_lxd_20150722.txt,1.0
2457225.7462704,2457225.7462704,2015-07-22,20150722,SXD,2.1996665,2.1996665e-06,136289959409755.98,,,,0.043394178,0.00022704307,0,no,SpeX Spectrograph,ShortXD,merged_v346nor_sxd_20150722.txt,1.0
2457225.7856901,2457225.7462704,2015-07-22,20150722,LXD,2.1999183,2.1999183e-06,136274359825089.86,,,,0.048079211,0.00090242102,0,no,SpeX Spectrograph,LXD_short,merged_v346nor_lxd_20150722.txt,1.0
