JD,JD_day,Date,DateCode,Filter,Lambda,Lambda_m,Frequency,Mag,Magerr,ZP,Flux,Fluxerr,Flag,Interpolated,Instrument,Mode,Filename,InputFluxConvention,FractionalErrorAssigned,BinWidthMicron,SamplesPerBin,RobustScatterJy,FluxUncalibrated,FluxerrUncalibrated,FluxCalibrationFactor,PhotometricCalibration
2457209.599,2457209.599,2015-07-06,201506,XSHOOTER_NIR,1.1524839546455035,1.1524839546455035e-06,260127229356710.8,,,,0.0004276217980265766,4.289866245365564e-05,1,no,VLT/XSHOOTER,NIR,final_nir_201506.txt,F_lambda [erg/s/cm^2/Angstrom],0.1,0.005,73,1.449085783530569e-05,0.0003673865336542088,3.685591092405209e-05,1.1639561030537455,J@2457209.500:x1.122; H@2457209.500:x0.9601
2457209.599,2457209.599,2015-07-06,201506,XSHOOTER_NIR,1.157474540963182,1.1574745409631818e-06,259005660505094.53,,,,0.0004397429413044489,4.4232700443061014e-05,1,no,VLT/XSHOOTER,NIR,final_nir_201506.txt,F_lambda [erg/s/cm^2/Angstrom],0.1,0.005,79,2.10963036548212e-05,0.00037865984672416143,3.8088496702825366e-05,1.1613138945381343,J@2457209.500:x1.122; H@2457209.500:x0.9601
2457209.599,2457209.599,2015-07-06,201506,XSHOOTER_NIR,1.1625376734901234,1.1625376734901234e-06,257877628257822.62,,,,0.00046749919681414903,4.7042897020041804e-05,1,no,VLT/XSHOOTER,NIR,final_nir_201506.txt,F_lambda [erg/s/cm^2/Angstrom],0.1,0.005,77,2.2921018137859446e-05,0.00040348578104761605,4.0601438839305545e-05,1.1586509829425158,J@2457209.500:x1.122; H@2457209.500:x0.9601
2457209.599,2457209.599,2015-07-06,201506,XSHOOTER_NIR,1.1675683539769455,1.1675683539769455e-06,256766515620994.3,,,,0.00047325040494438796,4.74564012940694e-05,1,no,VLT/XSHOOTER,NIR,final_nir_201506.txt,F_lambda [erg/s/cm^2/Angstrom],0.1,0.005,75,1.5261535226339013e-05,0.0004093781567596219,4.105144736324953e-05,1.1560226092430976,J@2457209.500:x1.122; H@2457209.500:x0.9601
2457209.599,2457209.599,2015-07-06,201506,XSHOOTER_NIR,1.1725008950989202,1.1725008950989203e-06,255686336149626.1,,,,0.0004933634324199114,4.957160279530992e-05,1,no,VLT/XSHOOTER,NIR,final_nir_201506.txt,F_lambda [erg/s/cm^2/Angstrom],0.1,0.005,81,2.17304003486925e-05,0.00042772395777897047,4.2976355254093446e-05,1.1534622352738553,J@2457209.500:x1.122; H@2457209.500:x0.9601
2457209.599,2457209.599,2015-07-06,201506,XSHOOTER_NIR,1.1774922488392887,1.1774922488392887e-06,254602489566721.12,,,,0.0005085991931400991,5.114315815097267e-05,1,no,VLT/XSHOOTER,NIR,final_nir_201506.txt,F_lambda [erg/s/cm^2/Angstrom],0.1,0.005,84,2.4713200271388454e-05,0.00044191892579962145,4.4437997183082975e-05,1.1508880101023606,J@2457209.500:x1.122; H@2457209.500:x0.9601
2457209.599,2457209.599,2015-07-06,201506,XSHOOTER_NIR,1.1825036103441737,1.1825036103441737e-06,253523503334373.66,,,,0.0005353875794719867,5.361336718596717e-05,1,no,VLT/XSHOOTER,NIR,final_nir_201506.txt,F_lambda [erg/s/cm^2/Angstrom],0.1,0.005,83,1.2951263128685478e-05,0.0004662354598353075,4.668851848957861e-05,1.148320163509456,J@2457209.500:x1.122; H@2457209.500:x0.9601
2457209.599,2457209.599,2015-07-06,201506,XSHOOTER_NIR,1.1875230759604547,1.1875230759604547e-06,252451900993613.44,,,,0.0005880379762238351,5.913451426467324e-05,1,no,VLT/XSHOOTER,NIR,final_nir_201506.txt,F_lambda [erg/s/cm^2/Angstrom],0.1,0.005,74,2.707168273279252e-05,0.0005132274951837452,5.161139222650011e-05,1.1457647568420049,J@2457209.500:x1.122; H@2457209.500:x0.9601
2457209.599,2457209.599,2015-07-06,201506,XSHOOTER_NIR,1.1924843912837608,1.1924843912837607e-06,251401578243938.72,,,,0.0005895541146726995,5.903494933650789e-05,1,no,VLT/XSHOOTER,NIR,final_nir_201506.txt,F_lambda [erg/s/cm^2/Angstrom],0.1,0.005,83,1.4094364934982064e-05,0.000515680284016632,5.163759981161166e-05,1.1432551000023978,J@2457209.500:x1.122; H@2457209.500:x0.9601
2457209.599,2457209.599,2015-07-06,201506,XSHOOTER_NIR,1.1974859236556303,1.1974859236556302e-06,250351550759617.53,,,,0.0006196880482032816,6.21435493598665e-05,1,no,VLT/XSHOOTER,NIR,final_nir_201506.txt,F_lambda [erg/s/cm^2/Angstrom],0.1,0.005,80,2.1081745289896614e-05,0.0005432328222669292,5.44764673166174e-05,1.1407411754269599,J@2457209.500:x1.122; H@2457209.500:x0.9601
2457209.599,2457209.599,2015-07-06,201506,XSHOOTER_NIR,1.2025100828385047,1.2025100828385047e-06,249305566978985.3,,,,0.0006474333258028558,6.493757499833918e-05,1,no,VLT/XSHOOTER,NIR,final_nir_201506.txt,F_lambda [erg/s/cm^2/Angstrom],0.1,0.005,77,2.2339014952535867e-05,0.0005688061395924338,5.705126671305576e-05,1.1382319576697268,J@2457209.500:x1.122; H@2457209.500:x0.9601
2457209.599,2457209.599,2015-07-06,201506,XSHOOTER_NIR,1.2075229969629544,1.2075229969629543e-06,248270599196875.88,,,,0.0006708069765078359,6.714549765141543e-05,1,no,VLT/XSHOOTER,NIR,final_nir_201506.txt,F_lambda [erg/s/cm^2/Angstrom],0.1,0.005,81,1.3492967697252007e-05,0.0005906320695452928,5.912026205356681e-05,1.13574424941786,J@2457209.500:x1.122; H@2457209.500:x0.9601
2457209.599,2457209.599,2015-07-06,201506,XSHOOTER_NIR,1.2125014885986463,1.2125014885986462e-06,247251208199741.2,,,,0.0006985432591628091,6.999256299439545e-05,1,no,VLT/XSHOOTER,NIR,final_nir_201506.txt,F_lambda [erg/s/cm^2/Angstrom],0.1,0.005,76,1.952738581168625e-05,0.0006163857172201919,6.176055036746797e-05,1.1332891721001186,J@2457209.500:x1.122; H@2457209.500:x0.9601
2457209.599,2457209.599,2015-07-06,201506,XSHOOTER_NIR,1.217439017610292,1.217439017610292e-06,246248439275801.97,,,,0.0007209072165294884,7.217221170023671e-05,1,no,VLT/XSHOOTER,NIR,final_nir_201506.txt,F_lambda [erg/s/cm^2/Angstrom],0.1,0.005,81,1.5754298788962717e-05,0.0006374804998941433,6.382010963161288e-05,1.1308694409463482,J@2457209.500:x1.122; H@2457209.500:x0.9601
2457209.599,2457209.599,2015-07-06,201506,XSHOOTER_NIR,1.2224885388330646,1.2224885388330646e-06,245231303588472.97,,,,0.0007553587664460995,7.56322744483017e-05,1,no,VLT/XSHOOTER,NIR,final_nir_201506.txt,F_lambda [erg/s/cm^2/Angstrom],0.1,0.005,81,1.7578368884128755e-05,0.0006694008284255399,6.702551081733379e-05,1.1284102653752857,J@2457209.500:x1.122; H@2457209.500:x0.9601
2457209.599,2457209.599,2015-07-06,201506,XSHOOTER_NIR,1.2275262325822751,1.2275262325822752e-06,244224889083913.2,,,,0.0007784477450546938,7.794750106036264e-05,1,no,VLT/XSHOOTER,NIR,final_nir_201506.txt,F_lambda [erg/s/cm^2/Angstrom],0.1,0.005,75,1.7764649381271522e-05,0.0006913560675571173,6.922684040302573e-05,1.1259722472752889,J@2457209.500:x1.122; H@2457209.500:x0.9601
2457209.599,2457209.599,2015-07-06,201506,XSHOOTER_NIR,1.2324643750034783,1.2324643750034782e-06,243246347789285.12,,,,0.0008079433530265864,8.084015873120474e-05,1,no,VLT/XSHOOTER,NIR,final_nir_201506.txt,F_lambda [erg/s/cm^2/Angstrom],0.1,0.005,75,1.2110725979089157e-05,0.0007190685122387109,7.194763401447996e-05,1.1235971806235503,J@2457209.500:x1.122; H@2457209.500:x0.9601
2457209.599,2457209.599,2015-07-06,201506,XSHOOTER_NIR,1.2375069636108063,1.2375069636108062e-06,242255168508517.75,,,,0.0008421614134898566,8.427208715706639e-05,1,no,VLT/XSHOOTER,NIR,final_nir_201506.txt,F_lambda [erg/s/cm^2/Angstrom],0.1,0.005,76,1.3782777444498215e-05,0.0007511338879312733,7.516328753185366e-05,1.121186817718058,J@2457209.500:x1.122; H@2457209.500:x0.9601
2457209.599,2457209.599,2015-07-06,201506,XSHOOTER_NIR,1.2426276010367152,1.2426276010367153e-06,241256879977464.94,,,,0.0008700673433907949,8.709573944749986e-05,1,no,VLT/XSHOOTER,NIR,final_nir_201506.txt,F_lambda [erg/s/cm^2/Angstrom],0.1,0.005,73,1.7357052215977737e-05,0.0007777107425354681,7.785063157687916e-05,1.118754436327096,J@2457209.500:x1.122; H@2457209.500:x0.9601
2457209.599,2457209.599,2015-07-06,201506,XSHOOTER_NIR,1.2474574633469366,1.2474574633469365e-06,240322790001716.7,,,,0.0009091236199621517,9.111626730067328e-05,1,no,VLT/XSHOOTER,NIR,final_nir_201506.txt,F_lambda [erg/s/cm^2/Angstrom],0.1,0.005,74,2.7101334107353234e-05,0.0008142809371172224,8.161072696285725e-05,1.11647415347914,J@2457209.500:x1.122; H@2457209.500:x0.9601
2457209.599,2457209.599,2015-07-06,201506,XSHOOTER_NIR,1.2523886312815442,1.2523886312815442e-06,239376540565709.53,,,,0.0009262788700252403,9.270980307055459e-05,1,no,VLT/XSHOOTER,NIR,final_nir_201506.txt,F_lambda [erg/s/cm^2/Angstrom],0.1,0.005,76,1.7602123649958567e-05,0.000831369779758393,8.321050069738793e-05,1.1141598992140767,J@2457209.500:x1.122; H@2457209.500:x0.9601
2457209.599,2457209.599,2015-07-06,201506,XSHOOTER_NIR,1.2576179215076473,1.2576179215076473e-06,238381191038217.1,,,,0.0009508656498243837,9.519672403600405e-05,1,no,VLT/XSHOOTER,NIR,final_nir_201506.txt,F_lambda [erg/s/cm^2/Angstrom],0.1,0.005,69,1.9750522078050654e-05,0.0008553097013437025,8.563005890387514e-05,1.111720875292963,J@2457209.500:x1.122; H@2457209.500:x0.9601
2457209.599,2457209.599,2015-07-06,201506,XSHOOTER_NIR,1.2624670673792562,1.262467067379256e-06,237465567020561.12,,,,0.0009413643899312826,9.458180021240706e-05,1,no,VLT/XSHOOTER,NIR,final_nir_201506.txt,F_lambda [erg/s/cm^2/Angstrom],0.1,0.005,80,4.26708001024772e-05,0.000848478904921007,8.524930741807508e-05,1.1094729456107375,J@2457209.500:x1.122; H@2457209.500:x0.9601
2457209.599,2457209.599,2015-07-06,201506,XSHOOTER_NIR,1.2674167940565875,1.2674167940565874e-06,236538177027355.16,,,,0.0009122986554564961,9.208893265729822e-05,1,no,VLT/XSHOOTER,NIR,final_nir_201506.txt,F_lambda [erg/s/cm^2/Angstrom],0.1,0.005,79,5.8163033747599664e-05,0.0008239751616911948,8.317341335803955e-05,1.1071919371744396,J@2457209.500:x1.122; H@2457209.500:x0.9601
2457209.599,2457209.599,2015-07-06,201506,XSHOOTER_NIR,1.2726356143956883,1.2726356143956882e-06,235568181975134.06,,,,0.0010359311763616097,0.00010380366292175133,1,no,VLT/XSHOOTER,NIR,final_nir_201506.txt,F_lambda [erg/s/cm^2/Angstrom],0.1,0.005,77,3.030220332735528e-05,0.0009376626351131792,9.39568364487892e-05,1.1048015966174969,J@2457209.500:x1.122; H@2457209.500:x0.9601
2457209.599,2457209.599,2015-07-06,201506,XSHOOTER_NIR,1.277391743341938,1.277391743341938e-06,234691087963099.7,,,,0.001099157309392606,0.00011100964720551785,1,no,VLT/XSHOOTER,NIR,final_nir_201506.txt,F_lambda [erg/s/cm^2/Angstrom],0.1,0.005,76,7.096247883429723e-05,0.0009968449603725484,0.00010067658780407454,1.102636170204262,J@2457209.500:x1.122; H@2457209.500:x0.9601
2457209.599,2457209.599,2015-07-06,201506,XSHOOTER_NIR,1.282643525919925,1.2826435259199248e-06,233730145548417.94,,,,0.0011615956049848123,0.0001163595239366687,1,no,VLT/XSHOOTER,NIR,final_nir_201506.txt,F_lambda [erg/s/cm^2/Angstrom],0.1,0.005,77,3.139744274346869e-05,0.001055747112374419,0.00010575645333558768,1.1002593247660757,J@2457209.500:x1.122; H@2457209.500:x0.9601
2457209.599,2457209.599,2015-07-06,201506,XSHOOTER_NIR,1.2875192150049923,1.2875192150049923e-06,232845036024443.0,,,,0.0012096953147387578,0.00012111977205327572,1,no,VLT/XSHOOTER,NIR,final_nir_201506.txt,F_lambda [erg/s/cm^2/Angstrom],0.1,0.005,79,2.8184213520276357e-05,0.0011016599854848119,0.00011030282145959307,1.0980659465510154,J@2457209.500:x1.122; H@2457209.500:x0.9601
2457209.599,2457209.599,2015-07-06,201506,XSHOOTER_NIR,1.2924167363852213,1.2924167363852213e-06,231962686306967.66,,,,0.0012571634487739268,0.00012615436884625577,1,no,VLT/XSHOOTER,NIR,final_nir_201506.txt,F_lambda [erg/s/cm^2/Angstrom],0.1,0.005,67,4.529532108682357e-05,0.0011471772873388813,0.00011511743105491872,1.0958754698588755,J@2457209.500:x1.122; H@2457209.500:x0.9601
2457209.599,2457209.599,2015-07-06,201506,XSHOOTER_NIR,1.2974372518970727,1.2974372518970727e-06,231065092020174.94,,,,0.0012923038327747698,0.0001293775650776294,1,no,VLT/XSHOOTER,NIR,final_nir_201506.txt,F_lambda [erg/s/cm^2/Angstrom],0.1,0.005,74,2.801738567031224e-05,0.001181650433534323,0.00011829962272520825,1.0936430911377757,J@2457209.500:x1.122; H@2457209.500:x0.9601
2457209.599,2457209.599,2015-07-06,201506,XSHOOTER_NIR,1.3025212023616142,1.302521202361614e-06,230163207674810.47,,,,0.001336072797651823,0.0001338084352256108,1,no,VLT/XSHOOTER,NIR,final_nir_201506.txt,F_lambda [erg/s/cm^2/Angstrom],0.1,0.005,80,3.470255287410654e-05,0.0012241871162679066,0.00012260302188552528,1.0913958984677232,J@2457209.500:x1.122; H@2457209.500:x0.9601
2457209.599,2457209.599,2015-07-06,201506,XSHOOTER_NIR,1.3075530906910948,1.3075530906910949e-06,229277465010271.6,,,,0.001370606852572934,0.0001371878304650383,1,no,VLT/XSHOOTER,NIR,final_nir_201506.txt,F_lambda [erg/s/cm^2/Angstrom],0.1,0.005,76,2.728768631954679e-05,0.0012583785399861728,0.00012595458827627533,1.0891848589439506,J@2457209.500:x1.122; H@2457209.500:x0.9601
2457209.599,2457209.599,2015-07-06,201506,XSHOOTER_NIR,1.312452569999843,1.3124525699998431e-06,228421555835755.53,,,,0.0014286592471698797,0.0001430055970263894,1,no,VLT/XSHOOTER,NIR,final_nir_201506.txt,F_lambda [erg/s/cm^2/Angstrom],0.1,0.005,79,2.9829517080609147e-05,0.0013142602022201656,0.00013155450835378215,1.0870444412426559,J@2457209.500:x1.122; H@2457209.500:x0.9601
2457209.599,2457209.599,2015-07-06,201506,XSHOOTER_NIR,1.3175449573342222,1.3175449573342223e-06,227538693333522.06,,,,0.0014519929590153268,0.00014534762862895433,1,no,VLT/XSHOOTER,NIR,final_nir_201506.txt,F_lambda [erg/s/cm^2/Angstrom],0.1,0.005,77,3.065833935403093e-05,0.001338448821782748,0.0001339816154613232,1.0848326326600546,J@2457209.500:x1.122; H@2457209.500:x0.9601
2457209.599,2457209.599,2015-07-06,201506,XSHOOTER_NIR,1.3227567631348565,1.3227567631348566e-06,226642166084646.8,,,,0.0015154082246412292,0.00015186308365837671,1,no,VLT/XSHOOTER,NIR,final_nir_201506.txt,F_lambda [erg/s/cm^2/Angstrom],0.1,0.005,73,4.505618549622297e-05,0.0013998086357067685,0.00014027854177733724,1.0825824230439143,J@2457209.500:x1.122; H@2457209.500:x0.9601
2457209.599,2457209.599,2015-07-06,201506,XSHOOTER_NIR,1.3274698143760737,1.3274698143760737e-06,225837495326329.47,,,,0.0015046436768106836,0.00015098991394746876,1,no,VLT/XSHOOTER,NIR,final_nir_201506.txt,F_lambda [erg/s/cm^2/Angstrom],0.1,0.005,76,5.862918018711185e-05,0.0013924676398165837,0.00013973312907956657,1.080559169769199,J@2457209.500:x1.122; H@2457209.500:x0.9601
2457209.599,2457209.599,2015-07-06,201506,XSHOOTER_NIR,1.3324843407007587,1.3324843407007587e-06,224987603113097.72,,,,0.001413434216436757,0.000142747085020457,1,no,VLT/XSHOOTER,NIR,final_nir_201506.txt,F_lambda [erg/s/cm^2/Angstrom],0.1,0.005,83,9.739820099683637e-05,0.0013106546477014874,0.00013236705907654996,1.0784184978976084,J@2457209.500:x1.122; H@2457209.500:x0.9601
2457209.599,2457209.599,2015-07-06,201506,XSHOOTER_NIR,1.3375213663946888,1.3375213663946887e-06,224140313218394.12,,,,0.0012863143666335148,0.00013050216163076179,1,no,VLT/XSHOOTER,NIR,final_nir_201506.txt,F_lambda [erg/s/cm^2/Angstrom],0.1,0.005,83,0.00010760185447691018,0.0011951478198945983,0.00012125292075585971,1.076280561468084,J@2457209.500:x1.122; H@2457209.500:x0.9601
2457209.599,2457209.599,2015-07-06,201506,XSHOOTER_NIR,1.4824650970409514,1.4824650970409514e-06,202225643354703.94,,,,0.002981131289548248,0.0002997932508252279,1,no,VLT/XSHOOTER,NIR,final_nir_201506.txt,F_lambda [erg/s/cm^2/Angstrom],0.1,0.005,81,0.00016152690170597345,0.0029238635236061,0.000294034198958077,1.0195863334522255,J@2457209.500:x1.122; H@2457209.500:x0.9601
2457209.599,2457209.599,2015-07-06,201506,XSHOOTER_NIR,1.4874707580324331,1.487470758032433e-06,201545110302910.1,,,,0.0030675643825946474,0.0003086948355751782,1,no,VLT/XSHOOTER,NIR,final_nir_201506.txt,F_lambda [erg/s/cm^2/Angstrom],0.1,0.005,79,0.00017414745097142574,0.0030139750505529983,0.0003033020392130076,1.0177802838918049,J@2457209.500:x1.122; H@2457209.500:x0.9601
2457209.599,2457209.599,2015-07-06,201506,XSHOOTER_NIR,1.4924692978197713,1.4924692978197714e-06,200870100603036.0,,,,0.003111464172840644,0.0003116691874591167,1,no,VLT/XSHOOTER,NIR,final_nir_201506.txt,F_lambda [erg/s/cm^2/Angstrom],0.1,0.005,81,9.228461136203363e-05,0.0030625068326939364,0.0003067652279159304,1.0159860345858045,J@2457209.500:x1.122; H@2457209.500:x0.9601
2457209.599,2457209.599,2015-07-06,201506,XSHOOTER_NIR,1.4974991770003845,1.4974991770003845e-06,200195407519695.1,,,,0.003221318594976248,0.0003231971492998821,1,no,VLT/XSHOOTER,NIR,final_nir_201506.txt,F_lambda [erg/s/cm^2/Angstrom],0.1,0.005,84,0.0001367994242614669,0.00317624836639847,0.0003186752217211108,1.014189768361497,J@2457209.500:x1.122; H@2457209.500:x0.9601
2457209.599,2457209.599,2015-07-06,201506,XSHOOTER_NIR,1.5025105446636389,1.5025105446636388e-06,199527689881945.8,,,,0.003314310293041729,0.00033357021431961505,1,no,VLT/XSHOOTER,NIR,final_nir_201506.txt,F_lambda [erg/s/cm^2/Angstrom],0.1,0.005,83,0.00019595561789474773,0.003273686315664443,0.0003294815962838487,1.0124092455599372,J@2457209.500:x1.122; H@2457209.500:x0.9601
2457209.599,2457209.599,2015-07-06,201506,XSHOOTER_NIR,1.5076647427128547,1.5076647427128547e-06,198845571901191.28,,,,0.003409430628528282,0.0003420339590252297,1,no,VLT/XSHOOTER,NIR,final_nir_201506.txt,F_lambda [erg/s/cm^2/Angstrom],0.1,0.005,75,0.00013504884637891818,0.0033737117789168353,0.0003384506453064509,1.0105874040084464,J@2457209.500:x1.122; H@2457209.500:x0.9601
2457209.599,2457209.599,2015-07-06,201506,XSHOOTER_NIR,1.5125032619786745,1.5125032619786746e-06,198209462112371.22,,,,0.0034694232966987434,0.0003477714973687318,1,no,VLT/XSHOOTER,NIR,final_nir_201506.txt,F_lambda [erg/s/cm^2/Angstrom],0.1,0.005,84,0.00012588128780074675,0.003438866313353249,0.0003447084961306742,1.00888577239157,J@2457209.500:x1.122; H@2457209.500:x0.9601
2457209.599,2457209.599,2015-07-06,201506,XSHOOTER_NIR,1.5174992493430766,1.5174992493430765e-06,197556906950550.25,,,,0.0035753515416933742,0.00035877948170684893,1,no,VLT/XSHOOTER,NIR,final_nir_201506.txt,F_lambda [erg/s/cm^2/Angstrom],0.1,0.005,82,0.00015498041497175011,0.003550013475939886,0.0003562368567390716,1.0071374562167767,J@2457209.500:x1.122; H@2457209.500:x0.9601
2457209.599,2457209.599,2015-07-06,201506,XSHOOTER_NIR,1.522392098122043,1.522392098122043e-06,196921974549008.1,,,,0.0037149680578023557,0.0003718289872738447,1,no,VLT/XSHOOTER,NIR,final_nir_201506.txt,F_lambda [erg/s/cm^2/Angstrom],0.1,0.005,78,7.969123249039505e-05,0.0036948910358408074,0.00036981948984956447,1.0054337250454206,J@2457209.500:x1.122; H@2457209.500:x0.9601
2457209.599,2457209.599,2015-07-06,201506,XSHOOTER_NIR,1.5274751401722424,1.5274751401722425e-06,196266669168962.4,,,,0.0038156739056093157,0.0003826070176733898,1,no,VLT/XSHOOTER,NIR,final_nir_201506.txt,F_lambda [erg/s/cm^2/Angstrom],0.1,0.005,82,0.00014682137148986564,0.0038017117636674528,0.0003812069993225408,1.003672593507824,J@2457209.500:x1.122; H@2457209.500:x0.9601
2457209.599,2457209.599,2015-07-06,201506,XSHOOTER_NIR,1.5323628285739004,1.5323628285739004e-06,195640648813573.12,,,,0.003976643688904672,0.0003988027716959924,1,no,VLT/XSHOOTER,NIR,final_nir_201506.txt,F_lambda [erg/s/cm^2/Angstrom],0.1,0.005,72,0.0001472228434347433,0.003968755548666989,0.00039801169951643244,1.001987560115748,J@2457209.500:x1.122; H@2457209.500:x0.9601
2457209.599,2457209.599,2015-07-06,201506,XSHOOTER_NIR,1.5374489324663188,1.5374489324663187e-06,194993441192927.3,,,,0.004093637551784773,0.00040970484456276276,1,no,VLT/XSHOOTER,NIR,final_nir_201506.txt,F_lambda [erg/s/cm^2/Angstrom],0.1,0.005,81,8.683017664011473e-05,0.00409264382340929,0.0004096053889259448,1.0002428084188022,J@2457209.500:x1.122; H@2457209.500:x0.9601
2457209.599,2457209.599,2015-07-06,201506,XSHOOTER_NIR,1.5424434253992918,1.5424434253992919e-06,194362044703450.2,,,,0.004161887966388072,0.0004165974430383921,1,no,VLT/XSHOOTER,NIR,final_nir_201506.txt,F_lambda [erg/s/cm^2/Angstrom],0.1,0.005,79,9.48044920634811e-05,0.004167981417018452,0.0004172073864036144,0.9985380331578496,J@2457209.500:x1.122; H@2457209.500:x0.9601
2457209.599,2457209.599,2015-07-06,201506,XSHOOTER_NIR,1.5474927757984034,1.5474927757984035e-06,193727856238506.2,,,,0.004381264362149752,0.0004385712192791224,1,no,VLT/XSHOOTER,NIR,final_nir_201506.txt,F_lambda [erg/s/cm^2/Angstrom],0.1,0.005,84,0.00010482381869430291,0.0043952276719930235,0.00043996896780944175,0.9968230747334781,J@2457209.500:x1.122; H@2457209.500:x0.9601
2457209.599,2457209.599,2015-07-06,201506,XSHOOTER_NIR,1.5524974638553797,1.5524974638553796e-06,193103347979399.12,,,,0.004474998047175483,0.00044785046825409816,1,no,VLT/XSHOOTER,NIR,final_nir_201506.txt,F_lambda [erg/s/cm^2/Angstrom],0.1,0.005,81,9.252159576446927e-05,0.0044968903004156255,0.00045004140906823397,0.9951316906178213,J@2457209.500:x1.122; H@2457209.500:x0.9601
2457209.599,2457209.599,2015-07-06,201506,XSHOOTER_NIR,1.5573723851534127,1.5573723851534127e-06,192498891631797.0,,,,0.004575718227334872,0.0004578102641960129,1,no,VLT/XSHOOTER,NIR,final_nir_201506.txt,F_lambda [erg/s/cm^2/Angstrom],0.1,0.005,78,7.582533373768195e-05,0.004605691409702924,0.000460809144340498,0.9934921427204378,J@2457209.500:x1.122; H@2457209.500:x0.9601
2457209.599,2457209.599,2015-07-06,201506,XSHOOTER_NIR,1.5624885345655006,1.5624885345655006e-06,191868581028254.9,,,,0.004757074502787711,0.00047606844928200077,1,no,VLT/XSHOOTER,NIR,final_nir_201506.txt,F_lambda [erg/s/cm^2/Angstrom],0.1,0.005,83,9.830678307546889e-05,0.00479650239806631,0.0004800142308653533,0.9917798654089083,J@2457209.500:x1.122; H@2457209.500:x0.9601
2457209.599,2457209.599,2015-07-06,201506,XSHOOTER_NIR,1.5677712970010032,1.5677712970010031e-06,191222060624195.88,,,,0.004911228452000282,0.0004912663607985687,1,no,VLT/XSHOOTER,NIR,final_nir_201506.txt,F_lambda [erg/s/cm^2/Angstrom],0.1,0.005,73,5.916267967690759e-05,0.004960732691810951,0.0004962182313893131,0.9900207806213003,J@2457209.500:x1.122; H@2457209.500:x0.9601
2457209.599,2457209.599,2015-07-06,201506,XSHOOTER_NIR,1.5725444009213576,1.5725444009213577e-06,190641649179731.2,,,,0.005064650309693325,0.0005068272645855832,1,no,VLT/XSHOOTER,NIR,final_nir_201506.txt,F_lambda [erg/s/cm^2/Angstrom],0.1,0.005,81,0.00010071489003847143,0.005123886717747208,0.0005127551420938022,0.9884391651656328,J@2457209.500:x1.122; H@2457209.500:x0.9601
2457209.599,2457209.599,2015-07-06,201506,XSHOOTER_NIR,1.5775009352238623,1.5775009352238622e-06,190042649931904.25,,,,0.0052186305508992005,0.000522093396162774,1,no,VLT/XSHOOTER,NIR,final_nir_201506.txt,F_lambda [erg/s/cm^2/Angstrom],0.1,0.005,84,8.315239777612721e-05,0.005288413800424739,0.0005290748012238747,0.9868045027944042,J@2457209.500:x1.122; H@2457209.500:x0.9601
2457209.599,2457209.599,2015-07-06,201506,XSHOOTER_NIR,1.5822756146472345,1.5822756146472345e-06,189469176687550.84,,,,0.005296968245032311,0.0005300043416692397,1,no,VLT/XSHOOTER,NIR,final_nir_201506.txt,F_lambda [erg/s/cm^2/Angstrom],0.1,0.005,71,8.913620276315565e-05,0.005376337991080794,0.0005379459241097862,0.9852372104990135,J@2457209.500:x1.122; H@2457209.500:x0.9601
2457209.599,2457209.599,2015-07-06,201506,XSHOOTER_NIR,1.5875055068701107,1.5875055068701107e-06,188844987751295.38,,,,0.00540551788030967,0.0005407188282690548,1,no,VLT/XSHOOTER,NIR,final_nir_201506.txt,F_lambda [erg/s/cm^2/Angstrom],0.1,0.005,81,7.100232515880644e-05,0.005496044576802794,0.0005497742953563316,0.9835287550477282,J@2457209.500:x1.122; H@2457209.500:x0.9601
2457209.599,2457209.599,2015-07-06,201506,XSHOOTER_NIR,1.5925050125287559,1.5925050125287558e-06,188252128339587.66,,,,0.0055414457711067235,0.0005543484730192306,1,no,VLT/XSHOOTER,NIR,final_nir_201506.txt,F_lambda [erg/s/cm^2/Angstrom],0.1,0.005,84,8.101788830031434e-05,0.005643574315689857,0.0005645650852680644,0.9819035705263589,J@2457209.500:x1.122; H@2457209.500:x0.9601
2457209.599,2457209.599,2015-07-06,201506,XSHOOTER_NIR,1.5971623597053235,1.5971623597053236e-06,187703182571439.84,,,,0.005714210902773369,0.0005716504562082093,1,no,VLT/XSHOOTER,NIR,final_nir_201506.txt,F_lambda [erg/s/cm^2/Angstrom],0.1,0.005,69,7.920694876937223e-05,0.005828468704969801,0.000583080822686149,0.9803966002083863,J@2457209.500:x1.122; H@2457209.500:x0.9601
2457209.599,2457209.599,2015-07-06,201506,XSHOOTER_NIR,1.6024592535705817,1.6024592535705817e-06,187082733824280.28,,,,0.0059313214505697315,0.0005933743473313399,1,no,VLT/XSHOOTER,NIR,final_nir_201506.txt,F_lambda [erg/s/cm^2/Angstrom],0.1,0.005,78,8.832127428947686e-05,0.006060464977706378,0.0006062939735504542,0.97869082197295,J@2457209.500:x1.122; H@2457209.500:x0.9601
2457209.599,2457209.599,2015-07-06,201506,XSHOOTER_NIR,1.607485082657482,1.607485082657482e-06,186497816517454.34,,,,0.006025134218414555,0.0006027209064159452,1,no,VLT/XSHOOTER,NIR,final_nir_201506.txt,F_lambda [erg/s/cm^2/Angstrom],0.1,0.005,80,8.357622972328881e-05,0.006166467989867361,0.0006168591506025842,0.9770802716100946,J@2457209.500:x1.122; H@2457209.500:x0.9601
2457209.599,2457209.599,2015-07-06,201506,XSHOOTER_NIR,1.6124916103914857,1.6124916103914858e-06,185918770719815.06,,,,0.006133599318313881,0.0006135365892944517,1,no,VLT/XSHOOTER,NIR,final_nir_201506.txt,F_lambda [erg/s/cm^2/Angstrom],0.1,0.005,77,7.64600815921362e-05,0.006287752834956687,0.0006289563808263792,0.975483527948842,J@2457209.500:x1.122; H@2457209.500:x0.9601
2457209.599,2457209.599,2015-07-06,201506,XSHOOTER_NIR,1.6174521637126678,1.6174521637126677e-06,185348577674076.2,,,,0.006286837880300406,0.0006288998136757852,1,no,VLT/XSHOOTER,NIR,final_nir_201506.txt,F_lambda [erg/s/cm^2/Angstrom],0.1,0.005,81,8.793963129836502e-05,0.006455262848254156,0.0006457480978181786,0.9739088907898924,J@2457209.500:x1.122; H@2457209.500:x0.9601
2457209.599,2457209.599,2015-07-06,201506,XSHOOTER_NIR,1.6224277075286586,1.6224277075286586e-06,184780164076866.56,,,,0.006439867214987621,0.0006442088379773597,1,no,VLT/XSHOOTER,NIR,final_nir_201506.txt,F_lambda [erg/s/cm^2/Angstrom],0.1,0.005,79,8.927244886828217e-05,0.006623082333224877,0.0006625366690458042,0.9723368804705699,J@2457209.500:x1.122; H@2457209.500:x0.9601
2457209.599,2457209.599,2015-07-06,201506,XSHOOTER_NIR,1.6274789749779652,1.6274789749779652e-06,184206654960970.5,,,,0.006584138254511557,0.0006585806120664501,1,no,VLT/XSHOOTER,NIR,final_nir_201506.txt,F_lambda [erg/s/cm^2/Angstrom],0.1,0.005,83,8.030531311325903e-05,0.00678253798378062,0.0006784256107716803,0.9707484529031012,J@2457209.500:x1.122; H@2457209.500:x0.9601
2457209.599,2457209.599,2015-07-06,201506,XSHOOTER_NIR,1.6325244108925268,1.6325244108925267e-06,183637350841264.75,,,,0.006667411748141566,0.0006669545760752226,1,no,VLT/XSHOOTER,NIR,final_nir_201506.txt,F_lambda [erg/s/cm^2/Angstrom],0.1,0.005,81,9.045010697657711e-05,0.006879511551119872,0.0006881713449691587,0.9691693514281868,J@2457209.500:x1.122; H@2457209.500:x0.9601
2457209.599,2457209.599,2015-07-06,201506,XSHOOTER_NIR,1.6374972428764867,1.6374972428764868e-06,183079671922606.56,,,,0.0068778962273408715,0.0006878846624430786,1,no,VLT/XSHOOTER,NIR,final_nir_201506.txt,F_lambda [erg/s/cm^2/Angstrom],0.1,0.005,78,6.025486071921582e-05,0.007108053260669249,0.0007109035461172223,0.9676202435620598,J@2457209.500:x1.122; H@2457209.500:x0.9601
2457209.599,2457209.599,2015-07-06,201506,XSHOOTER_NIR,1.6422002885010811,1.642200288501081e-06,182555355823031.6,,,,0.007080895302037529,0.0007083548221848396,1,no,VLT/XSHOOTER,NIR,final_nir_201506.txt,F_lambda [erg/s/cm^2/Angstrom],0.1,0.005,68,9.552252649095649e-05,0.007328892046235495,0.0007331637880211542,0.966161768704814,J@2457209.500:x1.122; H@2457209.500:x0.9601
2457209.599,2457209.599,2015-07-06,201506,XSHOOTER_NIR,1.6475063092505584,1.6475063092505585e-06,181967411181796.28,,,,0.00718035859555454,0.0007183791219445326,1,no,VLT/XSHOOTER,NIR,final_nir_201506.txt,F_lambda [erg/s/cm^2/Angstrom],0.1,0.005,82,0.00012036115936742127,0.007444458685777275,0.0007448017564682653,0.9645239363437799,J@2457209.500:x1.122; H@2457209.500:x0.9601
2457209.599,2457209.599,2015-07-06,201506,XSHOOTER_NIR,1.6525753448845613,1.6525753448845614e-06,181409252490658.22,,,,0.00730449811142576,0.0007306996011064653,1,no,VLT/XSHOOTER,NIR,final_nir_201506.txt,F_lambda [erg/s/cm^2/Angstrom],0.1,0.005,80,0.0001024490364855135,0.00758541047090622,0.0007588004433391678,0.9629667556478456,J@2457209.500:x1.122; H@2457209.500:x0.9601
2457209.599,2457209.599,2015-07-06,201506,XSHOOTER_NIR,1.6575290740153539,1.657529074015354e-06,180867088668167.12,,,,0.0074650452390100965,0.0007467736681897038,1,no,VLT/XSHOOTER,NIR,final_nir_201506.txt,F_lambda [erg/s/cm^2/Angstrom],0.1,0.005,83,0.00010967654150638618,0.007764345038733718,0.0007767144390989088,0.9614520222593773,J@2457209.500:x1.122; H@2457209.500:x0.9601
2457209.599,2457209.599,2015-07-06,201506,XSHOOTER_NIR,1.6623700112193758,1.6623700112193757e-06,180340391114308.72,,,,0.007698715198120053,0.0007702842122803298,1,no,VLT/XSHOOTER,NIR,final_nir_201506.txt,F_lambda [erg/s/cm^2/Angstrom],0.1,0.005,75,0.00013131190929569113,0.008019675131860768,0.0008023974108300546,0.9599784369736379,J@2457209.500:x1.122; H@2457209.500:x0.9601
2457209.599,2457209.599,2015-07-06,201506,XSHOOTER_NIR,1.6674065192748824,1.6674065192748825e-06,179795661426568.6,,,,0.007826572543791988,0.0007828778531906326,1,no,VLT/XSHOOTER,NIR,final_nir_201506.txt,F_lambda [erg/s/cm^2/Angstrom],0.1,0.005,79,9.949824601773749e-05,0.00816584499793594,0.0008168146612967064,0.9584522539639547,J@2457209.500:x1.122; H@2457209.500:x0.9601
2457209.599,2457209.599,2015-07-06,201506,XSHOOTER_NIR,1.6725474087282963,1.6725474087282964e-06,179243025600059.97,,,,0.007972073513998056,0.0007974799182237386,1,no,VLT/XSHOOTER,NIR,final_nir_201506.txt,F_lambda [erg/s/cm^2/Angstrom],0.1,0.005,79,0.00011180464894869407,0.00833113128822892,0.0008333979719055624,0.9569016785585676,J@2457209.500:x1.122; H@2457209.500:x0.9601
2457209.599,2457209.599,2015-07-06,201506,XSHOOTER_NIR,1.6775880117672568,1.677588011767257e-06,178704458959612.7,,,,0.008236894247527477,0.0008240806388349548,1,no,VLT/XSHOOTER,NIR,final_nir_201506.txt,F_lambda [erg/s/cm^2/Angstrom],0.1,0.005,73,0.00013109205887416406,0.00862151380524323,0.0008625608622426984,0.9553883962371151,J@2457209.500:x1.122; H@2457209.500:x0.9601
2457209.599,2457209.599,2015-07-06,201506,XSHOOTER_NIR,1.6824409691132902,1.6824409691132903e-06,178188990581941.12,,,,0.00826360092549398,0.0008265198296268313,1,no,VLT/XSHOOTER,NIR,final_nir_201506.txt,F_lambda [erg/s/cm^2/Angstrom],0.1,0.005,80,8.79605104035707e-05,0.008662618547703097,0.0008664293049390928,0.9539379899955404,J@2457209.500:x1.122; H@2457209.500:x0.9601
2457209.599,2457209.599,2015-07-06,201506,XSHOOTER_NIR,1.6874648339883265,1.6874648339883265e-06,177658492172213.12,,,,0.008402407731747451,0.0008403674455757615,1,no,VLT/XSHOOTER,NIR,final_nir_201506.txt,F_lambda [erg/s/cm^2/Angstrom],0.1,0.005,75,7.659583501593195e-05,0.008821951381762411,0.0008823281355025854,0.9524432144477376,J@2457209.500:x1.122; H@2457209.500:x0.9601
2457209.599,2457209.599,2015-07-06,201506,XSHOOTER_NIR,1.692653784925522,1.6926537849255222e-06,177113867389716.12,,,,0.008556875669420483,0.0008560087710796446,1,no,VLT/XSHOOTER,NIR,final_nir_201506.txt,F_lambda [erg/s/cm^2/Angstrom],0.1,0.005,78,0.00012573402402393894,0.008998651578467421,0.0009002029451690613,0.9509064324588308,J@2457209.500:x1.122; H@2457209.500:x0.9601
2457209.599,2457209.599,2015-07-06,201506,XSHOOTER_NIR,1.6975785888470165,1.6975785888470165e-06,176600046660353.4,,,,0.00868635195615158,0.0008690015785462873,1,no,VLT/XSHOOTER,NIR,final_nir_201506.txt,F_lambda [erg/s/cm^2/Angstrom],0.1,0.005,80,0.00013723260821564163,0.009148781546943607,0.0009152640425119797,0.949454516055582,J@2457209.500:x1.122; H@2457209.500:x0.9601
2457209.599,2457209.599,2015-07-06,201506,XSHOOTER_NIR,1.7026088438135163,1.7026088438135163e-06,176078292491728.5,,,,0.008885385448197997,0.0008889366477519346,1,no,VLT/XSHOOTER,NIR,final_nir_201506.txt,F_lambda [erg/s/cm^2/Angstrom],0.1,0.005,77,0.00014216277055028876,0.009372985678581323,0.0009377185173474658,0.9479781312909112,J@2457209.500:x1.122; H@2457209.500:x0.9601
2457209.599,2457209.599,2015-07-06,201506,XSHOOTER_NIR,1.7074874989664284,1.7074874989664283e-06,175575199339069.56,,,,0.008959395393235812,0.0008964565921620536,1,no,VLT/XSHOOTER,NIR,final_nir_201506.txt,F_lambda [erg/s/cm^2/Angstrom],0.1,0.005,82,0.00016814579656820403,0.0094652907085293,0.0009470753192561991,0.9465525855600379,J@2457209.500:x1.122; H@2457209.500:x0.9601
2457209.599,2457209.599,2015-07-06,201506,XSHOOTER_NIR,1.7124731110310916,1.7124731110310915e-06,175064038126410.62,,,,0.009179476926680854,0.0009182300659188286,1,no,VLT/XSHOOTER,NIR,final_nir_201506.txt,F_lambda [erg/s/cm^2/Angstrom],0.1,0.005,73,0.00011884780617247538,0.009712681851876391,0.0009715669605503155,0.945102193881443,J@2457209.500:x1.122; H@2457209.500:x0.9601
2457209.599,2457209.599,2015-07-06,201506,XSHOOTER_NIR,1.7174889994892335,1.7174889994892336e-06,174552767493215.78,,,,0.009087874055783924,0.0009094082178954653,1,no,VLT/XSHOOTER,NIR,final_nir_201506.txt,F_lambda [erg/s/cm^2/Angstrom],0.1,0.005,83,0.00018726998658493985,0.009630561164827923,0.000963714000929116,0.943649482127172,J@2457209.500:x1.122; H@2457209.500:x0.9601
2457209.599,2457209.599,2015-07-06,201506,XSHOOTER_NIR,1.7225003617586938,1.7225003617586937e-06,174044931807101.78,,,,0.009254846354546294,0.0009271952765571776,1,no,VLT/XSHOOTER,NIR,final_nir_201506.txt,F_lambda [erg/s/cm^2/Angstrom],0.1,0.005,84,0.0003161647694833057,0.009822544934374436,0.000984070066430518,0.9422045321634054,J@2457209.500:x1.122; H@2457209.500:x0.9601
2457209.599,2457209.599,2015-07-06,201506,XSHOOTER_NIR,1.7275117259917465,1.7275117259917465e-06,173540042298637.53,,,,0.009338917935906549,0.0009347258486695387,1,no,VLT/XSHOOTER,NIR,final_nir_201506.txt,F_lambda [erg/s/cm^2/Angstrom],0.1,0.005,83,0.0002207264618406988,0.00992692987549048,0.0009935795577424259,0.9407659823370236,J@2457209.500:x1.122; H@2457209.500:x0.9601
2457209.599,2457209.599,2015-07-06,201506,XSHOOTER_NIR,1.7324930765228992,1.7324930765228993e-06,173041071310761.72,,,,0.009528197426181422,0.0009542918416204678,1,no,VLT/XSHOOTER,NIR,final_nir_201506.txt,F_lambda [erg/s/cm^2/Angstrom],0.1,0.005,83,0.00029669558204181614,0.010143476949445271,0.001015914854148886,0.9393423452007256,J@2457209.500:x1.122; H@2457209.500:x0.9601
2457209.599,2457209.599,2015-07-06,201506,XSHOOTER_NIR,1.7374896201177208,1.7374896201177208e-06,172543452650777.88,,,,0.009549233348766,0.0009566590573303826,1,no,VLT/XSHOOTER,NIR,final_nir_201506.txt,F_lambda [erg/s/cm^2/Angstrom],0.1,0.005,83,0.00032303455651997646,0.010181280882131995,0.001019978695187598,0.9379206270131266,J@2457209.500:x1.122; H@2457209.500:x0.9601
2457209.599,2457209.599,2015-07-06,201506,XSHOOTER_NIR,1.742515805526138,1.742515805526138e-06,172045761105438.12,,,,0.00970204527021596,0.0009726796577527127,1,no,VLT/XSHOOTER,NIR,final_nir_201506.txt,F_lambda [erg/s/cm^2/Angstrom],0.1,0.005,83,0.000389488527258071,0.010359934743309809,0.0010386364420910106,0.9364967551056538,J@2457209.500:x1.122; H@2457209.500:x0.9601
2457209.599,2457209.599,2015-07-06,201506,XSHOOTER_NIR,1.7474639932038054,1.7474639932038054e-06,171558589570912.8,,,,0.009940397458789493,0.0009969141045767303,1,no,VLT/XSHOOTER,NIR,final_nir_201506.txt,F_lambda [erg/s/cm^2/Angstrom],0.1,0.005,76,0.000407182106690393,0.010630291831909687,0.0010661030312854414,0.9351010880953154,J@2457209.500:x1.122; H@2457209.500:x0.9601
2460364.85,2460364.85,2024-02-24,202402,XSHOOTER_NIR,1.152476926685365,1.152476926685365e-06,260128815647730.22,,,,0.003615284728258125,0.0003662702352533849,1,no,VLT/XSHOOTER,NIR,final_nir_202402.txt,F_lambda [erg/s/cm^2/Angstrom],0.1,0.005,81,0.00017069583689261278,0.002021659533075822,0.00020481753677495165,1.7882757551948953,J@2460364.500:x1.724; H@2460364.500:x1.474
2460364.85,2460364.85,2024-02-24,202402,XSHOOTER_NIR,1.157539745994659,1.157539745994659e-06,258991070533299.25,,,,0.003749437721230833,0.00037943187904935697,1,no,VLT/XSHOOTER,NIR,final_nir_202402.txt,F_lambda [erg/s/cm^2/Angstrom],0.1,0.005,82,0.0001705074974386552,0.002101541143617862,0.0002126696759109521,1.7841371950377667,J@2460364.500:x1.724; H@2460364.500:x1.474
2460364.85,2460364.85,2024-02-24,202402,XSHOOTER_NIR,1.1625247574283741,1.1625247574283742e-06,257880493369596.8,,,,0.0038980771234384407,0.00039385249127332214,1,no,VLT/XSHOOTER,NIR,final_nir_202402.txt,F_lambda [erg/s/cm^2/Angstrom],0.1,0.005,82,0.00016535442776228728,0.0021898212505210304,0.00022125435891842988,1.78008918422495,J@2460364.500:x1.724; H@2460364.500:x1.474
2460364.85,2460364.85,2024-02-24,202402,XSHOOTER_NIR,1.167558056634101,1.167558056634101e-06,256768780187477.6,,,,0.00393829676209047,0.0003978023160773976,1,no,VLT/XSHOOTER,NIR,final_nir_202402.txt,F_lambda [erg/s/cm^2/Angstrom],0.1,0.005,81,0.0001640714992536998,0.002217473487369644,0.0002239841592454389,1.7760287933643157,J@2460364.500:x1.724; H@2460364.500:x1.474
2460364.85,2460364.85,2024-02-24,202402,XSHOOTER_NIR,1.1724808742327646,1.1724808742327645e-06,255690702158510.66,,,,0.004177435137861834,0.00042093548912103447,1,no,VLT/XSHOOTER,NIR,final_nir_202402.txt,F_lambda [erg/s/cm^2/Angstrom],0.1,0.005,83,0.00015357549637480734,0.0023573581853731096,0.0002375370743162269,1.7720833277615184,J@2460364.500:x1.724; H@2460364.500:x1.474
2460364.85,2460364.85,2024-02-24,202402,XSHOOTER_NIR,1.1774922344306158,1.1774922344306158e-06,254602492682227.0,,,,0.0043250385524855155,0.0004360826434305691,1,no,VLT/XSHOOTER,NIR,final_nir_202402.txt,F_lambda [erg/s/cm^2/Angstrom],0.1,0.005,84,0.00016685855910977636,0.002446160347004073,0.0002466401298928414,1.768092822607722,J@2460364.500:x1.724; H@2460364.500:x1.474
2460364.85,2460364.85,2024-02-24,202402,XSHOOTER_NIR,1.1825035946772704,1.1825035946772704e-06,253523506693287.94,,,,0.004454265983215483,0.00044718168388586244,1,no,VLT/XSHOOTER,NIR,final_nir_202402.txt,F_lambda [erg/s/cm^2/Angstrom],0.1,0.005,83,0.00011801246482593325,0.002524910603919885,0.00025348593455729924,1.7641281938062692,J@2460364.500:x1.724; H@2460364.500:x1.474
2460364.85,2460364.85,2024-02-24,202402,XSHOOTER_NIR,1.1874849468266186,1.1874849468266187e-06,252460007009900.94,,,,0.004640867171796821,0.00046701343797360385,1,no,VLT/XSHOOTER,NIR,final_nir_202402.txt,F_lambda [erg/s/cm^2/Angstrom],0.1,0.005,83,0.00015599192614361697,0.0026365377515126433,0.00026531648377352474,1.760212676315462,J@2460364.500:x1.724; H@2460364.500:x1.474
2460364.85,2460364.85,2024-02-24,202402,XSHOOTER_NIR,1.192496307168994,1.192496307168994e-06,251399066141942.44,,,,0.004811766258632195,0.00048314901616746493,1,no,VLT/XSHOOTER,NIR,final_nir_202402.txt,F_lambda [erg/s/cm^2/Angstrom],0.1,0.005,84,0.00013139804151007868,0.0027397195694222405,0.00027509499493381094,1.7562988242796373,J@2460364.500:x1.724; H@2460364.500:x1.474
2460364.85,2460364.85,2024-02-24,202402,XSHOOTER_NIR,1.1975062037463222,1.1975062037463221e-06,250347310988551.3,,,,0.004985539195575329,0.0005007019254560091,1,no,VLT/XSHOOTER,NIR,final_nir_202402.txt,F_lambda [erg/s/cm^2/Angstrom],0.1,0.005,82,0.00013821856209998313,0.0028449597295875334,0.000285721716061025,1.7524111655169685,J@2460364.500:x1.724; H@2460364.500:x1.474
2460364.85,2460364.85,2024-02-24,202402,XSHOOTER_NIR,1.2024890198476395,1.2024890198476394e-06,249309933855350.3,,,,0.00529753862756134,0.0005332222529373668,1,no,VLT/XSHOOTER,NIR,final_nir_202402.txt,F_lambda [erg/s/cm^2/Angstrom],0.1,0.005,83,0.00018265070203182628,0.0030296421329142655,0.0003049477724054233,1.7485691032642015,J@2460364.500:x1.724; H@2460364.500:x1.474
2460364.85,2460364.85,2024-02-24,202402,XSHOOTER_NIR,1.2075003803290403,1.2075003803290403e-06,248275249336408.03,,,,0.0055363660721696566,0.0005548415958558458,1,no,VLT/XSHOOTER,NIR,final_nir_202402.txt,F_lambda [erg/s/cm^2/Angstrom],0.1,0.005,84,0.00011084241172808145,0.0031731945127478067,0.000318010096237013,1.7447294989097524,J@2460364.500:x1.724; H@2460364.500:x1.474
2460364.85,2460364.85,2024-02-24,202402,XSHOOTER_NIR,1.2125398004217645,1.2125398004217644e-06,247243395965824.4,,,,0.005699387251486634,0.000572492238795294,1,no,VLT/XSHOOTER,NIR,final_nir_202402.txt,F_lambda [erg/s/cm^2/Angstrom],0.1,0.005,77,0.00015717981030370195,0.003273829949261921,0.0003288497788247608,1.7408928807592925,J@2460364.500:x1.724; H@2460364.500:x1.474
2460364.85,2460364.85,2024-02-24,202402,XSHOOTER_NIR,1.217510659024385,1.217510659024385e-06,246233949393288.7,,,,0.005955402626598634,0.0005975032111250532,1,no,VLT/XSHOOTER,NIR,final_nir_202402.txt,F_lambda [erg/s/cm^2/Angstrom],0.1,0.005,82,0.000145645139515417,0.0034282954441341666,0.00034395953808508275,1.7371322640201161,J@2460364.500:x1.724; H@2460364.500:x1.474
2460364.85,2460364.85,2024-02-24,202402,XSHOOTER_NIR,1.2224990307356784,1.2224990307356784e-06,245229198929990.28,,,,0.006254854512882594,0.0006291057820893612,1,no,VLT/XSHOOTER,NIR,final_nir_202402.txt,F_lambda [erg/s/cm^2/Angstrom],0.1,0.005,83,0.00020450757961768044,0.0036084687669265354,0.000362935470535214,1.733381918173032,J@2460364.500:x1.724; H@2460364.500:x1.474
2460364.85,2460364.85,2024-02-24,202402,XSHOOTER_NIR,1.2274861768767287,1.2274861768767286e-06,244232858705427.97,,,,0.006514179659126932,0.000653816961048742,1,no,VLT/XSHOOTER,NIR,final_nir_202402.txt,F_lambda [erg/s/cm^2/Angstrom],0.1,0.005,81,0.0001681052281678031,0.0037661710739572175,0.00037800408573539527,1.7296558045841257,J@2460364.500:x1.724; H@2460364.500:x1.474
2460364.85,2460364.85,2024-02-24,202402,XSHOOTER_NIR,1.232496435201236,1.232496435201236e-06,243240020366510.34,,,,0.006727919942382056,0.0006738765680775039,1,no,VLT/XSHOOTER,NIR,final_nir_202402.txt,F_lambda [erg/s/cm^2/Angstrom],0.1,0.005,82,0.00011576615846068778,0.0038981290716641626,0.00039044130477660516,1.7259356523845986,J@2460364.500:x1.724; H@2460364.500:x1.474
2460364.85,2460364.85,2024-02-24,202402,XSHOOTER_NIR,1.2375963294702859,1.237596329470286e-06,242237675452961.88,,,,0.007009343048159123,0.0007025571212292064,1,no,VLT/XSHOOTER,NIR,final_nir_202402.txt,F_lambda [erg/s/cm^2/Angstrom],0.1,0.005,81,0.0001439941278986498,0.004070058370068151,0.0004079481446497184,1.7221726105224764,J@2460364.500:x1.724; H@2460364.500:x1.474
2460364.85,2460364.85,2024-02-24,202402,XSHOOTER_NIR,1.242524389859593,1.242524389859593e-06,241276920152752.06,,,,0.007156519849848895,0.0007166017974142685,1,no,VLT/XSHOOTER,NIR,final_nir_202402.txt,F_lambda [erg/s/cm^2/Angstrom],0.1,0.005,80,0.00011082784300430033,0.004164256590252572,0.0004169783386448951,1.7185588098966866,J@2460364.500:x1.724; H@2460364.500:x1.474
2460364.85,2460364.85,2024-02-24,202402,XSHOOTER_NIR,1.2475012413158895,1.2475012413158894e-06,240314356468112.94,,,,0.007464161618969036,0.0007482425668661695,1,no,VLT/XSHOOTER,NIR,final_nir_202402.txt,F_lambda [erg/s/cm^2/Angstrom],0.1,0.005,83,0.00016025117721247124,0.004352454931100887,0.0004363104948772619,1.7149313978263505,J@2460364.500:x1.724; H@2460364.500:x1.474
2460364.85,2460364.85,2024-02-24,202402,XSHOOTER_NIR,1.2525096745596973,1.2525096745596974e-06,239353407074790.0,,,,0.0077992592071126745,0.0007810357841666534,1,no,VLT/XSHOOTER,NIR,final_nir_202402.txt,F_lambda [erg/s/cm^2/Angstrom],0.1,0.005,82,0.0001271599149414467,0.004557496922839436,0.0004563982409663724,1.7113032305139853,J@2460364.500:x1.724; H@2460364.500:x1.474
2460364.85,2460364.85,2024-02-24,202402,XSHOOTER_NIR,1.2576640011227131,1.257664001122713e-06,238372456977679.34,,,,0.008138659367455859,0.0008156362060399389,1,no,VLT/XSHOOTER,NIR,final_nir_202402.txt,F_lambda [erg/s/cm^2/Angstrom],0.1,0.005,72,0.0001540878973512229,0.00476616028968646,0.0004776527337663102,1.7075924586647206,J@2460364.500:x1.724; H@2460364.500:x1.474
2460364.85,2460364.85,2024-02-24,202402,XSHOOTER_NIR,1.2625053158916248,1.2625053158916249e-06,237458372829326.44,,,,0.00842303914344363,0.0008442626461789047,1,no,VLT/XSHOOTER,NIR,final_nir_202402.txt,F_lambda [erg/s/cm^2/Angstrom],0.1,0.005,83,0.00017740481511672508,0.00494272638458555,0.0004954220425339773,1.7041281446838388,J@2460364.500:x1.724; H@2460364.500:x1.474
2460364.85,2460364.85,2024-02-24,202402,XSHOOTER_NIR,1.26748666872965,1.26748666872965e-06,236525137026072.03,,,,0.008794763854667249,0.0008826290810422976,1,no,VLT/XSHOOTER,NIR,final_nir_202402.txt,F_lambda [erg/s/cm^2/Angstrom],0.1,0.005,83,0.00023053512498301304,0.005171611603921086,0.0005190150495120091,1.7005847554366051,J@2460364.500:x1.724; H@2460364.500:x1.474
2460364.85,2460364.85,2024-02-24,202402,XSHOOTER_NIR,1.2725193608507732,1.2725193608507733e-06,235589702776362.16,,,,0.009134500266178824,0.0009161472971769654,1,no,VLT/XSHOOTER,NIR,final_nir_202402.txt,F_lambda [erg/s/cm^2/Angstrom],0.1,0.005,83,0.00021773579673945367,0.005382650661114524,0.0005398544760118286,1.6970263985676244,J@2460364.500:x1.724; H@2460364.500:x1.474
2460364.85,2460364.85,2024-02-24,202402,XSHOOTER_NIR,1.2774893853878033,1.2774893853878032e-06,234673149874347.5,,,,0.009627009423558463,0.000965907985873236,1,no,VLT/XSHOOTER,NIR,final_nir_202402.txt,F_lambda [erg/s/cm^2/Angstrom],0.1,0.005,81,0.00024130294868088522,0.0056845701575335954,0.000570350715351103,1.6935333994954866,J@2460364.500:x1.724; H@2460364.500:x1.474
2460364.85,2460364.85,2024-02-24,202402,XSHOOTER_NIR,1.2824651270601453,1.2824651270601453e-06,233762658862489.5,,,,0.009781309069402045,0.000980274423899533,1,no,VLT/XSHOOTER,NIR,final_nir_202402.txt,F_lambda [erg/s/cm^2/Angstrom],0.1,0.005,82,0.0002004285879596037,0.005787561202575664,0.0005800244306138643,1.6900571289076003,J@2460364.500:x1.724; H@2460364.500:x1.474
2460364.85,2460364.85,2024-02-24,202402,XSHOOTER_NIR,1.2875021049145072,1.2875021049145071e-06,232848130388032.94,,,,0.010170055684875069,0.0010184095894370231,1,no,VLT/XSHOOTER,NIR,final_nir_202402.txt,F_lambda [erg/s/cm^2/Angstrom],0.1,0.005,84,0.00016772228495878138,0.006030062164473089,0.0006038386930696736,1.6865590117450697,J@2460364.500:x1.724; H@2460364.500:x1.474
2460364.85,2460364.85,2024-02-24,202402,XSHOOTER_NIR,1.2925171708021235,1.2925171708021234e-06,231944661759465.66,,,,0.010846739328574634,0.001088900670974773,1,no,VLT/XSHOOTER,NIR,final_nir_202402.txt,F_lambda [erg/s/cm^2/Angstrom],0.1,0.005,81,0.00029591210060030875,0.0064445129438648234,0.000646962580744731,1.6830968333923093,J@2460364.500:x1.724; H@2460364.500:x1.474
2460364.85,2460364.85,2024-02-24,202402,XSHOOTER_NIR,1.2974948191554914,1.2974948191554913e-06,231054840122697.22,,,,0.011141959192906878,0.0011170759177760738,1,no,VLT/XSHOOTER,NIR,final_nir_202402.txt,F_lambda [erg/s/cm^2/Angstrom],0.1,0.005,83,0.00025102908905766115,0.006633379178215821,0.0006650525284798598,1.679680731880569,J@2460364.500:x1.724; H@2460364.500:x1.474
2460364.85,2460364.85,2024-02-24,202402,XSHOOTER_NIR,1.3025144959178532,1.3025144959178531e-06,230164392749228.4,,,,0.01158335339736225,0.0011610943255827048,1,no,VLT/XSHOOTER,NIR,final_nir_202402.txt,F_lambda [erg/s/cm^2/Angstrom],0.1,0.005,83,0.0002510171589411412,0.00691025314802412,0.0006926712363224557,1.6762560139601155,J@2460364.500:x1.724; H@2460364.500:x1.474
2460364.85,2460364.85,2024-02-24,202402,XSHOOTER_NIR,1.3075813090143245,1.3075813090143244e-06,229272517076577.3,,,,0.012003352234084445,0.0012018840911974624,1,no,VLT/XSHOOTER,NIR,final_nir_202402.txt,F_lambda [erg/s/cm^2/Angstrom],0.1,0.005,80,0.0001882993304273264,0.0071755213138861035,0.0007184780338878248,1.6728195358928835,J@2460364.500:x1.724; H@2460364.500:x1.474
2460364.85,2460364.85,2024-02-24,202402,XSHOOTER_NIR,1.312468516239739,1.312468516239739e-06,228418780557810.44,,,,0.012521236434362308,0.0012539785407516553,1,no,VLT/XSHOOTER,NIR,final_nir_202402.txt,F_lambda [erg/s/cm^2/Angstrom],0.1,0.005,81,0.0002122015308063488,0.007499883596576809,0.0007510993932223143,1.6695241030244,J@2460364.500:x1.724; H@2460364.500:x1.474
2460364.85,2460364.85,2024-02-24,202402,XSHOOTER_NIR,1.3175022052515297,1.3175022052515298e-06,227546076814926.75,,,,0.012771647638092963,0.0012820582329487937,1,no,VLT/XSHOOTER,NIR,final_nir_202402.txt,F_lambda [erg/s/cm^2/Angstrom],0.1,0.005,82,0.0003511517495665934,0.007665367378729389,0.0007694737307945761,1.6661494494749174,J@2460364.500:x1.724; H@2460364.500:x1.474
2460364.85,2460364.85,2024-02-24,202402,XSHOOTER_NIR,1.3225712607262983,1.3225712607262983e-06,226673954668701.25,,,,0.013500035080915847,0.0013563044920150212,1,no,VLT/XSHOOTER,NIR,final_nir_202402.txt,F_lambda [erg/s/cm^2/Angstrom],0.1,0.005,81,0.0004080771258095452,0.008118998668911633,0.0008156893148281938,1.6627709439845926,J@2460364.500:x1.724; H@2460364.500:x1.474
2460364.85,2460364.85,2024-02-24,202402,XSHOOTER_NIR,1.327502970883621,1.327502970883621e-06,225831854674080.5,,,,0.013563987172098608,0.0013626574491102223,1,no,VLT/XSHOOTER,NIR,final_nir_202402.txt,F_lambda [erg/s/cm^2/Angstrom],0.1,0.005,83,0.00041347824212897616,0.008173524132000443,0.000821123862964355,1.659502921022008,J@2460364.500:x1.724; H@2460364.500:x1.474
2460364.85,2460364.85,2024-02-24,202402,XSHOOTER_NIR,1.3324689541608983,1.3324689541608983e-06,224990201132895.94,,,,0.013658824906079448,0.0013801073176678456,1,no,VLT/XSHOOTER,NIR,final_nir_202402.txt,F_lambda [erg/s/cm^2/Angstrom],0.1,0.005,82,0.0006238761419214006,0.008246932856112835,0.0008332819595608708,1.6562308853957968,J@2460364.500:x1.724; H@2460364.500:x1.474
2460364.85,2460364.85,2024-02-24,202402,XSHOOTER_NIR,1.3375153206468666,1.3375153206468666e-06,224141326362535.03,,,,0.012794897581577185,0.0012873395459401657,1,no,VLT/XSHOOTER,NIR,final_nir_202402.txt,F_lambda [erg/s/cm^2/Angstrom],0.1,0.005,81,0.0004462273706158808,0.007740761469560097,0.0007788251755764561,1.6529249262998298,J@2460364.500:x1.724; H@2460364.500:x1.474
2460364.85,2460364.85,2024-02-24,202402,XSHOOTER_NIR,1.482538437348705,1.482538437348705e-06,202215639370627.94,,,,0.033216331292069926,0.0033440189347238958,1,no,VLT/XSHOOTER,NIR,final_nir_202402.txt,F_lambda [erg/s/cm^2/Angstrom],0.1,0.005,81,0.001282235262939524,0.021219239477294632,0.002136224436364965,1.56538745545582,J@2460364.500:x1.724; H@2460364.500:x1.474
2460364.85,2460364.85,2024-02-24,202402,XSHOOTER_NIR,1.4875064545720584,1.4875064545720584e-06,201540273710104.66,,,,0.03392361776757423,0.0034145554504615688,1,no,VLT/XSHOOTER,NIR,final_nir_202402.txt,F_lambda [erg/s/cm^2/Angstrom],0.1,0.005,83,0.001308321183752267,0.02170942308964876,0.0021851451530028564,1.5626217991831068,J@2460364.500:x1.724; H@2460364.500:x1.474
2460364.85,2460364.85,2024-02-24,202402,XSHOOTER_NIR,1.4925122598696852,1.4925122598696852e-06,200864318545815.9,,,,0.03337480163468309,0.0033507887737245293,1,no,VLT/XSHOOTER,NIR,final_nir_202402.txt,F_lambda [erg/s/cm^2/Angstrom],0.1,0.005,81,0.0009938536636560477,0.021396169842241606,0.0021481489685793984,1.5598493506437097,J@2460364.500:x1.724; H@2460364.500:x1.474
2460364.85,2460364.85,2024-02-24,202402,XSHOOTER_NIR,1.4975028306969547,1.4975028306969548e-06,200194919071019.84,,,,0.03421179135823822,0.0034282074468697243,1,no,VLT/XSHOOTER,NIR,final_nir_202402.txt,F_lambda [erg/s/cm^2/Angstrom],0.1,0.005,82,0.0007366840599803542,0.021971487629143815,0.002201662482981882,1.5570994525131017,J@2460364.500:x1.724; H@2460364.500:x1.474
2460364.85,2460364.85,2024-02-24,202402,XSHOOTER_NIR,1.5024638542190398,1.5024638542190397e-06,199533890388217.06,,,,0.0351831154916818,0.0035280592678226795,1,no,VLT/XSHOOTER,NIR,final_nir_202402.txt,F_lambda [erg/s/cm^2/Angstrom],0.1,0.005,81,0.0008761107527979193,0.0226348271524953,0.0022697538462677002,1.5543796846623217,J@2460364.500:x1.724; H@2460364.500:x1.474
2460364.85,2460364.85,2024-02-24,202402,XSHOOTER_NIR,1.5074757859133359,1.5074757859133358e-06,198870496495812.34,,,,0.03652559612019101,0.0036617641766076734,1,no,VLT/XSHOOTER,NIR,final_nir_202402.txt,F_lambda [erg/s/cm^2/Angstrom],0.1,0.005,82,0.0008742635921888518,0.023539904207551067,0.002359922550321842,1.5516459114763275,J@2460364.500:x1.724; H@2460364.500:x1.474
2460364.85,2460364.85,2024-02-24,202402,XSHOOTER_NIR,1.5125032503088354,1.5125032503088355e-06,198209463641672.1,,,,0.03695713243040185,0.0037006203895454236,1,no,VLT/XSHOOTER,NIR,final_nir_202402.txt,F_lambda [erg/s/cm^2/Angstrom],0.1,0.005,84,0.0006508388409194296,0.023859973382290237,0.0023891654515889684,1.548917588392316,J@2460364.500:x1.724; H@2460364.500:x1.474
2460364.85,2460364.85,2024-02-24,202402,XSHOOTER_NIR,1.5174941194117568,1.517494119411757e-06,197557574797200.44,,,,0.03799722334079107,0.003801927916546062,1,no,VLT/XSHOOTER,NIR,final_nir_202402.txt,F_lambda [erg/s/cm^2/Angstrom],0.1,0.005,82,0.00043781417423652806,0.024574222611937504,0.0024588486937003,1.5462228018693471,J@2460364.500:x1.724; H@2460364.500:x1.474
2460364.85,2460364.85,2024-02-24,202402,XSHOOTER_NIR,1.5224959671316909,1.5224959671316909e-06,196908539971238.53,,,,0.03928062551537087,0.0039306878170786135,1,no,VLT/XSHOOTER,NIR,final_nir_202402.txt,F_lambda [erg/s/cm^2/Angstrom],0.1,0.005,83,0.0004894689211390524,0.025448473202126967,0.0025465481332447057,1.5435356456703981,J@2460364.500:x1.724; H@2460364.500:x1.474
2460364.85,2460364.85,2024-02-24,202402,XSHOOTER_NIR,1.527475125778085,1.527475125778085e-06,196266671018480.8,,,,0.03984663900609798,0.003987436570965669,1,no,VLT/XSHOOTER,NIR,final_nir_202402.txt,F_lambda [erg/s/cm^2/Angstrom],0.1,0.005,82,0.0005044459730126339,0.025859763848705638,0.0025877757988844326,1.540874048163144,J@2460364.500:x1.724; H@2460364.500:x1.474
2460364.85,2460364.85,2024-02-24,202402,XSHOOTER_NIR,1.5324837459916758,1.5324837459916758e-06,195625212198256.1,,,,0.04123007801821427,0.004126118900617845,1,no,VLT/XSHOOTER,NIR,final_nir_202402.txt,F_lambda [erg/s/cm^2/Angstrom],0.1,0.005,79,0.0005344390245681178,0.026803932307645845,0.0026824157756044163,1.5382100486223564,J@2460364.500:x1.724; H@2460364.500:x1.474
2460364.85,2460364.85,2024-02-24,202402,XSHOOTER_NIR,1.537528943356943,1.537528943356943e-06,194983294002552.03,,,,0.04188097399580844,0.0041889534035922165,1,no,VLT/XSHOOTER,NIR,final_nir_202402.txt,F_lambda [erg/s/cm^2/Angstrom],0.1,0.005,81,0.0002865525108033312,0.02727442695668606,0.002728000156889187,1.5355400156461114,J@2460364.500:x1.724; H@2460364.500:x1.474
2460364.85,2460364.85,2024-02-24,202402,XSHOOTER_NIR,1.5424654473364667,1.5424654473364667e-06,194359269776630.9,,,,0.04323389290654376,0.0043246639552208714,1,no,VLT/XSHOOTER,NIR,final_nir_202402.txt,F_lambda [erg/s/cm^2/Angstrom],0.1,0.005,79,0.0003514671760532233,0.028203243824255042,0.0028211558984687327,1.5329404367791986,J@2460364.500:x1.724; H@2460364.500:x1.474
2460364.85,2460364.85,2024-02-24,202402,XSHOOTER_NIR,1.5474927636522433,1.5474927636522432e-06,193727857759062.3,,,,0.044834563796091575,0.004484548591193878,1,no,VLT/XSHOOTER,NIR,final_nir_202402.txt,F_lambda [erg/s/cm^2/Angstrom],0.1,0.005,84,0.00034221734940187204,0.029297775501782385,0.002930491271180524,1.530306073693683,J@2460364.500:x1.724; H@2460364.500:x1.474
2460364.85,2460364.85,2024-02-24,202402,XSHOOTER_NIR,1.5524448601691738,1.552444860169174e-06,193109891173417.16,,,,0.045924486508033616,0.00459416817042917,1,no,VLT/XSHOOTER,NIR,final_nir_202402.txt,F_lambda [erg/s/cm^2/Angstrom],0.1,0.005,80,0.0004248355655938196,0.03006072429349982,0.0030071979728087997,1.5277238851481731,J@2460364.500:x1.724; H@2460364.500:x1.474
2460364.85,2460364.85,2024-02-24,202402,XSHOOTER_NIR,1.557458400243291,1.557458400243291e-06,192488260330529.12,,,,0.04691668146497177,0.0046938062294760744,1,no,VLT/XSHOOTER,NIR,final_nir_202402.txt,F_lambda [erg/s/cm^2/Angstrom],0.1,0.005,82,0.0004856036880422392,0.030762566898222814,0.0030776585988793272,1.5251224522386069,J@2460364.500:x1.724; H@2460364.500:x1.474
2460364.85,2460364.85,2024-02-24,202402,XSHOOTER_NIR,1.5624968434513407,1.5624968434513406e-06,191867560729146.62,,,,0.04851688978144344,0.004854042011704681,1,no,VLT/XSHOOTER,NIR,final_nir_202402.txt,F_lambda [erg/s/cm^2/Angstrom],0.1,0.005,84,0.0005252232233858616,0.03186615553938473,0.0031881610391037603,1.5225209618235673,J@2460364.500:x1.724; H@2460364.500:x1.474
2460364.85,2460364.85,2024-02-24,202402,XSHOOTER_NIR,1.5675338228674491,1.567533822867449e-06,191251029883104.78,,,,0.04971234921307645,0.004972451299573281,1,no,VLT/XSHOOTER,NIR,final_nir_202402.txt,F_lambda [erg/s/cm^2/Angstrom],0.1,0.005,82,0.0003782943738152373,0.03270693430953035,0.0032714937150808117,1.5199330130611157,J@2460364.500:x1.724; H@2460364.500:x1.474
2460364.85,2460364.85,2024-02-24,202402,XSHOOTER_NIR,1.5724902926065614,1.5724902926065613e-06,190648209028409.2,,,,0.050708808595582654,0.005074168685776453,1,no,VLT/XSHOOTER,NIR,final_nir_202402.txt,F_lambda [erg/s/cm^2/Angstrom],0.1,0.005,82,0.0006292570263814623,0.033418247288068394,0.0033439914803563755,1.5173988078569176,J@2460364.500:x1.724; H@2460364.500:x1.474
2460364.85,2460364.85,2024-02-24,202402,XSHOOTER_NIR,1.5775009234349417,1.5775009234349417e-06,190042651352123.8,,,,0.052224572449771675,0.005223624392416089,1,no,VLT/XSHOOTER,NIR,final_nir_202402.txt,F_lambda [erg/s/cm^2/Angstrom],0.1,0.005,84,0.0003856995712743014,0.03447509448957534,0.003448279919951409,1.514849291147366,J@2460364.500:x1.724; H@2460364.500:x1.474
2460364.85,2460364.85,2024-02-24,202402,XSHOOTER_NIR,1.5824620225211752,1.5824620225211751e-06,189446857955157.3,,,,0.05375434886407895,0.005377331947790232,1,no,VLT/XSHOOTER,NIR,final_nir_202402.txt,F_lambda [erg/s/cm^2/Angstrom],0.1,0.005,80,0.00048768180570987383,0.03554389250490815,0.003555643641015003,1.5123371436219646,J@2460364.500:x1.724; H@2460364.500:x1.474
2460364.85,2460364.85,2024-02-24,202402,XSHOOTER_NIR,1.5874936408037421,1.5874936408037422e-06,188846399314214.7,,,,0.055037083380752964,0.005505267650215109,1,no,VLT/XSHOOTER,NIR,final_nir_202402.txt,F_lambda [erg/s/cm^2/Angstrom],0.1,0.005,83,0.0004564556036450271,0.036453190310298325,0.003646351823806886,1.5098015540550518,J@2460364.500:x1.724; H@2460364.500:x1.474
2460364.85,2460364.85,2024-02-24,202402,XSHOOTER_NIR,1.5925050035977557,1.5925050035977556e-06,188252129395333.03,,,,0.05654362320776163,0.005656750996271231,1,no,VLT/XSHOOTER,NIR,final_nir_202402.txt,F_lambda [erg/s/cm^2/Angstrom],0.1,0.005,84,0.0005770506387450698,0.03751347450743062,0.0037529322009272077,1.5072883530572871,J@2460364.500:x1.724; H@2460364.500:x1.474
2460364.85,2460364.85,2024-02-24,202402,XSHOOTER_NIR,1.5975073639629913,1.5975073639629912e-06,187662645420484.7,,,,0.05871066140559017,0.00587411666477189,1,no,VLT/XSHOOTER,NIR,final_nir_202402.txt,F_lambda [erg/s/cm^2/Angstrom],0.1,0.005,80,0.0006495687288828547,0.03901580639074752,0.003903607846045859,1.5047916943609099,J@2460364.500:x1.724; H@2460364.500:x1.474
2460364.85,2460364.85,2024-02-24,202402,XSHOOTER_NIR,1.6024752149625536,1.6024752149625536e-06,187080870393995.78,,,,0.05960008336420064,0.005961956452588133,1,no,VLT/XSHOOTER,NIR,final_nir_202402.txt,F_lambda [erg/s/cm^2/Angstrom],0.1,0.005,80,0.0005238441361791281,0.03967192234178889,0.003968488969165988,1.5023240580762125,J@2460364.500:x1.724; H@2460364.500:x1.474
2460364.85,2460364.85,2024-02-24,202402,XSHOOTER_NIR,1.6075090839346942,1.6075090839346942e-06,186495031969710.0,,,,0.06112210608041837,0.006114848477971425,1,no,VLT/XSHOOTER,NIR,final_nir_202402.txt,F_lambda [erg/s/cm^2/Angstrom],0.1,0.005,84,0.0006336115315292134,0.04075253914515409,0.004077012687313975,1.4998355283510338,J@2460364.500:x1.724; H@2460364.500:x1.474
2460364.85,2460364.85,2024-02-24,202402,XSHOOTER_NIR,1.6125160553669702,1.6125160553669702e-06,185915952279789.47,,,,0.06289763207111819,0.0062934463034609875,1,no,VLT/XSHOOTER,NIR,final_nir_202402.txt,F_lambda [erg/s/cm^2/Angstrom],0.1,0.005,82,0.0007516554668948747,0.042005345723868985,0.00420299427922143,1.4973720841292215,J@2460364.500:x1.724; H@2460364.500:x1.474
2460364.85,2460364.85,2024-02-24,202402,XSHOOTER_NIR,1.6174761848103816,1.6174761848103816e-06,185345825067059.62,,,,0.06493244898072299,0.006496464758614316,1,no,VLT/XSHOOTER,NIR,final_nir_202402.txt,F_lambda [erg/s/cm^2/Angstrom],0.1,0.005,82,0.0007152203505967894,0.04343472681683811,0.004345626516403218,1.4949431880748234,J@2460364.500:x1.724; H@2460364.500:x1.474
2460364.85,2460364.85,2024-02-24,202402,XSHOOTER_NIR,1.6224699819650046,1.6224699819650045e-06,184775349517971.12,,,,0.06673966951953952,0.006679035388119614,1,no,VLT/XSHOOTER,NIR,final_nir_202402.txt,F_lambda [erg/s/cm^2/Angstrom],0.1,0.005,82,0.0009112881266661673,0.044716418457509795,0.004475037761765255,1.4925092800747572,J@2460364.500:x1.724; H@2460364.500:x1.474
2460364.85,2460364.85,2024-02-24,202402,XSHOOTER_NIR,1.6274945192055097,1.6274945192055097e-06,184204895600108.7,,,,0.06833271560343561,0.006836375039614906,1,no,VLT/XSHOOTER,NIR,final_nir_202402.txt,F_lambda [erg/s/cm^2/Angstrom],0.1,0.005,84,0.0007314335097793014,0.045858669443257664,0.0045879497157884815,1.4900719195088241,J@2460364.500:x1.724; H@2460364.500:x1.474
2460364.85,2460364.85,2024-02-24,202402,XSHOOTER_NIR,1.6325058821495004,1.6325058821495005e-06,183639435102841.38,,,,0.06988459636749406,0.006991324483598774,1,no,VLT/XSHOOTER,NIR,final_nir_202402.txt,F_lambda [erg/s/cm^2/Angstrom],0.1,0.005,83,0.0007075838224345421,0.046976428977804394,0.004699568647967848,1.4876523798885053,J@2460364.500:x1.724; H@2460364.500:x1.474
2460364.85,2460364.85,2024-02-24,202402,XSHOOTER_NIR,1.637557756129527,1.6375577561295269e-06,183072906514502.9,,,,0.07170362065456855,0.007172497895467006,1,no,VLT/XSHOOTER,NIR,final_nir_202402.txt,F_lambda [erg/s/cm^2/Angstrom],0.1,0.005,80,0.0006085459984335791,0.04827795987178797,0.004829234038905917,1.48522474530805,J@2460364.500:x1.724; H@2460364.500:x1.474
2460364.85,2460364.85,2024-02-24,202402,XSHOOTER_NIR,1.642335034316595,1.642335034316595e-06,182540378020218.62,,,,0.07329037848734518,0.007333530523818772,1,no,VLT/XSHOOTER,NIR,final_nir_202402.txt,F_lambda [erg/s/cm^2/Angstrom],0.1,0.005,71,0.0008419816424676016,0.04942236338852411,0.004945265912790809,1.4829395735527133,J@2460364.500:x1.724; H@2460364.500:x1.474
2460364.85,2460364.85,2024-02-24,202402,XSHOOTER_NIR,1.647509962927215,1.647509962927215e-06,181967007633352.0,,,,0.0742598337913968,0.00742771037677248,1,no,VLT/XSHOOTER,NIR,final_nir_202402.txt,F_lambda [erg/s/cm^2/Angstrom],0.1,0.005,83,0.0005690366790714736,0.050159443692594584,0.005017110884670239,1.4804756258164071,J@2460364.500:x1.724; H@2460364.500:x1.474
2460364.85,2460364.85,2024-02-24,202402,XSHOOTER_NIR,1.6524913177803535,1.6524913177803535e-06,181418476922883.25,,,,0.07567980049996807,0.007569428548322971,1,no,VLT/XSHOOTER,NIR,final_nir_202402.txt,F_lambda [erg/s/cm^2/Angstrom],0.1,0.005,83,0.0005269324714151974,0.051200211631808296,0.005121001126398993,1.478114993824591,J@2460364.500:x1.724; H@2460364.500:x1.474
2460364.85,2460364.85,2024-02-24,202402,XSHOOTER_NIR,1.6575026808125808,1.6575026808125807e-06,180869968700761.66,,,,0.07763184657746057,0.007765030269514684,1,no,VLT/XSHOOTER,NIR,final_nir_202402.txt,F_lambda [erg/s/cm^2/Angstrom],0.1,0.005,84,0.0006070113961730792,0.05260497316760875,0.005261747942140108,1.4757510916337087,J@2460364.500:x1.724; H@2460364.500:x1.474
2460364.85,2460364.85,2024-02-24,202402,XSHOOTER_NIR,1.6625140438619703,1.6625140438619704e-06,180324767244426.47,,,,0.07998410143078963,0.008001620143492299,1,no,VLT/XSHOOTER,NIR,final_nir_202402.txt,F_lambda [erg/s/cm^2/Angstrom],0.1,0.005,83,0.0008090423636871613,0.05428546569817445,0.00543072520737431,1.4733980891957126,J@2460364.500:x1.724; H@2460364.500:x1.474
2460364.85,2460364.85,2024-02-24,202402,XSHOOTER_NIR,1.667475637293674,1.6674756372936741e-06,179788208772012.7,,,,0.08099416853026772,0.008103010789042632,1,no,VLT/XSHOOTER,NIR,final_nir_202402.txt,F_lambda [erg/s/cm^2/Angstrom],0.1,0.005,82,0.0008576014087364303,0.05505765657398376,0.005508208718405122,1.4710791117931392,J@2460364.500:x1.724; H@2460364.500:x1.474
2460364.85,2460364.85,2024-02-24,202402,XSHOOTER_NIR,1.6725067618495464,1.6725067618495465e-06,179247381737622.2,,,,0.08308053688072792,0.008310510724963225,1,no,VLT/XSHOOTER,NIR,final_nir_202402.txt,F_lambda [erg/s/cm^2/Angstrom],0.1,0.005,84,0.0007280096940620274,0.05656591936610474,0.005658264826024072,1.468738381904762,J@2460364.500:x1.724; H@2460364.500:x1.474
2460364.85,2460364.85,2024-02-24,202402,XSHOOTER_NIR,1.6775181249494984,1.6775181249494984e-06,178711903937863.7,,,,0.08556652882373394,0.00855809872004002,1,no,VLT/XSHOOTER,NIR,final_nir_202402.txt,F_lambda [erg/s/cm^2/Angstrom],0.1,0.005,83,0.000564242565153866,0.05835072725068149,0.005836058690965023,1.46641752134691,J@2460364.500:x1.724; H@2460364.500:x1.474
2460364.85,2460364.85,2024-02-24,202402,XSHOOTER_NIR,1.6824994799036257,1.6824994799036257e-06,178182793861649.38,,,,0.08719783784287985,0.00872163856657951,1,no,VLT/XSHOOTER,NIR,final_nir_202402.txt,F_lambda [erg/s/cm^2/Angstrom],0.1,0.005,83,0.0006461581965710853,0.05955644076804476,0.005956910899863574,1.464121037428855,J@2460364.500:x1.724; H@2460364.500:x1.474
2460364.85,2460364.85,2024-02-24,202402,XSHOOTER_NIR,1.6874808348739907,1.6874808348739907e-06,177656807594135.7,,,,0.08869888138851971,0.008871767420869755,1,no,VLT/XSHOOTER,NIR,final_nir_202402.txt,F_lambda [erg/s/cm^2/Angstrom],0.1,0.005,83,0.0006570117502687055,0.06067640058796824,0.006068925622568811,1.4618349231168495,J@2460364.500:x1.724; H@2460364.500:x1.474
2460364.85,2460364.85,2024-02-24,202402,XSHOOTER_NIR,1.6924921980230827,1.6924921980230827e-06,177130776939576.38,,,,0.09064191420974461,0.009066709810175185,1,no,VLT/XSHOOTER,NIR,final_nir_202402.txt,F_lambda [erg/s/cm^2/Angstrom],0.1,0.005,84,0.0007746981532642458,0.062102838881056645,0.006212009349445883,1.4595454224459503,J@2460364.500:x1.724; H@2460364.500:x1.474
2460364.85,2460364.85,2024-02-24,202402,XSHOOTER_NIR,1.6975064888139204,1.6975064888139204e-06,176607547585559.22,,,,0.09200616237542521,0.009202530928754556,1,no,VLT/XSHOOTER,NIR,final_nir_202402.txt,F_lambda [erg/s/cm^2/Angstrom],0.1,0.005,82,0.0006734466644985602,0.06313619462018444,0.006314933355717295,1.4572649322455544,J@2460364.500:x1.724; H@2460364.500:x1.474
2460364.85,2460364.85,2024-02-24,202402,XSHOOTER_NIR,1.7025434321241584,1.7025434321241583e-06,176085057416695.38,,,,0.09371214072459103,0.009374368272766864,1,no,VLT/XSHOOTER,NIR,final_nir_202402.txt,F_lambda [erg/s/cm^2/Angstrom],0.1,0.005,80,0.0008630185040546509,0.06440765644240413,0.006442933502622498,1.4549844832250978,J@2460364.500:x1.724; H@2460364.500:x1.474
2460364.85,2460364.85,2024-02-24,202402,XSHOOTER_NIR,1.707466271240774,1.707466271240774e-06,175577382141872.78,,,,0.09663403540918308,0.009669863759958148,1,no,VLT/XSHOOTER,NIR,final_nir_202402.txt,F_lambda [erg/s/cm^2/Angstrom],0.1,0.005,82,0.0012718239220374343,0.06651729151820952,0.006656175993674601,1.4527656373791002,J@2460364.500:x1.724; H@2460364.500:x1.474
2460364.85,2460364.85,2024-02-24,202402,XSHOOTER_NIR,1.7124650993979222,1.7124650993979221e-06,175064857149732.66,,,,0.09840200347338877,0.009841921123137523,1,no,VLT/XSHOOTER,NIR,final_nir_202402.txt,F_lambda [erg/s/cm^2/Angstrom],0.1,0.005,79,0.0006510682836602956,0.06783900405620963,0.006785086720048145,1.4505225252401324,J@2460364.500:x1.724; H@2460364.500:x1.474
2460364.85,2460364.85,2024-02-24,202402,XSHOOTER_NIR,1.7175385111506143,1.7175385111506142e-06,174547735642424.06,,,,0.09842825988901814,0.0098443685462324,1,no,VLT/XSHOOTER,NIR,final_nir_202402.txt,F_lambda [erg/s/cm^2/Angstrom],0.1,0.005,80,0.0006213718237844142,0.06796329466004147,0.0067973945796057375,1.4482561562291112,J@2460364.500:x1.724; H@2460364.500:x1.474
2460364.85,2460364.85,2024-02-24,202402,XSHOOTER_NIR,1.7224864547031609,1.7224864547031608e-06,174046337015558.0,,,,0.10224251488349659,0.01023484125029746,1,no,VLT/XSHOOTER,NIR,final_nir_202402.txt,F_lambda [erg/s/cm^2/Angstrom],0.1,0.005,82,0.0016828583816155492,0.07070441127676545,0.007077764332557935,1.4460556708870447,J@2460364.500:x1.724; H@2460364.500:x1.474
2460364.85,2460364.85,2024-02-24,202402,XSHOOTER_NIR,1.727485791203427,1.727485791203427e-06,173542647659726.38,,,,0.10274838836680653,0.010278099287584925,1,no,VLT/XSHOOTER,NIR,final_nir_202402.txt,F_lambda [erg/s/cm^2/Angstrom],0.1,0.005,81,0.0009316182007605746,0.07116317418478625,0.007118575595364021,1.4438421212073025,J@2460364.500:x1.724; H@2460364.500:x1.474
2460364.85,2460364.85,2024-02-24,202402,XSHOOTER_NIR,1.732506753900857,1.732506753900857e-06,173039705227697.88,,,,0.10534660239867175,0.010540476874883463,1,no,VLT/XSHOOTER,NIR,final_nir_202402.txt,F_lambda [erg/s/cm^2/Angstrom],0.1,0.005,79,0.0012462941904526127,0.07307470564352918,0.0073115053303726375,1.4416288299890028,J@2460364.500:x1.724; H@2460364.500:x1.474
2460364.85,2460364.85,2024-02-24,202402,XSHOOTER_NIR,1.737476603685137,1.737476603685137e-06,172544745272626.38,,,,0.10860921256727304,0.010871486001507781,1,no,VLT/XSHOOTER,NIR,final_nir_202402.txt,F_lambda [erg/s/cm^2/Angstrom],0.1,0.005,83,0.001750918574290426,0.07545200304178795,0.007552539747458696,1.4394477043521492,J@2460364.500:x1.724; H@2460364.500:x1.474
2460364.85,2460364.85,2024-02-24,202402,XSHOOTER_NIR,1.7424975730794463,1.7424975730794462e-06,172047561288816.47,,,,0.11036815376746292,0.011048252835514624,1,no,VLT/XSHOOTER,NIR,final_nir_202402.txt,F_lambda [erg/s/cm^2/Angstrom],0.1,0.005,79,0.0017944592229238332,0.0767909977049458,0.007687057626452558,1.4372538066445066,J@2460364.500:x1.724; H@2460364.500:x1.474
2460364.85,2460364.85,2024-02-24,202402,XSHOOTER_NIR,1.7475423788236364,1.7475423788236364e-06,171550894349015.0,,,,0.11290915120632491,0.011299856017884217,1,no,VLT/XSHOOTER,NIR,final_nir_202402.txt,F_lambda [erg/s/cm^2/Angstrom],0.1,0.005,73,0.001544852656825971,0.0786790892436851,0.007874139257740706,1.4350592043156776,J@2460364.500:x1.724; H@2460364.500:x1.474
2460594.478,2460594.478,2024-10-10,202410,XSHOOTER_NIR,1.1524985279891677,1.1524985279891677e-06,260123940047945.78,,,,0.027949967580228323,0.002860529225125702,1,no,VLT/XSHOOTER,NIR,final_nir_202410.txt,F_lambda [erg/s/cm^2/Angstrom],0.1,0.005,78,0.001663056553820081,0.01497396771683127,0.0015325052577300601,1.8665705782717543,J@2460594.500:x1.784; H@2460594.500:x1.468
2460594.478,2460594.478,2024-10-10,202410,XSHOOTER_NIR,1.1575045019082928,1.1575045019082928e-06,258998956380518.75,,,,0.029149817036684775,0.00294602256702444,1,no,VLT/XSHOOTER,NIR,final_nir_202410.txt,F_lambda [erg/s/cm^2/Angstrom],0.1,0.005,78,0.0011685044416564316,0.015661256836470936,0.001582802938699217,1.8612693311307265,J@2460594.500:x1.784; H@2460594.500:x1.468
2460594.478,2460594.478,2024-10-10,202410,XSHOOTER_NIR,1.1625430550771996,1.1625430550771995e-06,257876434503401.72,,,,0.030741508273362146,0.003096883660570228,1,no,VLT/XSHOOTER,NIR,final_nir_202410.txt,F_lambda [erg/s/cm^2/Angstrom],0.1,0.005,82,0.0010550685999192297,0.016563564415835945,0.001668604921530569,1.8559717885343012,J@2460594.500:x1.784; H@2460594.500:x1.468
2460594.478,2460594.478,2024-10-10,202410,XSHOOTER_NIR,1.1674995222289604,1.1674995222289604e-06,256781653689796.7,,,,0.031269013857653016,0.003140166161492829,1,no,VLT/XSHOOTER,NIR,final_nir_202410.txt,F_lambda [erg/s/cm^2/Angstrom],0.1,0.005,83,0.0008194107415453211,0.01689488637386541,0.0016966556967543736,1.8507975233277005,J@2460594.500:x1.784; H@2460594.500:x1.468
2460594.478,2460594.478,2024-10-10,202410,XSHOOTER_NIR,1.1724808742327646,1.1724808742327645e-06,255690702158510.66,,,,0.03180702885411745,0.0031901999974813457,1,no,VLT/XSHOOTER,NIR,final_nir_202410.txt,F_lambda [erg/s/cm^2/Angstrom],0.1,0.005,83,0.0007010179783887302,0.01723366181294769,0.001728511899819999,1.8456338066365419,J@2460594.500:x1.784; H@2460594.500:x1.468
2460594.478,2460594.478,2024-10-10,202410,XSHOOTER_NIR,1.1774922344306158,1.1774922344306158e-06,254602492682227.0,,,,0.03222328373198955,0.003235116630833796,1,no,VLT/XSHOOTER,NIR,final_nir_202410.txt,F_lambda [erg/s/cm^2/Angstrom],0.1,0.005,84,0.0008261996707531172,0.01750812951730966,0.0017577612960658806,1.8404755173950218,J@2460594.500:x1.784; H@2460594.500:x1.468
2460594.478,2460594.478,2024-10-10,202410,XSHOOTER_NIR,1.182506672435836,1.182506672435836e-06,253522846837269.8,,,,0.033450086926793215,0.0033503082944593573,1,no,VLT/XSHOOTER,NIR,final_nir_202410.txt,F_lambda [erg/s/cm^2/Angstrom],0.1,0.005,78,0.0005233291079105055,0.01822545072963299,0.0018254325880642346,1.8353503253780328,J@2460594.500:x1.784; H@2460594.500:x1.468
2460594.478,2460594.478,2024-10-10,202410,XSHOOTER_NIR,1.1874408842331043,1.1874408842331042e-06,252469375091137.84,,,,0.03464486877386598,0.003473259846394225,1,no,VLT/XSHOOTER,NIR,final_nir_202410.txt,F_lambda [erg/s/cm^2/Angstrom],0.1,0.005,79,0.0006916767159198702,0.018928083383825314,0.0018976014143784012,1.83034214671049,J@2460594.500:x1.784; H@2460594.500:x1.468
2460594.478,2460594.478,2024-10-10,202410,XSHOOTER_NIR,1.1925094814769357,1.1925094814769357e-06,251396288798227.28,,,,0.03599020590485378,0.0036030439037648718,1,no,VLT/XSHOOTER,NIR,final_nir_202410.txt,F_lambda [erg/s/cm^2/Angstrom],0.1,0.005,82,0.0004875827547916148,0.01971813977374544,0.0019740182507762675,1.8252333291994653,J@2460594.500:x1.784; H@2460594.500:x1.468
2460594.478,2460594.478,2024-10-10,202410,XSHOOTER_NIR,1.1975137451575453,1.1975137451575453e-06,250345734412058.22,,,,0.036693050016272925,0.0036744159396822134,1,no,VLT/XSHOOTER,NIR,final_nir_202410.txt,F_lambda [erg/s/cm^2/Angstrom],0.1,0.005,79,0.000546180700810734,0.02015852973347523,0.002018660834691848,1.8202245154486882,J@2460594.500:x1.784; H@2460594.500:x1.468
2460594.478,2460594.478,2024-10-10,202410,XSHOOTER_NIR,1.202455677462691,1.202455677462691e-06,249316846865070.2,,,,0.038163622208795926,0.0038234632302796842,1,no,VLT/XSHOOTER,NIR,final_nir_202410.txt,F_lambda [erg/s/cm^2/Angstrom],0.1,0.005,81,0.0006667029342412988,0.02102317524592793,0.002106229254046154,1.8153119955648949,J@2460594.500:x1.784; H@2460594.500:x1.468
2460594.478,2460594.478,2024-10-10,202410,XSHOOTER_NIR,1.207508431295189,1.207508431295189e-06,248273593980986.78,,,,0.0396948699232121,0.003974552751999007,1,no,VLT/XSHOOTER,NIR,final_nir_202410.txt,F_lambda [erg/s/cm^2/Angstrom],0.1,0.005,82,0.0005793393685052595,0.021926945157590264,0.002195492777470211,1.810323765482273,J@2460594.500:x1.784; H@2460594.500:x1.468
2460594.478,2460594.478,2024-10-10,202410,XSHOOTER_NIR,1.2125287825193698,1.2125287825193697e-06,247245642595878.7,,,,0.04113528239883911,0.004120603262755202,1,no,VLT/XSHOOTER,NIR,final_nir_202410.txt,F_lambda [erg/s/cm^2/Angstrom],0.1,0.005,81,0.0006946737233034512,0.022784560161660798,0.002282374824421559,1.8054016451042478,J@2460594.500:x1.784; H@2460594.500:x1.468
2460594.478,2460594.478,2024-10-10,202410,XSHOOTER_NIR,1.2174930932796448,1.2174930932796448e-06,246237502007036.8,,,,0.04296786006659223,0.0042991498297736165,1,no,VLT/XSHOOTER,NIR,final_nir_202410.txt,F_lambda [erg/s/cm^2/Angstrom],0.1,0.005,83,0.0004164118412319641,0.02386350912054102,0.002387663733180457,1.8005675464387898,J@2460594.500:x1.784; H@2460594.500:x1.468
2460594.478,2460594.478,2024-10-10,202410,XSHOOTER_NIR,1.22250445389485,1.22250445389485e-06,245228111067303.94,,,,0.04434495293256245,0.00443897505633787,1,no,VLT/XSHOOTER,NIR,final_nir_202410.txt,F_lambda [erg/s/cm^2/Angstrom],0.1,0.005,84,0.0005875089918455996,0.02469479504563075,0.0024719741927708163,1.795720630627724,J@2460594.500:x1.784; H@2460594.500:x1.468
2460594.478,2460594.478,2024-10-10,202410,XSHOOTER_NIR,1.2275158145535416,1.2275158145535416e-06,244226961840843.72,,,,0.045053961677388774,0.0045082843209609345,1,no,VLT/XSHOOTER,NIR,final_nir_202410.txt,F_lambda [erg/s/cm^2/Angstrom],0.1,0.005,83,0.00047387816508029964,0.025157070688269223,0.002517319745538598,1.7909065103671826,J@2460594.500:x1.784; H@2460594.500:x1.468
2460594.478,2460594.478,2024-10-10,202410,XSHOOTER_NIR,1.2324971671072642,1.2324971671072643e-06,243239875920874.28,,,,0.04686838607889992,0.004689104483537643,1,no,VLT/XSHOOTER,NIR,final_nir_202410.txt,F_lambda [erg/s/cm^2/Angstrom],0.1,0.005,83,0.0004292251778317975,0.026239844189195765,0.002625252997356358,1.7861533681742645,J@2460594.500:x1.784; H@2460594.500:x1.468
2460594.478,2460594.478,2024-10-10,202410,XSHOOTER_NIR,1.237508527851312,1.237508527851312e-06,242254862292165.44,,,,0.04852270796678273,0.004855151444722748,1,no,VLT/XSHOOTER,NIR,final_nir_202410.txt,F_lambda [erg/s/cm^2/Angstrom],0.1,0.005,84,0.0004967224084523669,0.02723846984716746,0.002725464051203502,1.7814035898139347,J@2460594.500:x1.784; H@2460594.500:x1.468
2460594.478,2460594.478,2024-10-10,202410,XSHOOTER_NIR,1.2425198886372475,1.2425198886372476e-06,241277794216076.4,,,,0.049167249984100554,0.004919003534097493,1,no,VLT/XSHOOTER,NIR,final_nir_202410.txt,F_lambda [erg/s/cm^2/Angstrom],0.1,0.005,83,0.00044319926370411656,0.0276735799809248,0.0027686404623264178,1.7766855613907266,J@2460594.500:x1.784; H@2460594.500:x1.468
2460594.478,2460594.478,2024-10-10,202410,XSHOOTER_NIR,1.2475012413158895,1.2475012413158894e-06,240314356468112.94,,,,0.05050036377354365,0.00505325743150889,1,no,VLT/XSHOOTER,NIR,final_nir_202410.txt,F_lambda [erg/s/cm^2/Angstrom],0.1,0.005,83,0.0005354742725249681,0.02849864375978624,0.0028516820990210244,1.772026914656322,J@2460594.500:x1.784; H@2460594.500:x1.468
2460594.478,2460594.478,2024-10-10,202410,XSHOOTER_NIR,1.2524825940349897,1.2524825940349897e-06,239358582249187.66,,,,0.05241121839817877,0.0052497188629959494,1,no,VLT/XSHOOTER,NIR,final_nir_202410.txt,F_lambda [erg/s/cm^2/Angstrom],0.1,0.005,83,0.0008937643236685517,0.029654435200427362,0.0029703077432862005,1.7673989756993738,J@2460594.500:x1.784; H@2460594.500:x1.468
2460594.478,2460594.478,2024-10-10,202410,XSHOOTER_NIR,1.2575547406817273,1.2575547406817274e-06,238393167551084.75,,,,0.05374928976778151,0.005377738635971528,1,no,VLT/XSHOOTER,NIR,final_nir_202410.txt,F_lambda [erg/s/cm^2/Angstrom],0.1,0.005,78,0.0005027925003769458,0.030492281088846527,0.0030508220446977294,1.7627179026446118,J@2460594.500:x1.784; H@2460594.500:x1.468
2460594.478,2460594.478,2024-10-10,202410,XSHOOTER_NIR,1.2625053158916248,1.2625053158916249e-06,237458372829326.44,,,,0.054584673565276985,0.005477697534447113,1,no,VLT/XSHOOTER,NIR,final_nir_202410.txt,F_lambda [erg/s/cm^2/Angstrom],0.1,0.005,83,0.0013719537957051098,0.03104613975211752,0.0031155515287803427,1.7581790844561924,J@2460594.500:x1.784; H@2460594.500:x1.468
2460594.478,2460594.478,2024-10-10,202410,XSHOOTER_NIR,1.26748666872965,1.26748666872965e-06,236525137026072.03,,,,0.05594579236242807,0.005622660875560785,1,no,VLT/XSHOOTER,NIR,final_nir_202410.txt,F_lambda [erg/s/cm^2/Angstrom],0.1,0.005,83,0.0016834173172233624,0.0319026356619713,0.003206276893922452,1.7536417039397398,J@2460594.500:x1.784; H@2460594.500:x1.468
2460594.478,2460594.478,2024-10-10,202410,XSHOOTER_NIR,1.272498029756222,1.272498029756222e-06,235593652005443.62,,,,0.05865755674060765,0.005873038138237457,1,no,VLT/XSHOOTER,NIR,final_nir_202410.txt,F_lambda [erg/s/cm^2/Angstrom],0.1,0.005,84,0.0008845321636194038,0.033535722513674655,0.0033577357847878104,1.749106694113694,J@2460594.500:x1.784; H@2460594.500:x1.468
2460594.478,2460594.478,2024-10-10,202410,XSHOOTER_NIR,1.2774991441358234,1.2774991441358235e-06,234671357218636.3,,,,0.061128518716031796,0.006118948414246585,1,no,VLT/XSHOOTER,NIR,final_nir_202410.txt,F_lambda [erg/s/cm^2/Angstrom],0.1,0.005,82,0.0008183420220162538,0.03503849367008877,0.0035073438680258695,1.7446103503078167,J@2460594.500:x1.784; H@2460594.500:x1.468
2460594.478,2460594.478,2024-10-10,202410,XSHOOTER_NIR,1.2824907437739483,1.2824907437739484e-06,233757989642723.97,,,,0.06057968167333807,0.006103584712786809,1,no,VLT/XSHOOTER,NIR,final_nir_202410.txt,F_lambda [erg/s/cm^2/Angstrom],0.1,0.005,83,0.002251370971689983,0.03481287714727352,0.003507501837166977,1.7401515369459362,J@2460594.500:x1.784; H@2460594.500:x1.468
2460594.478,2460594.478,2024-10-10,202410,XSHOOTER_NIR,1.2875021049145072,1.2875021049145071e-06,232848130388032.94,,,,0.06494241527338242,0.006499965945597937,1,no,VLT/XSHOOTER,NIR,final_nir_202410.txt,F_lambda [erg/s/cm^2/Angstrom],0.1,0.005,84,0.000831464968399473,0.03741560735100958,0.0037448587736019297,1.7357038912701248,J@2460594.500:x1.784; H@2460594.500:x1.468
2460594.478,2460594.478,2024-10-10,202410,XSHOOTER_NIR,1.2925134660921624,1.2925134660921625e-06,231945326578611.7,,,,0.0670014951163058,0.006710599021361356,1,no,VLT/XSHOOTER,NIR,final_nir_202410.txt,F_lambda [erg/s/cm^2/Angstrom],0.1,0.005,83,0.001137324417686719,0.03870044613152498,0.003876080309635609,1.7312848252084385,J@2460594.500:x1.784; H@2460594.500:x1.468
2460594.478,2460594.478,2024-10-10,202410,XSHOOTER_NIR,1.2974948191554914,1.2974948191554913e-06,231054840122697.22,,,,0.06935989631030139,0.006943051227807647,1,no,VLT/XSHOOTER,NIR,final_nir_202410.txt,F_lambda [erg/s/cm^2/Angstrom],0.1,0.005,83,0.0009535364972173939,0.04016392543628764,0.004020481670941817,1.7269202538563506,J@2460594.500:x1.784; H@2460594.500:x1.468
2460594.478,2460594.478,2024-10-10,202410,XSHOOTER_NIR,1.3025061804060305,1.3025061804060305e-06,230165862173909.72,,,,0.07078299099606376,0.007091412392591408,1,no,VLT/XSHOOTER,NIR,final_nir_202410.txt,F_lambda [erg/s/cm^2/Angstrom],0.1,0.005,84,0.0013241638378058175,0.04109180624882512,0.004116793313849767,1.7225573041848836,J@2460594.500:x1.784; H@2460594.500:x1.468
2460594.478,2460594.478,2024-10-10,202410,XSHOOTER_NIR,1.3074819764757422,1.3074819764757422e-06,229289935459054.53,,,,0.0723514035804407,0.00725274677746904,1,no,VLT/XSHOOTER,NIR,final_nir_202410.txt,F_lambda [erg/s/cm^2/Angstrom],0.1,0.005,81,0.0015273300140416822,0.04210754447755282,0.00422100114722951,1.7182527377964447,J@2460594.500:x1.784; H@2460594.500:x1.468
2460594.478,2460594.478,2024-10-10,202410,XSHOOTER_NIR,1.3124692571817582,1.3124692571817581e-06,228418651606163.34,,,,0.07359107553332328,0.007380730419706608,1,no,VLT/XSHOOTER,NIR,final_nir_202410.txt,F_lambda [erg/s/cm^2/Angstrom],0.1,0.005,81,0.0017115233350560415,0.04293615062189364,0.004306230758329079,1.713965375736276,J@2460594.500:x1.784; H@2460594.500:x1.468
2460594.478,2460594.478,2024-10-10,202410,XSHOOTER_NIR,1.3174856341457837,1.3174856341457838e-06,227548938850005.75,,,,0.0745031142178607,0.007463384258875065,1,no,VLT/XSHOOTER,NIR,final_nir_202410.txt,F_lambda [erg/s/cm^2/Angstrom],0.1,0.005,78,0.0013168896115003412,0.043577224031202184,0.0043653687673901025,1.709680133927644,J@2460594.500:x1.784; H@2460594.500:x1.468
2460594.478,2460594.478,2024-10-10,202410,XSHOOTER_NIR,1.3225538763739868,1.3225538763739869e-06,226676934191848.22,,,,0.0765491323918814,0.0076781170484493495,1,no,VLT/XSHOOTER,NIR,final_nir_202410.txt,F_lambda [erg/s/cm^2/Angstrom],0.1,0.005,80,0.0018061647611518432,0.04488690188595044,0.0045022964448273965,1.7053779426875797,J@2460594.500:x1.784; H@2460594.500:x1.468
2460594.478,2460594.478,2024-10-10,202410,XSHOOTER_NIR,1.327502970883621,1.327502970883621e-06,225831854674080.5,,,,0.0754069577652032,0.007599715682076988,1,no,VLT/XSHOOTER,NIR,final_nir_202410.txt,F_lambda [erg/s/cm^2/Angstrom],0.1,0.005,83,0.002922741002797823,0.04432566290306413,0.0044672593281348495,1.7012031592197687,J@2460594.500:x1.784; H@2460594.500:x1.468
2460594.478,2460594.478,2024-10-10,202410,XSHOOTER_NIR,1.3324843241902489,1.332484324190249e-06,224987605900867.88,,,,0.07188027234222945,0.007332003791037297,1,no,VLT/XSHOOTER,NIR,final_nir_202410.txt,F_lambda [erg/s/cm^2/Angstrom],0.1,0.005,83,0.004481457699975469,0.04235658450846719,0.004320498908419144,1.6970271134080794,J@2460594.500:x1.784; H@2460594.500:x1.468
2460594.478,2460594.478,2024-10-10,202410,XSHOOTER_NIR,1.337533012897109,1.3375330128971091e-06,224138361527725.38,,,,0.06984483954867735,0.007101079491077929,1,no,VLT/XSHOOTER,NIR,final_nir_202410.txt,F_lambda [erg/s/cm^2/Angstrom],0.1,0.005,82,0.003957886683377363,0.04125943789654206,0.004194820263798381,1.6928209183026952,J@2460594.500:x1.784; H@2460594.500:x1.468
2460594.478,2460594.478,2024-10-10,202410,XSHOOTER_NIR,1.482589854835193,1.482589854835193e-06,202208626358990.84,,,,0.11628980903457772,0.011789965078367463,1,no,VLT/XSHOOTER,NIR,final_nir_202410.txt,F_lambda [erg/s/cm^2/Angstrom],0.1,0.005,76,0.006176663535434508,0.0734977708826771,0.007451522702105042,1.5822222584166346,J@2460594.500:x1.784; H@2460594.500:x1.468
2460594.478,2460594.478,2024-10-10,202410,XSHOOTER_NIR,1.4875064545720584,1.4875064545720584e-06,201540273710104.66,,,,0.12287867856681939,0.012773229915536038,1,no,VLT/XSHOOTER,NIR,final_nir_202410.txt,F_lambda [erg/s/cm^2/Angstrom],0.1,0.005,83,0.011619499230388007,0.07783099230380044,0.008090526125817303,1.5787885382108804,J@2460594.500:x1.784; H@2460594.500:x1.468
2460594.478,2460594.478,2024-10-10,202410,XSHOOTER_NIR,1.4925228832483448,1.4925228832483448e-06,200862888847324.12,,,,0.12751477525362245,0.012795676700037704,1,no,VLT/XSHOOTER,NIR,final_nir_202410.txt,F_lambda [erg/s/cm^2/Angstrom],0.1,0.005,77,0.0034174218293344825,0.08094611672681287,0.008122669217741399,1.5753044174308612,J@2460594.500:x1.784; H@2460594.500:x1.468
2460594.478,2460594.478,2024-10-10,202410,XSHOOTER_NIR,1.497521128354318,1.497521128354318e-06,200192472963271.75,,,,0.1314558136270425,0.013205532368720569,1,no,VLT/XSHOOTER,NIR,final_nir_202410.txt,F_lambda [erg/s/cm^2/Angstrom],0.1,0.005,82,0.004180539463148284,0.08363115616646394,0.008401255975814623,1.5718521619548798,J@2460594.500:x1.784; H@2460594.500:x1.468
2460594.478,2460594.478,2024-10-10,202410,XSHOOTER_NIR,1.5025105335762874,1.5025105335762873e-06,199527691354303.94,,,,0.1336176961174165,0.013395279426007486,1,no,VLT/XSHOOTER,NIR,final_nir_202410.txt,F_lambda [erg/s/cm^2/Angstrom],0.1,0.005,83,0.0031755560473488106,0.08519227678721256,0.008540592942866467,1.568424992926972,J@2460594.500:x1.784; H@2460594.500:x1.468
2460594.478,2460594.478,2024-10-10,202410,XSHOOTER_NIR,1.507491887851964,1.507491887851964e-06,198868372304925.9,,,,0.13464598592022242,0.013490594715240403,1,no,VLT/XSHOOTER,NIR,final_nir_202410.txt,F_lambda [erg/s/cm^2/Angstrom],0.1,0.005,83,0.0028134128148393648,0.0860345585081274,0.008620066557539063,1.565022105710031,J@2460594.500:x1.784; H@2460594.500:x1.468
2460594.478,2460594.478,2024-10-10,202410,XSHOOTER_NIR,1.5125032503088354,1.5125032503088355e-06,198209463641672.1,,,,0.13693360117096356,0.01370845914156817,1,no,VLT/XSHOOTER,NIR,final_nir_202410.txt,F_lambda [erg/s/cm^2/Angstrom],0.1,0.005,84,0.0021795583637585544,0.08768703266082976,0.008778372102954896,1.5616174594551253,J@2460594.500:x1.784; H@2460594.500:x1.468
2460594.478,2460594.478,2024-10-10,202410,XSHOOTER_NIR,1.5175146127883852,1.5175146127883852e-06,197554906867842.8,,,,0.1396474593317529,0.013981672455076283,1,no,VLT/XSHOOTER,NIR,final_nir_202410.txt,F_lambda [erg/s/cm^2/Angstrom],0.1,0.005,83,0.002321632083008039,0.08961920244218938,0.00897278289363731,1.5582314451173032,J@2460594.500:x1.784; H@2460594.500:x1.468
2460594.478,2460594.478,2024-10-10,202410,XSHOOTER_NIR,1.5224959671316909,1.5224959671316909e-06,196908539971238.53,,,,0.14382680689842142,0.014395185684608949,1,no,VLT/XSHOOTER,NIR,final_nir_202410.txt,F_lambda [erg/s/cm^2/Angstrom],0.1,0.005,83,0.002029324386821792,0.09250002313546114,0.009258044710719372,1.5548840100050034,J@2460594.500:x1.784; H@2460594.500:x1.468
2460594.478,2460594.478,2024-10-10,202410,XSHOOTER_NIR,1.5275073296559183,1.5275073296559184e-06,196262533200106.03,,,,0.14514058771186666,0.014528092970937379,1,no,VLT/XSHOOTER,NIR,final_nir_202410.txt,F_lambda [erg/s/cm^2/Angstrom],0.1,0.005,84,0.0021773375121161556,0.09354646798512475,0.0093636921650662,1.5515346633391451,J@2460594.500:x1.784; H@2460594.500:x1.468
2460594.478,2460594.478,2024-10-10,202410,XSHOOTER_NIR,1.5325084455137112,1.5325084455137113e-06,195622059296062.62,,,,0.14956125038229237,0.01496085629675171,1,no,VLT/XSHOOTER,NIR,final_nir_202410.txt,F_lambda [erg/s/cm^2/Angstrom],0.1,0.005,82,0.0012704675668929776,0.09660267362710243,0.009663323316185649,1.5482102592689746,J@2460594.500:x1.784; H@2460594.500:x1.468
2460594.478,2460594.478,2024-10-10,202410,XSHOOTER_NIR,1.537528943356943,1.537528943356943e-06,194983294002552.03,,,,0.15186386454294037,0.015190704557644454,1,no,VLT/XSHOOTER,NIR,final_nir_202410.txt,F_lambda [erg/s/cm^2/Angstrom],0.1,0.005,81,0.0012181580734952542,0.09830069891842101,0.009832864977945208,1.5448909948134857,J@2460594.500:x1.784; H@2460594.500:x1.468
2460594.478,2460594.478,2024-10-10,202410,XSHOOTER_NIR,1.5424726181654937,1.5424726181654938e-06,194358366216284.38,,,,0.1548798650542589,0.015494152159447671,1,no,VLT/XSHOOTER,NIR,final_nir_202410.txt,F_lambda [erg/s/cm^2/Angstrom],0.1,0.005,82,0.0014822061008918413,0.10046435191585205,0.010050434603873035,1.5416400155946335,J@2460594.500:x1.784; H@2460594.500:x1.468
2460594.478,2460594.478,2024-10-10,202410,XSHOOTER_NIR,1.5474927636522433,1.5474927636522432e-06,193727857759062.3,,,,0.15958614979882976,0.01596396685874423,1,no,VLT/XSHOOTER,NIR,final_nir_202410.txt,F_lambda [erg/s/cm^2/Angstrom],0.1,0.005,84,0.0014217531722471323,0.10373808947153688,0.010377287906254147,1.5383563608294153,J@2460594.500:x1.784; H@2460594.500:x1.468
2460594.478,2460594.478,2024-10-10,202410,XSHOOTER_NIR,1.5525041262842647,1.5525041262842648e-06,193102519294114.75,,,,0.16148126015701864,0.016155883223146823,1,no,VLT/XSHOOTER,NIR,final_nir_202410.txt,F_lambda [erg/s/cm^2/Angstrom],0.1,0.005,83,0.0017152356493083127,0.10519293916767629,0.010524347156072767,1.5350960001185958,J@2460594.500:x1.784; H@2460594.500:x1.468
2460594.478,2460594.478,2024-10-10,202410,XSHOOTER_NIR,1.5575232688305367,1.5575232688305368e-06,192480243473407.97,,,,0.16339824182711774,0.0163433759425959,1,no,VLT/XSHOOTER,NIR,final_nir_202410.txt,F_lambda [erg/s/cm^2/Angstrom],0.1,0.005,81,0.0011557137840006186,0.10666739885549116,0.010669058496716304,1.5318480021105916,J@2460594.500:x1.784; H@2460594.500:x1.468
2460594.478,2460594.478,2024-10-10,202410,XSHOOTER_NIR,1.5624968434513407,1.5624968434513406e-06,191867560729146.62,,,,0.16819096439345124,0.016829093235339716,1,no,VLT/XSHOOTER,NIR,final_nir_202410.txt,F_lambda [erg/s/cm^2/Angstrom],0.1,0.005,84,0.002007627808183081,0.11002606504691832,0.011009146143312302,1.5286465468135184,J@2460594.500:x1.784; H@2460594.500:x1.468
2460594.478,2460594.478,2024-10-10,202410,XSHOOTER_NIR,1.5675082061455887,1.5675082061455888e-06,191254155368776.12,,,,0.17059502716304056,0.01706788204726021,1,no,VLT/XSHOOTER,NIR,final_nir_202410.txt,F_lambda [erg/s/cm^2/Angstrom],0.1,0.005,83,0.0018439115868626676,0.11183348672621068,0.011188841738936323,1.5254377928919371,J@2460594.500:x1.784; H@2460594.500:x1.468
2460594.478,2460594.478,2024-10-10,202410,XSHOOTER_NIR,1.5724895607002092,1.5724895607002091e-06,190648297764537.34,,,,0.17324537994073066,0.017425490457709705,1,no,VLT/XSHOOTER,NIR,final_nir_202410.txt,F_lambda [erg/s/cm^2/Angstrom],0.1,0.005,83,0.006471786570976423,0.1138076317961744,0.011447080450614254,1.5222650467853267,J@2460594.500:x1.784; H@2460594.500:x1.468
2460594.478,2460594.478,2024-10-10,202410,XSHOOTER_NIR,1.5775009234349417,1.5775009234349417e-06,190042651352123.8,,,,0.17916609540773226,0.017957567928038445,1,no,VLT/XSHOOTER,NIR,final_nir_202410.txt,F_lambda [erg/s/cm^2/Angstrom],0.1,0.005,84,0.004222385952563207,0.11794304646273215,0.011821267096737222,1.5190899402818585,J@2460594.500:x1.784; H@2460594.500:x1.468
2460594.478,2460594.478,2024-10-10,202410,XSHOOTER_NIR,1.5825122861896253,1.5825122861896252e-06,189440840754444.06,,,,0.18146779711291136,0.018164375470262718,1,no,VLT/XSHOOTER,NIR,final_nir_202410.txt,F_lambda [erg/s/cm^2/Angstrom],0.1,0.005,83,0.0027734662007972374,0.11970712242154354,0.011982319467826468,1.515931495486795,J@2460594.500:x1.784; H@2460594.500:x1.468
2460594.478,2460594.478,2024-10-10,202410,XSHOOTER_NIR,1.5874936408037421,1.5874936408037422e-06,188846399314214.7,,,,0.18461144488371806,0.018466346810960464,1,no,VLT/XSHOOTER,NIR,final_nir_202410.txt,F_lambda [erg/s/cm^2/Angstrom],0.1,0.005,83,0.0015239406405900275,0.12203227619230496,0.012206666470312455,1.5128083376302637,J@2460594.500:x1.784; H@2460594.500:x1.468
2460594.478,2460594.478,2024-10-10,202410,XSHOOTER_NIR,1.5925050035977557,1.5925050035977556e-06,188252129395333.03,,,,0.18893468231194244,0.018901850671466977,1,no,VLT/XSHOOTER,NIR,final_nir_202410.txt,F_lambda [erg/s/cm^2/Angstrom],0.1,0.005,84,0.001972865952959653,0.12514860388211874,0.012520412839907989,1.509682700814671,J@2460594.500:x1.784; H@2460594.500:x1.468
2460594.478,2460594.478,2024-10-10,202410,XSHOOTER_NIR,1.5975052522776048,1.5975052522776048e-06,187662893485062.47,,,,0.19278871300148523,0.019283735924085648,1,no,VLT/XSHOOTER,NIR,final_nir_202410.txt,F_lambda [erg/s/cm^2/Angstrom],0.1,0.005,81,0.0014938172155582684,0.1279644550442561,0.01279967442245415,1.506580190059887,J@2460594.500:x1.784; H@2460594.500:x1.468
2460594.478,2460594.478,2024-10-10,202410,XSHOOTER_NIR,1.6024977210830775,1.6024977210830776e-06,187078242955241.0,,,,0.19557808928603782,0.01963240955410432,1,no,VLT/XSHOOTER,NIR,final_nir_202410.txt,F_lambda [erg/s/cm^2/Angstrom],0.1,0.005,83,0.005981849652110321,0.13008199732481737,0.013057817756679725,1.5034985110020673,J@2460594.500:x1.784; H@2460594.500:x1.468
2460594.478,2460594.478,2024-10-10,202410,XSHOOTER_NIR,1.6075090839346942,1.6075090839346942e-06,186495031969710.0,,,,0.19916681702336614,0.01995754617668945,1,no,VLT/XSHOOTER,NIR,final_nir_202410.txt,F_lambda [erg/s/cm^2/Angstrom],0.1,0.005,84,0.004501787064289558,0.1327406115965767,0.013301296496342957,1.5004211192628143,J@2460594.500:x1.784; H@2460594.500:x1.468
2460594.478,2460594.478,2024-10-10,202410,XSHOOTER_NIR,1.61252044680515,1.61252044680515e-06,185915445967815.16,,,,0.20187600844196904,0.02021276009159444,1,no,VLT/XSHOOTER,NIR,final_nir_202410.txt,F_lambda [erg/s/cm^2/Angstrom],0.1,0.005,83,0.0035415531177265046,0.13482132929682908,0.01349893533827233,1.4973595757798024,J@2460594.500:x1.784; H@2460594.500:x1.468
2460594.478,2460594.478,2024-10-10,202410,XSHOOTER_NIR,1.6175018015332552,1.6175018015332551e-06,185342889705484.12,,,,0.20840846290494214,0.02084631531942987,1,no,VLT/XSHOOTER,NIR,final_nir_202410.txt,F_lambda [erg/s/cm^2/Angstrom],0.1,0.005,83,0.0016806899865842695,0.13946597609593078,0.013950257458373574,1.4943319420185301,J@2460594.500:x1.784; H@2460594.500:x1.468
2460594.478,2460594.478,2024-10-10,202410,XSHOOTER_NIR,1.6224831562796636,1.6224831562796636e-06,184773849170441.25,,,,0.21237109133287882,0.021247180862102047,1,no,VLT/XSHOOTER,NIR,final_nir_202410.txt,F_lambda [erg/s/cm^2/Angstrom],0.1,0.005,83,0.0023071395003674716,0.14240480406476244,0.014247233974296482,1.491319711632041,J@2460594.500:x1.784; H@2460594.500:x1.468
2460594.478,2460594.478,2024-10-10,202410,XSHOOTER_NIR,1.6274945192055097,1.6274945192055097e-06,184204895600108.7,,,,0.21605578250626253,0.021616114382508496,1,no,VLT/XSHOOTER,NIR,final_nir_202410.txt,F_lambda [erg/s/cm^2/Angstrom],0.1,0.005,84,0.0023992672822157543,0.1451690470635628,0.01452398399026777,1.4883047514368661,J@2460594.500:x1.784; H@2460594.500:x1.468
2460594.478,2460594.478,2024-10-10,202410,XSHOOTER_NIR,1.6325058821495004,1.6325058821495005e-06,183639435102841.38,,,,0.21722823740739972,0.02172805662703851,1,no,VLT/XSHOOTER,NIR,final_nir_202410.txt,F_lambda [erg/s/cm^2/Angstrom],0.1,0.005,83,0.0016886229121972263,0.14625159055976816,0.014628682161230139,1.4853051278004785,J@2460594.500:x1.784; H@2460594.500:x1.468
2460594.478,2460594.478,2024-10-10,202410,XSHOOTER_NIR,1.6375279887742746,1.6375279887742746e-06,183076234455327.5,,,,0.2214871995331463,0.022158878505866567,1,no,VLT/XSHOOTER,NIR,final_nir_202410.txt,F_lambda [erg/s/cm^2/Angstrom],0.1,0.005,81,0.002351779472016129,0.149419859500297,0.014948839120317806,1.4823143340775666,J@2460594.500:x1.784; H@2460594.500:x1.468
2460594.478,2460594.478,2024-10-10,202410,XSHOOTER_NIR,1.6424985999297945,1.6424985999297945e-06,182522200026723.97,,,,0.22530443442748455,0.02258034118923708,1,no,VLT/XSHOOTER,NIR,final_nir_202410.txt,F_lambda [erg/s/cm^2/Angstrom],0.1,0.005,84,0.005366400986167939,0.15229764506133275,0.015263493577216122,1.4793691283719506,J@2460594.500:x1.784; H@2460594.500:x1.468
2460594.478,2460594.478,2024-10-10,202410,XSHOOTER_NIR,1.647547473129351,1.6475474731293509e-06,181962864736500.94,,,,0.23126707831696927,0.023134901750971906,1,no,VLT/XSHOOTER,NIR,final_nir_202410.txt,F_lambda [erg/s/cm^2/Angstrom],0.1,0.005,80,0.002153469421545784,0.15664334439920344,0.015669884399423056,1.476392624301919,J@2460594.500:x1.784; H@2460594.500:x1.468
2460594.478,2460594.478,2024-10-10,202410,XSHOOTER_NIR,1.6524989147833509,1.6524989147833508e-06,181417642891041.78,,,,0.23436832197837673,0.02344275741874835,1,no,VLT/XSHOOTER,NIR,final_nir_202410.txt,F_lambda [erg/s/cm^2/Angstrom],0.1,0.005,79,0.0018354832735259755,0.15905680317540524,0.015909701538020345,1.4734881960372306,J@2460594.500:x1.784; H@2460594.500:x1.468
2460594.478,2460594.478,2024-10-10,202410,XSHOOTER_NIR,1.6575026808125808,1.6575026808125807e-06,180869968700761.66,,,,0.23998690543105383,0.024014131365826856,1,no,VLT/XSHOOTER,NIR,final_nir_202410.txt,F_lambda [erg/s/cm^2/Angstrom],0.1,0.005,84,0.003098188466097253,0.16319337660329225,0.016329837566534208,1.4705676812756894,J@2460594.500:x1.784; H@2460594.500:x1.468
2460594.478,2460594.478,2024-10-10,202410,XSHOOTER_NIR,1.6625140438619703,1.6625140438619704e-06,180324767244426.47,,,,0.2453764737658831,0.02455817656330475,1,no,VLT/XSHOOTER,NIR,final_nir_202410.txt,F_lambda [erg/s/cm^2/Angstrom],0.1,0.005,83,0.0035980061330421753,0.16718921271821555,0.016732908996529596,1.4676573313342058,J@2460594.500:x1.784; H@2460594.500:x1.468
2460594.478,2460594.478,2024-10-10,202410,XSHOOTER_NIR,1.6674727096680975,1.6674727096680974e-06,179788524430886.97,,,,0.24710166147349594,0.02473173495358959,1,no,VLT/XSHOOTER,NIR,final_nir_202410.txt,F_lambda [erg/s/cm^2/Angstrom],0.1,0.005,82,0.0036857936614163116,0.16869404431524884,0.016884129258278296,1.4647918512862375,J@2460594.500:x1.784; H@2460594.500:x1.468
2460594.478,2460594.478,2024-10-10,202410,XSHOOTER_NIR,1.6725067618495464,1.6725067618495465e-06,179247381737622.2,,,,0.25246450563031303,0.025259930677162448,1,no,VLT/XSHOOTER,NIR,final_nir_202410.txt,F_lambda [erg/s/cm^2/Angstrom],0.1,0.005,84,0.0029866345854488423,0.172696482531544,0.017278869225776906,1.4618972079190957,J@2460594.500:x1.784; H@2460594.500:x1.468
2460594.478,2460594.478,2024-10-10,202410,XSHOOTER_NIR,1.6775181249494984,1.6775181249494984e-06,178711903937863.7,,,,0.25871506674753825,0.0258871129274336,1,no,VLT/XSHOOTER,NIR,final_nir_202410.txt,F_lambda [erg/s/cm^2/Angstrom],0.1,0.005,83,0.0032400736643502406,0.1773199201236646,0.01774268833366462,1.4590299080165834,J@2460594.500:x1.784; H@2460594.500:x1.468
2460594.478,2460594.478,2024-10-10,202410,XSHOOTER_NIR,1.6824616918472386,1.6824616918472386e-06,178186795843682.16,,,,0.2587140532721244,0.025887676209148034,1,no,VLT/XSHOOTER,NIR,final_nir_202410.txt,F_lambda [erg/s/cm^2/Angstrom],0.1,0.005,81,0.00327457642162101,0.17766195669518628,0.01777736907384388,1.4562152645656086,J@2460594.500:x1.784; H@2460594.500:x1.468
2460594.478,2460594.478,2024-10-10,202410,XSHOOTER_NIR,1.6874808348739907,1.6874808348739907e-06,177656807594135.7,,,,0.26128670885419264,0.02613487535303176,1,no,VLT/XSHOOTER,NIR,final_nir_202410.txt,F_lambda [erg/s/cm^2/Angstrom],0.1,0.005,83,0.0020608835682235597,0.17977970277016067,0.017982239293791214,1.4533715699165137,J@2460594.500:x1.784; H@2460594.500:x1.468
2460594.478,2460594.478,2024-10-10,202410,XSHOOTER_NIR,1.6924921980230827,1.6924921980230827e-06,177130776939576.38,,,,0.26479097893500897,0.026492558690339205,1,no,VLT/XSHOOTER,NIR,final_nir_202410.txt,F_lambda [erg/s/cm^2/Angstrom],0.1,0.005,84,0.0030803821975368953,0.18254570204118517,0.01826385001651532,1.4505462247216754,J@2460594.500:x1.784; H@2460594.500:x1.468
2460594.478,2460594.478,2024-10-10,202410,XSHOOTER_NIR,1.6975035611882818,1.6975035611882818e-06,176607852174483.88,,,,0.2652409283922925,0.026540366825314295,1,no,VLT/XSHOOTER,NIR,final_nir_202410.txt,F_lambda [erg/s/cm^2/Angstrom],0.1,0.005,83,0.003376278614769311,0.1832110042095014,0.01833234142116532,1.4477347009625583,J@2460594.500:x1.784; H@2460594.500:x1.468
2460594.478,2460594.478,2024-10-10,202410,XSHOOTER_NIR,1.7025024819605243,1.7025024819605244e-06,176089292777284.3,,,,0.2691376766780021,0.026928610785850578,1,no,VLT/XSHOOTER,NIR,final_nir_202410.txt,F_lambda [erg/s/cm^2/Angstrom],0.1,0.005,82,0.0032345958560787876,0.18626168915813068,0.01863644136920778,1.444943820140663,J@2460594.500:x1.784; H@2460594.500:x1.468
2460594.478,2460594.478,2024-10-10,202410,XSHOOTER_NIR,1.7074962794036732,1.7074962794036732e-06,175574296480868.28,,,,0.27055151122840226,0.027084529529455014,1,no,VLT/XSHOOTER,NIR,final_nir_202410.txt,F_lambda [erg/s/cm^2/Angstrom],0.1,0.005,84,0.004627375336295959,0.18760037940421037,0.01878040892338913,1.4421693180345998,J@2460594.500:x1.784; H@2460594.500:x1.468
2460594.478,2460594.478,2024-10-10,202410,XSHOOTER_NIR,1.712507642616342,1.712507642616342e-06,175060508075737.3,,,,0.2727732072923597,0.027306034162289407,1,no,VLT/XSHOOTER,NIR,final_nir_202410.txt,F_lambda [erg/s/cm^2/Angstrom],0.1,0.005,83,0.004574778127544661,0.18950499174137464,0.018970447390267892,1.439398533969093,J@2460594.500:x1.784; H@2460594.500:x1.468
2460594.478,2460594.478,2024-10-10,202410,XSHOOTER_NIR,1.717504367716268,1.717504367716268e-06,174551205595260.4,,,,0.27310788920867757,0.02732472360764674,1,no,VLT/XSHOOTER,NIR,final_nir_202410.txt,F_lambda [erg/s/cm^2/Angstrom],0.1,0.005,82,0.003175277496197013,0.19010061243070636,0.019019760679064194,1.436649181276195,J@2460594.500:x1.784; H@2460594.500:x1.468
2460594.478,2460594.478,2024-10-10,202410,XSHOOTER_NIR,1.7225003609251337,1.7225003609251337e-06,174044931891326.38,,,,0.27452467285713594,0.027510529558064902,1,no,VLT/XSHOOTER,NIR,final_nir_202410.txt,F_lambda [erg/s/cm^2/Angstrom],0.1,0.005,84,0.0065923202300149095,0.191451355723677,0.019185627746139782,1.4339134440675323,J@2460594.500:x1.784; H@2460594.500:x1.468
2460594.478,2460594.478,2024-10-10,202410,XSHOOTER_NIR,1.7275117241840257,1.7275117241840257e-06,173540042480235.1,,,,0.27711205775375936,0.02773733897993597,1,no,VLT/XSHOOTER,NIR,final_nir_202410.txt,F_lambda [erg/s/cm^2/Angstrom],0.1,0.005,83,0.004424098866522362,0.19362454842494103,0.019380714711706756,1.4311824611494572,J@2460594.500:x1.784; H@2460594.500:x1.468
2460594.478,2460594.478,2024-10-10,202410,XSHOOTER_NIR,1.7325061597762421,1.732506159776242e-06,173039764567832.2,,,,0.2797751066388081,0.028003370464449052,1,no,VLT/XSHOOTER,NIR,final_nir_202410.txt,F_lambda [erg/s/cm^2/Angstrom],0.1,0.005,78,0.004294838796766265,0.1958559695048071,0.019603700048974146,1.4284737266174636,J@2460594.500:x1.784; H@2460594.500:x1.468
2460594.478,2460594.478,2024-10-10,202410,XSHOOTER_NIR,1.7375044425837727,1.7375044425837727e-06,172541980700890.03,,,,0.27539981251709034,0.027620476331985798,1,no,VLT/XSHOOTER,NIR,final_nir_202410.txt,F_lambda [erg/s/cm^2/Angstrom],0.1,0.005,84,0.007820353212827631,0.1931578640721815,0.019372243445559864,1.4257758224856727,J@2460594.500:x1.784; H@2460594.500:x1.468
2460594.478,2460594.478,2024-10-10,202410,XSHOOTER_NIR,1.7425031708714425,1.7425031708714424e-06,172047008585970.56,,,,0.28064746344546415,0.028099400812760786,1,no,VLT/XSHOOTER,NIR,final_nir_202410.txt,F_lambda [erg/s/cm^2/Angstrom],0.1,0.005,76,0.00493426934062129,0.19720984915933215,0.019745336472029074,1.4230905030443997,J@2460594.500:x1.784; H@2460594.500:x1.468
2460594.478,2460594.478,2024-10-10,202410,XSHOOTER_NIR,1.747553228927471,1.747553228927471e-06,171549829234095.6,,,,0.28148817917106156,0.028183783223786188,1,no,VLT/XSHOOTER,NIR,final_nir_202410.txt,F_lambda [erg/s/cm^2/Angstrom],0.1,0.005,76,0.004973212000438627,0.1981766088033151,0.01984227756556505,1.4203905338315226,J@2460594.500:x1.784; H@2460594.500:x1.468
